s_track_m,e_y_ref_m,e_psi_ref_rad,kappa_ref_1pm,v_ref_mps,x_ref_m,y_ref_m,psi_ref_rad,sector_name
0,-0.0815680079953,-0.0967892132259,0.211216073611,4.7425774582619997,2.98666176083,-0.0804700646464,-0.261049808699,long_straight
0.049988196036,-0.086311831144,-0.0908777792123,0.21496220222,4.7217824710020002,3.03563645525,-0.0932716865033,-0.250262625537,long_straight
0.0999763920719,-0.0907518616061,-0.0847689183796,0.218035445749,4.7008986700320001,3.08474002144,-0.105538099252,-0.239305396262,long_straight
0.149964588108,-0.0948785768594,-0.0784803972012,0.220997622112,4.679925192972,3.13396770205,-0.117260043359,-0.228197035261,long_straight
0.199952784144,-0.0986830248357,-0.0720222979579,0.223646793432,4.6588610793780001,3.18331451075,-0.128428918005,-0.216948765458,long_straight
0.24994098018,-0.102156962646,-0.0654099797783,0.225959174427,4.6377052653959998,3.23277523423,-0.139036922249,-0.20557707852,long_straight
0.299929176216,-0.105293000263,-0.0586611554565,0.227868122044,4.6182384000360006,3.28234443729,-0.149077201185,-0.194100810874,long_straight
0.349917372252,-0.10808474539,-0.0517965744576,0.229317318195,4.6036225376640001,3.33201647176,-0.158543993338,-0.182541825926,long_straight
0.399905568288,-0.110526945744,-0.0448397918433,0.230250694716,4.5942821170199997,3.38178548942,-0.167432775437,-0.170924782227,long_straight
0.449893764324,-0.112615625005,-0.037817044387,0.230616493591,4.5906369957360003,3.43164545929,-0.175740400814,-0.159277008858,long_straight
0.49988196036,-0.114348208893,-0.0307570158834,0.230368195573,4.5931102952399998,3.48159018924,-0.183465227795,-0.147628270026,long_straight
0.549870156395,-0.115723638014,-0.0236905422581,0.229465934637,4.6021314997439999,3.53161335196,-0.190607234659,-0.136010469502,long_straight
0.599858352431,-0.116742464472,-0.0166502552955,0.227877638291,4.6163372797260003,3.58170851482,-0.197168118107,-0.124457293695,long_straight
0.649846548467,-0.117406929615,-0.00967017495132,0.225579983583,4.6304975960819998,3.6318691735,-0.203151372505,-0.113003803346,long_straight
0.699834744503,-0.117721020703,-0.0027852603091,0.222559127627,4.6446130768140002,3.68208878863,-0.208562347644,-0.101685983898,long_straight
0.749822940539,-0.117690504784,0.00396906975196,0.218811192661,4.6586843357040006,3.73236082497,-0.213408283237,-0.0905402656094,long_straight
0.799811136575,-0.117322938589,0.0105574343635,0.214342497589,4.6727119620900002,3.78267879241,-0.217698318895,-0.0796030252194,long_straight
0.849799332611,-0.116627653748,0.0169449949331,0.209169535089,4.6866965113979999,3.8330362879,-0.221443478867,-0.0689100811987,long_straight
0.899787528647,-0.115615717213,0.0230979539804,0.203318703865,4.7006384966459995,3.88342703776,-0.224656631393,-0.0584961944544,long_straight
0.949775724683,-0.114299867283,0.0289840371997,0.196825813771,4.7145383814599997,3.93384493921,-0.227352423047,-0.048394585846,long_straight
0.999763920719,-0.112694426136,0.0345729482761,0.189735388918,4.7283965747280003,3.9842841007,-0.229547188991,-0.0386364809816,long_straight
1.04975211676,-0.110815190254,0.0398367871496,0.182099799356,4.7422134271439997,4.03473887994,-0.231258840543,-0.0292506915989,long_straight
1.09974031279,-0.108679300581,0.044750423801,0.173978255305,4.7559892299660005,4.0852039191,-0.232506731921,-0.0202632414618,long_straight
1.14972850883,-0.106305094615,0.0492918211482,0.165435699571,4.7697242155920003,4.13567417652,-0.233311508427,-0.0116970431765,long_straight
1.19971670486,-0.103711942983,0.05344230223,0.156541633012,4.783418560386,4.1861449543,-0.233694938665,-0.00357163075739,long_straight
1.2497049009,-0.100920073306,0.0571867584211,0.147368906245,4.7970723893400002,4.23661192139,-0.233679733673,0.00409704880702,long_straight
1.29969309693,-0.0979503843535,0.0605137969338,0.137992507077,4.8106857823019995,4.28707113184,-0.233289356043,0.0112967832409,long_straight
1.34968129297,-0.0948242536146,0.0634158272542,0.128488369551,4.8242587818240006,4.33751903788,-0.232547822234,0.0180191815705,long_straight
1.39966948901,-0.0915633414608,0.0658890874151,0.118932225749,4.8377914018200006,4.38795249788,-0.231479501341,0.0242597005181,long_straight
1.44965768504,-0.0881893950674,0.0679336121001,0.109398517583,4.8512836371780006,4.43836877906,-0.230108913554,0.0300176126967,long_straight
1.49964588108,-0.0847240551668,0.069553145516,0.0999593818073,4.864735473534,4.4887655551,-0.228460531488,0.0352959195423,long_straight
1.54963407711,-0.0811886685648,0.0707550027504,0.0906837182079,4.8781468971180004,4.53914089894,-0.226558587354,0.0401012127018,long_straight
1.59962227315,-0.0776041091509,0.0715498839842,0.0816363487128,4.8915179040419998,4.589493271,-0.224426888811,0.044443488249,long_straight
1.64961046919,-0.0739906098779,0.0719516464582,0.0728772728965,4.9048485091559995,4.63982150317,-0.222088646003,0.0483359186244,long_straight
1.69959866522,-0.0703676078948,0.0719770395141,0.0644610246637,4.9181387535900001,4.69012477922,-0.219566312043,0.0517945876264,long_straight
1.74958686126,-0.0667536046945,0.071645408371,0.056436133521,4.9313887113780002,4.74040261195,-0.216881438832,0.0548381941098,long_straight
1.79957505729,-0.063166042784,0.0709783725456,0.0488446938287,4.9445984945340005,4.7906548177,-0.214054549767,0.0574877303059,long_straight
1.84956325333,-0.0596212000271,0.0699994850032,0.0417220443308,4.9577682567960002,4.8408814888,-0.211105030506,0.0597661408494,long_straight
1.89955144937,-0.0561341024379,0.068733878217,0.0350965599761,4.9708981958219995,4.89108296464,-0.208051038575,0.0616979686923,long_straight
1.9495396454,-0.0527184558399,0.0672079033243,0.028989556797,4.9839885539999997,4.94125980168,-0.204909432251,0.0633089940938,long_straight
1.99952784144,-0.0493865964518,0.0654487684822,0.0234153092546,4.9970396177819998,4.99141274324,-0.201695718763,0.064625872791,long_straight
2.04951603747,-0.0461494601257,0.0634841823436,0.0183811779899,5.0100517159739999,5.04154268941,-0.198424021525,0.0656757792715,long_straight
2.09950423351,-0.0430165696554,0.0613420082843,0.0138878434808,5.0230252167120009,5.09165066768,-0.19510706581,0.0664860607806,long_straight
2.14949242955,-0.03999603929,0.0590499346167,0.00992963938647,5.0359605237359997,5.14173780459,-0.191756181954,0.0670839072991,long_straight
2.19948062558,-0.0370945953478,0.0566351655278,0.00649497653524,5.048858071872,5.19180529897,-0.188381324972,0.0674960422325,long_straight
2.24946882162,-0.0343176116149,0.0541241368844,0.0035668468633,5.0617183220640003,5.24185439686,-0.184991109226,0.0677484379531,long_straight
2.29945701765,-0.0316691580486,0.0515422603752,0.0011233941766,5.0745417561000004,5.2918863686,-0.181592856635,0.0678660596683,long_straight
2.34944521369,-0.0291520611792,0.0489136987214,-0.000861462527484,5.0873288713019997,5.34190248812,-0.178192656776,0.0678726403465,long_straight
2.39943340973,-0.0267679745186,0.0462611739139,-0.00241736872763,5.1000801751620006,5.39190401458,-0.174795437156,0.0677904886612,long_straight
2.44942160576,-0.0245174572371,0.0436058096412,-0.00357685303097,5.1127961803920003,5.44189217657,-0.171405041871,0.0676403311174,long_straight
2.4994098018,-0.022400059364,0.0409670082951,-0.00437464049525,5.1254774001539998,5.49186815867,-0.168024316885,0.0674411887487,long_straight
2.54939799783,-0.0204144117904,0.0383623621909,-0.00484697608639,5.138124343776,5.54183309056,-0.164655200165,0.0672102880251,long_straight
2.59938619387,-0.0185583194132,0.0358075979563,-0.00503097175095,5.1507375130439996,5.59178803841,-0.161298814994,0.0669630049226,long_straight
2.64937438991,-0.0168288558429,0.0333165524202,-0.00496399021908,5.1633173989620005,5.64173399856,-0.157955564841,0.0667128404921,long_straight
2.69936258594,-0.0152224582048,0.0309011778134,-0.00468307516824,5.175864479106,5.69167189328,-0.154625228328,0.0664714257359,long_straight
2.74935078198,-0.0137350206926,0.0285715736653,-0.00422443680185,5.1883792155540007,5.74160256846,-0.151307052903,0.0662485531812,long_straight
2.79933897801,-0.0123619856731,0.0263360424523,-0.00362299855027,5.2008620532480005,5.79152679304,-0.14799984602,0.0660522322035,long_straight
2.84932717405,-0.011098431292,0.0242011658377,-0.0029120090358,5.2133134191119996,5.84144525992,-0.144702062775,0.0658887649434,long_straight
2.89931537009,-0.00993915468882,0.0221718982172,-0.00212272114371,5.2257337212600001,5.89135858819,-0.141411889075,0.0657628395308,long_straight
2.94930356612,-0.00887875008815,0.0202516742558,-0.00128413811616,5.2381233489780001,5.9412673265,-0.138127319631,0.065677637304,long_straight
2.99929176216,-0.00791168118965,0.0184425271583,-0.000422825028813,5.2504826727420006,5.99117195726,-0.134846230172,0.0656349507646,long_straight
3.04927995819,-0.00703234743462,0.0167452145369,0.000437217584053,5.2628120447400004,6.04107290151,-0.131566443483,0.065635309136,long_straight
3.09926815423,-0.00623514386903,0.015159348929,0.00127462215968,5.2751117994300003,6.09097052435,-0.128285788969,0.0656781085761,long_straight
3.14925635027,-0.005514514459,0.0136835302497,0.00207066985905,5.2873822545300007,6.14086514061,-0.12500215562,0.0657617443321,long_straight
3.1992445463,-0.00486499883693,0.0123154777332,0.00280925935776,5.299623711792,6.19075702072,-0.121713538355,0.0658837423901,long_straight
3.24923274234,-0.00428127256655,0.0110521592073,0.00347683490394,5.311836458208,6.24064639658,-0.118418077843,0.0660408884663,long_straight
3.29922093837,-0.00375818111094,0.00988991585449,0.00406227994822,5.3240207669639998,6.29053346737,-0.115114093992,0.0662293524933,long_straight
3.34920913441,-0.00329076776875,0.00882458091791,0.00455678264938,5.3361768986460003,6.34041840503,-0.111800113375,0.0664448070592,long_straight
3.39919733044,-0.00287429591108,0.00785159111793,0.00495367939677,5.3483051021940007,6.39030135964,-0.108474890936,0.0666825385683,long_straight
3.44918552648,-0.002504265904,0.00696608983542,0.00524828212684,5.3604056160539999,6.44018246422,-0.105137426368,0.0669375501773,long_straight
3.49917372252,-0.00217642714097,0.00616302139519,0.00543769485792,5.3724786690780002,6.49006183931,-0.101786975596,0.0672046558438,long_straight
3.54916191855,-0.0018867856359,0.00543721603579,0.00552062432119,5.3845244815140001,6.53993959701,-0.0984230578104,0.0674785650714,long_straight
3.59915011459,-0.0016316076422,0.0047834653819,0.00549718908963,5.3965432658700001,6.58981584457,-0.0950454585378,0.0677539581689,long_straight
3.64913831062,-0.00140741976765,0.00419658843808,0.00536873098647,5.4000000000000004,6.63969068755,-0.0916542292085,0.0680255520441,long_straight
3.69912650666,-0.00121100604956,0.00367148829743,0.00513763202964,5.4000000000000004,6.68956423246,-0.0882496836981,0.0682881567237,long_straight
3.7491147027,-0.00103940244193,0.00320319990592,0.00480713957059,5.4000000000000004,6.739436589,-0.0848323922929,0.0685367229425,long_straight
3.79910289873,-0.000889889146771,0.00278692934243,0.00438120174792,5.4000000000000004,6.78930787184,-0.0814031735159,0.0687663812613,long_straight
3.84909109477,-0.000759981196665,0.00241808516774,0.00386431487426,5.4000000000000004,6.839178202,-0.0779630842191,0.0689724732672,long_straight
3.8990792908,-0.000647417666913,0.00209230246424,0.0032613838554,5.4000000000000004,6.88904770785,-0.0745134083242,0.0691505754784,long_straight
3.94906748684,-0.000550149863689,0.00180546023364,0.00257759637065,5.4000000000000004,6.93891652577,-0.0710556445557,0.0692965166212,long_straight
3.99905568288,-0.00046632880101,0.0015536928453,0.00181831107361,5.4000000000000004,6.98878480049,-0.0675914934804,0.0694063889713,long_straight
4.04904387891,-0.000394292244854,0.00133339623493,0.000988959831945,5.4000000000000004,7.0386526852,-0.0641228441298,0.0694765544605,long_straight
4.09903207495,-0.000332551568221,0.00114122954525,9.49636414925e-05,5.4000000000000004,7.08852034131,-0.0606517604489,0.0695036462395,long_straight
4.14902027098,-0.000279778627143,0.000974112878488,-0.000858338286577,5.4000000000000004,7.13838793813,-0.0571804677802,0.0694845663677,long_straight
4.19900846702,-0.000234792835125,0.000829221799353,-0.00186574704519,5.4000000000000004,7.18825565231,-0.0537113395572,0.0694164802673,long_straight
4.24899666306,-0.000196548582714,0.000703979186429,-0.00292225099211,5.4000000000000004,7.23812366709,-0.0502468843548,0.0692968085418,long_straight
4.29898485909,-0.000164123120304,0.000596044984477,-0.00402306216004,5.4000000000000004,7.28799217155,-0.0467897334106,0.0691232167099,long_straight
4.34897305513,-0.000136704995991,0.000503304359977,-0.00516364311022,5.4000000000000004,7.33786135961,-0.0433426287086,0.068893603357,long_straight
4.39896125116,-0.000113583116576,0.000423854708759,-0.00633972538355,5.4000000000000004,7.38773142911,-0.0399084116911,0.0686060871546,long_straight
4.4489494472,-9.4136478751e-05,0.000355991917439,-0.00754732028305,5.4000000000000004,7.43760258074,-0.0364900126433,0.0682589931478,long_straight
4.49893764324,-7.78245989469e-05,0.000298196205558,-0.0087827242499,5.4000000000000004,7.48747501694,-0.0330904407782,0.0678508386388,long_straight
4.54892583927,-6.41786544874e-05,0.000249117909135,-0.0100425152206,5.4000000000000004,7.53734894082,-0.0297127750326,0.0673803190257,long_straight
4.59891403531,-5.2793335163e-05,0.000207563203,-0.011323558115,5.4000000000000004,7.58722455502,-0.0263601555709,0.0668462935958,long_straight
4.64890223134,-4.33193932389e-05,0.000172480890956,-0.0126229560304,5.4000000000000004,7.63710206063,-0.0230357759836,0.0662477724006,long_straight
4.69889042738,-3.54568708978e-05,0.00014294696116,-0.0139381878742,5.4000000000000004,7.68698165604,-0.0197428761585,0.0655839009099,long_straight
4.74887862342,-2.89489770793e-05,0.00011815995211,-0.0152665376285,5.4000000000000004,7.73686353588,-0.0164847357939,0.0648539554921,long_straight
4.79886681945,-2.35765803942e-05,9.73989910196e-05,-0.0166071579871,5.4000000000000004,7.78674788993,-0.01326466852,0.0640573015786,long_straight
4.84885501549,-1.91532810527e-05,8.01245550757e-05,-0.0179532958745,5.4000000000000004,7.83663490206,-0.0100860165906,0.0631934945671,long_straight
4.89884321152,-1.55210223565e-05,6.55502574496e-05,-0.0193212304922,5.4000000000000004,7.88652474922,-0.00695214610301,0.0622618517609,long_straight
4.94883140756,-1.25462010641e-05,5.41926266679e-05,-0.0206421960252,5.4000000000000004,7.93641760041,-0.0038664427056,0.0612630023161,long_straight
4.9988196036,-1.01162356606e-05,4.20427693504e-05,-0.0221656536391,5.4000000000000004,7.98631361572,-0.000832307750715,0.0601930590842,long_straight
5.04880779963,-8.13655207482e-06,3.66923105726e-05,-0.0223627275665,5.4000000000000004,8.03621293097,0.00214709104876,0.0590801127003,long_straight
5.09879599567,-6.52794752704e-06,2.86492729171e-05,-0.0221000134817,5.4000000000000004,8.08611553647,0.00507089822522,0.0579688068903,long_straight
5.1487841917,-5.22429482082e-06,2.34873250999e-05,-0.0219580339789,5.4000000000000004,8.13602134611,0.00793952414435,0.0568676159873,long_straight
5.19877238774,-4.17055138021e-06,1.88786142132e-05,-0.0217889024495,5.4000000000000004,8.18593027512,0.0107533809865,0.0557742009927,long_straight
5.24876058378,-3.32103957377e-06,1.52205122541e-05,-0.0216314716221,5.4000000000000004,8.23584224071,0.0135128711725,0.0546889481026,long_straight
5.29874877981,-2.63796726267e-06,1.22161070921e-05,-0.0214746678746,5.4000000000000004,8.2857571619,0.0162183888328,0.0536115492009,long_straight
5.34873697585,-2.09015998295e-06,9.78528100948e-06,-0.0213208919372,5.4000000000000004,8.33567495942,0.0188703210663,0.0525419129409,long_straight
5.39872517188,-1.65197865681e-06,7.81605999123e-06,-0.0211690185273,5.4000000000000004,8.38559555561,0.021469049014,0.0514799160965,long_straight
5.44871336792,-1.30239917243e-06,6.22729278454e-06,-0.02101894051,5.4000000000000004,8.43551887432,0.0240149487728,0.0504254662442,long_straight
5.49870156395,-1.02423253548e-06,4.94843339682e-06,-0.0208703414071,5.4000000000000004,8.48544484084,0.0265083921685,0.0493784815475,long_straight
5.54868975999,-8.03466547394e-07,3.92200281274e-06,-0.020723015498,5.4000000000000004,8.53537338186,0.0289497474087,0.0483388932218,long_straight
5.59867795603,-6.28712084243e-07,3.10038857654e-06,-0.0205767742607,5.4000000000000004,8.58530442536,0.0313393796307,0.0473066423356,long_straight
5.64866615206,-4.90739021376e-07,2.44452729348e-06,-0.0204314645956,5.4000000000000004,8.63523790063,0.0336776513616,0.0462816784957,long_straight
5.6986543481,-3.82088664422e-07,1.92240351282e-06,-0.0202869579497,5.4000000000000004,8.68517373819,0.0359649229009,0.0452639583485,long_straight
5.74864254413,-2.96751204757e-07,1.50787782172e-06,-0.0201431480217,5.4000000000000004,8.73511186974,0.0382015526397,0.04425344441,long_straight
5.79863074017,-2.29898217713e-07,1.1796698387e-06,-0.0199999468599,5.4000000000000004,8.78505222821,0.040387897324,0.0432501040514,long_straight
5.84861893621,-1.77661569471e-07,9.20509671154e-07,-0.0198572820253,5.4000000000000004,8.83499474765,0.0425243122732,0.0422539086524,long_straight
5.89860713224,-1.36951300488e-07,7.16424739977e-07,-0.019715094014,5.4000000000000004,8.88493936323,0.0446111515587,0.0412648328906,long_straight
5.94859532828,-1.05306118013e-07,5.56144835517e-07,-0.0195733341047,5.4000000000000004,8.93488601125,0.0466487681507,0.0402828541485,long_straight
5.99858352431,-8.07710674216e-08,4.30607013602e-07,-0.019431962518,5.4000000000000004,8.98483462911,0.0486375140382,0.0393079520205,long_straight
6.04857172035,-6.17977719879e-08,3.32545347259e-07,-0.0192909468636,5.4000000000000004,9.03478515526,0.0505777403262,0.0383401079048,long_straight
6.09855991639,-4.71633439173e-08,2.56152115075e-07,-0.0191502608356,5.4000000000000004,9.08473752924,0.0524697973148,0.0373793046666,long_straight
6.14854811242,-3.59046863612e-08,1.96799047725e-07,-0.0190098831153,5.4000000000000004,9.13469169161,0.0543140345628,0.0364255263614,long_straight
6.19853630846,-2.72654369377e-08,1.50808801891e-07,-0.0188697964602,5.4000000000000004,9.184647584,0.0561108009389,0.0354787580085,long_straight
6.24852450449,-2.06532576337e-08,1.15268243395e-07,-0.0187299869433,5.4000000000000004,9.23460514902,0.0578604446631,0.0345389854062,long_straight
6.29851270053,-1.56055629436e-08,8.7876466548e-08,-0.0185904433252,5.4000000000000004,9.28456433035,0.0595633133392,0.033606194982,long_straight
6.34850089657,-1.17621061155e-08,6.68214714672e-08,-0.0184511565362,5.4000000000000004,9.33452507261,0.0612197539807,0.0326803736707,long_straight
6.3984890926,-8.84312009574e-09,5.06804673783e-08,-0.0183121192506,5.4000000000000004,9.38448732146,0.0628301130321,0.031761508817,long_straight
6.44847728864,-6.63194215119e-09,3.83395377668e-08,-0.0181733255381,5.4000000000000004,9.43445102351,0.0643947363846,0.0308495880971,long_straight
6.49846548467,-4.96124543057e-09,2.89291324229e-08,-0.0180347705808,5.4000000000000004,9.48441612636,0.0659139693892,0.0299445994555,long_straight
6.54845368071,-3.70216244421e-09,2.17724203111e-08,-0.0178964504427,5.4000000000000004,9.53438257857,0.0673881568669,0.0290465310557,long_straight
6.59844187675,-2.75571948e-09,1.63441100653e-08,-0.0177583618822,5.4000000000000004,9.58435032963,0.0688176431167,0.0281553712407,long_straight
6.64843007278,-2.04611160203e-09,1.22376953016e-08,-0.0176205022036,5.4000000000000004,9.63431933,0.0702027719213,0.0272711085016,long_straight
6.69841826882,-1.51543881282e-09,9.1394922741e-09,-0.0174828691352,5.4000000000000004,9.68428953106,0.0715438865525,0.0263937314539,long_straight
6.74840646485,-1.11959840345e-09,6.80814871146e-09,-0.017345460733,5.4000000000000004,9.73426088512,0.072841329775,0.0255232288184,long_straight
6.79839466089,-8.25089216819e-10,5.05848829491e-09,-0.0172082753047,5.4000000000000004,9.78423334539,0.0740954438491,0.0246595894067,long_straight
6.84838285693,-6.06532851596e-10,3.74884567833e-09,-0.0170713113473,5.4000000000000004,9.834206866,0.0753065705335,0.0238028021103,long_straight
6.89837105296,-4.44756723409e-10,2.771144203e-09,-0.0169345675001,5.4000000000000004,9.88418140197,0.0764750510873,0.0229528558924,long_straight
6.948359249,-3.2531605115e-10,2.04317629482e-09,-0.0167980425052,5.4000000000000004,9.93415690921,0.0776012262715,0.0221097397814,long_straight
6.99834744503,-2.37357652583e-10,1.50257584153e-09,-0.0166617351801,5.4000000000000004,9.98413334452,0.0786854363505,0.021273442867,long_straight
7.04833564107,-1.72749087047e-10,1.10217301952e-09,-0.0165256443908,5.4000000000000004,10.0341106655,0.0797280210936,0.0204439542967,long_straight
7.09832383711,-1.25413145286e-10,8.06390509922e-10,-0.0163897690377,5.4000000000000004,10.0840888308,0.0807293197759,0.0196212632735,long_straight
7.14831203314,-9.08207606865e-11,5.88462611972e-10,-0.0162541080382,5.4000000000000004,10.1340677997,0.08168967118,0.0188053590555,long_straight
7.19830022918,-6.56057623814e-11,4.28320046097e-10,-0.0161186603179,5.4000000000000004,10.1840475324,0.0826094135965,0.0179962309542,long_straight
7.24828842521,-4.72730490251e-11,3.10946379756e-10,-0.0159834248018,5.4000000000000004,10.2340279899,0.0834888848257,0.0171938683352,long_straight
7.29827662125,-3.39781726148e-11,2.25144791699e-10,-0.0158484004076,5.4000000000000004,10.2840091343,0.0843284221784,0.0163982606178,long_straight
7.34826481729,-2.43613414099e-11,1.62586388797e-10,-0.0157135860417,5.4000000000000004,10.333990928,0.0851283624776,0.0156093972757,long_straight
7.39825301332,-1.74227680095e-11,1.17092557872e-10,-0.0155789805951,5.4000000000000004,10.3839733348,0.0858890420593,0.0148272678378,long_straight
7.44824120936,-1.24293347578e-11,8.40949532233e-11,-0.0154445829412,5.4000000000000004,10.4339563188,0.0866107967742,0.0140518618888,long_straight
7.49822940539,-8.84490944575e-12,6.02229377478e-11,-0.0153103919334,5.4000000000000004,10.4839398451,0.0872939619892,0.0132831690701,long_straight
7.54821760143,-6.27846779538e-12,4.29971613869e-11,-0.0151764064047,5.4000000000000004,10.5339238797,0.0879388725886,0.012521179081,long_straight
7.59820579746,-4.44558300475e-12,3.05977465587e-11,-0.0150426251655,5.4000000000000004,10.5839083891,0.0885458629763,0.0117658816798,long_straight
7.6481939935,-3.13991973443e-12,2.16968665256e-11,-0.0149090470043,5.4000000000000004,10.6338933409,0.0891152670767,0.0110172666848,long_straight
7.69818218954,-2.21219362232e-12,1.53228540967e-11,-0.0147756706864,5.4000000000000004,10.6838787032,0.0896474183371,0.0102753239752,long_straight
7.74817038557,-1.55468527895e-12,1.07682751604e-11,-0.0146424949542,5.4000000000000004,10.7338644449,0.0901426497295,0.00954004349282,long_straight
7.79815858161,-1.08987474253e-12,7.52287121486e-12,-0.0145095185271,5.4000000000000004,10.7838505358,0.0906012937523,0.00881141524268,long_straight
7.84814677764,-7.62123627477e-13,5.21538368048e-12,-0.0143767401016,5.4000000000000004,10.8338369462,0.0910236824325,0.0080894292945,long_straight
7.89813497368,-5.31604899568e-13,3.57758267455e-12,-0.0142441583513,5.4000000000000004,10.8838236472,0.0914101473277,0.00737407578371,long_straight
7.94812316972,-3.6988540486e-13,2.41895392605e-12,-0.0141117719272,5.4000000000000004,10.9338106108,0.0917610195287,0.0066653449126,long_straight
7.99811136575,-2.56720186938e-13,1.59916524467e-12,-0.0139795794581,5.4000000000000004,10.9837978094,0.0920766296613,0.00596322695146,long_straight
8.04809956179,-1.77732702137e-13,1.02184927186e-12,-0.0138475795504,5.4000000000000004,11.0337852165,0.0923573078887,0.00526771223968,long_straight
8.09808775782,-1.22740811308e-13,6.13287198803e-13,-0.0137157707892,5.4000000000000004,11.0837728058,0.0926033839146,0.00457879118683,long_straight
8.14807595386,-8.45521529187e-14,3.2507330161e-13,-0.0135841517376,5.4000000000000004,11.1337605522,0.0928151869848,0.00389645427378,long_straight
8.1980641499,-5.80997030646e-14,1.23456800338e-13,-0.013452720938,5.4000000000000004,11.1837484309,0.0929930458906,0.00322069205374,long_straight
8.24805234593,-3.98231800693e-14,-2.04281036531e-14,-0.0133214769118,5.4000000000000004,11.2337364179,0.0931372889709,0.0025514951533,long_straight
8.29804054197,-2.72276059927e-14,-1.22124532709e-13,-0.0131904181598,5.4000000000000004,11.2837244898,0.0932482441156,0.00188885427349,long_straight
8.348028738,-1.85691635625e-14,-1.94066984704e-13,-0.0130595431627,5.4000000000000004,11.3337126241,0.0933262387677,0.00123276019076,long_straight
8.39801693404,-1.26322599909e-14,-2.47357689886e-13,-0.0129288503814,5.4000000000000004,11.3837007987,0.0933715999268,0.000583203758023,long_straight
8.44800513008,-8.57175443244e-15,-2.85105272724e-13,-0.0127983382571,5.4000000000000004,11.4336889922,0.0933846541518,-5.98240943798e-05,long_straight
8.49799332611,-5.80161009444e-15,-3.13526982154e-13,-0.0126680052121,5.4000000000000004,11.4836771838,0.0933657275642,-0.00069633235772,long_straight
8.54798152215,-3.91652706966e-15,-3.35731442647e-13,-0.0125378496492,5.4000000000000004,11.5336653534,0.0933151458509,-0.00132632994392,long_straight
8.59796971818,-2.63693891052e-15,-3.52162743411e-13,-0.0124078699535,5.4000000000000004,11.5836534815,0.0932332342677,-0.0019498256846,long_straight
8.64795791422,-1.77051353099e-15,-3.65485419707e-13,-0.0122780644908,5.4000000000000004,11.6336415492,0.0931203176423,-0.00256682833019,long_straight
8.69794611026,-1.1852800692e-15,-3.76587649953e-13,-0.0121484316099,5.4000000000000004,11.6836295382,0.092976720378,-0.00317734654901,long_straight
8.74793430629,-7.90922284932e-16,-3.86801701779e-13,-0.012018969641,5.4000000000000004,11.7336174308,0.0928027664566,-0.00378138892635,long_straight
8.79792250233,-5.2579236422e-16,-3.95239396767e-13,-0.0118896768978,5.4000000000000004,11.7836052099,0.0925987794426,-0.00437896396364,long_straight
8.84791069836,-3.47920475342e-16,-4.02788913334e-13,-0.0117605516761,5.4000000000000004,11.833592859,0.0923650824857,-0.00497008007756,long_straight
8.8978988944,-2.28807589178e-16,-4.10338429901e-13,-0.0116315922554,5.4000000000000004,11.883580362,0.0921019983255,-0.00555474559918,long_straight
8.94788709044,-1.49151589497e-16,-4.17443857259e-13,-0.0115027968985,5.4000000000000004,11.9335677036,0.0918098492944,-0.00613296877317,long_straight
8.99787528647,-9.59125294657e-17,-4.23217016987e-13,-0.011374163852,5.4000000000000004,11.983554869,0.0914889573216,-0.00670475775694,long_straight
9.04786348251,-6.03029042986e-17,-4.29878355135e-13,-0.0112456913464,5.4000000000000004,12.0335418439,0.0911396439368,-0.00727012061987,long_straight
9.09785167854,-3.64151045846e-17,-4.36095604073e-13,-0.0111173775966,5.4000000000000004,12.0835286145,0.0907622302741,-0.00782906534246,long_straight
9.14783987458,-2.02865623302e-17,-4.41424674591e-13,-0.010989220802,5.4000000000000004,12.1335151677,0.0903570370759,-0.00838159981563,long_straight
9.19782807062,-9.2647238965e-18,-4.48086012739e-13,-0.010861219147,5.4000000000000004,12.1835014907,0.0899243846967,-0.00892773183988,long_straight
9.24781626665,-1.57684042179e-18,-4.53415083257e-13,-0.0107333708005,5.4000000000000004,12.2334875715,0.0894645931074,-0.00946746912458,long_straight
9.29780446269,3.96071469341e-18,-4.57411886146e-13,-0.0106056739176,5.4000000000000004,12.2834733984,0.088977981899,-0.0100008192872,long_straight
9.34779265872,8.13834248286e-18,-4.63629135083e-13,-0.0104781266381,5.4000000000000004,12.3334589604,0.088464870287,-0.0105277898527,long_straight
9.39778085476,1.14849028217e-17,-4.69846384021e-13,-0.0103507270881,5.4000000000000004,12.3834442467,0.0879255771156,-0.0110483882526,long_straight
9.4477690508,1.43560202151e-17,-4.7473136533e-13,-0.0102234733796,5.4000000000000004,12.4334292473,0.0873604208615,-0.0115626218244,long_straight
9.49775724683,1.69931680434e-17,-4.79616346638e-13,-0.0100963636109,5.4000000000000004,12.4834139526,0.0867697196387,-0.0120704978109,long_straight
9.54774544287,1.95631247223e-17,-4.84945417156e-13,-0.0099693958668,5.4000000000000004,12.5333983534,0.0861537912024,-0.0125720233596,long_straight
9.5977336389,2.21842848369e-17,-4.88498130835e-13,-0.00984256821878,5.4000000000000004,12.583382441,0.0855129529539,-0.0130672055218,long_straight
9.64772183494,2.49441944502e-17,-4.94715379773e-13,-0.00971587872558,5.4000000000000004,12.6333662073,0.0848475219442,-0.0135560512521,long_straight
9.69771003097,2.79112473077e-17,-5.00044450291e-13,-0.00958932543237,5.4000000000000004,12.6833496446,0.0841578148795,-0.0140385674077,long_straight
9.74769822701,3.11425107154e-17,-5.0404125318e-13,-0.00946290637283,5.4000000000000004,12.7333327455,0.0834441481247,-0.0145147607479,long_straight
9.79768642305,3.46889977194e-17,-5.09814412908e-13,-0.0093366195672,5.4000000000000004,12.7833155032,0.0827068377087,-0.0149846379333,long_straight
9.84767461908,3.85992641063e-17,-5.13811215797e-13,-0.00921046302408,5.4000000000000004,12.8332979114,0.0819461993287,-0.0154482055252,long_straight
9.89766281512,4.2921915317e-17,-5.16919840265e-13,-0.00908443474009,5.4000000000000004,12.8832799641,0.081162548355,-0.0159054699852,long_straight
9.94765101115,4.77074124448e-17,-5.22248910784e-13,-0.0089585326999,5.4000000000000004,12.9332616557,0.0803561998353,-0.0163564376743,long_straight
9.99763920719,5.30094361075e-17,-5.27577981302e-13,-0.00883275487651,5.4000000000000004,12.9832429813,0.0795274685001,-0.0168011148525,long_straight
10.0476274032,5.88859805376e-17,-5.30242516561e-13,-0.00870709923183,5.4000000000000004,13.0332239361,0.078676668767,-0.0172395076783,long_straight
10.0976155993,6.54002931659e-17,-5.3335114103e-13,-0.00858156371643,5.4000000000000004,13.0832045159,0.0778041147456,-0.0176716222079,long_straight
10.1476037953,7.26217375265e-17,-5.40012479178e-13,-0.0084561462699,5.4000000000000004,13.1331847168,0.0769101202424,-0.0180974643949,long_straight
10.1975919913,8.06266329354e-17,-5.44009282066e-13,-0.00833084482049,5.4000000000000004,13.1831645353,0.0759949987659,-0.0185170400895,long_straight
10.2475801874,8.94991087729e-17,-5.46229728116e-13,-0.0082056572871,5.4000000000000004,13.2331439684,0.0750590635313,-0.0189303550381,long_straight
10.2975683834,9.93320014481e-17,-5.52891066263e-13,-0.00808058157666,5.4000000000000004,13.2831230134,0.0741026274656,-0.019337414883,long_straight
10.3475565794,1.1022781642e-16,-5.55111512313e-13,-0.00795561558658,5.4000000000000004,13.333101668,0.0731260032124,-0.0197382251614,long_straight
10.3975447755,1.22299774823e-16,-5.57331958362e-13,-0.00783075720453,5.4000000000000004,13.3830799302,0.0721295031374,-0.0201327913052,long_straight
10.4475329715,1.35672963671e-16,-5.635492073e-13,-0.00770600430716,5.4000000000000004,13.4330577986,0.0711134393332,-0.0205211186404,long_straight
10.4975211676,1.50485610034e-16,-5.67101920979e-13,-0.00758135476218,5.4000000000000004,13.4830352718,0.0700781236245,-0.0209032123867,long_straight
10.5475093636,1.66890503106e-16,-5.68878277818e-13,-0.00745680642742,5.4000000000000004,13.5330123492,0.0690238675733,-0.0212790776571,long_straight
10.5974975596,1.85056594211e-16,-5.72875080707e-13,-0.00733235715137,5.4000000000000004,13.58298903,0.0679509824838,-0.021648719457,long_straight
10.6474857557,2.05170814368e-16,-5.75983705176e-13,-0.00720800477262,5.4000000000000004,13.6329653143,0.0668597794084,-0.0220121426841,long_straight
10.6974739517,2.27440163737e-16,-5.79536418854e-13,-0.00708374712185,5.4000000000000004,13.6829412022,0.065750569152,-0.022369352128,long_straight
10.7474621477,2.52094149308e-16,-5.84421400163e-13,-0.00695958201903,5.4000000000000004,13.7329166942,0.0646236622783,-0.0227203524695,long_straight
10.7974503438,2.79387680338e-16,-5.86197757002e-13,-0.00683550727699,5.4000000000000004,13.7828917911,0.0634793691141,-0.0230651482801,long_straight
10.8474385398,3.09604580791e-16,-5.90194559891e-13,-0.00671152069863,5.4000000000000004,13.8328664941,0.0623179997557,-0.0234037440219,long_straight
10.8974267358,3.43061952489e-16,-5.9197091673e-13,-0.00658762007881,5.4000000000000004,13.8828408047,0.0611398640737,-0.023736144047,long_straight
10.9474149319,3.80115734288e-16,-5.96411808829e-13,-0.00646380320408,5.4000000000000004,13.9328147246,0.0599452717182,-0.0240623525969,long_straight
10.9974031279,4.21167969472e-16,-5.99520433298e-13,-0.00634006785209,5.4000000000000004,13.9827882559,0.0587345321252,-0.0243823738024,long_straight
11.0473913239,4.66676542756e-16,-5.99964522507e-13,-0.00621641179313,5.4000000000000004,14.0327614009,0.0575079545211,-0.0246962116828,long_straight
11.09737952,5.1716851976e-16,-6.05737682235e-13,-0.00609283278923,5.4000000000000004,14.0827341625,0.0562658479289,-0.025003870146,long_straight
11.147367716,5.73258774263e-16,-6.08846306704e-13,-0.00596932859354,5.4000000000000004,14.1327065434,0.0550085211733,-0.0253053529877,long_straight
11.1973559121,6.35676408287e-16,-6.09734485124e-13,-0.00584589695355,5.4000000000000004,14.1826785469,0.0537362828866,-0.0256006638909,long_straight
11.2473441081,7.05302683433e-16,-6.12843109593e-13,-0.00572253560686,5.4000000000000004,14.2326501765,0.0524494415143,-0.0258898064263,long_straight
11.2973323041,7.83225973175e-16,-6.15063555642e-13,-0.00559924228533,5.4000000000000004,14.2826214359,0.0511483053204,-0.0261727840507,long_straight
11.3473205002,8.7082188339e-16,-6.18172180111e-13,-0.00547601471218,5.4000000000000004,14.3325923292,0.0498331823935,-0.0264496001079,long_straight
11.3973086962,9.69870561424e-16,-6.19948536951e-13,-0.00535285060422,5.4000000000000004,14.3825628607,0.0485043806522,-0.0267202578274,long_straight
11.4472968922,1.08272888561e-15,-6.2083671537e-13,-0.00522974767075,5.4000000000000004,14.4325330348,0.047162207851,-0.0269847603245,long_straight
11.4972850883,1.21258350928e-15,-6.27942142728e-13,-0.00510670361394,5.4000000000000004,14.4825028563,0.0458069715859,-0.0272431105996,long_straight
11.5472732843,1.36382279387e-15,-6.23501250629e-13,-0.00498371612945,5.4000000000000004,14.5324723303,0.0444389793001,-0.0274953115384,long_straight
11.5972614803,1.54258317779e-15,-6.31494856407e-13,-0.00486078290574,5.4000000000000004,14.5824414619,0.0430585382901,-0.027741365911,long_straight
11.6472496764,1.75755088456e-15,-6.29274410358e-13,-0.0047379016245,5.4000000000000004,14.6324102566,0.0416659557113,-0.0279812763718,long_straight
11.6972378724,2.02113648206e-15,-6.31050767197e-13,-0.00461506996193,5.4000000000000004,14.6823787201,0.0402615385838,-0.0282150454593,long_straight
11.7472260684,2.35119250727e-15,-6.32383034826e-13,-0.00449228558562,5.4000000000000004,14.7323468583,0.0388455937982,-0.0284426755956,long_straight
11.7972142645,2.7735200219e-15,-6.32383034826e-13,-0.0043695461595,5.4000000000000004,14.7823146772,0.037418428122,-0.0286641690859,long_straight
11.8472024605,3.32551824314e-15,-6.32827124036e-13,-0.00424684933849,5.4000000000000004,14.8322821833,0.0359803482047,-0.0288795281187,long_straight
11.8971906566,4.06148592008e-15,-6.27498053518e-13,-0.00412419277369,5.4000000000000004,14.8822493829,0.0345316605843,-0.029088754765,long_straight
11.9471788526,5.06030301044e-15,-6.26609875098e-13,-0.00400157410875,5.4000000000000004,14.9322162828,0.0330726716932,-0.0292918509783,long_straight
11.9971670486,6.43653318077e-15,-6.17728090901e-13,-0.00387899098133,5.4000000000000004,14.9821828898,0.031603687864,-0.0294888185939,long_straight
12.0471552447,8.35642897023e-15,-6.07514039075e-13,-0.00375644102477,5.4000000000000004,15.0321492111,0.0301250153355,-0.0296796593293,long_straight
12.0971434407,1.1060943914e-14,-5.9152682752e-13,-0.00363392186394,5.4000000000000004,15.0821152539,0.0286369602588,-0.0298643747832,long_straight
12.1471316367,1.48987312711e-14,-5.635492073e-13,-0.00351143112115,5.4000000000000004,15.1320810255,0.0271398287032,-0.0300429664356,long_straight
12.1971198328,2.03733363421e-14,-5.29354338141e-13,-0.00338896641054,5.4000000000000004,15.1820465336,0.0256339266625,-0.0302154356475,long_straight
12.2471080288,2.82105051106e-14,-4.733990977e-13,-0.00326652534204,5.4000000000000004,15.2320117858,0.0241195600609,-0.0303817836603,long_straight
12.2970962248,3.94539233128e-14,-3.96127575186e-13,-0.0031441055204,5.4000000000000004,15.2819767901,0.022597034759,-0.0305420115961,long_straight
12.3470844209,5.5601023082e-14,-2.70450328799e-13,-0.00302170454317,5.4000000000000004,15.3319415545,0.0210666565601,-0.0306961204569,long_straight
12.3970726169,7.87950981457e-14,-1.42996725572e-13,-0.00289932000848,5.4000000000000004,15.3819060871,0.019528731216,-0.0308441111246,long_straight
12.447060813,1.120963276e-13,2.3581137043e-13,-0.00277694948897,5.4000000000000004,15.4318703964,0.0179835644337,-0.0309859843606,long_straight
12.497049009,1.59863065141e-13,5.68434188608e-14,-0.00265459062653,5.4000000000000004,15.4818344907,0.016431461881,-0.0311217408064,long_straight
12.547037205,2.28286772829e-13,2.4931168241e-12,-0.00253224078246,5.4000000000000004,15.5317983785,0.0148727291929,-0.0312513809789,long_straight
12.5970254011,3.26140433335e-13,-4.07363032195e-12,-0.00240989833959,5.4000000000000004,15.5817620687,0.0133076719778,-0.0313749052884,long_straight
12.6470135971,4.65822727545e-13,2.40154562903e-11,-0.00228755784647,5.4000000000000004,15.63172557,0.0117365958238,-0.0314923139686,long_straight
12.6970017931,6.64810807711e-13,-7.57101048521e-11,-0.00216522813499,5.4000000000000004,15.6816888913,0.0101598063047,-0.0316036073377,long_straight
12.7469899892,9.47675916983e-13,3.03685521175e-10,-0.00204286471381,5.4000000000000004,15.7316520416,0.00857760898628,-0.0317087848228,long_straight
12.7969781852,1.34887210383e-12,-1.10204689818e-09,-0.00192062206364,5.4000000000000004,15.7816150301,0.00699030943274,-0.0318078485997,long_straight
12.8469663812,1.91658374894e-12,4.15858281144e-09,-0.00179791207894,5.4000000000000004,15.831577866,0.0053982132128,-0.0319007900065,long_straight
12.8969545773,2.71801901532e-12,-1.54542001418e-08,-0.00167691799069,5.4000000000000004,15.8815405586,0.00380162590599,-0.0319876402498,long_straight
12.9469427733,3.84667212632e-12,5.77699563742e-08,-0.00154948024131,5.4000000000000004,15.9315031173,0.00220085310902,-0.0320682811634,long_straight
12.9969309693,5.43225866893e-12,-2.15466831044e-07,-0.0014460390592,5.4000000000000004,15.9814655515,0.000596200442036,-0.0321431514664,long_straight
13.0469191654,7.65426938714e-12,1.59655364929e-07,-0.00120924437218,5.4000000000000004,16.0314278713,-0.0010120082406,-0.0322095178807,long_straight
13.0969073614,1.07604079885e-11,-4.26939492648e-08,-0.000897056458318,5.4000000000000004,16.0813900949,-0.00262320565727,-0.0322621629701,long_straight
13.1468955575,1.50916017059e-11,1.15596314743e-08,-0.000602584371843,5.4000000000000004,16.131352246,-0.00423665086439,-0.03229964514,long_straight
13.1968837535,2.11158311786e-11,-2.93027424547e-09,-0.000303277614834,5.4000000000000004,16.1813143485,-0.0058515990236,-0.0323222863433,long_straight
13.2468719495,2.94737590701e-11,1.01742481107e-09,-5.17308993947e-06,5.4000000000000004,16.2312764265,-0.00746730512359,-0.0323299957904,long_straight
13.2968601456,4.10400964923e-11,4.91287011073e-11,0.000293352290685,5.4000000000000004,16.281238504,-0.00908302396826,-0.0323227930112,long_straight
13.3468483416,5.70058988276e-11,4.31190194661e-10,0.000591869144936,5.4000000000000004,16.3312006053,-0.0106980101648,-0.0323006676999,long_straight
13.3968365376,7.89886118849e-11,4.96368723901e-10,0.000890498069223,5.4000000000000004,16.3811627543,-0.0123115181116,-0.0322636172685,long_straight
13.4468247337,1.09178801814e-10,7.07270686462e-10,0.00118921231315,5.4000000000000004,16.4311249751,-0.0139228019866,-0.0322116367833,long_straight
13.4968129297,1.50535231895e-10,9.61195567584e-10,0.00148802463431,5.4000000000000004,16.4810872916,-0.0155311157347,-0.0321447216607,long_straight
13.5468011257,2.07043464612e-10,1.31406041604e-09,0.00178693723313,5.4000000000000004,16.5310497276,-0.0171357130562,-0.0320628669428,long_straight
13.5967893218,2.84057679005e-10,1.78868519995e-09,0.00208595517759,5.4000000000000004,16.5810123067,-0.0187358473942,-0.0319660674903,long_straight
13.6467775178,3.88751163567e-10,2.4291590961e-09,0.0023850828179,5.4000000000000004,16.6309750524,-0.0203307719229,-0.0318543179285,long_straight
13.6967657139,5.30708299598e-10,3.29016680567e-09,0.00268432476359,5.4000000000000004,16.6809379878,-0.0219197395347,-0.0317276126587,long_straight
13.7467539099,7.22700191033e-10,4.4448555947e-09,0.00298368564247,5.4000000000000004,16.7309011361,-0.0235020028284,-0.0315859458513,long_straight
13.7967421059,9.81697919128e-10,5.98924421169e-09,0.00328317019579,5.4000000000000004,16.7808645197,-0.025076814096,-0.0314293114425,long_straight
13.846730302,1.33019230957e-09,8.04942557053e-09,0.00358278329097,5.4000000000000004,16.8308281612,-0.0266434253102,-0.0312577031285,long_straight
13.896718498,1.79790783389e-09,1.07904036817e-08,0.0038825299656,5.4000000000000004,16.8807920824,-0.0282010881116,-0.0310711143578,long_straight
13.946706694,2.42402172218e-09,1.44274969749e-08,0.00418241548168,5.4000000000000004,16.930756305,-0.0297490537942,-0.0308695383215,long_straight
13.9966948901,3.2600286208e-09,1.92409155275e-08,0.00448244539119,5.4000000000000004,16.9807208501,-0.0312865732924,-0.0306529679403,long_straight
14.0466830861,4.37342748712e-09,2.5594232067e-08,0.00478262562038,5.4000000000000004,17.0306857384,-0.0328128971655,-0.0304213958484,long_straight
14.0966712821,5.85245242469e-09,3.39578396513e-08,0.00508296257858,5.4000000000000004,17.0806509902,-0.0343272755825,-0.0301748143712,long_straight
14.1466594782,7.81212467409e-09,4.49385910706e-08,0.00538346329035,5.4000000000000004,17.1306166252,-0.0358289583047,-0.0299132154986,long_straight
14.1966476742,1.04019711695e-08,5.93171178842e-08,0.00568413556429,5.4000000000000004,17.1805826624,-0.0373171946679,-0.0296365908498,long_straight
14.2466358702,1.38158385165e-08,7.8094680056e-08,0.00598498819915,5.4000000000000004,17.2305491205,-0.0387912335617,-0.0293449316287,long_straight
14.2966240663,1.83043329443e-08,1.02551795056e-07,0.00628603124241,5.4000000000000004,17.2805160174,-0.0402503234068,-0.0290382285684,long_straight
14.3466122623,2.41905402206e-08,1.34321327394e-07,0.00658727630395,5.4000000000000004,17.3304833702,-0.0416937121294,-0.0287164718606,long_straight
14.3966004584,3.1889828717e-08,1.75479355047e-07,0.00688873694715,5.4000000000000004,17.3804511956,-0.0431206471311,-0.0283796510678,long_straight
14.4465886544,4.19347183892e-08,2.28657716761e-07,0.00719042915843,5.4000000000000004,17.4304195094,-0.0445303752544,-0.0280277550139,long_straight
14.4965768504,5.5006013639e-08,2.9718291561e-07,0.0074923719259,5.4000000000000004,17.4803883266,-0.0459221427423,-0.0276607716486,long_straight
14.5465650465,7.19716547861e-08,3.85247051593e-07,0.00779458793547,5.4000000000000004,17.5303576616,-0.0472951951896,-0.0272786878803,long_straight
14.5965532425,9.39350478371e-08,4.98117319392e-07,0.00809710441093,5.4000000000000004,17.5803275277,-0.0486487774863,-0.0268814893696,long_straight
14.6465414385,1.22294992756e-07,6.42391947636e-07,0.00839995412553,5.4000000000000004,17.6302979376,-0.0499821337481,-0.0264691602777,long_straight
14.6965296346,1.5881975462e-07,8.26311778113e-07,0.00870317660953,5.4000000000000004,17.6802689029,-0.0512945072341,-0.0260416829588,long_straight
14.7465178306,2.05738318667e-07,1.06013811685e-06,0.00900681958763,5.4000000000000004,17.7302404344,-0.0525851402475,-0.0255990375859,long_straight
14.7965060266,2.65852448717e-07,1.35660943679e-06,0.00931094068934,5.4000000000000004,17.7802125419,-0.0538532740151,-0.025141201699,long_straight
14.8464942227,3.42673838818e-07,1.73149124194e-06,0.00961560945928,5.4000000000000004,17.8301852341,-0.0550981485428,-0.0246681496597,long_straight
14.8964824187,4.40591420427e-07,2.20423562647e-06,0.00992090972882,5.4000000000000004,17.8801585189,-0.0563190024408,-0.0241798519958,long_straight
14.9464706147,5.6507477271e-07,2.79876953568e-06,0.0102269423867,5.4000000000000004,17.9301324029,-0.057515072713,-0.0236762746184,long_straight
14.9964588108,7.2292059191e-07,3.54443310036e-06,0.0105338286063,5.4000000000000004,17.9801068917,-0.0586855945038,-0.0231573778884,long_straight
15.0464470068,9.22550317252e-07,4.47709230489e-06,0.0108417135859,5.4000000000000004,18.0300819898,-0.0598298007942,-0.0226231155092,long_straight
15.0964352029,1.17436829457e-06,5.64045317386e-06,0.0111507708643,5.4000000000000004,18.0800577005,-0.0609469220376,-0.0220734332175,long_straight
15.1464233989,1.49119129254e-06,7.08760768164e-06,0.0114612072697,5.4000000000000004,18.130034026,-0.0620361857241,-0.0215082672433,long_straight
15.1964115949,1.88876177541e-06,8.88284470868e-06,0.0117732685682,5.4000000000000004,18.1800109671,-0.0630968158625,-0.0209275425047,long_straight
15.246399791,2.38635908354e-06,1.1103762676e-05,0.0120872458781,5.4000000000000004,18.2299885234,-0.0641280323637,-0.020331170501,long_straight
15.296387987,3.00752457781e-06,1.38437234218e-05,0.012403482902,5.4000000000000004,18.2799666933,-0.0651290503113,-0.0197190468649,long_straight
15.346376183,3.78091885999e-06,1.72146899429e-05,0.0127223840459,5.4000000000000004,18.3299454737,-0.0660990791,-0.0190910485313,long_straight
15.3963643791,4.74133137825e-06,2.13504932591e-05,0.0130444234629,5.4000000000000004,18.3799248603,-0.0670373214219,-0.0184470304767,long_straight
15.4463525751,5.93086504526e-06,2.64105758045e-05,0.0133701550682,5.4000000000000004,18.4299048474,-0.0679429720794,-0.0177868219826,long_straight
15.4963407711,7.40032091047e-06,3.2584260377e-05,0.013700223545,5.4000000000000004,18.4798854275,-0.0688152165966,-0.0171102223732,long_straight
15.5463289672,9.21081040124e-06,4.00955944557e-05,0.014035376353,5.3820133717139997,18.5298665921,-0.0696532296051,-0.0164169961784,long_straight
15.5963171632,1.14356251328e-05,4.9208819318e-05,0.0143764767118,5.3639270929980007,18.5798483308,-0.0704561729722,-0.0157068676717,long_straight
15.6463053593,1.41623967248e-05,6.02345117842e-05,0.0147245175233,5.3457796243619997,18.6298306317,-0.0712231936391,-0.0149795147359,long_straight
15.6962935553,1.74955813806e-05,7.3536443264e-05,0.0150806361432,5.3275703407019996,18.6798134813,-0.0719534211358,-0.0142345620119,long_straight
15.7462817513,2.15593060938e-05,8.9539195506e-05,0.0154461298807,5.3092986061680003,18.7297968642,-0.0726459647338,-0.0134715732902,long_straight
15.7962699474,2.6500615148e-05,0.000108736565235,0.0158224720569,5.2909637740560003,18.7797807633,-0.0732999101997,-0.0126900431151,long_straight
15.8462581434,3.24931569414e-05,0.000131700779842,0.0162113283937,5.2725651863940008,18.8297651595,-0.0739143161093,-0.0118893875765,long_straight
15.8962463394,3.97413519714e-05,0.000159092533579,0.0166145734506,5.2541021738340001,18.8797500317,-0.0744882096802,-0.0110689342823,long_straight
15.9462345355,4.8485082899e-05,0.000191671837647,0.01703430675,5.2355740552380006,18.9297353565,-0.0750205820841,-0.0102279115172,long_straight
15.9962227315,5.90049468065e-05,0.000230309658148,0.0174728681733,5.216980137498,18.9797211083,-0.0755103831968,-0.00936543661314,long_straight
16.0462109275,7.1628107897e-05,0.000276000292586,0.0179328521165,5.1983197152119995,19.0297072588,-0.075956515749,-0.00848050358197,long_straight
16.0961991236,8.67347857496e-05,0.000329874408434,0.0184171198255,5.1795920703959997,19.0796937769,-0.0763578288423,-0.00757197008618,long_straight
16.1461873196,0.000104765409654,0.000393212636026,0.0189288092446,5.1607964721600004,19.1296806287,-0.0767131108005,-0.00663854385528,long_straight
16.1961755156,0.000126228463293,0.000467459572679,0.0194713416275,5.1419321764379999,19.1796677768,-0.0770210813314,-0.00567876869135,long_straight
16.2461637117,0.000151709035906,0.000554238015535,0.020048424087,5.1229984256280003,19.2296551798,-0.0772803829834,-0.00469101024598,long_straight
16.2961519077,0.000181878085887,0.000655363197529,0.0206640471808,5.1039944483400008,19.2796427926,-0.0774895718919,-0.00367344179438,long_straight
16.3461401038,0.000217502410309,0.000772856754228,0.0213224765718,5.0849194589459996,19.3296305651,-0.0776471078206,-0.0026240302787,long_straight
16.3961282998,0.000259455299057,0.000908960100015,0.02202823775,5.0657726572739996,19.3796184423,-0.0777513435217,-0.00154052294235,long_straight
16.4461164958,0.000308727834851,0.00106614684058,0.0227860927695,5.0465532282840009,19.4296063628,-0.077800513451,-0.00042043492812,long_straight
16.4961046919,0.000366440780503,0.00124713379621,0.0236010079456,5.0272603416179997,19.4795942592,-0.0777927219003,0.000738961734248,long_straight
16.5460928879,0.000433856972135,0.0014548901581,0.0244781114721,5.0078931512400002,19.5295820562,-0.0777259306259,0.00194064727329,long_straight
16.5960810839,0.00051239411193,0.00169264424906,0.0254226399642,4.9884507949500003,19.5795696703,-0.0775979460819,0.00318786092523,long_straight
16.64606928,0.000603637826337,0.0019638873126,0.0264398730205,4.9689323940420005,19.6295570084,-0.0774064063924,0.00448410471161,long_straight
16.696057476,0.000709354825779,0.00227237371214,0.0275350550129,4.9493370526740001,19.6795439667,-0.0771487682265,0.00583314362681,long_straight
16.746045672,0.000831505970113,0.002622116887,0.0287133034861,4.9296638574719998,19.7295304297,-0.0768222937739,0.00723900158203,long_straight
16.7960338681,0.000972259010753,0.00301738038635,0.0299795037576,4.9099118768999999,19.7795162683,-0.0764240380493,0.0087059524272,long_straight
16.8460220641,0.00113400074608,0.00346266328877,0.0313381895731,4.8900801606659998,19.8295013385,-0.0759508367911,0.0102385053582,long_straight
16.8960102602,0.00131934829221,0.00396267931588,0.0327934099791,4.8701677390200002,19.8794854797,-0.0753992952515,0.0118413840178,long_straight
16.9459984562,0.00153115913695,0.00452232896602,0.0343485829391,4.8501736220699998,19.9294685129,-0.0747657782123,0.0135194986167,long_straight
16.9959866522,0.00177253961228,0.0051466640313,0.0360063366514,4.830096798954,19.9794502387,-0.0740464015913,0.0152779104376,long_straight
17.0459748483,0.00204685139005,0.00584084391898,0.0377683398668,4.809936236904,20.0294304357,-0.0732370260345,0.0171217881434,long_straight
17.0959630443,0.00235771557914,0.00661008328059,0.0396351232615,4.7896908803460008,20.0794088579,-0.0723332529177,0.0190563553926,long_straight
17.1459512403,0.00270901398008,0.0074595905604,0.0416058940242,4.7693596497660007,20.1293852327,-0.0713304232012,0.0210868293747,long_straight
17.1959394364,0.00310488703715,0.00839449720553,0.0436783468313,4.7489414405580002,20.1793592594,-0.0702236195978,0.0232183500059,long_straight
17.2459276324,0.00354972801957,0.00941977744345,0.0458484744883,4.7284351217280003,20.2293306061,-0.0690076725234,0.0254558996928,long_straight
17.2959158284,0.00404817296308,0.0105401587194,0.0481103825358,4.7078395345800006,20.2792989082,-0.067677170298,0.0278042137559,long_straight
17.3459040245,0.00460508591366,0.0117600230995,0.0504561119983,4.687153491168,20.3292637666,-0.0662264740556,0.0302676818176,long_straight
17.3958922205,0.00522553903611,0.0130833001823,0.0528754757728,4.6663757728380002,20.3792247454,-0.0646497377996,0.0328502406994,long_straight
17.4458804165,0.00591478718387,0.014513352327,0.0553559137153,4.6455051285,20.4291813707,-0.0629409340059,0.0355552596352,long_straight
17.4958686126,0.00667823657337,0.0160528532764,0.0578823724714,4.62454027308,20.479133129,-0.0610938851296,0.0383854188791,long_straight
17.5458568086,0.00752140726667,0.0177036615508,0.0604372159409,4.6034798858280004,20.5290794664,-0.0591023013093,0.0413425830842,long_straight
17.5958450047,0.00844988924171,0.0194666902831,0.0630001725195,4.5823226086439997,20.5790197882,-0.0569598244877,0.0444276711219,long_straight
17.6458332007,0.00946929191863,0.0213417754633,0.0655483251067,4.5610670446560002,20.6289534585,-0.0546600790764,0.0476405243107,long_straight
17.6958213967,0.0105851871148,0.0233275448498,0.0680561496509,4.5397117567260006,20.6788798011,-0.0521967291909,0.0509797753119,long_straight
17.7458095928,0.0118030455181,0.0254212900741,0.0704956074369,4.5182552663519999,20.7287981003,-0.0495635423594,0.0544427202178,long_straight
17.7957977888,0.0131281668991,0.0276188447062,0.0728362957777,4.4966960527680007,20.7787076033,-0.0467544594836,0.0580251966009,long_straight
17.8457859848,0.0145656044202,0.0299144712471,0.0750456603704,4.4750325524939996,20.8286075224,-0.0437636706857,0.0617214704901,long_straight
17.8957741809,0.0161200835542,0.0323007601703,0.0770892724372,4.453263159174,20.878497039,-0.0405856965262,0.0655241353955,long_straight
17.9457623769,0.0177959162741,0.0347685442125,0.0789311702822,4.4313862240980004,20.9283753079,-0.0372154739228,0.0694240265814,long_straight
17.9957505729,0.0195969113408,0.0373068311271,0.0805342660935,4.4094000573180008,20.9782414626,-0.0336484459393,0.0734101538039,long_straight
18.045738769,0.0215262816684,0.039902758058,0.0818608140482,4.387302929214,21.0280946223,-0.0298806544579,0.0774696556668,long_straight
18.095726965,0.0235865499052,0.0425415705124,0.0828729359704,4.3650930730320008,21.0779338988,-0.02590883459,0.081587778577,long_straight
18.1457151611,0.0257794535125,0.0452066286727,0.0835331976235,4.3427686878179994,21.127758405,-0.0217305095383,0.0857478830388,long_straight
18.1957033571,0.0281058507574,0.0478794434311,0.0838052271489,4.3203279422519998,21.177567265,-0.0173440844862,0.0899314796707,long_straight
18.2456915531,0.0305656291534,0.0505397440871,0.0836543651819,4.2977689789680005,21.2273596237,-0.0127489379767,0.0941182968849,long_straight
18.2956797492,0.0331576179775,0.0531655791219,0.0830483346363,4.2750899194500001,21.2771346586,-0.0079455091463,0.0982863816439,long_straight
18.3456679452,0.0358795065615,0.055733450849,0.0819579166242,4.2522888691620002,21.3268915916,-0.00293537911095,0.102412234092,long_straight
18.3956561412,0.0387277700975,0.0582184840814,0.0803576186317,4.2293639230559998,21.376629702,0.00227865523715,0.106470976205,long_straight
18.4456443373,0.0416976047026,0.0605946282156,0.0782263189202,4.2063131708100006,21.4263483394,0.00769251677074,0.110436553856,long_straight
18.4956325333,0.044782873459,0.0628348915046,0.0755478781605,4.1831347018680001,21.4760469373,0.0133007947229,0.114281971066,long_straight
18.5456207293,0.0479760650783,0.0649116050876,0.0723116800856,4.1598266095980003,21.525725027,0.0190967039846,0.117979554021,long_straight
18.5956089254,0.0512682667295,0.0667967154572,0.0685131858224,4.1363869946760001,21.5753822514,0.0250720586408,0.121501243514,long_straight
18.6455971214,0.0546491524215,0.0684620964437,0.0641541146608,4.1128139668140005,21.6250183778,0.0312172611329,0.124818906915,long_straight
18.6955853174,0.0581069881421,0.0698798970912,0.059243658204,4.0891056449220002,21.6746333115,0.0375213082406,0.127904686023,long_straight
18.7455735135,0.0616286547251,0.0710228442332,0.0537954059863,4.0652601550199998,21.7242271073,0.043971814849,0.130731299628,long_straight
18.7955617095,0.0651996891555,0.0718647814733,0.0478398815725,4.04127562563,21.7737999808,0.050555056198,0.133272582467,long_straight
18.8455499056,0.0688043447216,0.0723803651524,0.0413781540743,4.0171501806300007,21.8233523181,0.0572560290136,0.135503181174,long_straight
18.8955381016,0.0724256701026,0.0725479317197,0.034555482472,3.9928819289759998,21.8728846839,0.0640585315911,0.13740142163,long_straight
18.9455262976,0.0760456071296,0.0723404872634,0.0270112549024,3.9684689514000002,21.9223978281,0.0709452625578,0.138940298478,long_straight
18.9955144937,0.0796451066009,0.0717610814771,0.0203088919685,3.9439092840660006,21.9718926901,0.0778979376747,0.140122849062,long_straight
19.0455026897,0.0832042611616,0.0707184862008,0.00664652799662,3.91919839515,22.0213755278,0.0848972251647,0.140796532564,long_straight
19.0954908857,0.086702453893,0.0692612606589,-0.0104327450597,3.894320876364,22.0708757424,0.0919143033227,0.1407016731,long_straight
19.1454790818,0.0901185209006,0.0673635708306,-0.0268199761482,3.8692710509759998,22.1204039324,0.0989092673189,0.139769765956,long_straight
19.1954672778,0.0934309258533,0.0650355451672,-0.0434617402059,3.8440447897139998,22.1699673349,0.105841260119,0.138010874916,long_straight
19.2454554738,0.0966179441194,0.0622724114962,-0.0600024848036,3.8186378225460005,22.219573065,0.112669195028,0.135420207743,long_straight
19.2954436699,0.0996578538719,0.0590784068065,-0.0764337760997,3.7930457284379999,22.2692279932,0.11935193204,0.132002021671,long_straight
19.3454318659,0.102529131316,0.0554604177443,-0.0926537391236,3.7672639257240004,22.3189386214,0.125848458787,0.127763262587,long_straight
19.3954200619,0.105210647012,0.0514296731571,-0.108587073675,3.7412876640060002,22.3687109607,0.132118073738,0.122715259251,long_straight
19.445408258,0.107681860171,0.0470011829622,-0.124154406043,3.7151120179080004,22.4185504107,0.138120569196,0.116873166817,long_straight
19.495396454,0.109923007727,0.0421936997405,-0.139282249056,3.68873188326,22.4684616438,0.143816411564,0.110255936048,long_straight
19.5453846501,0.111915285051,0.0370294540568,-0.153901960364,3.662141976234,22.518448495,0.149166916361,0.102886059215,long_straight
19.5953728461,0.113641015217,0.0315338693524,-0.167951599151,3.6353368355940003,22.5685138604,0.154134415495,0.0947892984975,long_straight
19.6453610421,0.115083803942,0.0257352058319,-0.181376868965,3.608310828294,22.6186596034,0.15868241442,0.0859943462836,long_straight
19.6953492382,0.116228677531,0.0196641545819,-0.194132132568,3.581058158532,22.6688864729,0.162775736973,0.0765324385566,long_straight
19.7453374342,0.117062201447,0.0133533857787,-0.206181184295,3.5535728798280002,22.7191940326,0.166380655896,0.0664369251704,long_straight
19.7953256302,0.117572577528,0.00683706155987,-0.217497823657,3.5258489100179999,22.7695806022,0.169465007322,0.0557428075111,long_straight
19.8453138263,0.117749718251,0.000150324016948,-0.22806618373,3.4978800484800003,22.8200432135,0.171998287843,0.044486253902,long_straight
19.8953020223,0.117585296931,-0.00667122985501,-0.237880802125,3.4696599950339997,22.8705775787,0.173951733118,0.0327041044599,long_straight
19.9452902183,0.117072773222,-0.0135920738887,-0.246946424477,3.4411823695620001,22.9211780733,0.175298377402,0.0204333776087,long_straight
19.9952784144,0.116207393837,-0.0205772665401,-0.255277542493,3.412440731502,22.9718377321,0.176013093784,0.00771079066946,long_straight
20.0452666104,0.114986168914,-0.0275929403371,-0.26289767815,3.3834285982800001,23.0225482595,0.176072615374,-0.00542769329689,long_straight
20.0952548065,0.113407825008,-0.0346067551783,-0.269838435287,3.3541394614919997,23.0733000515,0.175455538124,-0.0189472808739,long_straight
20.1452430025,0.111472736213,-0.0415883046767,-0.276138348061,3.324566800116,23.1240822302,0.1741423064,-0.0328147154276,long_straight
20.1952311985,0.109182835395,-0.0485094660686,-0.281841562205,3.2947040896560003,23.1748826889,0.172115182855,-0.0469985869048,long_straight
20.2452193946,0.106541508014,-0.055344685798,-0.286996389491,3.2645448062280003,23.2256881471,0.169358204535,-0.0614695768424,long_straight
20.2952075906,0.103553471367,-0.0620711946622,-0.291653778016,3.2340824252820002,23.2764842144,0.165857127505,-0.0762006329742,long_straight
20.3451957866,0.100224642477,-0.0686691482915,-0.29586574161,3.2033104139699997,23.3272554618,0.161599362552,-0.091167069763,long_straight
20.3951839827,0.0965619981009,-0.0751216906304,-0.299683788515,3.1722222168900003,23.3779854991,0.156573904799,-0.106346593137,long_straight
20.4451721787,0.0925734305082,-0.0814149400594,-0.303157392796,3.1408112349900001,23.4286570579,0.150771260156,-0.121719249735,long_straight
20.4951603747,0.088267602825,-0.0875378992612,-0.306332525175,3.109070797362,23.4792520788,0.144183371646,-0.137267302463,long_straight
20.5451485708,0.0836538077101,-0.0934822928671,-0.309250340592,3.0769941260340001,23.5297518026,0.136803548625,-0.15297503715,long_straight
20.5951367668,0.078741833077,-0.09924233381,-0.311945801274,3.044574293778,23.5801368637,0.128626401758,-0.16882850199,long_straight
20.6451249628,0.0735418383931,-0.104814437888,-0.314447171859,3.0118041752580003,23.6303873875,0.119647786486,-0.184815200039,long_straight
20.6951131589,0.068064244824,-0.110196843621,-0.316773020925,2.9786763917160002,23.6804830894,0.109864757337,-0.200923692627,long_straight
20.7451013549,0.0623196421418,-0.115389331026,-0.318939259571,2.945183249322,23.7304033777,0.0992755351109,-0.217143308041,long_straight
20.795089551,0.0563187148905,-0.120392362948,-0.320929940771,2.911316671836,23.7801274585,0.0878794884815,-0.233463279784,long_straight
20.845077747,0.0500721897968,-0.125208193572,-0.322802993628,2.877068127492,23.8296344461,0.07567713102,-0.249873859676,long_straight
20.895065943,0.0435908058636,-0.129834586093,-0.324298066356,2.8424285502840001,23.878903476,0.0626701340682,-0.266360048256,long_straight
20.9450541391,0.0368853079732,-0.1342857688,-0.326285826587,2.807388256032,23.9279138248,0.0488613552627,-0.282922572153,long_straight
20.9950423351,0.0299664641938,-0.138512760995,-0.325412422941,2.7719368526519998,23.9766450354,0.0342548818626,-0.299498240086,long_straight
21.0450305311,0.0228451063235,-0.14260525331,-0.334812668112,2.7360611949060001,24.0250795227,0.0188548110984,-0.316278125477,hairpin
21.0950187272,0.0155321925528,-0.146395803057,-0.364890192894,2.699737345026,24.0732047228,0.00263740446829,-0.334040950942,hairpin
21.1450069232,0.00803889048002,-0.150098352882,-0.39284512801,2.6629605746279998,24.1209668923,-0.0144477591334,-0.353254922086,hairpin
21.1949951192,0.000376678100596,-0.153649151431,-0.423591785101,2.6257312796219998,24.168300154,-0.0324512841971,-0.373921979893,hairpin
21.2449833153,-0.00744254017525,-0.157069251566,-0.456218630825,2.588051357046,24.21513191,-0.0514228160071,-0.396142683734,hairpin
21.2949715113,-0.0154063059311,-0.160355392677,-0.491390708455,2.5499246350139999,24.2613819443,-0.0714106281697,-0.420006273535,hairpin
21.3449597074,-0.0235014714667,-0.163509272156,-0.529343226341,2.5113573228239998,24.3069615683,-0.0924609824005,-0.445618913851,hairpin
21.3949479034,-0.031714061068,-0.166529319533,-0.570416700956,2.4723584660340001,24.3517728583,-0.114617233957,-0.473094021561,hairpin
21.4449360994,-0.0400291333096,-0.16941247644,-0.614893541646,2.432940378444,24.3957080639,-0.137918657135,-0.502551925941,hairpin
21.4949242955,-0.0484306490186,-0.172153002962,-0.663011328192,2.3931190041839998,24.4386492961,-0.162398973556,-0.534115577753,hairpin
21.5449124915,-0.0569013495619,-0.174741696441,-0.714912159227,2.3529141392219999,24.4804686452,-0.18808458561,-0.567905342098,hairpin
21.5949006875,-0.0654226500397,-0.177164362575,-0.77058485843,2.3123494120500001,24.5210289134,-0.214992553234,-0.604031334908,hairpin
21.6448888836,-0.0739745517682,-0.179399871029,-0.829794254244,2.271451890312,24.5601851833,-0.243128408756,-0.642583272245,hairpin
21.6948770796,-0.0825355781291,-0.181416889728,-0.891955737062,2.2302511500780002,24.5977874477,-0.272483984058,-0.683616665464,hairpin
21.7448652756,-0.0910827374411,-0.18317150399,-0.956095142007,2.1887776262340002,24.6336844982,-0.303035522181,-0.727137543355,hairpin
21.7948534717,-0.0995915159936,-0.184599815488,-1.02055356168,2.1470600755440001,24.6677291618,-0.334742445607,-0.773080189404,hairpin
21.8448416677,-0.108035903768,-0.185620657858,-1.08316162296,2.1051220462739999,24.699784789,-0.367547222532,-0.821294045383,hairpin
21.8948298637,-0.116388454692,-0.186128955698,-1.1419506522,2.0629773805320002,24.7297326072,-0.401376761095,-0.871522100264,hairpin
21.9448180598,-0.124620382507,-0.185922999672,-1.18561734087,2.024630911674,24.7574792193,-0.436145615519,-0.923316604544,hairpin
21.9948062558,-0.132701692557,-0.183617697796,-1.1067187758,2.0525607734219999,24.783074587,-0.471853061678,-0.973862572966,hairpin
22.0447944519,-0.140601348949,-0.179767231421,-1.06251888766,2.0799729597779999,24.8067723197,-0.508574872231,-1.02123569794,hairpin
22.0947826479,-0.148287475722,-0.175226920384,-1.00734591945,2.1069069941520002,24.8286476673,-0.546182170712,-1.06627928481,hairpin
22.1447708439,-0.155727589842,-0.16976795769,-0.958186501573,2.1333911028119998,24.8487716861,-0.584550780507,-1.1088612787,hairpin
22.19475904,-0.162888863022,-0.163474703453,-0.910228636149,2.159449155126,24.867216479,-0.623567699822,-1.14918349311,hairpin
22.244747236,-0.169738408655,-0.156335514746,-0.865703545334,2.1851013441240004,24.8840536491,-0.663130545426,-1.18736574357,hairpin
22.294735432,-0.176243589447,-0.14837366761,-0.824419490342,2.2103648408160002,24.8993530625,-0.70314693466,-1.22357146626,hairpin
22.3447236281,-0.182372340781,-0.139607229308,-0.786801074038,2.2352543965980001,24.913181843,-0.743533843143,-1.25796355229,hairpin
22.3947118241,-0.188093504325,-0.130061722155,-0.752997148841,2.259782881434,24.9256035372,-0.784216959081,-1.2907140513,hairpin
22.4447000201,-0.193377166061,-0.119767028341,-0.723179234256,2.2839617535299999,24.9366774056,-0.825130044654,-1.32199898795,hairpin
22.4946882162,-0.198194992658,-0.108758963973,-0.697477110888,2.3078014630380004,24.9464578068,-0.866214308897,-1.3519985211,hairpin
22.5446764122,-0.202520560002,-0.0970793727749,-0.676009687413,2.3313117947040003,24.9549936544,-0.907417793064,-1.38089611739,hairpin
22.5946646083,-0.206329667726,-0.0847767147831,-0.658895473414,2.3545021574340002,24.9623279323,-0.948694767879,-1.4088785597,hairpin
22.6446528043,-0.209600633775,-0.0719057928186,-0.646219584379,2.3773818289139999,24.9684972596,-0.990005141425,-1.4361353013,hairpin
22.6946410003,-0.212314563318,-0.058529430924,-0.63814702463,2.3999601640320001,24.9735315036,-1.03131387637,-1.46285986794,hairpin
22.7446291964,-0.214455586788,-0.0447137183487,-0.634570940209,2.422246775778,24.977453436,-1.0725904154,-1.48924482489,hairpin
22.7946173924,-0.216011062363,-0.0305418963221,-0.636090556408,2.4442516965600003,24.9802784358,-1.11380811379,-1.51549530182,hairpin
22.8446055884,-0.216971738906,-0.0160761739743,-0.641509416308,2.4659855276400005,24.9820142389,-1.1549436778,-1.54179028567,hairpin
22.8945937845,-0.217331876106,-0.00144565444455,-0.652611177461,2.4874595825400001,24.9826607368,-1.19597660681,-1.56836979359,hairpin
22.9445819805,-0.217089319447,0.0132277981063,-0.642226792551,2.5087405378500001,24.9822131702,-1.23699419263,-1.59497406408,hairpin
22.9945701765,-0.21624552849,0.0277240041443,-0.634255646713,2.5299159211440001,24.9806766865,-1.27812888721,-1.62123420773,hairpin
23.0445583726,-0.214805557906,0.0419402015138,-0.630898437583,2.5509917176020003,24.9780543169,-1.31935891478,-1.64737099419,hairpin
23.0945465686,-0.212777991655,0.0558160322799,-0.632960223969,2.5520200814160003,24.9743410423,-1.36065879609,-1.67357381637,hairpin
23.1445347646,-0.210174831612,0.0692679487663,-0.639771124231,2.5201159461540001,24.9695239636,-1.40200001331,-1.70005995484,hairpin
23.1945229607,-0.207011342884,0.0822321524602,-0.651502331597,2.4876822277619999,24.963582522,-1.44335042662,-1.7270312696,hairpin
23.2445111567,-0.203305858886,0.0946462352211,-0.667968790514,2.4546991582080002,24.9564887658,-1.48467367547,-1.75469239459,hairpin
23.2944993528,-0.199079550038,0.106456011225,-0.689111229401,2.4211463007780001,24.9482076604,-1.52592856453,-1.78324386119,hairpin
23.3444875488,-0.194356160643,0.117613086873,-0.714829831124,2.387002181598,24.9386974424,-1.56706843435,-1.81288451116,hairpin
23.3944757448,-0.189161719071,0.128075420032,-0.745037202098,2.3522438507580001,24.9279100162,-1.60804051629,-1.84381084341,hairpin
23.4444639409,-0.183524226846,0.137806648533,-0.779641187424,2.3168463521939997,24.9157913994,-1.64878527058,-1.8762173927,hairpin
23.4944521369,-0.177473332583,0.146775978691,-0.818517401475,2.2807820794140001,24.9022822201,-1.68923570628,-1.91029620323,hairpin
23.5444403329,-0.171039996892,0.154956601745,-0.861568052831,2.2440199928400002,24.8873182821,-1.72931668193,-1.94623725173,hairpin
23.594428529,-0.164256154437,0.162328533557,-0.908431317313,2.2065246731519998,24.8708312159,-1.76894418686,-1.98422371223,hairpin
23.644416725,-0.15715437928,0.168866187141,-0.959351670592,2.168255186298,24.8527492482,-1.80802460586,-2.02444150516,hairpin
23.694404921,-0.149767559382,0.17457784233,-1.01212514521,2.1291637390020002,24.8329981365,-1.84645397531,-2.06703569261,hairpin
23.7443931171,-0.142128585824,0.179373000216,-1.0718646803,2.089194112116,24.8115023327,-1.88411724805,-2.11223745647,hairpin
23.7943813131,-0.134270061839,0.183490291739,-1.11994176905,2.0482798733640002,24.788186464,-1.92088760067,-2.15992875962,hairpin
23.8443695091,-0.126224036176,0.18616585391,-1.2073305447,2.0063423508840001,24.7629772079,-1.95662587248,-2.21096431244,hairpin
23.8943577052,-0.118021764657,0.186682552525,-1.18801830028,2.02258400922,24.7356383058,-1.99136361527,-2.26402354334,hairpin
23.9443459012,-0.109693503073,0.186087722709,-1.11968277082,2.05117229808,24.7060324783,-2.02516168472,-2.31580695004,hairpin
23.9943340973,-0.101268333766,0.18501959913,-1.05191861815,2.0798169422220001,24.6742510336,-2.05793470239,-2.36534832648,hairpin
24.0443222933,-0.0927740274247,0.183520542233,-0.979912268083,2.1084999612119999,24.640416181,-2.08960999276,-2.4123912894,hairpin
24.0943104893,-0.0842369408052,0.181699363608,-0.907857515698,2.1371947584840001,24.6046724415,-2.12013177331,-2.45671541065,hairpin
24.1442986854,-0.07568195023,0.179626573376,-0.837658093777,2.1658697591939999,24.5671778968,-2.14946315059,-2.49822366004,hairpin
24.1942868814,-0.0671324199431,0.177350598204,-0.770615205195,2.1944914346160003,24.5280963147,-2.17758619133,-2.53690680827,hairpin
24.2442750774,-0.0586102036189,0.174904360976,-0.707485989084,2.223026581644,24.4875907438,-2.2045005831,-2.57281811547,hairpin
24.2942632735,-0.0501356766268,0.172308511076,-0.64857277467,2.2514438777760004,24.4458187677,-2.23022144763,-2.60605363153,hairpin
24.3442514695,-0.0417277960295,0.169575751987,-0.593889357769,2.2797148164300003,24.4029293309,-2.25477679144,-2.63673435228,hairpin
24.3942396655,-0.0334041847516,0.166713273135,-0.543251364474,2.3078141602739999,24.3590608944,-2.27820494842,-2.66499327736,hairpin
24.4442278616,-0.025181235919,0.163724712658,-0.496353530113,2.3357200478219999,24.3143406296,-2.30055223776,-2.69096562989,hairpin
24.4942160576,-0.0170742330357,0.160611104718,-0.452834396243,2.3634138686580002,24.268884367,-2.32187095375,-2.71478230977,hairpin
24.5442042537,-0.00909748144867,0.157372335101,-0.412260749599,2.3908799967479997,24.2227970609,-2.34221772914,-2.73656455084,hairpin
24.5941924497,-0.00126444644391,0.154004878551,-0.374328909594,2.4181054465859999,24.1761735829,-2.36165226763,-2.75642354129,hairpin
24.6441806457,0.00641210666949,0.150511807104,-0.338213105139,2.4450794958420001,24.1290997093,-2.38023641642,-2.77444861742,hairpin
24.6941688418,0.0139199750083,0.146867236032,-0.304984680309,2.4717933018,24.0816532077,-2.39803354097,-2.79074153433,hairpin
24.7441570378,0.0212473873892,0.143147271157,-0.268757234501,2.4982395268499999,24.0339049687,-2.41510816354,-2.80528448178,hairpin
24.7941452338,0.0283828843907,0.139099900401,-0.252226621735,2.5244137873440002,23.9859163721,-2.43152567181,-2.81849894193,hairpin
24.8441334299,0.0353152127506,0.134922736997,-0.258143943617,2.550331567602,23.9376959255,-2.44732603555,-2.83144768651,hairpin
24.8941216259,0.0420332371507,0.130472999101,-0.25925081889,2.5760022543180003,23.8892473115,-2.462503352,-2.8445813671,hairpin
24.9441098219,0.0485258718868,0.125838189635,-0.261554357239,2.6014313008080001,23.8405805136,-2.47704776437,-2.8578077915,hairpin
24.994098018,0.0547820343147,0.120994128662,-0.263472156768,2.626623893124,23.7917058551,-2.49094980142,-2.87114656846,hairpin
25.044086214,0.0607906213259,0.115945869803,-0.265435683,2.6515849761000001,23.7426339605,-2.50420035824,-2.88458819859,hairpin
25.09407441,0.0665405094502,0.110690671877,-0.26732719835,2.6763192794339998,23.6933757216,-2.51679069833,-2.89813110923,hairpin
25.1440626061,0.0720205785295,0.105228474405,-0.26916394461,2.7008313432660001,23.643942265,-2.52871247746,-2.91177118462,hairpin
25.1940508021,0.077219758262,0.0995596740075,-0.270916038851,2.7251255433600003,23.5943449211,-2.53995778857,-2.92550399448,hairpin
25.2440389982,0.0821270963088,0.0936862577816,-0.272555796465,2.7492061151880001,23.5445951936,-2.55051922665,-2.93932366467,hairpin
25.2940271942,0.0867318460842,0.0876119951686,-0.274045553612,2.7730771768620004,23.4947047275,-2.56038997194,-2.95322268871,hairpin
25.3440153902,0.0910235718462,0.0813428232427,-0.275342127121,2.7967427503020001,23.4446852754,-2.56956388892,-2.96719154499,hairpin
25.3940035863,0.0949922682559,0.0748871118124,-0.276397040895,2.8202067802439998,23.3945486607,-2.57803563857,-2.9812184334,hairpin
25.4439917823,0.0986284912155,0.0682558827308,-0.277158057995,2.8434731508360001,23.344306738,-2.58580080061,-2.99528905707,hairpin
25.4939799783,0.101923496512,0.06146295605,-0.277570507883,2.86654569948,23.2939713494,-2.59285600225,-3.00938647649,hairpin
25.5439681744,0.104869382608,0.0545250247215,-0.27757877426,2.8894282275240002,23.2435542774,-2.59919904986,-3.02349103438,hairpin
25.5939563704,0.107459233813,0.0474616538875,-0.277127804274,2.912124507768,23.1930671939,-2.60482905987,-3.03758035543,hairpin
25.6439445664,0.109687260091,0.0402952045488,-0.276164630569,2.9346382886760001,23.142521606,-2.60974658493,-3.05162942086,hairpin
25.6939327625,0.111548929809,0.0330506827263,-0.27463985985,2.9569732953480004,23.0919287995,-2.61395373204,-3.06561071714,hairpin
25.7439209585,0.113041091954,0.0257555172542,-0.27250908989,2.9791332273600002,23.0412997795,-2.61745426885,-3.07949445536,hairpin
25.7939091546,0.114162084555,0.0184392711587,-0.269734214722,3.001121753904,22.9906452114,-2.62025371525,-3.09324885663,hairpin
25.8438973506,0.114911826425,0.011133293346,-0.266284580309,3.0229425063360003,22.9399753601,-2.62235941726,-3.10684049674,hairpin
25.8938855466,0.115291889693,0.00387031892664,-0.262137956458,3.0445990690319999,22.8893000322,-2.623780601,-3.12023470178,hairpin
25.9438737427,0.115305551081,-0.00331597212002,-0.257281296349,3.066094968552,22.8386285186,-2.62452840464,-3.133395985,hairpin
25.9938619387,0.114957820338,-0.0103914271489,-0.251711261989,3.087433662354,22.787969542,-2.62461588714,-3.14628851442,hairpin
26.0438501347,0.114255444793,-0.0173219123783,-0.245434502298,3.1086185270760001,22.7373312077,-2.62405801279,-3.1588765993,hairpin
26.0938383308,0.113206889503,-0.0240738118312,-0.238467679438,3.1296528475379999,22.6867209606,-2.62287161131,-3.17112518396,hairpin
26.1438265268,0.111822293025,-0.0306145217907,-0.230837248321,3.1505398064639998,22.6361455486,-2.62107531373,-3.18300033693,hairpin
26.1938147228,0.110113399349,-0.0369129292726,-0.222579002876,3.17128247613,22.5856109924,-2.61868946487,-3.1944697239,hairpin
26.2438029189,0.108093467055,-0.0429398637741,-0.213737410423,3.191883811686,22.5351225644,-2.61573601357,-3.20550305394,hairpin
26.2937911149,0.105777157218,-0.0486685126218,-0.204364761831,3.2123466468720001,22.4846847745,-2.61223838261,-3.21607248924,hairpin
26.3437793109,0.103180402001,-0.0540747915486,-0.194520169489,3.2326736922900001,22.4343013656,-2.60822132027,-3.22615301005,hairpin
26.393767507,0.100320256262,-0.0591376636167,-0.184268447891,3.2528675361420003,22.3839753164,-2.60371073611,-3.23572272795,hairpin
26.443755703,0.0972147348073,-0.063839401188,-0.173678912033,3.2729306474520001,22.3337088541,-2.59873352381,-3.24476314228,hairpin
26.4937438991,0.0938826381721,-0.0681657872556,-0.16282412827,3.2928653817539999,22.283503474,-2.59331737394,-3.25325933586,hairpin
26.5437320951,0.0903433699721,-0.0721062540373,-0.151778649438,3.3126739887059999,22.2333599669,-2.58749057988,-3.26120010823,hairpin
26.5937202911,0.0866167489951,-0.0756539582286,-0.140617763333,3.3323586214860001,22.1832784542,-2.58128184012,-3.26857804549,hairpin
26.6437084872,0.0827228192148,-0.0788057936922,-0.129416279327,3.3519213475559999,22.1332584283,-2.57472006012,-3.27538952783,hairpin
26.6936966832,0.0786816608848,-0.0815623435973,-0.118247374348,3.3713641601640001,22.0832987987,-2.56783415679,-3.28163467658,hairpin
26.7436848792,0.0745132057592,-0.0839277750997,-0.107181515342,3.390688990278,22.0333979427,-2.56065286882,-3.28731724397,hairpin
26.7936730753,0.0702370593264,-0.0859096805798,-0.0962854721325,3.4098977186099999,21.9835537585,-2.55320457539,-3.29244444967,hairpin
26.8436612713,0.0658723327223,-0.087518870225,-0.0856214315005,3.42899218692,21.9337637215,-2.54551712606,-3.29702676881,hairpin
26.8936494673,0.0614374867186,-0.0887691213806,-0.0752462210394,3.4479742086540002,21.8840249415,-2.53761768401,-3.30107767695,hairpin
26.9436376634,0.056950189881,-0.0896768905898,-0.065210649258,3.4668455783760002,21.8343342193,-2.52953258456,-3.30461335802,hairpin
26.9936258594,0.0524271926486,-0.0902609946314,-0.0555589668987,3.4856080798319997,21.7846881039,-2.52128721071,-3.30765238142,hairpin
27.0436140555,0.0478842187335,-0.0905422671272,-0.0463284529207,3.5042634923759999,21.7350829466,-2.51290588676,-3.31021535488,hairpin
27.0936022515,0.0433358748614,-0.0905431974528,-0.0375491273316,3.5228135959560003,21.6855149532,-2.50441179105,-3.31232455989,hairpin
27.1435904475,0.0387955795082,-0.0902875587309,-0.0292435913576,3.5412601742460001,21.6359802333,-2.4958268882,-3.31400357648,hairpin
27.1935786436,0.0342755109094,-0.0898000316282,-0.0214269942192,3.5596050164100004,21.5864748448,-2.48717188104,-3.31527690393,hairpin
27.2435668396,0.0297865742712,-0.0891058304887,-0.0141071229322,3.5778499172279998,21.5369948347,-2.47846618198,-3.31616958419,hairpin
27.2935550356,0.0253383877718,-0.0882303380926,-0.00728461258926,3.5959966760520001,21.4875362754,-2.46972790332,-3.31670683399,hairpin
27.3435432317,0.0209392866338,-0.0871987547619,-0.000953261173993,3.6140470946820002,21.4380952956,-2.46097386567,-3.31691369176,hairpin
27.3935314277,0.0165963442731,-0.0860357676439,0.00489952710614,3.6320029742700002,21.3886681069,-2.45221962329,-3.31681468477,hairpin
27.4435196237,0.0123154092854,-0.0847652430999,0.0102923061062,3.6498661116300002,21.3392510242,-2.44347950521,-3.31643351974,hairpin
27.4935078198,0.00810115683348,-0.0834099530023,0.0152487070932,3.6676382951700002,21.2898404834,-2.43476667045,-3.31579280757,hairpin
27.5434960158,0.00395715283133,-0.0819913130562,0.019797865417,3.6853213005360002,21.240433052,-2.42609317583,-3.31491380034,hairpin
27.5934842118,-0.000114070793287,-0.0805292295081,0.0239696941981,3.7029168862200001,21.191025438,-2.4174700545,-3.31381623698,hairpin
27.6434724079,-0.00411093156032,-0.0790417061976,0.0278091488656,3.7204267894199998,21.1416144927,-2.40890740348,-3.31251794949,hairpin
27.6934606039,-0.0080327044621,-0.0775455152919,0.0313196498609,3.7378527220259996,21.0921972119,-2.40041447834,-3.31103553312,hairpin
27.7434488,-0.0118794243935,-0.0760530829443,0.0346701349564,3.755196367056,21.042770733,-2.39199979309,-3.30938123175,hairpin
27.793436996,-0.0156517847967,-0.0745825851563,0.0374087466977,3.7724593682880001,20.9933323519,-2.38367122192,-3.30757439818,acceleration_zone
27.843425192,-0.0193510342668,-0.0731369984292,0.0380277701045,3.7896429374820002,20.9438808757,-2.37543489002,-3.30568347936,acceleration_zone
27.8934133881,-0.0229788727708,-0.071731354277,0.0387263599269,3.8067482422260004,20.8944158081,-2.36729321371,-3.30375960256,acceleration_zone
27.9434015841,-0.0265373490208,-0.0703676586028,0.039266715213,3.8237765835960005,20.844936335,-2.35924772762,-3.30180472439,acceleration_zone
27.9933897801,-0.0300287604081,-0.0690510381635,0.039761203843,3.8407292333279996,20.795441695,-2.35129972572,-3.29982393026,acceleration_zone
28.0433779762,-0.0334555567551,-0.0677833860689,0.0402262620181,3.8576074323600005,20.7459311701,-2.34345035692,-3.29781908003,acceleration_zone
28.0933661722,-0.0368202489887,-0.0665651901268,0.0407011329985,3.8744123898060003,20.696404076,-2.33570071568,-3.29579063657,acceleration_zone
28.1433543682,-0.0401253236712,-0.0653951971386,0.0412156999209,3.8911452822179999,20.646859754,-2.32805192679,-3.29373733021,acceleration_zone
28.1933425643,-0.0433731641617,-0.0642706745821,0.0417987416046,3.9078072531000005,20.5972975632,-2.32050522364,-3.29165642072,acceleration_zone
28.2433307603,-0.0465659790162,-0.0631875273785,0.0424754687345,3.924399412728,20.5477168742,-2.31306201921,-3.28954381423,acceleration_zone
28.2933189563,-0.049705738076,-0.0621404640422,0.0432680062651,3.9409228382759998,20.4981170642,-2.30572396946,-3.28739422971,acceleration_zone
28.3433071524,-0.0527941165414,-0.0611231563958,0.0441951650021,3.9573785738880005,20.4484975129,-2.29849302882,-3.2852013589,acceleration_zone
28.3932953484,-0.0558324471858,-0.0601284041361,0.0452724738943,3.973767631182,20.3988576002,-2.29137149753,-3.28295803118,acceleration_zone
28.4432835445,-0.0588216807341,-0.0591482979126,0.046512206792,3.9900909897180004,20.3491967051,-2.28436206095,-3.28065637696,acceleration_zone
28.4932717405,-0.0617623543121,-0.0581743796264,0.047923467549,4.0063495975740002,20.2995142056,-2.27746782077,-3.27828798826,acceleration_zone
28.5432599365,-0.064654567767,-0.0571977976717,0.0495123090164,4.0225443721199996,20.2498094804,-2.2706923184,-3.27584407433,acceleration_zone
28.5932481326,-0.0674979675701,-0.0562094554742,0.0512818846822,4.0386762006839998,20.2000819119,-2.26403955088,-3.27331561048,acceleration_zone
28.6432363286,-0.0702917379351,-0.055200151881,0.0532326259369,4.0547459416139997,20.1503308894,-2.25751397946,-3.27069347886,acceleration_zone
28.6932245246,-0.0730345987219,-0.0541607122643,0.0553624394739,4.070754424944,20.100555815,-2.25112053154,-3.26796859993,acceleration_zone
28.7432127207,-0.0757248096489,-0.0530821094662,0.0576669194649,4.0867024536359997,20.0507561085,-2.24486459617,-3.26513205378,acceleration_zone
28.7932009167,-0.0783601802958,-0.0519555739617,0.0601395696046,4.1025908043900001,20.0009312152,-2.23875201383,-3.26217519069,acceleration_zone
28.8431891127,-0.0809380853561,-0.0507726928507,0.062772030505,4.1184202288680005,19.9510806126,-2.23278906085,-3.25908973051,acceleration_zone
28.8931773088,-0.0834554845842,-0.0495254974947,0.0655543085594,4.1341914547740002,19.901203819,-2.22698242911,-3.25586785076,acceleration_zone
28.9431655048,-0.085908946873,-0.0482065397968,0.0684750027634,4.1499051870059995,19.8513004018,-2.22133920158,-3.25250226327,acceleration_zone
28.9931537009,-0.0882946779058,-0.0468089572823,0.0715215266558,4.1655621088620007,19.8013699866,-2.21586682412,-3.24898627975,acceleration_zone
29.0431418969,-0.0906085508316,-0.0453265272656,0.0746803229567,4.1811628832460004,19.7514122661,-2.21057307422,-3.24531386638,acceleration_zone
29.0931300929,-0.092846139431,-0.0437537105021,0.0779370689954,4.1967081538200004,19.7014270096,-2.20546602715,-3.2414796879,acceleration_zone
29.143118289,-0.0950027532622,-0.0420856848048,0.081276871482,4.2121985462999998,19.651414072,-2.20055401999,-3.23747914169,acceleration_zone
29.193106485,-0.0970734742968,-0.0403183691735,0.0846844495751,4.2276346695360001,19.6013734026,-2.19584561401,-3.23330838236,acceleration_zone
29.243094681,-0.0990531945871,-0.0384484390301,0.0881443055191,4.2430171167180006,19.5513050543,-2.19134955595,-3.22896433743,acceleration_zone
29.2930828771,-0.100936654534,-0.0364733331826,0.0916408825084,4.2583464664379997,19.5012091918,-2.18707473852,-3.22444471481,acceleration_zone
29.3430710731,-0.102718481354,-0.0343912531593,0.0951587095807,4.2736232837519994,19.4510860993,-2.18303016057,-3.21974800253,acceleration_zone
29.3930592691,-0.104393227384,-0.0322011555584,0.0986825336316,4.28884812108,19.4009361884,-2.17922488723,-3.21487346161,acceleration_zone
29.4430474652,-0.105955407874,-0.0299027380563,0.102197438741,4.3040215190879998,19.3507600046,-2.17566801049,-3.2098211125,acceleration_zone
29.4930356612,-0.107399537982,-0.0274964197063,0.105688953121,4.3191440074439997,19.3005582334,-2.17236861033,-3.20459171587,acceleration_zone
29.5430238572,-0.108720168686,-0.0249833161454,0.109143144077,4.334216105466,19.2503317059,-2.16933571688,-3.19918674825,acceleration_zone
29.5930120533,-0.109911921369,-0.0223652103088,0.112546701374,4.3492383226079996,19.2000814032,-2.16657827371,-3.1936083732,acceleration_zone
29.6430002493,-0.110969520879,-0.0196445192305,0.115887009471,4.3642111589640002,19.1498084604,-2.16410510249,-3.18785940856,acceleration_zone
29.6929884454,-0.111887826862,-0.0168242574901,0.119152209005,4.3791351054480003,19.0995141697,-2.16192486927,-3.18194329034,acceleration_zone
29.7429766414,-0.11266186323,-0.0139079978434,0.122331247927,4.3940106439560003,19.0491999822,-2.16004605252,-3.17586403374,acceleration_zone
29.7929648374,-0.113286845619,-0.010899829554,0.125413922701,4.4088382474740007,18.9988675092,-2.15847691304,-3.16962619192,acceleration_zone
29.8429530335,-0.113758206747,-0.00780431492873,0.128390909821,4.4236183798800006,18.948518523,-2.15722546582,-3.16323481295,acceleration_zone
29.8929412295,-0.114071619585,-0.00462644453471,0.131253788055,4.4383514958359997,18.898154956,-2.1562994541,-3.15669539535,acceleration_zone
29.9429294255,-0.11422301829,-0.00137159156591,0.133995051622,4.4530380404460006,18.8477788994,-2.15570632549,-3.15001384287,acceleration_zone
29.9929176216,-0.114208616859,0.00195453419443,0.136608114646,4.4676784488600001,18.7973926012,-2.15545321034,-3.14319641878,acceleration_zone
30.0429058176,-0.114024925513,0.00534593238273,0.139087307122,4.4822731458060003,18.7469984633,-2.15554690235,-3.13624970017,acceleration_zone
30.0928940136,-0.113668764795,0.00879635761992,0.141427862732,4.4968225450500006,18.6965990375,-2.15599384138,-3.1291805327,acceleration_zone
30.1428822097,-0.113137277432,0.0122993642338,0.143625898767,4.5113270488740005,18.6461970212,-2.1568000985,-3.12199598612,acceleration_zone
30.1928704057,-0.112427937999,0.0158483497587,0.14567838858,4.5257870473019999,18.5957952522,-2.15797136321,-3.11470331107,acceleration_zone
30.2428586018,-0.111538560453,0.0194365968529,0.147583126897,4.5402029176500003,18.5453967028,-2.15951293287,-3.10730989731,acceleration_zone
30.2928467978,-0.110467303625,0.0230573132946,0.14933868846,4.5545750237520002,18.4950044734,-2.16142970404,-3.09982323399,acceleration_zone
30.3428349938,-0.109212674759,0.0267036697441,0.150944380535,4.5689037153659999,18.4446217856,-2.163726166,-3.09225087194,acceleration_zone
30.3928231899,-0.107773531216,0.0303688349841,0.152400189774,4.5831893275800004,18.3942519746,-2.16640639601,-3.08460038865,acceleration_zone
30.4428113859,-0.10614908047,0.0340460083812,0.153706724147,4.5974321802540006,18.3438984812,-2.16947405639,-3.07687935583,acceleration_zone
30.4927995819,-0.104338878532,0.0377284493429,0.154865150525,4.61163257748,18.2935648432,-2.17293239332,-3.06909531,acceleration_zone
30.542787778,-0.102342826943,0.0414095035798,0.155877128771,4.6257908071680003,18.2432546874,-2.17678423703,-3.06125572627,acceleration_zone
30.592775974,-0.100161168501,0.0450826260181,0.156744742991,4.6399071405959997,18.1929717197,-2.1810320035,-3.05336799537,acceleration_zone
30.64276417,-0.0977944818767,0.0487414002493,0.15747043088,4.6539818322119997,18.1427197161,-2.18567769731,-3.0454394041,acceleration_zone
30.6927523661,-0.0952436752917,0.0523795544409,0.158056911954,4.6680151193460002,18.0925025135,-2.19072291557,-3.03747711937,acceleration_zone
30.7427405621,-0.0925099794215,0.0559909736772,0.158507115555,4.682007222048,18.0423239992,-2.1961688528,-3.02948817563,acceleration_zone
30.7927287581,-0.0895949397003,0.0595697087405,0.158824109524,4.6959583431779999,17.9921881017,-2.20201630654,-3.02147946589,acceleration_zone
30.8427169542,-0.0865004081957,0.0631099813848,0.15901103039,4.7098686682980002,17.9420987804,-2.20826568357,-3.01345773623,acceleration_zone
30.8927051502,-0.08322853522,0.0666061861998,0.159071015964,4.7237383659239995,17.8920600153,-2.21491700654,-3.00542958362,acceleration_zone
30.9426933463,-0.0797817608404,0.0700528892011,0.159007141141,4.7375675876880008,17.8420757971,-2.22196992091,-2.99740145695,acceleration_zone
30.9926815423,-0.0761628064436,0.0734448233261,0.158822357737,4.7513564686619993,17.7921501167,-2.22942370205,-2.98937966117,acceleration_zone
31.0426697383,-0.0723746665003,0.0767768810515,0.158519439054,4.7651051277540004,17.742286955,-2.23727726227,-2.98137036422,acceleration_zone
31.0926579344,-0.0684206006643,0.0800441043856,0.158100929939,4.7788136681219999,17.6924902725,-2.24552915781,-2.97337960654,acceleration_zone
31.1426461304,-0.0643041263294,0.0832416725213,0.15756910287,4.7924821776960007,17.6427639991,-2.25417759556,-2.96541331289,acceleration_zone
31.1926343264,-0.060029011752,0.0863648874652,0.156925920626,4.7944128502619998,17.5931120231,-2.26322043939,-2.95747730611,acceleration_zone
31.2426225225,-0.0555992698299,0.0894091579899,0.156173006305,4.7739074012999998,17.5435381815,-2.27265521614,-2.94957732254,acceleration_zone
31.2926107185,-0.0510191526157,0.0923699822548,0.155311619734,4.7533160078460002,17.494046249,-2.28247912107,-2.94171902874,acceleration_zone
31.3425989145,-0.0462931466168,0.0952429295518,0.154342645678,4.7326380104160002,17.4446399273,-2.29268902277,-2.93390803895,acceleration_zone
31.3925871106,-0.0414259689241,0.0980236212944,0.153266574908,4.7118727496339998,17.3953228352,-2.3032814675,-2.9261499334,acceleration_zone
31.4425753066,-0.0364225641828,0.100707712696,0.152083549726,4.691019565116,17.3460984971,-2.31425268299,-2.91845027576,acceleration_zone
31.4925635027,-0.0312881024051,0.10329087166,0.150793207268,4.6700777944079999,17.2969703329,-2.32559858157,-2.9108146334,acceleration_zone
31.5425516987,-0.0260279776001,0.105768769783,0.149395315242,4.6490467717080008,17.2479416466,-2.33731476284,-2.9032485855,acceleration_zone
31.5925398947,-0.020647807177,0.108137031843,0.147887490263,4.6279258266420005,17.1990156162,-2.34939651583,-2.89575777259,acceleration_zone
31.6425280908,-0.0151534320589,0.110391345574,0.146273832114,4.606714282824,17.1501952821,-2.36183882068,-2.88834778582,acceleration_zone
31.6925162868,-0.00955091742249,0.112526981304,0.144532888692,4.5854114564159998,17.1014835365,-2.37463635003,-2.88102464626,acceleration_zone
31.7425044828,-0.0038465539637,0.114540520608,0.142737310057,4.5640166545620007,17.0528831123,-2.38778347015,-2.87379307528,acceleration_zone
31.7924926789,0.00195314043087,0.116423361065,0.140607878,4.542529173678,17.0043965719,-2.40127424195,-2.8666629886,acceleration_zone
31.8424808749,0.0078414187398,0.118182491147,0.142310094376,4.5209485101060007,16.9560271332,-2.41510355105,-2.85954674993,medium_corner
31.8924690709,0.0138113027391,0.119807104092,0.144294352605,4.4992748517300001,16.9077812979,-2.42927195486,-2.85234127342,medium_corner
31.942457267,0.0198555809709,0.121297465407,0.14621378783,4.4775085334040003,16.8596665079,-2.44378175135,-2.84504176732,medium_corner
31.992445463,0.0259668069189,0.122647877996,0.148171849802,4.4556499551600002,16.811690405,-2.45863505194,-2.8376495902,medium_corner
32.042433659,0.0321372975686,0.123854307092,0.150152094795,4.4336995860600004,16.7638608387,-2.47383379084,-2.83016396648,medium_corner
32.0924218551,0.0383591325345,0.124912181755,0.152170341721,4.4116579672920002,16.7161858726,-2.48937973513,-2.82258418671,medium_corner
32.1424100511,0.0446241539406,0.125816991391,0.154234095214,4.3895257148880003,16.6686737897,-2.50527449482,-2.81490901136,medium_corner
32.1923982472,0.0509239672387,0.126564138927,0.156353516861,4.3673035223700003,16.6213330988,-2.52151953311,-2.8071368166,medium_corner
32.2423864432,0.0572499431473,0.127148996456,0.158538599526,4.3449921628740009,16.5741725397,-2.53811617696,-2.79926553666,medium_corner
32.2923746392,0.0635932208868,0.127566910415,0.160800024464,4.32259249095,16.5272010885,-2.55506562827,-2.79129265585,medium_corner
32.3423628353,0.0699447128813,0.127813223766,0.163149023515,4.3001054439660003,16.4804279625,-2.57236897575,-2.78321518328,medium_corner
32.3923510313,0.0762951110814,0.127883296962,0.165597496591,4.2775320428820001,16.4338626252,-2.59002720772,-2.77502962857,medium_corner
32.4423392273,0.0826348950536,0.127772532337,0.168158048399,4.2548733924300004,16.387514791,-2.60804122583,-2.76673197443,medium_corner
32.4923274234,0.0889543419635,0.127476400432,0.170844032556,4.2321306806820003,16.3413944291,-2.62641185997,-2.75831764799,medium_corner
32.5423156194,0.095243538561,0.126990468382,0.173669577668,4.2093051776820003,16.2955117676,-2.64513988423,-2.74978149105,medium_corner
32.5923038154,0.101492395257,0.126310430023,0.176649599928,4.1863982332320004,16.2498772972,-2.66422603425,-2.7411177303,medium_corner
32.6422920115,0.107690662356,0.125432137526,0.179799798974,4.1634112736880002,16.2045017743,-2.68367102564,-2.73231994803,medium_corner
32.6922802075,0.113827948492,0.124351634276,0.183136634268,4.1403457975320004,16.1593962236,-2.70347557372,-2.72338105448,medium_corner
32.7422684035,0.119893741278,0.123065188816,0.186677282212,4.1172033695399994,16.1145719399,-2.72364041445,-2.71429326253,medium_corner
32.7922565996,0.125877430161,0.121569329599,0.190439566695,4.0939856137439996,16.0700404895,-2.74416632646,-2.705048066,medium_corner
32.8422447956,0.131768331456,0.119860880387,0.194441866356,4.0706942043780003,16.02581371,-2.76505415417,-2.69563622245,medium_corner
32.8922329917,0.137555715479,0.117936996156,0.198702989875,4.0473308552939997,15.9819037095,-2.78630483175,-2.68604774185,medium_corner
32.9422211877,0.1432288357,0.115795199389,0.20324201982,4.023897307056,15.9383228638,-2.80791940804,-2.67627188233,medium_corner
32.9922093837,0.148776959796,0.113433416753,0.20807811973,4.0003953118560007,15.8950838121,-2.82989907204,-2.66629715425,medium_corner
33.0421975798,0.154189402456,0.110850016165,0.213230301621,3.9768266158200003,15.8521994509,-2.85224517895,-2.65611133416,medium_corner
33.0921857758,0.15945555977,0.108043844397,0.218717150055,3.9531929384339999,15.8096829247,-2.87495927672,-2.64570148996,medium_corner
33.1421739718,0.164564945005,0.105014265414,0.224556499495,3.929495948874,15.7675476144,-2.89804313274,-2.6350540188,medium_corner
33.1921621679,0.169507225564,0.101761199769,0.230765061689,3.9057372387539999,15.7258071226,-2.92149876082,-2.62415469914,medium_corner
33.2421503639,0.174272260868,0.0982851654746,0.237358000587,3.8819182912379997,15.6844752547,-2.94532844813,-2.61298875849,medium_corner
33.2921385599,0.178850140935,0.0945873208535,0.244348453021,3.8580404459220001,15.643565996,-2.96953478228,-2.60154095818,medium_corner
33.342126756,0.183231225359,0.090669509979,0.251746994483,3.8341048593599996,15.6030934852,-2.99412067826,-2.58979569632,medium_corner
33.392114952,0.187406182425,0.0865343113611,0.259561051869,3.810112460874,15.5630719817,-3.01908940547,-2.57773713026,medium_corner
33.4421031481,0.191366028056,0.0821850905497,0.26779426491,3.7860639033600001,15.5235158293,-3.04444461465,-2.56534931916,medium_corner
33.4920913441,0.195102164301,0.0776260572524,0.276445803914,3.7619595092339999,15.4844394145,-3.07019036485,-2.55261638737,medium_corner
33.5420795401,0.198606417051,0.072862327567,0.285509656084,3.7377992110139999,15.4458571197,-3.09633115039,-2.53952270871,medium_corner
33.5920677362,0.201871072689,0.06789999119,0.294973872659,3.7135824870600005,15.4077832724,-3.12287192785,-2.52605311157,medium_corner
33.6420559322,0.204888913368,0.0627461846455,0.304819876255,3.6893082925800003,15.3702320907,-3.14981814274,-2.51219310298,medium_corner
33.6920441282,0.207653250628,0.0574091657831,0.315021570766,3.6649749865139998,15.333217626,-3.17717575574,-2.49792911413,medium_corner
33.7420323243,0.210157957063,0.0518984013869,0.325545209494,3.6405802550160002,15.2967537044,-3.20495126787,-2.48324875204,medium_corner
33.7920205203,0.212397495774,0.0462246221274,0.336347070313,3.6161210329019999,15.2608538692,-3.23315174376,-2.46814109793,medium_corner
33.8420087163,0.214366947348,0.0403999782509,0.347378239737,3.5915934243420002,15.2255313252,-3.26178483172,-2.45259691196,medium_corner
33.8919969124,0.216062034133,0.0344378763124,0.358569321617,3.5669926248660002,15.1907988887,-3.29085877907,-2.43660915496,medium_corner
33.9419851084,0.217479141588,0.0283536664982,0.369868025848,3.5423128470240002,15.1566689454,-3.32038244036,-2.42017264687,medium_corner
33.9919733044,0.218615336531,0.0221632295895,0.381169590723,3.5175472520579998,15.1231534178,-3.35036527581,-2.4032857997,medium_corner
34.0419615005,0.219468382111,0.015884858745,0.392301521258,3.4926878908980004,15.0902637462,-3.3808173368,-2.38594901563,medium_corner
34.0919496965,0.220036749378,0.0095458157734,0.404153929538,3.4677256572899999,15.0580108842,-3.41174923464,-2.36815835473,medium_corner
34.1419378926,0.22031962534,0.00312507133336,0.409547855079,3.4448142321360002,15.0264006722,-3.44317658223,-2.34999225386,medium_corner
34.1919260886,0.220316917443,-0.00324816021936,0.397007111316,3.461559399954,14.9953361084,-3.47520326126,-2.33199320363,medium_corner
34.2419142846,0.220029254421,-0.00959549890124,0.386421442688,3.4782668813340001,14.9647662561,-3.50786047715,-2.31447114398,medium_corner
34.2919024807,0.219457983526,-0.0158570943436,0.375129567778,3.4949420884620004,14.9346800134,-3.54113700108,-2.29738831103,medium_corner
34.3418906767,0.218605164143,-0.0220259765082,0.3640894115,3.5115897564720004,14.9050668789,-3.57502130649,-2.28075533714,medium_corner
34.3918788727,0.217473557857,-0.0280807064063,0.353112331746,3.5282139593039998,14.8759169977,-3.60950156057,-2.26456412605,medium_corner
34.4418670688,0.216066615064,-0.0340061400781,0.342347102394,3.5448181349040002,14.8472211886,-3.6445656283,-2.24880889273,medium_corner
34.4918552648,0.214388458234,-0.0397871718745,0.331829005712,3.561405117354,14.8189709564,-3.68020108794,-2.23348021915,medium_corner
34.5418434608,0.212443861985,-0.0454105539284,0.321614438399,3.5779771747080003,14.7911584915,-3.71639525599,-2.21856720928,medium_corner
34.5918316569,0.21023823014,-0.0508643031052,0.311741822633,3.5945360503739998,14.7637766605,-3.75313521954,-2.20405724254,medium_corner
34.6418198529,0.207777569963,-0.0561377957826,0.302243605793,3.6110830066380002,14.7368189903,-3.79040787408,-2.18993641585,medium_corner
34.691808049,0.205068463814,-0.0612216537924,0.293143602932,3.6276188693040003,14.7102796466,-3.82819996452,-2.17618976921,medium_corner
34.741796245,0.202118038444,-0.0661076857017,0.284458640508,3.6441440719020002,14.6841534094,-3.86649812775,-2.16280155266,medium_corner
34.791784441,0.19893393222,-0.0707888117454,0.276199027164,3.6606586989780006,14.6584356458,-3.90528893512,-2.14975545796,medium_corner
34.8417726371,0.195524260534,-0.0752589955363,0.26836937472,3.6771625277819999,14.6331222815,-3.94455893356,-2.13703483503,medium_corner
34.8917608331,0.191897579702,-0.0795131777305,0.260969310619,3.69365506767,14.6082097711,-3.98429468438,-2.12462288627,medium_corner
34.9417490291,0.188062849635,-0.0835472138775,0.253994191541,3.7101355970940002,14.5836950674,-4.02448279909,-2.11250284024,medium_corner
34.9917372252,0.184029395604,-0.0873578161248,0.247435769183,3.7266031980359999,14.5595755912,-4.06510997179,-2.10065810415,medium_corner
35.0417254212,0.179806869377,-0.0909424987124,0.241282814028,3.743056787544,14.5358491997,-4.10616300777,-2.08907239604,medium_corner
35.0917136172,0.175405210052,-0.0942995268386,0.235521686278,3.7594951467839999,14.5125141555,-4.14762884863,-2.07772985704,medium_corner
35.1417018133,0.170834604873,-0.0974278684448,0.230136854536,3.7759169471399998,14.4895690953,-4.18949459352,-2.066615145,medium_corner
35.1916900093,0.166105450317,-0.100327148399,0.225111360567,3.7923207740460003,14.467012999,-4.23174751719,-2.05571351035,medium_corner
35.2416782053,0.161228313729,-0.102997604598,0.220427231401,3.8087051482440004,14.4448451578,-4.27437508475,-2.04501085575,medium_corner
35.2916664014,0.156213895772,-0.105440045545,0.216065840826,3.8250685447019999,14.4230651444,-4.31736496359,-2.0344937807,medium_corner
35.3416545974,0.151072993934,-0.10765580905,0.21200822281,3.8414094096060003,14.4016727819,-4.36070503282,-2.02414961254,medium_corner
35.3916427935,0.145816467319,-0.109646721757,0.208235340079,3.8577261752100003,14.3806681143,-4.40438339048,-2.01396642534,medium_corner
35.4416309895,0.140455202931,-0.111415059305,0.204728311374,3.8740172729940006,14.3600513771,-4.44838835882,-2.00393304794,medium_corner
35.4916191855,0.135000083627,-0.112963507016,0.201468600287,3.8902811451119996,14.3398229691,-4.49270848806,-1.99403906265,medium_corner
35.5416073816,0.129461957898,-0.114295121042,0.198438170433,3.9065162544360006,14.3199834252,-4.53733255874,-1.98427479578,medium_corner
35.5915955776,0.123851611621,-0.115413290035,0.195619607696,3.9227210930700003,14.30053339,-4.58224958305,-1.9746313014,medium_corner
35.6415837736,0.118179741866,-0.116321697382,0.192996216563,3.938894189694,14.2814735931,-4.6274488052,-1.96510033937,medium_corner
35.6915719697,0.112456932848,-0.117024284172,0.190552089059,3.9550341158639997,14.2628048251,-4.67291970115,-1.95567434887,medium_corner
35.7415601657,0.10669363408,-0.117525213044,0.188272152634,3.9711394911240001,14.2445279164,-4.71865197772,-1.9463464184,medium_corner
35.7915483617,0.10090014073,-0.117828833128,0.186142197328,3.9872089873439998,14.2266437157,-4.76463557124,-1.93711025329,medium_corner
35.8415365578,0.0950865761984,-0.117939646294,0.184148885316,4.0032413321220002,14.2091530719,-4.81086064594,-1.92796014151,medium_corner
35.8915247538,0.0892628768749,-0.117862274934,0.182279745003,4.0192353113939996,14.1920568162,-4.85731759195,-1.91889091868,medium_corner
35.9415129499,0.0834387790205,-0.117601431539,0.180523149957,4.035189771612,14.1753557468,-4.90399702314,-1.90989793303,medium_corner
35.9915011459,0.0776238077023,-0.117161890217,0.178868290877,4.0511036210039997,14.1590506143,-4.95088977473,-1.90097701083,medium_corner
36.0414893419,0.0718272676769,-0.116548460707,0.177305117629,4.0669758305099997,14.1431421097,-4.99798690077,-1.89212442337,medium_corner
36.091477538,0.066058236107,-0.115765963803,0.175824344509,4.0828054341960005,14.1276308524,-5.04527967151,-1.88333685456,medium_corner
36.141465734,0.0603255569737,-0.114819213271,0.174417177858,4.098591529218,14.1125173808,-5.09275957055,-1.8746113747,medium_corner
36.19145393,0.0546378370344,-0.113712986082,0.173076043874,4.1143332754080006,14.0978021437,-5.14041829192,-1.86594540239,medium_corner
36.2414421261,0.0490034431639,-0.112452049607,0.171791554686,4.1300298946799998,14.0834854919,-5.18824773708,-1.8573367234,medium_corner
36.2914303221,0.0434305009037,-0.111040989934,0.170563487181,4.1456806699680007,14.0695676722,-5.23624001169,-1.84878331105,medium_corner
36.3414185181,0.0379268940429,-0.109484797407,0.169359447146,4.1612849440200002,14.0560488208,-5.28438742236,-1.84028390415,medium_corner
36.3914067142,0.0325002650436,-0.107786638311,0.168268769171,4.1768421181199997,14.0429289578,-5.33268247321,-1.83183577181,medium_corner
36.4413949102,0.0271580161266,-0.105956151576,0.166927695194,4.1923516504320002,14.0302079823,-5.3811178624,-1.82344300393,medium_corner
36.4913831062,0.0219073108325,-0.103987925709,0.166923069378,4.2078129438060001,14.0178858554,-5.42968615615,-1.81507920571,medium_corner
36.5413713023,0.016755075878,-0.101900718015,0.168185796455,4.2232251483000001,14.0059651625,-5.4783797464,-1.80667952944,medium_corner
36.5913594983,0.0117080031308,-0.0996835394898,0.169017288529,4.2385881531600003,13.994450218,-5.52719386918,-1.79822363124,medium_corner
36.6413476944,0.00677255154107,-0.0973463568274,0.169791509467,4.2539019449760005,13.9833449741,-5.57612393113,-1.78972397146,medium_corner
36.6913358904,0.00195494886988,-0.0948922931486,0.170412639141,4.2691665129480008,13.9726529778,-5.6251651959,-1.78118611259,medium_corner
36.7413240864,-0.00273880692303,-0.0923262026591,0.170909335119,4.2843818507220002,13.9623773723,-5.6743128033,-1.77261729189,medium_corner
36.7913122825,-0.00730294676229,-0.0896524088544,0.171276803215,4.2995479579379996,13.9525208974,-5.72356178832,-1.76402415784,medium_corner
36.8413004785,-0.0117319301203,-0.0868753251289,0.171518692602,4.3146648418860005,13.9430858908,-5.77290709976,-1.75541338916,medium_corner
36.8912886745,-0.0160204453548,-0.0839993118968,0.171635924372,4.329732519018,13.934074289,-5.82234361867,-1.74679155064,medium_corner
36.9412768706,-0.0201634107948,-0.0810287383891,0.171629624136,4.3447510162440004,13.9254876279,-5.87186617635,-1.73816515379,medium_corner
36.9912650666,-0.0241559766302,-0.0779679914193,0.171500319824,4.3597203724079998,13.9173270436,-5.92146957201,-1.72954066471,medium_corner
37.0412532626,-0.027993527641,-0.0748214990449,0.171248141712,4.3746406393499999,13.9095932718,-5.97114859009,-1.72092452707,medium_corner
37.0912414587,-0.0316716867791,-0.0715937505562,0.170872767261,4.3895118831660005,13.9022866482,-6.02089801705,-1.71232318158,medium_corner
37.1412296547,-0.0351863196008,-0.0682893171948,0.17037344424,4.4043341851260003,13.8954071076,-6.07071265787,-1.70374308647,medium_corner
37.1912178507,-0.0385335395222,-0.0649128719183,0.169749003524,4.4191076426820004,13.8889541823,-6.12058735203,-1.69519073714,medium_corner
37.2412060468,-0.0417097138558,-0.0614692081533,0.168997884756,4.4338323702059999,13.8829270012,-6.17051698901,-1.68667268497,medium_corner
37.2911942428,-0.0447114705657,-0.0579632570698,0.168118168253,4.4485084996559996,13.8773242871,-6.22049652346,-1.67819555495,medium_corner
37.3411824389,-0.0475357056621,-0.0544001030479,0.167107614331,4.4631361812239998,13.8721443552,-6.27052098975,-1.6697660615,medium_corner
37.3911706349,-0.0501795911412,-0.0507849970002,0.165963709102,4.4777155836240006,13.8673851096,-6.3205855161,-1.66139102241,medium_corner
37.4411588309,-0.0526405833607,-0.0471233672555,0.164683716127,4.4922468945060006,13.8630440409,-6.37068533822,-1.65307737051,medium_corner
37.491147027,-0.0549164317304,-0.0434208277413,0.163264733309,4.5067303204920002,13.8591182234,-6.42081581238,-1.64483216267,medium_corner
37.541135223,-0.0570051875853,-0.0396831832392,0.161703754056,4.5211660872300001,13.8556043115,-6.47097242792,-1.63666258611,medium_corner
37.591123419,-0.0589052131019,-0.0359164315327,0.159997732054,4.5355544392859999,13.8524985372,-6.52115081927,-1.62857596163,medium_corner
37.6411116151,-0.0606151901091,-0.032126762306,0.158143648555,4.5498956397840002,13.8497967071,-6.57134677727,-1.62057974379,medium_corner
37.6910998111,-0.0621341286437,-0.0283205527026,0.156138581315,4.5641899700459998,13.8474942001,-6.62155625991,-1.61268151772,medium_corner
37.7410880071,-0.0634613750971,-0.0245043594961,0.153979774223,4.5784377289979998,13.8455859651,-6.67177540242,-1.60488899275,medium_corner
37.7910762032,-0.0645966197982,-0.0206849078749,0.151664706522,4.5926392325399998,13.8440665197,-6.7220005266,-1.59720999268,medium_corner
37.8410643992,-0.0655399038838,-0.0168690768926,0.149191160683,4.6067948126820006,13.8429299492,-6.7722281495,-1.58965244271,medium_corner
37.8910525953,-0.0662916253067,-0.0130638816787,0.146557287945,4.6209048166440008,13.8421699065,-6.82245499122,-1.5822243533,medium_corner
37.9410407913,-0.0668525438431,-0.00927645255368,0.143761670574,4.6349696058660008,13.8417796133,-6.87267798202,-1.57493380088,medium_corner
37.9910289873,-0.0672237849664,-0.00551401123671,0.1408033798,4.6489895549279998,13.8417518614,-6.92289426849,-1.56778890575,medium_corner
38.0410171834,-0.0674068424638,-0.00178384437122,0.137682028907,4.6629650502540008,13.8420790161,-6.9731012189,-1.56079780724,medium_corner
38.0910053794,-0.0674035796872,0.00190672536308,0.134397820227,4.6768964890680005,13.8427530198,-7.02329642759,-1.55396863658,medium_corner
38.1409935754,-0.0672162293391,0.00555037025352,0.130951585941,4.6907842779720008,13.843765398,-7.07347771846,-1.54730948757,medium_corner
38.1909817715,-0.0668473917118,0.00913979034425,0.127344821515,4.7046288316860005,13.8451072656,-7.12364314745,-1.54082838547,medium_corner
38.2409699675,-0.0663000313116,0.0126677476591,0.123579711914,4.7184305718060005,13.8467693349,-7.17379100408,-1.53453325446,medium_corner
38.2909581635,-0.0655774718174,0.0161271014862,0.11965914967,4.7321899254540005,13.8487419256,-7.22391981193,-1.52843188404,medium_corner
38.3409463596,-0.0646833893396,0.0195108443369,0.115586745118,4.745907324,13.851014975,-7.27402832811,-1.5225318947,medium_corner
38.3909345556,-0.0636218039636,0.0228121381892,0.111366828333,4.7595832019099999,13.853578051,-7.32411554175,-1.51684070324,medium_corner
38.4409227516,-0.062397069578,0.0260243506166,0.107004442973,4.7732179955039999,13.8564203654,-7.3741806714,-1.51136548824,medium_corner
38.4909109477,-0.0610138620075,0.0291410904138,0.102505332207,4.7868121418580003,13.8595307895,-7.42422316145,-1.50611315589,medium_corner
38.5408991437,-0.0594771654871,0.0321562423332,0.0978759168681,4.8003660778679995,13.86289787,-7.47424267755,-1.50109030678,medium_corner
38.5908873398,-0.0577922575304,0.0350640005663,0.0931232663591,4.8138802392239999,13.8665098477,-7.52423910106,-1.49630320373,medium_corner
38.6408755358,-0.0559646922629,0.0378589006169,0.0882550626185,4.827355059636,13.8703546757,-7.57421252251,-1.49175774132,medium_corner
38.6908637318,-0.0540002823063,0.0405358492396,0.0832795578875,4.8407909700960001,13.8744200402,-7.62416323417,-1.48745941717,medium_corner
38.7408519279,-0.0519050793117,0.0430901521427,0.0782055266351,4.8541883982480005,13.8786933813,-7.67409172178,-1.48341330542,medium_corner
38.7908401239,-0.0496853532589,0.0455175391819,0.073042212585,4.8675477679200005,13.8831619156,-7.72399865541,-1.4796240327,medium_corner
38.8408283199,-0.0473475706439,0.0478141868089,0.0677992713687,4.8808694987100001,13.8878126591,-7.77388487958,-1.47609575665,medium_corner
38.890816516,-0.0448983716935,0.0499767375648,0.0624867095382,4.8941540056799999,13.8926324509,-7.82375140269,-1.47283214742,medium_corner
38.940804712,-0.0423445467512,0.0520023164523,0.0571148208495,4.9074016991939997,13.8976079776,-7.87359938578,-1.46983637213,medium_corner
38.990792908,-0.0396930119876,0.0538885440505,0.0516941203357,4.92061298481,13.902725798,-7.92343013078,-1.46711108253,medium_corner
39.0407811041,-0.0369507845942,0.0556335462763,0.0462352771281,4.9337882632440007,13.9079723682,-7.97324506822,-1.46465840594,medium_corner
39.0907693001,-0.0341249576241,0.0572359607306,0.0407490465362,4.9469279305139997,13.913334067,-8.02304574453,-1.46247993945,medium_corner
39.1407574962,-0.0312226746432,0.058694939605,0.0352462023096,4.9600323780300002,13.9187972209,-8.07283380906,-1.46057674752,medium_corner
39.1907456922,-0.0282511043606,0.0600101491582,0.029737469532,4.9731019927739997,13.9243481293,-8.1226110008,-1.45894936287,medium_corner
39.2407338882,-0.0252174154003,0.0611817658054,0.0242334589198,4.9861371575520002,13.9299730896,-8.17237913496,-1.45759779069,medium_corner
39.2907220843,-0.022128751379,0.062210468894,0.018744603037,4.9991382512640001,13.9356584213,-8.22214008945,-1.45652151606,medium_corner
39.3407102803,-0.0189922064468,0.0630974302732,0.013281095054,5.0121056491739999,13.94139049,-8.27189579134,-1.45571951443,medium_corner
39.3906984763,-0.0158148014435,0.0638443007869,0.00785283039978,5.0250397232160005,13.947155731,-8.32164820347,-1.45519026511,medium_corner
39.4406866724,-0.0126034608168,0.0644531938492,0.00246935196444,5.0379408422639997,13.952940671,-8.37139931109,-1.45493176756,medium_corner
39.4906748684,-0.00936499043788,0.0649266662849,-0.00286020091235,5.0508093723480005,13.9587319505,-8.42115110881,-1.45494156033,medium_corner
39.5406630644,-0.00610605644275,0.0652676966353,-0.00812713921301,5.0636456770320004,13.9645163436,-8.47090558783,-1.45521674239,medium_corner
39.5906512605,-0.00283316521678,0.0654796611514,-0.0133232664863,5.0764501174500003,13.9702807779,-8.52066472352,-1.45575399668,medium_corner
39.6406394565,0.00044735537336,0.0655663077092,-0.018440916263,5.0892230525939999,13.9760123526,-8.57043046336,-1.45654961565,medium_corner
39.6906276525,0.00372937340586,0.0655317278977,-0.0234729845203,5.1019648394040003,13.9816983555,-8.62020471545,-1.45759952851,medium_corner
39.7406158486,0.00700696890799,0.0653803275374,-0.0284129568609,5.1146758327860002,13.9873262784,-8.66998933745,-1.45889932992,medium_corner
39.7906040446,0.0102744483707,0.065116795899,-0.0332549304246,5.1273563856660003,13.9928838321,-8.7197861261,-1.4604443099,medium_corner
39.8405922407,0.0135263577194,0.0647460738905,-0.0379936304667,5.1400068489360002,13.9983589584,-8.7695968074,-1.46222948467,medium_corner
39.8905804367,0.0167574937007,0.0642733214911,-0.0426244213329,5.1526275713280008,14.0037398424,-8.81942302727,-1.46424962813,medium_corner
39.9405686327,0.0199629136578,0.0637038847024,-0.047143312317,5.1652188993059998,14.0090149217,-8.86926634302,-1.46649930371,medium_corner
39.9905568288,0.0231379436807,0.0630432622886,-0.0515469579319,5.1777811767779998,14.014172896,-8.91912821531,-1.46897289635,medium_corner
40.0405450248,0.0262781851311,0.0622970725712,-0.0558326531838,5.1903147449519995,14.0192027331,-8.96901000095,-1.47166464432,medium_corner
40.0905332208,0.0293795195534,0.0614710205335,-0.0599983237473,5.2028199418680003,14.0240936757,-9.01891294624,-1.47456867063,medium_corner
40.1405214169,0.0324381119955,0.0605708654819,-0.0640425113284,5.2152971022360006,14.0288352451,-9.06883818103,-1.47767901382,medium_corner
40.1905096129,0.0354504127762,0.0596023894972,-0.06796435458,5.2277465568960002,14.0334172445,-9.11878671346,-1.48098965782,medium_corner
40.2404978089,0.0384131577435,0.0585713668936,-0.0717635657023,5.2401686325479995,14.0378297605,-9.16875942532,-1.48449456079,medium_corner
40.290486005,0.04132336708,0.0574835348895,-0.0754404032032,5.2525636512479998,14.0420631639,-9.21875706806,-1.48818768257,medium_corner
40.340474201,0.044178342722,0.0563445656711,-0.078995641212,5.264931929976,14.0461081092,-9.26878025937,-1.49206301078,medium_corner
40.390462397,0.0469756644628,0.0551600400148,-0.0824305355804,5.2772737802220009,14.0499555324,-9.31882948045,-1.49611458519,medium_corner
40.4404505931,0.049713184821,0.0539354226112,-0.0857467875091,5.2895895075360002,14.0535966484,-9.3689050737,-1.5003365204,medium_corner
40.4904387891,0.0523890227603,0.0526760392181,-0.0889465045286,5.3018794110960004,14.0570229479,-9.419007241,-1.50472302658,medium_corner
40.5404269852,0.055001556351,0.0513870557176,-0.092032161194,5.3141437832580003,14.0602261922,-9.46913604256,-1.5092684283,medium_corner
40.5904151812,0.0575494144675,0.0500734592518,-0.0950065532475,5.3263829091600003,14.0631984084,-9.51929139604,-1.51396718121,medium_corner
40.6404033772,0.0600314676213,0.0487400411401,-0.097872770006,5.3385970664159998,14.0659318836,-9.56947307632,-1.51881388691,medium_corner
40.6903915733,0.0624468180268,0.0473913829116,-0.100634096524,5.3507865246300002,14.0684191583,-9.61968071543,-1.52380330473,medium_corner
40.7403797693,0.0647947890028,0.0460318406837,-0.103294172821,5.3629515451620007,14.0706530196,-9.66991380303,-1.52893036506,medium_corner
40.7903679653,0.0670749138088,0.0446655454795,-0.105856208317,5.37509238084,14.072626494,-9.72017168707,-1.53419016683,medium_corner
40.8403561614,0.069286924017,0.0432963547292,-0.108325671773,5.3872092756900001,14.0743328402,-9.77045357481,-1.53957802376,medium_corner
40.8903443574,0.0714307375174,0.0419279928452,-0.110700219628,5.3993024646840002,14.075765541,-9.82075853403,-1.54508932157,medium_corner
40.9403325534,0.0735064462514,0.0405635067276,-0.11300647577,5.4000000000000004,14.0769182959,-9.87108549451,-1.55072006028,medium_corner
40.9903207495,0.0755143037684,0.0392072451851,-0.115164949437,5.4000000000000004,14.0777850133,-9.92143324969,-1.55646487268,medium_corner
41.0403089455,0.0774547126912,0.0378575882655,-0.117484996601,5.4000000000000004,14.0783598028,-9.97180045846,-1.56232429293,medium_corner
41.0902971416,0.0793282121773,0.0365302909274,-0.11869349216,5.4000000000000004,14.0786370367,-10.0221850541,-1.56827390975,fast_sweeper
41.1402853376,0.0811354654539,0.0352136121139,-0.118560456486,5.4000000000000004,14.0786134916,-10.0725796163,-1.57425205472,fast_sweeper
41.1902735336,0.0828772475022,0.0339178131223,-0.118670861473,5.4000000000000004,14.0782886761,-10.1229808376,-1.58023054111,fast_sweeper
41.2402617297,0.0845544329585,0.0326397197752,-0.118684752501,5.4000000000000004,14.0776623282,-10.1733868426,-1.5862130656,fast_sweeper
41.2902499257,0.086167984297,0.0313822846949,-0.118698978088,5.4000000000000004,14.0767342586,-10.223795755,-1.59219719578,fast_sweeper
41.3402381217,0.0877189403486,0.0301465315678,-0.118693119644,5.4000000000000004,14.0755043392,-10.2742056983,-1.59818242594,fast_sweeper
41.3902263178,0.08920840521,0.028933724842,-0.118677970829,5.4000000000000004,14.0739724923,-10.3246147964,-1.60416800742,fast_sweeper
41.4402145138,0.0906375375839,0.0277447995235,-0.118655723489,5.4000000000000004,14.0721386797,-10.3750211737,-1.61015351882,fast_sweeper
41.4902027098,0.0920075405929,0.0265805263017,-0.118630621156,5.4000000000000004,14.0700028928,-10.4254229555,-1.61613870095,fast_sweeper
41.5401909059,0.0933196520965,0.0254414803423,-0.118606090172,5.4000000000000004,14.0675651432,-10.4758182672,-1.62212348801,fast_sweeper
41.5901791019,0.094575135539,0.0243280633158,-0.118585497644,5.4000000000000004,14.0648254534,-10.5262052344,-1.62810798558,fast_sweeper
41.6401672979,0.0957752713497,0.0232405116262,-0.118571940328,5.4000000000000004,14.0617838485,-10.5765819817,-1.63409246235,fast_sweeper
41.690155494,0.0969213489097,0.0221789086693,-0.118568295747,5.4000000000000004,14.0584403481,-10.6269466325,-1.64007733787,fast_sweeper
41.74014369,0.0980146590958,0.0211431962133,-0.118577205722,5.4000000000000004,14.0547949595,-10.6772973076,-1.64606317113,fast_sweeper
41.7901318861,0.0990564874062,0.0201331860901,-0.118601080261,5.4000000000000004,14.0508476705,-10.7276321242,-1.65205064878,fast_sweeper
41.8401200821,0.100048107669,0.0191485717671,-0.118642098279,5.4000000000000004,14.0465984437,-10.7779491947,-1.65804057355,fast_sweeper
41.8901082781,0.10099077633,0.0181889398076,-0.11870221107,5.4000000000000004,14.0420472109,-10.8282466249,-1.66403385269,fast_sweeper
41.9400964742,0.101885727308,0.0172537811219,-0.118783146984,5.4000000000000004,14.0371938683,-10.8785225134,-1.67003148664,fast_sweeper
41.9900846702,0.102734167413,0.0163425019461,-0.118886417301,5.4000000000000004,14.0320382721,-10.9287749491,-1.67603455794,fast_sweeper
42.0400728662,0.103537272307,0.0154544344898,-0.119013323329,5.4000000000000004,14.0265802351,-10.9790020101,-1.68204422048,fast_sweeper
42.0900610623,0.104296182991,0.0145888471995,-0.119164964271,5.4000000000000004,14.0208195233,-11.0292017619,-1.68806168911,fast_sweeper
42.1400492583,0.1050120028,0.0137449545938,-0.119342246145,5.4000000000000004,14.0147558536,-11.0793722554,-1.69408822967,fast_sweeper
42.1900374543,0.105685794879,0.012921926631,-0.119545891098,5.4000000000000004,14.0083888914,-11.1295115258,-1.70012514947,fast_sweeper
42.2400256504,0.106318580128,0.0121188975813,-0.119776447458,5.4000000000000004,14.0017182494,-11.1796175901,-1.70617378825,fast_sweeper
42.2900138464,0.106911335569,0.0113349743775,-0.120034300062,5.4000000000000004,13.9947434862,-11.2296884455,-1.71223550964,fast_sweeper
42.3400020425,0.107464993137,0.0105692444284,-0.120319680875,5.4000000000000004,13.987464106,-11.2797220682,-1.71831169318,fast_sweeper
42.3899902385,0.107980438838,0.00982078288312,-0.120632679781,5.4000000000000004,13.9798795581,-11.3297164107,-1.7244037268,fast_sweeper
42.4399784345,0.108458512275,0.00908865933922,-0.120973255442,5.4000000000000004,13.9719892373,-11.3796694008,-1.73051299994,fast_sweeper
42.4899666306,0.108900006489,0.0083719439962,-0.121341246017,5.4000000000000004,13.9637924842,-11.4295789396,-1.73664089712,fast_sweeper
42.5399548266,0.109305668103,0.00766971325737,-0.121736379858,5.4000000000000004,13.9552885864,-11.4794428999,-1.74278879212,fast_sweeper
42.5899430226,0.109676197739,0.00698105478767,-0.122158285906,5.4000000000000004,13.9464767795,-11.5292591245,-1.74895804262,fast_sweeper
42.6399312187,0.110012250675,0.00630507204083,-0.122606503834,5.4000000000000004,13.9373562487,-11.5790254247,-1.75514998538,fast_sweeper
42.6899194147,0.110314437723,0.00564088827161,-0.123080493793,5.4000000000000004,13.9279261303,-11.628739579,-1.76136593198,fast_sweeper
42.7399076107,0.110583326297,0.00498765004896,-0.123579645882,5.4000000000000004,13.918185514,-11.6783993311,-1.76760716495,fast_sweeper
42.7898958068,0.110819441648,0.00434453029451,-0.124103288972,5.4000000000000004,13.9081334449,-11.7280023892,-1.7738749344,fast_sweeper
42.8398840028,0.111023268246,0.00371073086653,-0.124650699239,5.4000000000000004,13.897768926,-11.7775464242,-1.78017045509,fast_sweeper
42.8898721988,0.11119525128,0.00308548471368,-0.125221108125,5.4000000000000004,13.8870909205,-11.8270290685,-1.78649490393,fast_sweeper
42.9398603949,0.111335798265,0.00246805762726,-0.12581370967,5.4000000000000004,13.8760983547,-11.8764479153,-1.79284941782,fast_sweeper
42.9898485909,0.111445280721,0.00185774961459,-0.126427667499,5.4000000000000004,13.8647901206,-11.9258005167,-1.79923509187,fast_sweeper
43.039836787,0.111524035924,0.00125389592237,-0.127062121122,5.4000000000000004,13.8531650791,-11.9750843835,-1.80565297802,fast_sweeper
43.089824983,0.111572368694,0.000655867737985,-0.127716191687,5.4000000000000004,13.8412220626,-12.0242969838,-1.81210408382,fast_sweeper
43.139813179,0.111590553223,6.30725951245e-05,-0.128388987292,5.4000000000000004,13.8289598784,-12.0734357421,-1.81858937165,fast_sweeper
43.1898013751,0.111578834907,-0.000525045490373,-0.129079607678,5.4000000000000004,13.8163773115,-12.1224980387,-1.82510975806,fast_sweeper
43.2397895711,0.111537432187,-0.00110900612597,-0.12978714841,5.4000000000000004,13.803473128,-12.171481209,-1.83166611343,fast_sweeper
43.2897777671,0.111466538387,-0.00168929286411,-0.130510704605,5.4000000000000004,13.790246078,-12.2203825426,-1.83825926178,fast_sweeper
43.3397659632,0.111366323516,-0.00226635371777,-0.131249374133,5.4000000000000004,13.7766948991,-12.2691992832,-1.84488998077,fast_sweeper
43.3897541592,0.111236936059,-0.00284060184127,-0.132002260375,5.4000000000000004,13.7628183194,-12.3179286275,-1.85155900181,fast_sweeper
43.4397423552,0.111078504721,-0.0034124163585,-0.132768474534,5.4000000000000004,13.7486150608,-12.3665677255,-1.85826701042,fast_sweeper
43.4897305513,0.110891140128,-0.00398214331445,-0.1335471376,5.4000000000000004,13.7340838421,-12.4151136794,-1.86501464654,fast_sweeper
43.5397187473,0.110674936484,-0.00455009673017,-0.134337381789,5.4000000000000004,13.7192233823,-12.4635635443,-1.87180250502,fast_sweeper
43.5897069434,0.110429973169,-0.0051165597437,-0.135138351865,5.4000000000000004,13.7040324037,-12.5119143269,-1.8786311362,fast_sweeper
43.6396951394,0.11015631628,-0.00568178581505,-0.135949205726,5.4000000000000004,13.6885096351,-12.5601629863,-1.88550104646,fast_sweeper
43.6896833354,0.109854020112,-0.00624599999516,-0.136769115727,5.4000000000000004,13.6726538147,-12.6083064336,-1.89241269888,fast_sweeper
43.7396715315,0.109523128571,-0.00680940018623,-0.137597266417,5.4000000000000004,13.6564636936,-12.6563415321,-1.89936651386,fast_sweeper
43.7896597275,0.109163676529,-0.00737215859291,-0.138432863789,5.4000000000000004,13.6399380386,-12.7042650972,-1.90636286993,fast_sweeper
43.8396479235,0.108775691107,-0.00793442255845,-0.13927510113,5.4000000000000004,13.6230756349,-12.7520738967,-1.9134021039,fast_sweeper
43.8896361196,0.108359192892,-0.00849631774765,-0.140123285547,5.4000000000000004,13.60587529,-12.7997646513,-1.92048451337,fast_sweeper
43.9396243156,0.107914197091,-0.00905794253445,-0.140976362814,5.4000000000000004,13.5883358355,-12.8473340347,-1.92761035045,fast_sweeper
43.9896125116,0.107440714615,-0.00961939526474,-0.141834693262,5.4000000000000004,13.5704561311,-12.8947786741,-1.9347798483,fast_sweeper
44.0396007077,0.106938753098,-0.0101806783767,-0.142693401923,5.4000000000000004,13.5522350666,-12.9420951507,-1.94199312457,fast_sweeper
44.0895889037,0.106408317858,-0.0107420632916,-0.14356726229,5.4000000000000004,13.5336715653,-12.9892800005,-1.94925054556,fast_sweeper
44.1395770997,0.105849412787,-0.0113027306738,-0.14439756771,5.4000000000000004,13.5147645866,-13.0363297148,-1.95655136577,fast_sweeper
44.1895652958,0.105262041191,-0.0118658648608,-0.145400636755,5.4000000000000004,13.4955131287,-13.0832407408,-1.96389882161,fast_sweeper
44.2395534918,0.104646206561,-0.012425197848,-0.145516893681,5.4000000000000004,13.4759168453,-13.1300083287,-1.97127424607,fast_sweeper
44.2895416879,0.104001913297,-0.0129895173035,-0.14508794752,5.4000000000000004,13.455978346,-13.1766252576,-1.97864139429,fast_sweeper
44.3395298839,0.103329167372,-0.0135518593532,-0.144796003218,5.4000000000000004,13.4356997884,-13.2230888361,-1.98598933301,fast_sweeper
44.3895180799,0.10262797695,-0.0141147473763,-0.14446898033,5.4000000000000004,13.4150832003,-13.2693968107,-1.99332073096,fast_sweeper
44.439506276,0.10189835295,-0.0146774143872,-0.144154522581,5.4000000000000004,13.3941306168,-13.3155469553,-2.00063497452,fast_sweeper
44.489494472,0.101140309568,-0.0152399918981,-0.143839376939,5.4000000000000004,13.3728440799,-13.3615370707,-2.00793235639,fast_sweeper
44.539482668,0.10035386475,-0.015802351007,-0.143527167554,5.4000000000000004,13.3512256387,-13.4073649851,-2.01521291644,fast_sweeper
44.5894708641,0.0995390406327,-0.0163644239721,-0.143216865424,5.4000000000000004,13.3292773492,-13.4530285533,-2.02247676309,fast_sweeper
44.6394590601,0.0986958639324,-0.0169261163182,-0.142908740511,5.4000000000000004,13.3070012736,-13.4985256568,-2.02972398521,fast_sweeper
44.6894472561,0.0978243663093,-0.0174873319945,-0.142602716614,5.4000000000000004,13.2843994802,-13.5438542035,-2.03695467706,fast_sweeper
44.7394354522,0.0969245846907,-0.0180479672768,-0.142298824246,5.4000000000000004,13.2614740437,-13.5890121275,-2.04416893202,fast_sweeper
44.7894236482,0.0959965615648,-0.0186079132301,-0.141997074768,5.4000000000000004,13.2382270438,-13.6339973889,-2.05136684482,fast_sweeper
44.8394118442,0.0950403452437,-0.0191670557586,-0.141697494094,5.4000000000000004,13.2146605659,-13.6788079736,-2.05854851141,fast_sweeper
44.8894000403,0.0940559901002,-0.0197252762687,-0.141400112488,5.4000000000000004,13.1907767002,-13.7234418929,-2.06571402946,fast_sweeper
44.9393882363,0.0930435567774,-0.0202824521125,-0.141104966475,5.4000000000000004,13.1665775418,-13.7678971834,-2.07286349855,fast_sweeper
44.9893764324,0.0920031123756,-0.0208384570447,-0.140812097515,5.4000000000000004,13.1420651898,-13.8121719068,-2.07999702051,fast_sweeper
45.0393646284,0.0909347306174,-0.0213931616311,-0.140521551564,5.4000000000000004,13.1172417476,-13.8562641493,-2.08711469961,fast_sweeper
45.0893528244,0.0898384919924,-0.0219464336271,-0.14023337847,5.4000000000000004,13.092109322,-13.9001720215,-2.09421664274,fast_sweeper
45.1393410205,0.0887144838832,-0.0224981383252,-0.139947631477,5.4000000000000004,13.0666700233,-13.9438936583,-2.10130295963,fast_sweeper
45.1893292165,0.0875628006751,-0.0230481388728,-0.139664366689,5.4000000000000004,13.0409259648,-13.9874272184,-2.10837376298,fast_sweeper
45.2393174125,0.0863835438501,-0.023596296562,-0.139383642658,5.4000000000000004,13.0148792625,-14.0307708838,-2.11542916855,fast_sweeper
45.2893056086,0.0851768220662,-0.0241424710958,-0.139105519953,5.4000000000000004,12.9885320347,-14.0739228599,-2.12246929529,fast_sweeper
45.3392938046,0.0839427512248,-0.0246865208283,-0.138830060754,5.4000000000000004,12.9618864017,-14.1168813749,-2.12949426544,fast_sweeper
45.3892820006,0.0826814545255,-0.0252283029838,-0.138557328521,5.4000000000000004,12.9349444856,-14.1596446796,-2.13650420453,fast_sweeper
45.4392701967,0.0813930625112,-0.0257676738551,-0.138287387679,5.4000000000000004,12.9077084098,-14.2022110468,-2.14349924148,fast_sweeper
45.4892583927,0.0800777131025,-0.0263044889829,-0.138020303271,5.4000000000000004,12.8801802989,-14.2445787714,-2.1504795086,fast_sweeper
45.5392465888,0.0787355516246,-0.026838603317,-0.137756140767,5.4000000000000004,12.8523622784,-14.2867461697,-2.15744514162,fast_sweeper
45.5892347848,0.0773667308253,-0.027369871362,-0.137494965747,5.4000000000000004,12.8242564741,-14.3287115794,-2.16439627967,fast_sweeper
45.6392229808,0.0759714108873,-0.0278981473073,-0.137236843742,5.4000000000000004,12.7958650123,-14.3704733586,-2.17133306529,fast_sweeper
45.6892111769,0.0745497594325,-0.0284232851438,-0.136981839988,5.4000000000000004,12.7671900192,-14.4120298863,-2.1782556444,fast_sweeper
45.7391993729,0.0731019515226,-0.0289451387679,-0.136730019286,5.4000000000000004,12.7382336206,-14.4533795615,-2.18516416627,fast_sweeper
45.7891875689,0.0716281696531,-0.0294635620743,-0.136481445869,5.4000000000000004,12.7089979422,-14.4945208028,-2.19205878349,fast_sweeper
45.839175765,0.0701286037438,-0.0299784090374,-0.136236183124,5.4000000000000004,12.6794851085,-14.5354520485,-2.19893965191,fast_sweeper
45.889163961,0.0686034511253,-0.030489533783,-0.135994293704,5.4000000000000004,12.6496972433,-14.5761717557,-2.2058069306,fast_sweeper
45.939152157,0.0670529165214,-0.0309967906538,-0.135755839208,5.4000000000000004,12.6196364692,-14.6166784005,-2.21266078179,fast_sweeper
45.9891403531,0.0654772120293,-0.031500034263,-0.135520880179,5.4000000000000004,12.5893049074,-14.6569704771,-2.2195013708,fast_sweeper
46.0391285491,0.0638765570963,-0.0319991195439,-0.135289476053,5.4000000000000004,12.5587046774,-14.6970464977,-2.22632886599,fast_sweeper
46.0891167451,0.0622511784953,-0.0324939017918,-0.135061685014,5.4000000000000004,12.5278378973,-14.7369049923,-2.23314343867,fast_sweeper
46.1391049412,0.0606013102967,-0.0329842366998,-0.134837563983,5.4000000000000004,12.4967066828,-14.7765445082,-2.23994526305,fast_sweeper
46.1890931372,0.0589271938404,-0.0334699803896,-0.134617168576,5.4000000000000004,12.4653131479,-14.8159636093,-2.24673451613,fast_sweeper
46.2390813333,0.0572290777045,-0.0339509894386,-0.134400553034,5.4000000000000004,12.4336594042,-14.8551608766,-2.25351137766,fast_sweeper
46.2890695293,0.0555072176743,-0.0344271209009,-0.134187770195,5.4000000000000004,12.401747561,-14.8941349069,-2.26027603003,fast_sweeper
46.3390577253,0.0537618767091,-0.0348982323264,-0.133978871508,5.4000000000000004,12.369579725,-14.9328843132,-2.26702865823,fast_sweeper
46.3890459214,0.0519933249085,-0.0353641817757,-0.13377390696,5.4000000000000004,12.3371580004,-14.9714077238,-2.27376944971,fast_sweeper
46.4390341174,0.0502018394782,-0.035824827832,-0.13357292509,5.4000000000000004,12.3044844887,-15.0097037825,-2.28049859434,fast_sweeper
46.4890223134,0.0483877046947,-0.0362800296118,-0.133375973004,5.4000000000000004,12.2715612883,-15.0477711478,-2.28721628432,fast_sweeper
46.5390105095,0.0465512118698,-0.0367296467717,-0.133183096307,5.4000000000000004,12.2383904951,-15.0856084928,-2.29392271411,fast_sweeper
46.5889987055,0.0446926593144,-0.0371735395145,-0.132994339193,5.4000000000000004,12.2049742017,-15.123214505,-2.3006180803,fast_sweeper
46.6389869015,0.0428123523023,-0.0376115685942,-0.132809744357,5.4000000000000004,12.1713144976,-15.1605878855,-2.3073025816,fast_sweeper
46.6889750976,0.0409106030332,-0.0380435953181,-0.132629353083,5.4000000000000004,12.1374134695,-15.1977273493,-2.31397641869,fast_sweeper
46.7389632936,0.0389877305961,-0.0384694815503,-0.132453205203,5.4000000000000004,12.1032732006,-15.2346316244,-2.3206397942,fast_sweeper
46.7889514897,0.0370440609318,-0.0388890897122,-0.132281339115,5.4000000000000004,12.068895771,-15.2712994522,-2.32729291256,fast_sweeper
46.8389396857,0.0350799267959,-0.0393022827848,-0.132113791884,5.4000000000000004,12.0342832574,-15.3077295864,-2.33393598001,fast_sweeper
46.8889278817,0.0330956677208,-0.0397089243069,-0.131950598997,5.4000000000000004,11.9994377335,-15.3439207932,-2.34056920445,fast_sweeper
46.9389160778,0.0310916299783,-0.0401088783853,-0.131791795144,5.4000000000000004,11.9643612694,-15.379871851,-2.34719279539,fast_sweeper
46.9889042738,0.0290681665415,-0.0405020096608,-0.131637411702,5.4000000000000004,11.929055932,-15.4155815498,-2.35380696386,fast_sweeper
47.0388924698,0.027025637047,-0.0408881834411,-0.131487485947,5.4000000000000004,11.8935237848,-15.4510486915,-2.36041192247,fast_sweeper
47.0888806659,0.0249644077559,-0.04126726521,-0.131342026924,5.4000000000000004,11.8577668879,-15.4862720889,-2.36700788481,fast_sweeper
47.1388688619,0.0228848515155,-0.0416391224766,-0.131201143292,5.4000000000000004,11.8217872983,-15.5212505659,-2.37359506726,fast_sweeper
47.1888570579,0.0207873477202,-0.0420036178557,-0.131064564185,5.4000000000000004,11.7855870693,-15.5559829571,-2.38017368198,fast_sweeper
47.238845254,0.0186722822724,-0.0423606350254,-0.130933435895,5.4000000000000004,11.7491682513,-15.5904681078,-2.38674396281,fast_sweeper
47.28883345,0.0165400475422,-0.0427099814483,-0.130803585678,5.4000000000000004,11.7125328911,-15.6247048732,-2.39330606791,fast_sweeper
47.338821646,0.0143910423271,-0.0430517530175,-0.130690775896,5.4000000000000004,11.6756830322,-15.6586921186,-2.39986044435,fast_sweeper
47.3888098421,0.0122256718115,-0.0433853644161,-0.130494816457,5.4000000000000004,11.6386207405,-15.6924287198,-2.40640542162,fast_sweeper
47.4387980381,0.0100443475247,-0.0437112112081,-0.130273401981,5.4000000000000004,11.6013481924,-15.7259136673,-2.41293826975,fast_sweeper
47.4887862342,0.00784748729879,-0.0440287950463,-0.130060492635,5.4000000000000004,11.563867577,-15.7591460621,-2.41945855258,fast_sweeper
47.5387744302,0.00563551522525,-0.0443381126656,-0.129847387784,5.4000000000000004,11.5261810791,-15.7921250251,-2.42596647353,fast_sweeper
47.5887626262,0.0034088616111,-0.044638999987,-0.129636497322,5.4000000000000004,11.4882908799,-15.8248496954,-2.43246207704,fast_sweeper
47.6387508223,0.00116796293364,-0.044931337214,-0.129427227197,5.4000000000000004,11.4501991568,-15.8573192298,-2.4389454535,fast_sweeper
47.6887390183,-0.00108673820579,-0.045214993457,-0.129219793473,5.4000000000000004,11.4119080835,-15.8895328028,-2.44541668381,fast_sweeper
47.7387272143,-0.00335479312929,-0.0454898417215,-0.12901419192,5.4000000000000004,11.3734198292,-15.9214896061,-2.4518758543,fast_sweeper
47.7887154104,-0.00563574713124,-0.0457557548939,-0.128810476398,5.4000000000000004,11.3347365593,-15.9531888482,-2.45832305262,fast_sweeper
47.8387036064,-0.00792913952863,-0.0460126068624,-0.128608683791,5.4000000000000004,11.2958604343,-15.9846297548,-2.46475836878,fast_sweeper
47.8886918024,-0.0102345037129,-0.0462602722537,-0.128408854293,5.4000000000000004,11.2567936106,-16.0158115678,-2.47118189477,fast_sweeper
47.9386799985,-0.0125513672035,-0.0464986265476,-0.128211026043,5.4000000000000004,11.2175382394,-16.0467335457,-2.47759372465,fast_sweeper
47.9886681945,-0.0148792517034,-0.0467275460913,-0.128015236602,5.4000000000000004,11.1780964673,-16.0773949629,-2.48399395443,fast_sweeper
48.0386563906,-0.0172176731562,-0.0469469081453,-0.127821522662,5.4000000000000004,11.1384704356,-16.1077951096,-2.49038268207,fast_sweeper
48.0886445866,-0.0195661418057,-0.0471565909234,-0.127629920164,5.4000000000000004,11.0986622807,-16.1379332917,-2.49676000741,fast_sweeper
48.1386327826,-0.0219241622575,-0.0473564736375,-0.127440464359,5.4000000000000004,11.0586741335,-16.1678088304,-2.50312603214,fast_sweeper
48.1886209787,-0.0242912335426,-0.0475464365454,-0.127253189841,5.4000000000000004,11.0185081195,-16.197421062,-2.50948085977,fast_sweeper
48.2386091747,-0.0266668491841,-0.0477263609996,-0.127068130616,5.4000000000000004,10.9781663585,-16.2267693376,-2.51582459562,fast_sweeper
48.2885973707,-0.0290504972657,-0.0478961295012,-0.126885320161,5.4000000000000004,10.9376509646,-16.2558530232,-2.52215734675,fast_sweeper
48.3385855668,-0.0314416605038,-0.0480556257537,-0.12670479143,5.4000000000000004,10.8969640462,-16.284671499,-2.52847922196,fast_sweeper
48.3885737628,-0.0338398163213,-0.0482047347227,-0.12652657701,5.4000000000000004,10.8561077057,-16.3132241594,-2.53479033176,fast_sweeper
48.4385619588,-0.0362444369253,-0.048343342695,-0.126350709007,5.4000000000000004,10.8150840393,-16.3415104129,-2.54109078836,fast_sweeper
48.4885501549,-0.0386549893876,-0.0484713373431,-0.126177219306,5.4000000000000004,10.773895137,-16.3695296816,-2.54738070565,fast_sweeper
48.5385383509,-0.0410709357279,-0.0485886077911,-0.126006139378,5.4000000000000004,10.7325430826,-16.3972814011,-2.55366019918,fast_sweeper
48.5885265469,-0.0434917330009,-0.0486950446829,-0.125837500584,5.4000000000000004,10.6910299535,-16.4247650205,-2.55992938613,fast_sweeper
48.638514743,-0.0459168333869,-0.0487905402546,-0.12567133396,5.4000000000000004,10.6493578204,-16.4519800017,-2.56618838536,fast_sweeper
48.688502939,-0.0483456842851,-0.0488749884075,-0.125507670506,5.4000000000000004,10.6075287474,-16.4789258196,-2.57243731733,fast_sweeper
48.7384911351,-0.0507777284116,-0.0489482847854,-0.125346541019,5.4000000000000004,10.565544792,-16.5056019616,-2.57867630417,fast_sweeper
48.7884793311,-0.0532124039004,-0.0490103268535,-0.125187976294,5.4000000000000004,10.5234080048,-16.5320079275,-2.58490546961,fast_sweeper
48.8384675271,-0.0556491444086,-0.0490610139797,-0.125032007033,5.4000000000000004,10.4811204292,-16.5581432293,-2.59112493903,fast_sweeper
48.8884557232,-0.0580873792257,-0.049100247519,-0.124878664007,5.4000000000000004,10.438684102,-16.584007391,-2.59733483943,fast_sweeper
48.9384439192,-0.0605265333864,-0.0491279308991,-0.12472797793,5.4000000000000004,10.3961010523,-16.6095999482,-2.60353529946,fast_sweeper
48.9884321152,-0.0629660277883,-0.0491439697095,-0.124579979696,5.4000000000000004,10.3533733025,-16.634920448,-2.60972644941,fast_sweeper
49.0384203113,-0.065405279313,-0.0491482717924,-0.124434700193,5.4000000000000004,10.3105028672,-16.6599684489,-2.61590842123,fast_sweeper
49.0884085073,-0.0678437009526,-0.0491407473345,-0.124292170477,5.4000000000000004,10.2674917538,-16.6847435202,-2.62208134853,fast_sweeper
49.1383967033,-0.0702807019395,-0.0491213089626,-0.124152421748,5.4000000000000004,10.2243419622,-16.7092452423,-2.62824536659,fast_sweeper
49.1883848994,-0.0727156878815,-0.0490898718404,-0.124015485352,5.4000000000000004,10.1810554844,-16.7334732061,-2.63440061239,fast_sweeper
49.2383730954,-0.0751480609009,-0.0490463537662,-0.123881392811,5.4000000000000004,10.137634305,-16.7574270127,-2.6405472246,fast_sweeper
49.2883612914,-0.0775772197783,-0.0489906752736,-0.123750175875,5.4000000000000004,10.0940804006,-16.7811062736,-2.64668534361,fast_sweeper
49.3383494875,-0.0800025601017,-0.0489227597331,-0.123621866435,5.4000000000000004,10.05039574,-16.80451061,-2.65281511154,fast_sweeper
49.3883376835,-0.082423474419,-0.0488425334552,-0.123496496672,5.4000000000000004,10.0065822838,-16.8276396529,-2.65893667228,fast_sweeper
49.4383258796,-0.0848393523965,-0.0487499257952,-0.123374098908,5.4000000000000004,9.96264198483,-16.8504930427,-2.66505017146,fast_sweeper
49.4883140756,-0.0872495809817,-0.0486448692582,-0.123254705731,5.4000000000000004,9.91857678754,-16.8730704291,-2.67115575649,fast_sweeper
49.5383022716,-0.0896535445703,-0.048527299606,-0.123138349909,5.4000000000000004,9.87438862821,-16.8953714708,-2.67725357662,fast_sweeper
49.5882904677,-0.092050625179,-0.0483971559653,-0.123025064467,5.4000000000000004,9.83007943477,-16.9173958351,-2.68334378286,fast_sweeper
49.6382786637,-0.0944402026227,-0.0482543809353,-0.122914882534,5.4000000000000004,9.78565112678,-16.9391431979,-2.68942652811,fast_sweeper
49.6882668597,-0.0968216546959,-0.0480989206966,-0.122807837541,5.4000000000000004,9.74110561526,-16.9606132436,-2.69550196709,fast_sweeper
49.7382550558,-0.0991943573601,-0.0479307251215,-0.122703962985,5.4000000000000004,9.69644480272,-16.9818056643,-2.7015702564,fast_sweeper
49.7882432518,-0.101557684935,-0.0477497478822,-0.122603292541,5.4000000000000004,9.65167058298,-17.0027201601,-2.70763155453,fast_sweeper
49.8382314478,-0.103911010295,-0.0475559465619,-0.122505860047,5.4000000000000004,9.60678484118,-17.0233564388,-2.71368602184,fast_sweeper
49.8882196439,-0.106253705069,-0.0473492827642,-0.122411699339,5.4000000000000004,9.56178945366,-17.0437142151,-2.71973382065,fast_sweeper
49.9382078399,-0.10858513985,-0.0471297222212,-0.122320844384,5.4000000000000004,9.5166862879,-17.0637932113,-2.72577511516,fast_sweeper
49.988196036,-0.110904684399,-0.0468972349057,-0.122233329191,5.4000000000000004,9.47147720248,-17.0835931561,-2.73181007154,fast_sweeper
50.038184232,-0.113211707865,-0.0466517951328,-0.122149187479,5.4000000000000004,9.42616404698,-17.1031137851,-2.73783885788,fast_sweeper
50.088172428,-0.115505579005,-0.0463933816876,-0.122068453877,5.4000000000000004,9.38074866193,-17.1223548401,-2.74386164424,fast_sweeper
50.1381606241,-0.117785666403,-0.046121977868,-0.121991159745,5.4000000000000004,9.33523287875,-17.141316069,-2.7498786026,fast_sweeper
50.1881488201,-0.120051338701,-0.0458375717955,-0.121917346179,5.4000000000000004,9.28961851973,-17.1599972256,-2.75588990705,fast_sweeper
50.2381370161,-0.122301964834,-0.045540155877,-0.121847023963,5.4000000000000004,9.24390739791,-17.1783980691,-2.76189573314,fast_sweeper
50.2881252122,-0.124536914261,-0.0452297288381,-0.121780290063,5.4000000000000004,9.19810131709,-17.1965183643,-2.76789625984,fast_sweeper
50.3381134082,-0.12675555721,-0.0449062903715,-0.121717015338,5.4000000000000004,9.15220207177,-17.2143578808,-2.77389166406,fast_sweeper
50.3881016042,-0.128957264921,-0.0445698550468,-0.121657550421,5.4000000000000004,9.10621144708,-17.2319163934,-2.77988213445,fast_sweeper
50.4380898003,-0.131141409893,-0.0442204252578,-0.121601806444,5.4000000000000004,9.06013121878,-17.249193681,-2.78586784424,fast_sweeper
50.4880779963,-0.133307366139,-0.0438580016272,-0.121546280167,5.4000000000000004,9.01396315322,-17.2661895272,-2.79184896154,fast_sweeper
50.5380661923,-0.135454509438,-0.0434809020488,-0.12114174242,5.4000000000000004,8.96770817525,-17.2829041728,-2.7978170152,fast_sweeper
50.5880543884,-0.137582217595,-0.0430905568642,-0.120755361466,5.4000000000000004,8.92136699257,-17.2993385134,-2.80376391651,fast_sweeper
50.6380425844,-0.139689870704,-0.0426873949799,-0.120369203322,5.4000000000000004,8.87494152855,-17.3154931181,-2.80969025824,fast_sweeper
50.6880307805,-0.141776851413,-0.0422713534892,-0.119990003734,5.4000000000000004,8.82843369203,-17.331368555,-2.81559620974,fast_sweeper
50.7380189765,-0.143842545187,-0.0418425198023,-0.119615674394,5.4000000000000004,8.78184536931,-17.3469653927,-2.82148209326,fast_sweeper
50.7880071725,-0.145886340584,-0.0414009394815,-0.11924712345,5.4000000000000004,8.73517842424,-17.3622842001,-2.82734819169,fast_sweeper
50.8379953686,-0.147907629526,-0.0409466791595,-0.11888428597,5.4000000000000004,8.68843469842,-17.3773255458,-2.83319481131,fast_sweeper
50.8879835646,-0.149905807572,-0.0404798067182,-0.118527401716,5.4000000000000004,8.64161601127,-17.3920899968,-2.83902226195,fast_sweeper
50.9379717606,-0.151880274199,-0.0400003974745,-0.118176615575,5.4000000000000004,8.59472416028,-17.4065781183,-2.844830863,fast_sweeper
50.9879599567,-0.153830433074,-0.0395085323669,-0.117832099713,5.4000000000000004,8.54776092113,-17.4207904729,-2.85062094153,fast_sweeper
51.0379481527,-0.155755692342,-0.0390042985518,-0.117494016721,5.4000000000000004,8.5007280479,-17.4347276195,-2.85639283279,fast_sweeper
51.0879363487,-0.157655464902,-0.0384877892755,-0.11716253044,5.4000000000000004,8.45362727328,-17.4483901132,-2.86214687996,fast_sweeper
51.1379245448,-0.159529168694,-0.0379591039536,-0.116837802714,5.4000000000000004,8.40646030876,-17.4617785042,-2.86788343416,fast_sweeper
51.1879127408,-0.161376226979,-0.0374183481836,-0.116519994194,5.4000000000000004,8.3592288449,-17.474893337,-2.87360285434,fast_sweeper
51.2379009369,-0.163196068625,-0.0368656337693,-0.116209263989,5.4000000000000004,8.31193455153,-17.4877351503,-2.87930550723,fast_sweeper
51.2878891329,-0.164988128392,-0.0363010787345,-0.115905769638,5.4000000000000004,8.26457907804,-17.5003044756,-2.88499176725,fast_sweeper
51.3378773289,-0.166751847216,-0.0357248073342,-0.115609667039,5.4000000000000004,8.21716405362,-17.5126018371,-2.89066201643,fast_sweeper
51.387865525,-0.168486672495,-0.0351369500584,-0.115321110277,5.4000000000000004,8.16969108753,-17.5246277508,-2.89631664432,fast_sweeper
51.437853721,-0.17019205837,-0.0345376436307,-0.115040251581,5.4000000000000004,8.12216176944,-17.5363827238,-2.90195604792,fast_sweeper
51.487841917,-0.171867466012,-0.0339270310007,-0.114767241173,5.4000000000000004,8.07457766968,-17.5478672539,-2.90758063155,fast_sweeper
51.5378301131,-0.173512363906,-0.0333052613311,-0.114502227193,5.4000000000000004,8.0269403396,-17.5590818285,-2.91319080677,fast_sweeper
51.5878183091,-0.175126228124,-0.0326724899788,-0.114245355557,5.4000000000000004,7.97925131184,-17.5700269247,-2.91878699227,fast_sweeper
51.6378065051,-0.176708542617,-0.0320288784691,-0.113996769848,5.4000000000000004,7.93151210073,-17.5807030081,-2.92436961376,fast_sweeper
51.6877947012,-0.178258799484,-0.031374594465,-0.113756611213,5.4000000000000004,7.88372420262,-17.5911105322,-2.92993910384,fast_sweeper
51.7377828972,-0.17977649925,-0.0307098117289,-0.113525018188,5.4000000000000004,7.8358890962,-17.6012499382,-2.93549590191,fast_sweeper
51.7877710932,-0.181261151144,-0.0300347100797,-0.113302126681,5.4000000000000004,7.78800824297,-17.6111216543,-2.94104045399,fast_sweeper
51.8377592893,-0.182712273365,-0.0293494753426,-0.113088069694,5.4000000000000004,7.74008308751,-17.6207260949,-2.94657321264,fast_sweeper
51.8877474853,-0.184129393355,-0.0286542992929,-0.112882977361,5.4000000000000004,7.69211505798,-17.6300636602,-2.9520946368,fast_sweeper
51.9377356814,-0.18551204806,-0.0279493795928,-0.112686976634,5.4000000000000004,7.64410556647,-17.6391347356,-2.95760519161,fast_sweeper
51.9877238774,-0.186859784195,-0.0272349197239,-0.112500191402,5.4000000000000004,7.59605600942,-17.6479396915,-2.96310534834,fast_sweeper
52.0377120734,-0.1881721585,-0.0265111289118,-0.112322742035,5.4000000000000004,7.54796776809,-17.6564788822,-2.96859558413,fast_sweeper
52.0877002695,-0.189448737997,-0.0257782220433,-0.112154745557,5.4000000000000004,7.49984220897,-17.6647526458,-2.97407638193,fast_sweeper
52.1376884655,-0.190689100236,-0.0250364195814,-0.111996315348,5.4000000000000004,7.45168068423,-17.6727613037,-2.97954823024,fast_sweeper
52.1876766615,-0.191892833543,-0.0242859474695,-0.111847560986,5.4000000000000004,7.4034845322,-17.68050516,-2.985011623,fast_sweeper
52.2376648576,-0.193059537261,-0.0235270370323,-0.11170858826,5.4000000000000004,7.35525507786,-17.687984501,-2.99046705938,fast_sweeper
52.2876530536,-0.194188821984,-0.0227599248698,-0.111579498859,5.4000000000000004,7.30699363326,-17.695199595,-2.99591504359,fast_sweeper
52.3376412496,-0.195280309787,-0.0219848527451,-0.111460390382,5.4000000000000004,7.25870149809,-17.7021506916,-3.00135608468,fast_sweeper
52.3876294457,-0.196333634455,-0.0212020674668,-0.111351356109,5.4000000000000004,7.21037996014,-17.7088380214,-3.00679069639,fast_sweeper
52.4376176417,-0.197348441694,-0.0204118207642,-0.111252484887,5.4000000000000004,7.16203029581,-17.7152617955,-3.01221939686,fast_sweeper
52.4876058378,-0.198324389352,-0.0196143691587,-0.111163861073,5.4000000000000004,7.11365377067,-17.7214222055,-3.0176427085,fast_sweeper
52.5375940338,-0.19926114762,-0.0188099738285,-0.111085564264,5.4000000000000004,7.06525163995,-17.7273194225,-3.02306115772,fast_sweeper
52.5875822298,-0.200158399235,-0.0179989004664,-0.111017669273,5.4000000000000004,7.01682514909,-17.7329535974,-3.02847527471,fast_sweeper
52.6375704259,-0.201015839671,-0.0171814191351,-0.110960245981,5.4000000000000004,6.96837553434,-17.73832486,-3.03388559324,fast_sweeper
52.6875586219,-0.201833177328,-0.0163578041152,-0.110913359173,5.4000000000000004,6.91990402323,-17.7434333192,-3.03929265039,fast_sweeper
52.7375468179,-0.202610133708,-0.015528333748,-0.110877068441,5.4000000000000004,6.87141183523,-17.7482790624,-3.04469698632,fast_sweeper
52.787535014,-0.203346443591,-0.0146932902744,-0.110851428054,5.4000000000000004,6.82290018223,-17.7528621552,-3.05009914403,fast_sweeper
52.83752321,-0.204041855194,-0.0138529596682,-0.110836486843,5.4000000000000004,6.77437026922,-17.7571826414,-3.05549966911,fast_sweeper
52.887511406,-0.204696130331,-0.0130076314649,-0.11083228807,5.4000000000000004,6.7258232948,-17.7612405424,-3.06089910945,fast_sweeper
52.9374996021,-0.205309044559,-0.0121575985861,-0.110838869312,5.4000000000000004,6.67726045181,-17.7650358573,-3.066298015,fast_sweeper
52.9874877981,-0.205880387321,-0.01130315716,-0.110856262386,5.4000000000000004,6.62868292795,-17.7685685628,-3.07169693753,fast_sweeper
53.0374759941,-0.206409962076,-0.0104446063374,-0.110884493188,5.4000000000000004,6.58009190635,-17.7718386124,-3.07709643027,fast_sweeper
53.0874641902,-0.206897586421,-0.00958224810246,-0.110923581563,5.4000000000000004,6.53148856621,-17.774845937,-3.08249704772,fast_sweeper
53.1374523862,-0.207343092209,-0.00871638708542,-0.110973541463,5.4000000000000004,6.48287408342,-17.7775904444,-3.08789934533,fast_sweeper
53.1874405823,-0.207746325655,-0.00784733035626,-0.111034380021,5.4000000000000004,6.4342496312,-17.780072019,-3.09330387918,fast_sweeper
53.2374287783,-0.208107147429,-0.00697538726157,-0.111106099861,5.4000000000000004,6.38561638068,-17.7822905222,-3.09871120576,fast_sweeper
53.2874169743,-0.208425432751,-0.00610086911381,-0.111188691937,5.4000000000000004,6.33697550161,-17.7842457919,-3.10412188153,fast_sweeper
53.3374051704,-0.208701071463,-0.00522408931963,-0.111282155914,5.4000000000000004,6.28832816294,-17.7859376428,-3.10953646298,fast_sweeper
53.3873933664,-0.208933968104,-0.00434536222727,-0.111386444864,5.4000000000000004,6.23967553349,-17.7873658661,-3.11495550536,fast_sweeper
53.4373815624,-0.20912404197,-0.00346500534674,-0.111501592706,5.4000000000000004,6.19101878259,-17.7885302295,-3.12037956479,fast_sweeper
53.4873697585,-0.209271227164,-0.00258333419649,-0.111627531784,5.4000000000000004,6.14235908074,-17.7894304776,-3.12580919303,fast_sweeper
53.5373579545,-0.209375472637,-0.00170066513916,-0.111763676529,5.4000000000000004,6.09369760026,-17.7900663315,-3.1312449402,fast_sweeper
53.5873461505,-0.209436742226,-0.000817361331912,-0.111914575821,5.4000000000000004,6.04503551592,-17.790437489,-3.13668740061,fast_sweeper
53.6373343466,-0.20945501467,6.65131532163e-05,-0.112053228074,5.4000000000000004,5.9963739962,-17.790543625,-3.14213682171,fast_sweeper
53.6873225426,-0.209430283628,0.000949977985743,-0.111876264681,5.4000000000000004,5.94771231544,-17.7903845432,-3.1475853061,fast_sweeper
53.7373107386,-0.209362557682,0.00183329889707,-0.111725962814,5.4000000000000004,5.89905022185,-17.7899605106,-3.15302597581,fast_sweeper
53.7872989347,-0.209251860332,0.00271580543278,-0.11158082375,5.4000000000000004,5.85038889218,-17.7892718685,-3.15845972948,fast_sweeper
53.8372871307,-0.20909822998,0.00359729455457,-0.111448251129,5.4000000000000004,5.8017294999,-17.788318935,-3.16388700113,fast_sweeper
53.8872753268,-0.208901719906,0.00447741084199,-0.111325891003,5.4000000000000004,5.75307321591,-17.787102005,-3.16930837991,fast_sweeper
53.9372635228,-0.208662398235,0.00535584850386,-0.111214531539,5.4000000000000004,5.70442120913,-17.7856213502,-3.17472440793,fast_sweeper
53.9872517188,-0.208380347889,0.00623228797763,-0.111113966956,5.4000000000000004,5.65577464722,-17.7838772186,-3.1801356436,fast_sweeper
54.0372399149,-0.208055666543,0.00710641573703,-0.111024287797,5.4000000000000004,5.60713469715,-17.7818698352,-3.1855426417,fast_sweeper
54.0872281109,-0.207688466553,0.00797791856524,-0.110945486555,5.4000000000000004,5.55850252593,-17.7795994015,-3.19094595899,fast_sweeper
54.1372163069,-0.207278874892,0.00884648553513,-0.11087757648,5.4000000000000004,5.50987930119,-17.7770660953,-3.19634615215,fast_sweeper
54.187204503,-0.206827033066,0.00971180768733,-0.110820556447,5.4000000000000004,5.46126619186,-17.7742700715,-3.20174377799,fast_sweeper
54.237192699,-0.206333097023,0.0105735783842,-0.110774421315,5.4000000000000004,5.41266436878,-17.7712114615,-3.20713939303,fast_sweeper
54.287180895,-0.205797237059,0.0114314934636,-0.110739159083,5.4000000000000004,5.36407500532,-17.7678903735,-3.21253355319,fast_sweeper
54.3371690911,-0.205219637707,0.0122852514448,-0.110714751839,5.4000000000000004,5.31549927806,-17.7643068926,-3.21792681354,fast_sweeper
54.3871572871,-0.204600497622,0.013134553716,-0.110701175613,5.4000000000000004,5.26693836734,-17.7604610811,-3.223319728,fast_sweeper
54.4371454832,-0.203940029454,0.0139791047229,-0.110698400525,5.4000000000000004,5.21839345794,-17.7563529782,-3.22871284907,fast_sweeper
54.4871336792,-0.203238459721,0.0148186121503,-0.110706390976,5.4000000000000004,5.16986573962,-17.7519826008,-3.23410672753,fast_sweeper
54.5371218752,-0.202496028659,0.0156527871014,-0.110725105631,5.4000000000000004,5.12135640778,-17.7473499429,-3.23950191221,fast_sweeper
54.5871100713,-0.20171299008,0.0164813442738,-0.110754497628,5.4000000000000004,5.07286666405,-17.7424549768,-3.24489894968,fast_sweeper
54.6370982673,-0.20088961121,0.0173040021275,-0.110794514715,5.4000000000000004,5.02439771682,-17.7372976523,-3.25029838405,fast_sweeper
54.6870864633,-0.200026172525,0.018120483052,-0.110845099253,5.4000000000000004,4.9759507819,-17.7318778977,-3.25570075665,fast_sweeper
54.7370746594,-0.199122967578,0.0189305135257,-0.110906188544,5.4000000000000004,4.92752708303,-17.7261956197,-3.26110660585,fast_sweeper
54.7870628554,-0.19818030282,0.0197338242723,-0.110977714698,5.4000000000000004,4.87912785248,-17.7202507038,-3.26651646676,fast_sweeper
54.8370510514,-0.19719849741,0.0205301504112,-0.111059605025,5.4000000000000004,4.83075433161,-17.7140430148,-3.27193087104,fast_sweeper
54.8870392475,-0.196177883026,0.0213192316018,-0.111151781995,5.4000000000000004,4.78240777139,-17.7075723966,-3.27735034665,fast_sweeper
54.9370274435,-0.195118803655,0.0221008121837,-0.111254163408,5.4000000000000004,4.73408943296,-17.700838673,-3.28277541763,fast_sweeper
54.9870156395,-0.194021615395,0.0228746413109,-0.111366662604,5.4000000000000004,4.68580058814,-17.693841648,-3.28820660387,fast_sweeper
55.0370038356,-0.192886686236,0.0236404730798,-0.111489188456,5.4000000000000004,4.63754252,-17.6865811059,-3.29364442095,fast_sweeper
55.0869920316,-0.19171439584,0.0243980666522,-0.111621645679,5.4000000000000004,4.58931652331,-17.6790568122,-3.29908937986,fast_sweeper
55.1369802277,-0.190505135318,0.0251471863714,-0.1117639348,5.4000000000000004,4.54112390509,-17.6712685134,-3.30454198687,fast_sweeper
55.1869684237,-0.189259306998,0.0258876018737,-0.111915952425,5.4000000000000004,4.49296598507,-17.6632159378,-3.31000274329,fast_sweeper
55.2369566197,-0.187977324186,0.0266190881925,-0.112077591304,5.4000000000000004,4.44484409621,-17.6548987959,-3.31547214532,fast_sweeper
55.2869448158,-0.18665961093,0.0273414258572,-0.112248740476,5.4000000000000004,4.39675958513,-17.6463167809,-3.32095068385,fast_sweeper
55.3369330118,-0.185306601768,0.0280544009854,-0.112429285448,5.4000000000000004,4.3487138126,-17.6374695689,-3.32643884427,fast_sweeper
55.3869212078,-0.183918741483,0.0287578053693,-0.112619108269,5.4000000000000004,4.30070815397,-17.6283568196,-3.33193710638,fast_sweeper
55.4369094039,-0.182496484843,0.0294514365558,-0.112818087708,5.4000000000000004,4.25274399965,-17.6189781769,-3.33744594412,fast_sweeper
55.4868975999,-0.181040296345,0.03013509792,-0.113026099392,5.4000000000000004,4.20482275549,-17.6093332691,-3.34296582549,fast_sweeper
55.5368857959,-0.179550649954,0.0308085987322,-0.113243015896,5.4000000000000004,4.15694584325,-17.5994217096,-3.34849721241,fast_sweeper
55.586873992,-0.178028028835,0.0314717542203,-0.11346870691,5.4000000000000004,4.10911470096,-17.5892430976,-3.3540405605,fast_sweeper
55.636862188,-0.176472925085,0.0321243856237,-0.113703039364,5.4000000000000004,4.06133078335,-17.5787970182,-3.35959631903,fast_sweeper
55.6868503841,-0.174885839459,0.032766320242,-0.113945877548,5.4000000000000004,4.01359556222,-17.5680830435,-3.36516493075,fast_sweeper
55.7368385801,-0.173267281101,0.0333973914777,-0.114197083241,5.4000000000000004,3.96591052684,-17.5571007326,-3.37074683176,fast_sweeper
55.7868267761,-0.171617767262,0.0340174388727,-0.114456515808,5.4000000000000004,3.91827718428,-17.5458496327,-3.37634245139,fast_sweeper
55.8368149722,-0.169937823026,0.0346263081374,-0.114724032393,5.4000000000000004,3.87069705976,-17.5343292794,-3.38195221212,fast_sweeper
55.8868031682,-0.168227981025,0.0352238511756,-0.114999487939,5.4000000000000004,3.82317169703,-17.5225391973,-3.38757652944,fast_sweeper
55.9367913642,-0.166488781163,0.0358099261024,-0.115282735366,5.4000000000000004,3.77570265867,-17.5104789008,-3.39321581173,fast_sweeper
55.9867795603,-0.164720770328,0.0363843972554,-0.115573625703,5.4000000000000004,3.72829152641,-17.4981478944,-3.39887046023,fast_sweeper
56.0367677563,-0.162924502112,0.0369471352013,-0.115872008092,5.4000000000000004,3.68093990142,-17.4855456738,-3.40454086888,fast_sweeper
56.0867559523,-0.161100536524,0.0374980167369,-0.116177730037,5.4000000000000004,3.63364940464,-17.472671726,-3.41022742425,fast_sweeper
56.1367441484,-0.159249439708,0.0380369248823,-0.116490637371,5.4000000000000004,3.58642167702,-17.4595255303,-3.41593050547,fast_sweeper
56.1867323444,-0.157371783656,0.0385637488707,-0.11681057448,5.4000000000000004,3.53925837982,-17.446106559,-3.42165048416,fast_sweeper
56.2367205404,-0.155468145923,0.0390783841323,-0.117137384245,5.4000000000000004,3.49216119485,-17.4324142776,-3.42738772431,fast_sweeper
56.2867087365,-0.153539109346,0.0395807322713,-0.11747090833,5.4000000000000004,3.44513182473,-17.4184481462,-3.43314258227,fast_sweeper
56.3366969325,-0.151585261757,0.0400707010418,-0.11781098701,5.4000000000000004,3.39817199309,-17.4042076194,-3.43891540664,fast_sweeper
56.3866851286,-0.149607195702,0.0405482043061,-0.118157459722,5.4000000000000004,3.35128344483,-17.3896921476,-3.44470653822,fast_sweeper
56.4366733246,-0.147605508161,0.0410131620225,-0.118510164211,5.4000000000000004,3.3044679463,-17.3749011774,-3.45051630994,fast_sweeper
56.4866615206,-0.145580800263,0.0414655001621,-0.118868936936,5.4000000000000004,3.2577272855,-17.3598341522,-3.45634504685,fast_sweeper
56.5366497167,-0.143533677013,0.0419051506119,-0.11923362529,5.4000000000000004,3.21106327228,-17.3444905133,-3.46219306609,fast_sweeper
56.5866379127,-0.141464747012,0.0423320520712,-0.119603989801,5.4000000000000004,3.16447773847,-17.3288697002,-3.46806067594,fast_sweeper
56.6366261087,-0.139374622184,0.0427461436297,-0.11998026825,5.4000000000000004,3.11797253811,-17.3129711514,-3.47394818207,fast_sweeper
56.6866143048,-0.137263917503,0.0431473990411,-0.12036032532,5.4000000000000004,3.0715495475,-17.2967943054,-3.47985585324,fast_sweeper
56.7366025008,-0.135133250722,0.0435356589659,-0.120753079303,5.4000000000000004,3.02521066541,-17.2803386011,-3.48578408889,fast_sweeper
56.7865906968,-0.132983242109,0.0439109410454,-0.121119041342,5.4000000000000004,2.97895776131,-17.263603459,-3.49173269199,fast_sweeper
56.8365788929,-0.13081451418,0.0442713679445,-0.12119577303,5.4000000000000004,2.93279150536,-17.2465880249,-3.49769390085,fast_sweeper
56.8865670889,-0.128627691435,0.0446191963324,-0.121301954738,5.4000000000000004,2.88671316941,-17.229292148,-3.5036614545,fast_sweeper
56.936555285,-0.126423400108,0.0449539228574,-0.121404168967,5.4000000000000004,2.84072453625,-17.2117159433,-3.50963601096,fast_sweeper
56.986543481,-0.124202267902,0.0452756702185,-0.12151167865,5.4000000000000004,2.79482739958,-17.193859531,-3.51561760482,fast_sweeper
57.036531677,-0.121964923747,0.0455843932682,-0.121621842549,5.4000000000000004,2.74902356392,-17.1757230366,-3.52160644099,fast_sweeper
57.0865198731,-0.119711997546,0.0458801001044,-0.121735334104,5.4000000000000004,2.70331484461,-17.1573065918,-3.52760267353,fast_sweeper
57.1365080691,-0.117444119931,0.0461627904304,-0.121851905002,5.4000000000000004,2.6577030677,-17.1386103341,-3.53360646718,fast_sweeper
57.1864962651,-0.11516192203,0.0464324725529,-0.121971562798,5.4000000000000004,2.61219006995,-17.1196344075,-3.5396179803,fast_sweeper
57.2364844612,-0.112866035222,0.0466891585357,-0.122094244117,5.4000000000000004,2.56677769868,-17.1003789629,-3.54563736958,fast_sweeper
57.2864726572,-0.110557090912,0.0469328654091,-0.122219905332,5.4000000000000004,2.52146781179,-17.0808441581,-3.55166478877,fast_sweeper
57.3364608532,-0.108235720298,0.0471636147018,-0.12234849745,5.4000000000000004,2.47626227761,-17.0610301583,-3.557700389,fast_sweeper
57.3864490493,-0.105902554154,0.0473814324337,-0.122479973196,5.4000000000000004,2.43116297485,-17.0409371362,-3.56374431877,fast_sweeper
57.4364372453,-0.103558222606,0.0475863489812,-0.122614284995,5.4000000000000004,2.38617179254,-17.0205652726,-3.56979672393,fast_sweeper
57.4864254413,-0.101203354921,0.0477783989762,-0.122751385692,5.4000000000000004,2.34129062988,-16.9999147566,-3.57585774772,fast_sweeper
57.5364136374,-0.098838579294,0.0479576211945,-0.122891228261,5.4000000000000004,2.29652139619,-16.9789857856,-3.58192753077,fast_sweeper
57.5864018334,-0.096464522647,0.048124058447,-0.123033766043,5.4000000000000004,2.25186601082,-16.9577785662,-3.58800621115,fast_sweeper
57.6363900295,-0.0940818104262,0.0482777574695,-0.123178952592,5.4000000000000004,2.20732640303,-16.9362933137,-3.59409392435,fast_sweeper
57.6863782255,-0.0916910664069,0.0484187688132,-0.12332674182,5.4000000000000004,2.16290451188,-16.9145302531,-3.60019080333,fast_sweeper
57.7363664215,-0.0892929125028,0.0485471467339,-0.123477087937,5.4000000000000004,2.11860228614,-16.892489619,-3.60629697851,fast_sweeper
57.7863546176,-0.08688796858,0.0486629490831,-0.123629945481,5.4000000000000004,2.07442168418,-16.8701716561,-3.61241257785,fast_sweeper
57.8363428136,-0.0844768522754,0.0487662371982,-0.123785269329,5.4000000000000004,2.03036467386,-16.8475766191,-3.6185377268,fast_sweeper
57.8863310096,-0.0820601788211,0.0488570757944,-0.123943014661,5.4000000000000004,1.98643323239,-16.8247047735,-3.62467254836,fast_sweeper
57.9363192057,-0.0796385608719,0.0489355328559,-0.124103137044,5.4000000000000004,1.94262934625,-16.8015563956,-3.63081716311,fast_sweeper
57.9863074017,-0.0772126083388,0.049001679529,-0.124265592301,5.4000000000000004,1.89895501102,-16.7781317727,-3.63697168921,fast_sweeper
58.0362955977,-0.0747829282274,0.0490555900167,-0.124430336613,5.4000000000000004,1.8554122313,-16.7544312034,-3.64313624241,fast_sweeper
58.0862837938,-0.0723501244798,0.0490973414724,-0.124597326453,5.4000000000000004,1.81200302058,-16.7304549982,-3.64931093611,fast_sweeper
58.1362719898,-0.0699147978228,0.0491270138975,-0.124766518558,5.4000000000000004,1.76872940108,-16.7062034792,-3.65549588135,fast_sweeper
58.1862601858,-0.0674775456198,0.0491446900381,-0.124937869965,5.4000000000000004,1.72559340364,-16.6816769811,-3.66169118683,fast_sweeper
58.2362483819,-0.0650389617273,0.0491504552848,-0.125111337931,5.4000000000000004,1.68259706758,-16.6568758506,-3.66789695891,fast_sweeper
58.2862365779,-0.0625996363568,0.049144397574,-0.125286879918,5.4000000000000004,1.63974244057,-16.6318004474,-3.67411330167,fast_sweeper
58.336224774,-0.0601601559403,0.0491266072891,-0.12546445366,5.4000000000000004,1.59703157848,-16.6064511441,-3.68034031689,fast_sweeper
58.38621297,-0.0577211030006,0.0490971771676,-0.125644016882,5.4000000000000004,1.55446654526,-16.5808283266,-3.68657810406,fast_sweeper
58.436201166,-0.0552830560267,0.0490562022054,-0.125825527673,5.4000000000000004,1.51204941274,-16.5549323941,-3.69282676041,fast_sweeper
58.4861893621,-0.0528465893521,0.0490037795654,-0.126008944009,5.4000000000000004,1.46978226056,-16.5287637599,-3.69908638089,fast_sweeper
58.5361775581,-0.0504122730385,0.0489400084903,-0.12619422404,5.4000000000000004,1.42766717598,-16.502322851,-3.70535705822,fast_sweeper
58.5861657541,-0.0479806727632,0.0488649902149,-0.126381325836,5.4000000000000004,1.3857062537,-16.4756101088,-3.71163888284,fast_sweeper
58.6361539502,-0.0455523497106,0.048778827879,-0.126570207651,5.4000000000000004,1.34390159576,-16.4486259893,-3.71793194296,fast_sweeper
58.6861421462,-0.0431278604677,0.0486816264483,-0.126760827338,5.4000000000000004,1.30225531135,-16.4213709632,-3.72423632451,fast_sweeper
58.7361303422,-0.0407077569231,0.048573492635,-0.126953142939,5.4000000000000004,1.26076951665,-16.3938455163,-3.7305521112,fast_sweeper
58.7861185383,-0.0382925861704,0.048454534817,-0.127147112199,5.4000000000000004,1.21944633466,-16.3660501496,-3.73687938446,fast_sweeper
58.8361067343,-0.0358828904148,0.0483248629658,-0.127342692664,5.4000000000000004,1.17828789507,-16.3379853798,-3.74321822344,fast_sweeper
58.8860949304,-0.0334792068832,0.0481845885737,-0.127539841668,5.4000000000000004,1.13729633404,-16.3096517392,-3.74956870503,fast_sweeper
58.9360831264,-0.0310820677377,0.0480338245846,-0.127738516161,5.4000000000000004,1.09647379405,-16.2810497763,-3.75593090381,fast_sweeper
58.9860713224,-0.0286919999927,0.0478726853273,-0.127938672827,5.4000000000000004,1.05582242372,-16.252180056,-3.76230489207,fast_sweeper
59.0360595185,-0.026309525435,0.0477012864501,-0.128140267875,5.4000000000000004,1.01534437764,-16.2230431595,-3.76869073976,fast_sweeper
59.0860477145,-0.0239351605468,0.047519744861,-0.128343257066,5.4000000000000004,0.97504181616,-16.1936396849,-3.77508851446,fast_sweeper
59.1360359105,-0.0215694164315,0.0473281786683,-0.128547595653,5.4000000000000004,0.934916905209,-16.1639702475,-3.78149828141,fast_sweeper
59.1860241066,-0.0192127987429,0.0471267071244,-0.128753238313,5.4000000000000004,0.894971816116,-16.1340354797,-3.78792010342,fast_sweeper
59.2360123026,-0.0168658076166,0.0469154505729,-0.128960139082,5.4000000000000004,0.855208725396,-16.1038360317,-3.79435404085,fast_sweeper
59.2860004986,-0.0145289376039,0.0466945303978,-0.129168251348,5.4000000000000004,0.815629814553,-16.0733725713,-3.80080015164,fast_sweeper
59.3359886947,-0.0122026776083,0.046464068976,-0.129377527713,5.4000000000000004,0.77623726987,-16.0426457843,-3.80725849117,fast_sweeper
59.3859768907,-0.00988751082445,0.0462241896309,-0.129587920087,5.4000000000000004,0.737033282199,-16.0116563751,-3.81372911229,fast_sweeper
59.4359650867,-0.00758391467863,0.0459750165954,-0.12979937922,5.4000000000000004,0.698020046741,-15.9804050665,-3.82021206528,fast_sweeper
59.4859532828,-0.00529236077213,0.04571667495,-0.130011856145,5.4000000000000004,0.659199762822,-15.9488926,-3.82670739778,fast_sweeper
59.5359414788,-0.0030133148259,0.0454492906672,-0.130225296526,5.4000000000000004,0.620574633666,-15.9171197364,-3.83321515466,fast_sweeper
59.5859296749,-0.000747236627234,0.0451729902751,-0.13043966141,5.4000000000000004,0.58214686616,-15.8850872556,-3.83973537833,fast_sweeper
59.6359178709,0.00150542002192,0.0448879019424,-0.130654850001,5.4000000000000004,0.543918670609,-15.8527959571,-3.84626810751,fast_sweeper
59.6859060669,0.00374420735507,0.0445941513004,-0.13087098606,5.4000000000000004,0.505892260492,-15.8202466604,-3.85281338133,fast_sweeper
59.735894263,0.00596868368988,0.0442918768263,-0.131087354083,5.4000000000000004,0.468069852209,-15.7874402048,-3.85937122387,fast_sweeper
59.785882459,0.00817841347559,0.0439811725615,-0.131306350209,5.4000000000000004,0.430453664816,-15.7543774502,-3.86594170137,fast_sweeper
59.835870655,0.0103729673391,0.0436623008032,-0.131518808367,5.4000000000000004,0.393045919759,-15.7210592766,-3.8725247094,fast_sweeper
59.8858588511,0.0125519221303,0.043334901881,-0.131758494932,5.4000000000000004,0.355848840599,-15.6874865854,-3.87912076305,fast_sweeper
59.9358470471,0.0147148609657,0.0430004013554,-0.131884387953,5.4000000000000004,0.318864658058,-15.6536603124,-3.88572767139,fast_sweeper
59.9858352431,0.0168613732722,0.042657215419,-0.13183907892,5.4000000000000004,0.282095528661,-15.6195816895,-3.89233828209,fast_sweeper
60.0358234392,0.018991054829,0.0423068073679,-0.131834690524,5.4000000000000004,0.24554333568,-15.5852521546,-3.89894930199,fast_sweeper
60.0858116352,0.0211035078097,0.0419486887392,-0.131828478205,5.4000000000000004,0.209209926075,-15.5506731424,-3.90556169236,fast_sweeper
60.1357998313,0.0231983408231,0.0415831555502,-0.131831875143,5.4000000000000004,0.173097147787,-15.5158460885,-3.9121756307,fast_sweeper
60.1857880273,0.0252751689542,0.041210294522,-0.131841810396,5.4000000000000004,0.137206849991,-15.4807724297,-3.91879150446,fast_sweeper
60.2357762233,0.0273336138038,0.040830249163,-0.131859094492,5.4000000000000004,0.101540883341,-15.4454536038,-3.92540964494,fast_sweeper
60.2857644194,0.0293733035289,0.0404431485276,-0.131883497984,5.4000000000000004,0.0661011002152,-15.4098910502,-3.93203039844,fast_sweeper
60.3357526154,0.0313938728818,0.0400491262912,-0.131915068796,5.4000000000000004,0.0308893549587,-15.3740862101,-3.93865410717,fast_sweeper
60.3857408114,0.0333949632495,0.0396483156467,-0.131953779657,5.4000000000000004,-0.00409249588379,-15.3380405265,-3.94528111431,fast_sweeper
60.4357290075,0.0353762226929,0.0392408506741,-0.1319996225,5.4000000000000004,-0.0388425933334,-15.3017554446,-3.9519117626,fast_sweeper
60.4857172035,0.0373373059855,0.0388268659796,-0.132052583185,5.4000000000000004,-0.0733590757498,-15.2652324122,-3.95854639464,fast_sweeper
60.5357053995,0.039277874653,0.0384064967984,-0.13211264833,5.4000000000000004,-0.107640078608,-15.2284728796,-3.96518535277,fast_sweeper
60.5856935956,0.0411975970115,0.0379798789736,-0.132179803457,5.4000000000000004,-0.141683734282,-15.1914783001,-3.97182897905,fast_sweeper
60.6356817916,0.0430961482071,0.0375471489699,-0.132254033532,5.4000000000000004,-0.175488171828,-15.1542501305,-3.97847761523,fast_sweeper
60.6856699876,0.0449732102544,0.0371084438775,-0.13233532284,5.4000000000000004,-0.209051516779,-15.1167898309,-3.98513160266,fast_sweeper
60.7356581837,0.0468284720763,0.0366639014202,-0.13242365496,5.4000000000000004,-0.242371890944,-15.0790988653,-3.99179128231,fast_sweeper
60.7856463797,0.0486616295425,0.0362136599605,-0.132519012949,5.4000000000000004,-0.275447412208,-15.0411787018,-3.99845699467,fast_sweeper
60.8356345758,0.0504723855094,0.0357578585076,-0.132621379066,5.4000000000000004,-0.308276194345,-15.0030308132,-4.00512907975,fast_sweeper
60.8856227718,0.0522604498594,0.0352966367261,-0.132730734989,5.4000000000000004,-0.340856346831,-14.9646566769,-4.01180787703,fast_sweeper
60.9356109678,0.0540255395406,0.0348301349379,-0.132847061889,5.4000000000000004,-0.373185974666,-14.9260577754,-4.01849372542,fast_sweeper
60.9855991639,0.0557673786067,0.0343584941327,-0.132970340053,5.4000000000000004,-0.405263178205,-14.8872355969,-4.0251869632,fast_sweeper
61.0355873599,0.0574856982567,0.033881855972,-0.133100549379,5.4000000000000004,-0.437086052993,-14.8481916351,-4.03188792799,fast_sweeper
61.0855755559,0.0591802368753,0.0334003627946,-0.133237668949,5.4000000000000004,-0.468652689606,-14.8089273901,-4.03859695674,fast_sweeper
61.135563752,0.0608507400728,0.032914157622,-0.133381677304,5.4000000000000004,-0.499961173501,-14.7694443684,-4.04531438564,fast_sweeper
61.185551948,0.0624969607254,0.0324233841616,-0.133532552301,5.4000000000000004,-0.531009584875,-14.7297440836,-4.05204055008,fast_sweeper
61.235540144,0.0641186590157,0.0319281868105,-0.133690271134,5.4000000000000004,-0.561795998529,-14.6898280564,-4.05877578467,fast_sweeper
61.2855283401,0.0657156024729,0.0314287106574,-0.133854810365,5.4000000000000004,-0.592318483742,-14.6496978152,-4.06552042311,fast_sweeper
61.3355165361,0.0672875660131,0.0309251014839,-0.134026145831,5.4000000000000004,-0.622575104153,-14.6093548966,-4.07227479821,fast_sweeper
61.3855047322,0.0688343319796,0.0304175057646,-0.13420425273,5.4000000000000004,-0.652563917646,-14.5688008456,-4.07903924182,fast_sweeper
61.4354929282,0.070355690183,0.0299060706661,-0.134389105511,5.4000000000000004,-0.682282976256,-14.5280372161,-4.08581408478,fast_sweeper
61.4854811242,0.0718514379413,0.0293909440441,-0.13458067793,5.4000000000000004,-0.711730326072,-14.4870655712,-4.09259965687,fast_sweeper
61.5354693203,0.0733213801195,0.0288722744404,-0.134778942973,5.4000000000000004,-0.740904007154,-14.4458874838,-4.09939628681,fast_sweeper
61.5854575163,0.0747653291693,0.0283502110769,-0.134983872879,5.4000000000000004,-0.769802053461,-14.404504537,-4.10620430213,fast_sweeper
61.6354457123,0.0761831051678,0.0278249038491,-0.135195439085,5.4000000000000004,-0.798422492785,-14.3629183245,-4.11302402919,fast_sweeper
61.6854339084,0.0775745358567,0.0272965033177,-0.135413612202,5.4000000000000004,-0.826763346701,-14.3211304509,-4.11985579308,fast_sweeper
61.7354221044,0.0789394566801,0.0267651606982,-0.135638362007,5.4000000000000004,-0.854822630517,-14.2791425324,-4.12669991761,fast_sweeper
61.7854103004,0.080277710822,0.0262310278493,-0.135869657371,5.4000000000000004,-0.882598353247,-14.2369561971,-4.13355672521,fast_sweeper
61.8353984965,0.0815891492437,0.0256942572591,-0.136107466258,5.4000000000000004,-0.910088517588,-14.1945730856,-4.1404265369,fast_sweeper
61.8853866925,0.0828736307196,0.0251550020296,-0.136351755671,5.4000000000000004,-0.937291119905,-14.1519948513,-4.14730967223,fast_sweeper
61.9353748885,0.0841310218725,0.0246134158591,-0.136602491594,5.4000000000000004,-0.964204150239,-14.109223161,-4.1542064492,fast_sweeper
61.9853630846,0.0853611972083,0.024069653023,-0.136859638983,5.4000000000000004,-0.990825592312,-14.0662596952,-4.16111718422,fast_sweeper
62.0353512806,0.0865640391488,0.023523868352,-0.137123161669,5.4000000000000004,-1.01715342356,-14.0231061488,-4.16804219201,fast_sweeper
62.0853394767,0.0877394380646,0.0229762172091,-0.137393022352,5.4000000000000004,-1.04318561515,-13.9797642316,-4.17498178558,fast_sweeper
62.1353276727,0.0888872923056,0.0224268554637,-0.137669182501,5.4000000000000004,-1.06892013208,-13.9362356687,-4.1819362761,fast_sweeper
62.1853158687,0.0900075082306,0.0218759394641,-0.137951602327,5.4000000000000004,-1.09435493318,-13.8925222008,-4.18890597287,fast_sweeper
62.2353040648,0.091100000236,0.0213236260077,-0.13824024069,5.4000000000000004,-1.11948797122,-13.8486255853,-4.19589118321,fast_sweeper
62.2852922608,0.0921646907821,0.0207700723093,-0.138535055053,5.4000000000000004,-1.14431719301,-13.804547596,-4.2028922124,fast_sweeper
62.3352804568,0.0932015104179,0.0202154359668,-0.138836001392,5.4000000000000004,-1.1688405395,-13.7602900245,-4.20990936357,fast_sweeper
62.3852686529,0.0942103978051,0.0196598749256,-0.139143034114,5.4000000000000004,-1.19305594587,-13.7158546799,-4.21694293764,fast_sweeper
62.4352568489,0.0951912997388,0.0191035474391,-0.139456106025,5.4000000000000004,-1.21696134172,-13.6712433898,-4.22399323319,fast_sweeper
62.4852450449,0.0961441711674,0.0185466120311,-0.139775168065,5.4000000000000004,-1.24055465119,-13.6264580009,-4.23106054638,fast_sweeper
62.535233241,0.0970689752096,0.0179892274446,-0.140100169813,5.4000000000000004,-1.26383379311,-13.5815003792,-4.23814517085,fast_sweeper
62.585221437,0.0979656831698,0.0174315526282,-0.140431057263,5.4000000000000004,-1.28679668122,-13.5363724108,-4.24524739759,fast_sweeper
62.635209633,0.0988342745509,0.0168737465757,-0.140767780484,5.4000000000000004,-1.30944122435,-13.4910760022,-4.2523675149,fast_sweeper
62.6851978291,0.0996747370651,0.0163159686958,-0.141110265013,5.4000000000000004,-1.33176532666,-13.445613081,-4.25950580792,fast_sweeper
62.7351860251,0.100487066641,0.015758377218,-0.141458516634,5.4000000000000004,-1.35376688785,-13.3999855966,-4.26666255997,fast_sweeper
62.7851742212,0.10127126743,0.0152011348305,-0.141812234839,5.4000000000000004,-1.37544380342,-13.3541955203,-4.27383804678,fast_sweeper
62.8351624172,0.102027351809,0.0146443876502,-0.1421722365,5.4000000000000004,-1.39679396497,-13.3082448464,-4.28103255732,fast_sweeper
62.8851506132,0.102755340379,0.0140883424591,-0.142535210583,5.4000000000000004,-1.41781526046,-13.2621355923,-4.28824631635,fast_sweeper
62.9351388093,0.103455261962,0.0135329818946,-0.14291303614,5.4000000000000004,-1.43850557454,-13.2158697991,-4.29547976901,fast_sweeper
62.9851270053,0.104127153597,0.0129791131627,-0.143261650877,5.4000000000000004,-1.4588627889,-13.1694495325,-4.30273253192,fast_sweeper
63.0351152013,0.104771060531,0.0124245062258,-0.143742894221,5.4000000000000004,-1.47888478259,-13.1228768829,-4.31000725475,fast_sweeper
63.0851033974,0.105387036201,0.0118754783981,-0.143623287179,5.4000000000000004,-1.49856923161,-13.0761546139,-4.31729162501,fast_sweeper
63.1350915934,0.105975142227,0.011324886257,-0.142999561557,5.4000000000000004,-1.51791376763,-13.0292888322,-4.32455768849,fast_sweeper
63.1850797894,0.106535448385,0.0107775140264,-0.142473246954,5.4000000000000004,-1.53691826673,-12.9822832779,-4.331794673,fast_sweeper
63.2350679855,0.107068032591,0.0102313713897,-0.141900142703,5.4000000000000004,-1.55558293014,-12.9351411917,-4.339003871,fast_sweeper
63.2850561815,0.107572980869,0.00968719319936,-0.141320159151,5.4000000000000004,-1.57390803465,-12.8878658066,-4.34618387019,fast_sweeper
63.3350443776,0.108050387328,0.0091449692631,-0.14072289984,5.4000000000000004,-1.59189393163,-12.8404603468,-4.35333402397,fast_sweeper
63.3850325736,0.108500354123,0.00860489222477,-0.140111713863,5.4000000000000004,-1.60954104594,-12.7929280252,-4.36045350372,fast_sweeper
63.4350207696,0.10892299142,0.00806709868953,-0.139486201926,5.4000000000000004,-1.62684987487,-12.7452720419,-4.3675415579,fast_sweeper
63.4850089657,0.109318417357,0.00753173979954,-0.138846991113,5.4000000000000004,-1.6438209869,-12.6974955817,-4.37459744153,fast_sweeper
63.5349971617,0.109686757997,0.00699896190554,-0.138194431438,5.4000000000000004,-1.6604550205,-12.649601813,-4.38162043566,fast_sweeper
63.5849853577,0.11002814728,0.00646891175836,-0.137528950613,5.4000000000000004,-1.67675268286,-12.6015938855,-4.38860984221,fast_sweeper
63.6349735538,0.110342726973,0.00594173501244,-0.136850956764,5.4000000000000004,-1.69271474853,-12.5534749289,-4.3955649855,fast_sweeper
63.6849617498,0.110630646607,0.00541757654933,-0.136160864249,5.4000000000000004,-1.70834205809,-12.5052480511,-4.40248521195,fast_sweeper
63.7349499458,0.110892063427,0.00489658030344,-0.135459086068,5.4000000000000004,-1.7236355167,-12.4569163364,-4.40936989018,fast_sweeper
63.7849381419,0.111127142315,0.00437888922063,-0.134746035326,5.4000000000000004,-1.7385960927,-12.4084828447,-4.41621841104,fast_sweeper
63.8349263379,0.111336055732,0.00386464517871,-0.134022124283,5.4000000000000004,-1.75322481607,-12.3599506091,-4.42303018754,fast_sweeper
63.8849145339,0.11151898364,0.00335398891635,-0.133287764066,5.4000000000000004,-1.76752277696,-12.3113226353,-4.42980465489,fast_sweeper
63.93490273,0.111676113424,0.00284705995779,-0.132543364246,5.4000000000000004,-1.78149112414,-12.2626019,-4.43654127034,fast_sweeper
63.984890926,0.111807639815,0.00234399653708,-0.13178933244,5.4000000000000004,-1.79513106344,-12.2137913497,-4.44323951318,fast_sweeper
64.0348791221,0.111913764803,0.00184493552097,-0.131026073971,5.4000000000000004,-1.80844385616,-12.1648938993,-4.44989888456,fast_sweeper
64.0848673181,0.111994697546,0.00135001233076,-0.130253991502,5.4000000000000004,-1.82143081747,-12.1159124314,-4.45651890741,fast_sweeper
64.1348555141,0.112050654279,0.000859360863324,-0.12947348472,5.4000000000000004,-1.8340933148,-12.0668497949,-4.46309912625,fast_sweeper
64.1848437102,0.112081858215,0.000373113411457,-0.128684950017,5.4000000000000004,-1.8464327662,-12.0177088042,-4.46963910706,fast_sweeper
64.2348319062,0.112088539444,-0.000108599416453,-0.127888780211,5.4000000000000004,-1.85845063873,-11.9684922382,-4.47613843705,fast_sweeper
64.2848201022,0.112070934829,-0.00058564877719,-0.127085364262,5.4000000000000004,-1.87014844677,-11.9192028394,-4.48259672451,fast_sweeper
64.3348082983,0.11202928789,-0.00105790767361,-0.126275087022,5.4000000000000004,-1.88152775043,-11.8698433133,-4.48901359853,fast_sweeper
64.3847964943,0.1119638487,-0.00152525103577,-0.125458328997,5.4000000000000004,-1.89259015385,-11.8204163274,-4.49538870881,fast_sweeper
64.4347846903,0.111874873758,-0.00198755580218,-0.124635466133,5.4000000000000004,-1.90333730359,-11.7709245107,-4.50172172539,fast_sweeper
64.4847728864,0.111762625874,-0.00244470100056,-0.123806869594,5.4000000000000004,-1.91377088697,-11.721370453,-4.50801233842,fast_sweeper
64.5347610824,0.111627374038,-0.00289656782835,-0.122972905604,5.4000000000000004,-1.92389263042,-11.6717567044,-4.51426025784,fast_sweeper
64.5847492785,0.111469393295,-0.0033430397331,-0.122133935251,5.4000000000000004,-1.93370429787,-11.6220857748,-4.52046521317,fast_sweeper
64.6347374745,0.111288964612,-0.0037840024916,-0.121290314341,5.4000000000000004,-1.94320768914,-11.5723601333,-4.52662695314,fast_sweeper
64.6847256705,0.111086374738,-0.00421934428865,-0.120442393266,5.4000000000000004,-1.95240463829,-11.5225822082,-4.53274524544,fast_sweeper
64.7347138666,0.110861916065,-0.00464895579476,-0.119590516863,5.4000000000000004,-1.96129701206,-11.4727543861,-4.5388198764,fast_sweeper
64.7847020626,0.110615886486,-0.00507273024269,-0.118735024314,5.4000000000000004,-1.96988670828,-11.4228790121,-4.54485065069,fast_sweeper
64.8346902586,0.110348589247,-0.0054905635029,-0.117876249045,5.4000000000000004,-1.9781756543,-11.3729583892,-4.55083739095,fast_sweeper
64.8846784547,0.110060332795,-0.00590235415743,-0.117014518633,5.4000000000000004,-1.98616580544,-11.3229947785,-4.55677993755,fast_sweeper
64.9346666507,0.109751430625,-0.00630800357224,-0.116150154743,5.4000000000000004,-1.99385914349,-11.2729903985,-4.56267814818,fast_sweeper
64.9846548467,0.109422201124,-0.00670741596822,-0.115283473064,5.4000000000000004,-2.00125767517,-11.2229474257,-4.56853189753,fast_sweeper
65.0346430428,0.109072967412,-0.00710049848993,-0.114414783246,5.4000000000000004,-2.00836343068,-11.1728679939,-4.57434107701,fast_sweeper
65.0846312388,0.108704057174,-0.00748716127278,-0.113544388884,5.4000000000000004,-2.01517846219,-11.1227541946,-4.58010559434,fast_sweeper
65.1346194348,0.108315802502,-0.00786731750787,-0.112672587451,5.4000000000000004,-2.02170484246,-11.0726080768,-4.58582537324,fast_sweeper
65.1846076309,0.107908539719,-0.00824088350483,-0.111799670323,5.4000000000000004,-2.0279446634,-11.0224316473,-4.5915003531,fast_sweeper
65.2345958269,0.107482609215,-0.00860777875245,-0.110925922717,5.4000000000000004,-2.03390003467,-10.9722268703,-4.5971304886,fast_sweeper
65.284584023,0.10703835527,-0.00896792597659,-0.110051623731,5.4000000000000004,-2.03957308234,-10.9219956684,-4.60271574938,fast_sweeper
65.334572219,0.106576125877,-0.00932125119584,-0.109177046306,5.4000000000000004,-2.04496594754,-10.8717399217,-4.60825611974,fast_sweeper
65.384560415,0.106096272569,-0.00966768377448,-0.108302457275,5.4000000000000004,-2.05008078516,-10.821461469,-4.6137515982,fast_sweeper
65.4345486111,0.105599150234,-0.0100071564728,-0.107428117343,5.4000000000000004,-2.05491976259,-10.7711621074,-4.61920219727,fast_sweeper
65.4845368071,0.105085116938,-0.0103396054944,-0.10655428114,5.4000000000000004,-2.05948505842,-10.7208435927,-4.62460794301,fast_sweeper
65.5345250031,0.104554533738,-0.0106649705307,-0.105681197212,5.4000000000000004,-2.06377886127,-10.6705076398,-4.62996887476,fast_sweeper
65.5845131992,0.104007764499,-0.0109831948039,-0.104809108172,5.4000000000000004,-2.06780336855,-10.6201559229,-4.63528504476,fast_sweeper
65.6345013952,0.103445175709,-0.0112942250985,-0.103938250234,5.4000000000000004,-2.07156078534,-10.5697900761,-4.64055651783,fast_sweeper
65.6844895912,0.102867136286,-0.0115980118259,-0.10306885528,5.4000000000000004,-2.07505332321,-10.5194116932,-4.64578337107,fast_sweeper
65.7344777873,0.102274017394,-0.0118945089436,-0.102201143068,5.4000000000000004,-2.07828319914,-10.4690223288,-4.65096569339,fast_sweeper
65.7844659833,0.101666192253,-0.0121836744163,-0.101335351254,5.4000000000000004,-2.08125263444,-10.418623498,-4.65610358564,fast_sweeper
65.8344541793,0.101044035945,-0.0124654685951,-0.100471621162,5.398891293438,-2.08396385368,-10.3682166775,-4.66119715865,fast_sweeper
65.8844423754,0.100407925226,-0.0127398605101,-0.099610433021,5.3806865446980003,-2.08641908369,-10.3178033053,-4.66624653913,fast_sweeper
65.9344305714,0.0997582383327,-0.0130068040279,-0.0987509501555,5.3624223720359998,-2.08862055258,-10.267384782,-4.67125184554,fast_sweeper
65.9844187675,0.0990953547894,-0.0132663286221,-0.0978973158123,5.3440981662420004,-2.09057048875,-10.2169624705,-4.67621327853,fast_sweeper
66.0344069635,0.0984196552175,-0.0135181943977,-0.0970347212109,5.3257133064960005,-2.09227111996,-10.1665376969,-4.68113077561,fast_sweeper
66.0843951595,0.0977315211421,-0.0137632028395,-0.0962203183726,5.3072671602420005,-2.09372467245,-10.116111751,-4.6860053216,fast_sweeper
66.1343833556,0.0970313347995,-0.0139982192542,-0.0952380271477,5.2887590827920006,-2.09493337004,-10.0656858868,-4.69083397077,fast_sweeper
66.1843715516,0.0963194789456,-0.0142350665075,-0.0949086538139,5.2701884172720002,-2.0958994333,-10.0152613226,-4.6956287403,fast_sweeper
66.2343597476,0.0955963366642,-0.0144527673613,-0.0903014737522,5.2515570335040005,-2.09662579774,-9.96484611324,-4.70029721064,direction_change
66.2843479437,0.0948622911759,-0.01467854203,-0.0842463268792,5.2328703074399998,-2.09712301143,-9.91445771717,-4.70469528974,direction_change
66.3343361397,0.0941177256482,-0.0148910602753,-0.0786130935035,5.2141277012040002,-2.09740601806,-9.86409740894,-4.70879623378,direction_change
66.3843243357,0.0933630230057,-0.0150976372426,-0.0729045683314,5.1953283956879996,-2.09748968007,-9.81376554809,-4.71260942725,direction_change
66.4343125318,0.0925985657426,-0.0152962435354,-0.0672548666534,5.1764715614699996,-2.09738873164,-9.76346232831,-4.71613475864,direction_change
66.4843007278,0.0918247357355,-0.0154874339344,-0.061623246864,5.1575563588140003,-2.09711778634,-9.71318779289,-4.71937453874,direction_change
66.5342889239,0.0910419140574,-0.01567105805,-0.0560169322859,5.1385819377960003,-2.09669134555,-9.66294184964,-4.72233020187,direction_change
66.5842771199,0.0902504807943,-0.0158471648047,-0.0504297294808,5.119547438214,-2.09612380745,-9.61272428517,-4.72500320192,direction_change
66.6342653159,0.0894508148629,-0.0160157542373,-0.0448589189762,5.1004519896599998,-2.09542947662,-9.56253477869,-4.72739475651,direction_change
66.684253512,0.0886432938294,-0.0161768453338,-0.0393006422548,5.08129471125,-2.09462257405,-9.51237291526,-4.72950590793,direction_change
66.734241708,0.0878282937319,-0.0163304574077,-0.0337511800919,5.0620747116240006,-2.09371724765,-9.46223819866,-4.73133749838,direction_change
66.784229904,0.0870061889037,-0.0164766150723,-0.0282066186783,5.0427910886039999,-2.09272758304,-9.41213006387,-4.73289016936,direction_change
66.8342181001,0.0861773517989,-0.0166153467817,-0.0226629543495,5.0234429290680005,-2.09166761469,-9.36204788913,-4.73416435522,direction_change
66.8842062961,0.0853421528213,-0.0167466851176,-0.0171160779203,5.0040293085540002,-2.09055133742,-9.31199100785,-4.73516027895,direction_change
66.9341944921,0.0845009601551,-0.0168706665986,-0.0115617908718,4.9845492910080003,-2.08939271795,-9.26195872014,-4.73587794806,direction_change
66.9841826882,0.0836541395982,-0.0169873316147,-0.00599581230308,4.9650019283699995,-2.08820570682,-9.21195030426,-4.73631715089,direction_change
67.0341708842,0.0828020543989,-0.0170967243265,-0.000413788015586,4.9453862601959999,-2.08700425035,-9.16196502788,-4.73647745346,direction_change
67.0841590802,0.0819450650948,-0.0171988925695,0.00518870122523,4.9257013131719996,-2.08580230276,-9.11200215928,-4.73635819662,direction_change
67.1341472763,0.0810835293556,-0.0172938877555,0.0108161310741,4.9059461007000005,-2.08461383839,-9.06206097852,-4.73595849373,direction_change
67.1841354723,0.0802178018284,-0.0173817647713,0.0164730248696,4.8861196222860004,-2.08345286393,-9.01214078866,-4.73527722864,direction_change
67.2341236684,0.0793482339861,-0.0174625818765,0.0221639443464,4.8662208630179995,-2.08233343069,-8.96224092695,-4.73431305415,direction_change
67.2841118644,0.0784751739802,-0.0175364005984,0.0278934797346,4.8462487929540004,-2.0812696469,-8.91236077632,-4.73306439101,direction_change
67.3341000604,0.0775989664959,-0.0176032856258,0.0336662389408,4.8262023665280003,-2.08027568983,-8.86249977688,-4.73152942723,direction_change
67.3840882565,0.0767199526115,-0.0176633047006,0.0394868356245,4.8060805217759999,-2.07936581794,-8.8126574378,-4.72970611815,direction_change
67.4340764525,0.0758384696613,-0.0177165285083,0.0453598759226,4.7858821796519999,-2.07855438283,-8.76283334934,-4.72759218692,direction_change
67.4840646485,0.0749548511023,-0.0177630305659,0.0512899435281,4.7656062432540001,-2.07785584102,-8.71302719532,-4.72518512582,direction_change
67.5340528446,0.0740694263847,-0.017802887109,0.0572815829212,4.7452515970140006,-2.07728476546,-8.66323876592,-4.72248219817,direction_change
67.5840410406,0.0731825208263,-0.0178361769774,0.0633392803445,4.7248171057619999,-2.07685585676,-8.61346797095,-4.71948044127,direction_change
67.6340292366,0.0722944554908,-0.0178629814981,0.0694674424376,4.7043016138440006,-2.07658395407,-8.56371485359,-4.71617667016,direction_change
67.6840174327,0.0714055470706,-0.0178833843684,0.0756703717759,4.683703944096,-2.07648404553,-8.51397960464,-4.71256748258,direction_change
67.7340056287,0.0705161077736,-0.0178974715375,0.0819522396514,4.6630228968359999,-2.07657127813,-8.46426257741,-4.70864926509,direction_change
67.7839938248,0.0696264452137,-0.0179053310853,0.0883170549869,4.6422572487479998,-2.07686096703,-8.41456430314,-4.70441820067,direction_change
67.8339820208,0.0687368623061,-0.0179070531024,0.0947686295987,4.6214057516220004,-2.07736860416,-8.36488550719,-4.69987027783,direction_change
67.8839702168,0.0678476571671,-0.017902729568,0.101310539155,4.6004671312020005,-2.07810986596,-8.31522712581,-4.69500130151,direction_change
67.9339584129,0.0669591230173,-0.0178924542274,0.107946079546,4.5794400857460005,-2.0791006202,-8.26559032373,-4.68980690598,direction_change
67.9839466089,0.0660715480906,-0.0178763224698,0.114678218267,4.5583232846940005,-2.08035693167,-8.21597651241,-4.68428256992,direction_change
68.0339348049,0.0651852155464,-0.0178544312051,0.121509540525,4.5371153670839997,-2.0818950667,-8.16638736911,-4.67842363402,direction_change
68.083923001,0.0643004033867,-0.0178268787423,0.128442189654,4.5158149399859999,-2.08373149618,-8.11682485671,-4.6722253212,direction_change
68.133911197,0.063417384378,-0.0177937646672,0.135477801731,4.4944205767919998,-2.08588289705,-8.06729124426,-4.66568275989,direction_change
68.183899393,0.0625364259775,-0.017755189724,0.142617433859,4.4729308153799998,-2.08836615197,-8.01778912829,-4.65879101062,direction_change
68.2338875891,0.0616577902636,-0.0177112556957,0.149861486546,4.4513441562600002,-2.09119834699,-7.96832145482,-4.65154509609,direction_change
68.2838757851,0.0607817338712,-0.0176620652896,0.157209619384,4.4296590603960002,-2.09439676696,-7.91889154203,-4.64394003524,direction_change
68.3338639811,0.0599085079315,-0.0176077220259,0.16466066094,4.4078739472079995,-2.0979788885,-7.86950310341,-4.63597088135,direction_change
68.3838521772,0.0590383580165,-0.01754833013,0.172212512598,4.3859871921779998,-2.10196237019,-7.82016027155,-4.62763276473,direction_change
68.4338403732,0.0581715240875,-0.0174839944314,0.179862047041,4.3639971244559996,-2.10636503974,-7.77086762209,-4.61892094002,direction_change
68.4838285693,0.0573082404489,-0.0174148202677,0.18760500224,4.3419020243580002,-2.11120487793,-7.72163019799,-4.60983083857,direction_change
68.5338167653,0.0564487357061,-0.0173409133984,0.195435871663,4.3197001206119996,-2.11649999885,-7.67245353373,-4.60035812585,direction_change
68.5838049613,0.0555932327278,-0.0172623799237,0.203347792753,4.2973895875680004,-2.12226862642,-7.62334367933,-4.59049876424,direction_change
68.6337931574,0.054741948613,-0.0171793262292,0.211332433664,4.2749685423179997,-2.12852906664,-7.57430722379,-4.58024908117,direction_change
68.6837813534,0.0538950946624,-0.0170918588808,0.219379886443,4.2524350414920002,-2.13529967547,-7.52535131783,-4.5696058425,direction_change
68.7337695494,0.0530528763542,-0.0170000847757,0.227478547005,4.2297870781800002,-2.14259882204,-7.47648369545,-4.5585663313,direction_change
68.7837577455,0.0522154933244,-0.0169041103645,0.235615070334,4.2070225785300002,-2.1504448469,-7.42771269386,-4.5471284307,direction_change
68.8337459415,0.0513831393513,-0.016804044544,0.243774075146,4.1841393983459998,-2.15885601524,-7.37904727157,-4.53529071471,direction_change
68.8837341375,0.0505560023442,-0.0166999874276,0.251938875943,4.1611353196320007,-2.16785046482,-7.33049702388,-4.52305252882,direction_change
68.9337223336,0.0497342643369,-0.0165920738193,0.260088319612,4.1380080469560001,-2.17744614867,-7.28207219546,-4.51041412829,direction_change
68.9837105296,0.0489181014847,-0.0164803052654,0.268208785161,4.1147552037960002,-2.18766077236,-7.23378368932,-4.49737660698,direction_change
69.0336987257,0.0481076840658,-0.0163651994077,0.276247696963,4.0913743289219999,-2.1985117262,-7.18564307173,-4.48394264416,direction_change
69.0836869217,0.0473031764871,-0.0162452813824,0.284293172121,4.0678628727059998,-2.21001601229,-7.13766257229,-4.47011409251,direction_change
69.1336751177,0.046504737294,-0.0161267729636,0.291880452758,4.0442181934679997,-2.22219016696,-7.08985507876,-4.45590176127,direction_change
69.1836633138,0.0457125191831,-0.015986186961,0.300669674428,4.0204375538759995,-2.23505017889,-7.04223412587,-4.4412881001,direction_change
69.2336515098,0.0449266690207,-0.0158814542873,0.303306195521,4.0029253754580001,-2.24861177048,-6.99481158849,-4.42638949495,direction_change
69.2836397058,0.0441473278632,-0.0157194674262,0.29524942947,4.0188692083320001,-2.26288307619,-6.94757703318,-4.4116223907,direction_change
69.3336279019,0.0433746309825,-0.0155809401142,0.288804577263,4.0347582429600006,-2.27784951705,-6.90053130369,-4.3972055292,direction_change
69.3836160979,0.0426087078948,-0.0154331261368,0.281688363075,4.0505930697779995,-2.29349312888,-6.85367963816,-4.38311619957,direction_change
69.4336042939,0.0418496823924,-0.015284955474,0.274545873516,4.0663742440500004,-2.30979552353,-6.80702648928,-4.36937202255,direction_change
69.48359249,0.0410976725798,-0.0151342142807,0.267238480989,4.082102288532,-2.32673797113,-6.7605755329,-4.35597817444,direction_change
69.533580686,0.0403527909126,-0.0149816615773,0.259835277557,4.0977776964600006,-2.3443014786,-6.71432968185,-4.34294155782,direction_change
69.583568882,0.0396151442403,-0.0148272570208,0.252348067474,4.1134009342320006,-2.36246686383,-6.66829110423,-4.33026709174,direction_change
69.6335570781,0.0388848338516,-0.0146711688681,0.24480200181,4.1289724440539999,-2.38121482503,-6.62246124556,-4.31795878849,direction_change
69.6835452741,0.0381619555237,-0.0145135048206,0.237216620518,4.1444926465140002,-2.40052600503,-6.57684085429,-4.30601955807,direction_change
69.7335334702,0.0374465995737,-0.0143543840758,0.229610859266,4.1599619430120001,-2.4203810502,-6.53143000992,-4.29445135694,direction_change
69.7835216662,0.036738850914,-0.0141939182583,0.222001693777,4.1753807179380003,-2.44076066395,-6.48622815328,-4.28325524741,direction_change
69.8335098622,0.0360387891094,-0.0140322167039,0.214404514254,4.1907493409400001,-2.46164565479,-6.4412341183,-4.2724314818,direction_change
69.8834980583,0.0353464884382,-0.0138693852458,0.206833064594,4.2060681686699999,-2.48301697899,-6.39644616489,-4.26197957938,direction_change
69.9334862543,0.0346620179547,-0.0137055267396,0.199299519717,4.2213375467100001,-2.50485577805,-6.3518620124,-4.25189840353,direction_change
69.9834744503,0.0339854415553,-0.0135407411206,0.191814543613,4.2365578110840003,-2.52714341104,-6.30747887326,-4.24218623593,direction_change
70.0334626464,0.0333168180463,-0.0133751255801,0.18438736604,4.2517292897339996,-2.54986148223,-6.26329348646,-4.23284084798,direction_change
70.0834508424,0.0326562012147,-0.0132087746997,0.177025864046,4.2668523038339998,-2.57299186406,-6.21930215056,-4.22385956868,direction_change
70.1334390384,0.0320036399005,-0.0130417805865,0.169736648819,4.2819271688339997,-2.59651671598,-6.17550075598,-4.21523934874,direction_change
70.1834272345,0.0313591780719,-0.0128742329945,0.162525154866,4.296954195594,-2.62041849928,-6.13188481635,-4.20697682061,direction_change
70.2334154305,0.0307228549019,-0.0127062194356,0.155395729972,4.3119336911220003,-2.64467998828,-6.08844949868,-4.19906835443,direction_change
70.2834036265,0.0300947048472,-0.0125378252799,0.148351724361,4.3268659593840004,-2.66928427825,-6.04518965241,-4.19151010973,direction_change
70.3333918226,0.0294747577288,-0.0123691338442,0.141395577836,4.3417513018980003,-2.69421479025,-6.00209983693,-4.18429808297,direction_change
70.3833800186,0.0288630388146,-0.0122002264694,0.134528904091,4.3565900183639998,-2.71945527335,-5.95917434789,-4.17742815107,direction_change
70.4333682147,0.028259568903,-0.0120311825895,0.12775257116,4.3713824069519998,-2.74498980432,-5.91640724188,-4.17089611088,direction_change
70.4833564107,0.0276643644082,-0.0118620797879,0.121066778055,4.3861287648060001,-2.77080278519,-5.87379235977,-4.16469771496,direction_change
70.5333446067,0.0270774374479,-0.011692993847,0.114471126497,4.4008293882420002,-2.79687893897,-5.83132334851,-4.15882870369,direction_change
70.5833328028,0.0264987959306,-0.0115239987891,0.107964688338,4.4154845730360002,-2.82320330358,-5.78899368149,-4.15328483408,direction_change
70.6333209988,0.0259284436453,-0.0113551669099,0.101546067981,4.4300946145319999,-2.84976122444,-5.74679667757,-4.14806190528,direction_change
70.6833091948,0.0253663803521,-0.011186568805,0.0952134602201,4.4446598078039994,-2.87653834569,-5.70472551864,-4.14315578122,direction_change
70.7332973909,0.0248126018734,-0.0110182733912,0.0889647033533,4.4591804477280004,-2.90352060043,-5.66277326593,-4.13856241049,direction_change
70.7832855869,0.0242671001866,-0.010850347923,0.0827973279245,4.4736568290180001,-2.93069420002,-5.62093287509,-4.13427784367,direction_change
70.8332737829,0.0237298635167,-0.0106828580042,0.0767086011568,4.4880892462620006,-2.95804562261,-5.5791972101,-4.13029824833,direction_change
70.883261979,0.0232008764308,-0.0105158675962,0.0706955673961,4.5024779938499995,-2.98556160101,-5.53755905596,-4.12661992196,direction_change
70.933250175,0.0226801199319,-0.0103494390242,0.0647550847958,4.5168233660280004,-3.01322911014,-5.49601113055,-4.12323930288,direction_change
70.9832383711,0.0221675715543,-0.0101836329794,0.0588838585411,4.5311256567539999,-3.04103535397,-5.45454609534,-4.12015297944,direction_change
71.0332265671,0.0216632054589,-0.0100185085208,0.0530784708559,4.5453851596980002,-3.06896775224,-5.41315656532,-4.11735769764,direction_change
71.0832147631,0.0211669925286,-0.0098541230752,0.0473354080995,4.559602168134,-3.09701392686,-5.37183511812,-4.11485036721,direction_change
71.1332029592,0.0206789004645,-0.00969053243591,0.0416510852252,4.5737769749219996,-3.12516168822,-5.33057430233,-4.11262806645,direction_change
71.1831911552,0.0201988938816,-0.00952779076131,0.0360218678796,4.5879098722560006,-3.15339902138,-5.28936664524,-4.11068804584,direction_change
71.2331793512,0.0197269344052,-0.00936595057334,0.0304440923285,4.6020011517900006,-3.1817140722,-5.24820465992,-4.10902773063,direction_change
71.2831675473,0.0192629807669,-0.0092050627551,0.0249140836544,4.6160511043320005,-3.21009513349,-5.20708085182,-4.1076447223,direction_change
71.3331557433,0.0188069889003,-0.0090451765501,0.0194281721077,4.6300600199159998,-3.23853063121,-5.16598772488,-4.10653679932,direction_change
71.3831439393,0.0183589120367,-0.00888633956121,0.0139827083313,4.64402818755,-3.26700911073,-5.12491778726,-4.10570191693,direction_change
71.4331321354,0.017918700801,-0.00872859774986,0.00857407714616,4.6579558952699998,-3.29551922322,-5.08386355677,-4.10513820624,direction_change
71.4831203314,0.0174863033061,-0.00857199543726,0.00319871050479,4.6718434299060005,-3.32404971219,-5.04281756594,-4.10484397264,direction_change
71.5331085274,0.0170616652481,-0.00841657530565,-0.00214690041678,4.6856910771000004,-3.35258940016,-5.00177236699,-4.10481769348,direction_change
71.5830967235,0.0166447300001,-0.00826237840091,-0.00746619374352,4.699499121144,-3.38112717553,-4.96072053658,-4.10505801525,direction_change
71.6330849195,0.0162354387059,-0.00810944413628,-0.0127625258795,4.7132678449079997,-3.4096519797,-4.91965468046,-4.10556375005,direction_change
71.6830731156,0.0158337303727,-0.00795781029742,-0.0180391608065,4.7269975297859999,-3.43815279435,-4.87856743808,-4.10633387158,direction_change
71.7330613116,0.0154395419635,-0.0078075130483,-0.0232992595131,4.7406884555879998,-3.466618629,-4.8374514872,-4.10736751054,direction_change
71.7830495076,0.0150528084884,-0.00765858693866,-0.0285458695067,4.7543409004679997,-3.49503850885,-4.79629954858,-4.10866394947,direction_change
71.8330377037,0.014673463095,-0.00751106491292,-0.0337819141802,4.767955140852,-3.52340146286,-4.75510439071,-4.11022261706,direction_change
71.8830258997,0.0143014371584,-0.00736497831977,-0.0390101819864,4.7815314513839997,-3.55169651221,-4.71385883475,-4.1120430819,direction_change
71.9330140957,0.0139366603695,-0.00722035692348,-0.044233315329,4.7950701048540001,-3.57991265897,-4.67255575961,-4.11412504564,direction_change
71.9830022918,0.0135790608228,-0.00707722891651,-0.0494537989986,4.8085713721259999,-3.60803887527,-4.63118810733,-4.11646833562,direction_change
72.0329904878,0.0132285651032,-0.00693562093286,-0.0546739481456,4.8220355221020004,-3.63606409269,-4.58974888863,-4.11907289681,direction_change
72.0829786838,0.0128850983711,-0.00679555806387,-0.0598958957277,4.835462821668,-3.6639771922,-4.5482311889,-4.12193878321,direction_change
72.1329668799,0.0125485844473,-0.00665706387092,-0.0651215790667,4.84885353564,-3.69176699439,-4.50662817446,-4.12506614851,direction_change
72.1829550759,0.0122189458952,-0.00652016041472,-0.0703527267716,4.8622079267640004,-3.71942225032,-4.46493309926,-4.12845523611,direction_change
72.232943272,0.0118961041036,-0.00638486822943,-0.0755908410463,4.8755262555719998,-3.74693163276,-4.42313931201,-4.13210636836,direction_change
72.282931468,0.0115799793666,-0.0062512065053,-0.080837193637,4.888808780472,-3.77428372801,-4.38124026373,-4.13601993524,direction_change
72.332919664,0.0112704909632,-0.00611919250262,-0.0860927678192,4.9020557576220005,-3.80146702837,-4.33922951585,-4.14019638143,direction_change
72.3829078601,0.0109675572349,-0.00598884382416,-0.0913583969332,4.9152674409480008,-3.82846992516,-4.29710074879,-4.1446361955,direction_change
72.4328960561,0.0106710956623,-0.00586017008384,-0.0966341704637,4.9284440821439999,-3.85528070255,-4.25484777114,-4.14933988751,direction_change
72.4828842521,0.01038102294,-0.00573320391467,-0.101921552998,4.941585930564,-3.88188753201,-4.21246452937,-4.15430800514,direction_change
72.5328724482,0.0100972550502,-0.005607886109,-0.107215443685,4.9546932333120006,-3.90827846772,-4.16994511812,-4.15954100295,direction_change
72.5828606442,0.0098197073348,-0.00548449142365,-0.112533508143,4.9677662351340004,-3.93444144276,-4.12728379115,-4.1650396514,direction_change
72.6328488402,0.00954829456593,-0.00536205126439,-0.117807455373,4.9808051784720009,-3.96036426632,-4.08447497283,-4.1708034417,direction_change
72.6828370363,0.0092829310149,-0.00524419448736,-0.12328542424,4.9938103033920003,-3.98603462193,-4.0415132703,-4.17683640788,direction_change
72.7328252323,0.00902353051971,-0.0051198917948,-0.128027840892,5.0067818412480003,-4.01144005982,-3.99839351093,-4.1831251003,direction_change
72.7828134283,0.00877000655092,-0.00500883494756,-0.127716730378,5.0197196517660005,-4.03657011583,-3.95511361067,-4.18952463851,direction_change
72.8328016244,0.00852227227593,-0.00489275438973,-0.127888323976,5.0326237773900004,-4.06142203579,-3.91167530375,-4.19592051945,direction_change
72.8827898204,0.00828024062169,-0.00478020235953,-0.127948992156,5.0454944877960006,-4.08599469276,-3.86808025477,-4.20232199469,direction_change
72.9327780165,0.00804382433576,-0.00466890537456,-0.128056869246,5.0583320489519998,-4.11028693762,-3.82433012097,-4.20872749037,direction_change
72.9827662125,0.00781293604578,-0.00455947232343,-0.128169811877,5.0711367232619997,-4.13429759882,-3.78042655298,-4.21513831535,direction_change
73.0327544085,0.00758748831726,-0.00445174283715,-0.128299030604,5.0839087695299998,-4.15802548209,-3.73637119557,-4.22155500954,direction_change
73.0827426046,0.00736739370979,-0.00434576000475,-0.128441525486,5.0966484431039998,-4.18146937019,-3.69216568845,-4.22797831672,direction_change
73.1327308006,0.00715256483161,-0.00424151133695,-0.128598082887,5.1093559959299997,-4.2046280226,-3.64781166703,-4.23440892548,direction_change
73.1827189966,0.00694291439245,-0.00413899779559,-0.128768482091,5.1220316765880005,-4.22750017531,-3.60331076321,-4.24084753832,direction_change
73.2327071927,0.00673835525486,-0.00403821545336,-0.128952771826,5.1346757303279995,-4.25008454058,-3.55866460617,-4.24729485327,direction_change
73.2826953887,0.00653880048376,-0.00393916041932,-0.129150930233,5.1472883992680005,-4.27237980669,-3.51387482316,-4.2537515689,direction_change
73.3326835847,0.00634416339451,-0.00384182756933,-0.129362955342,5.1598699222500004,-4.2943846377,-3.46894304032,-4.26021838302,direction_change
73.3826717808,0.00615435759919,-0.00374621092612,-0.129588840878,5.1724205350920007,-4.31609767328,-3.42387088344,-4.26669599309,direction_change
73.4326599768,0.00596929705137,-0.00365230359946,-0.129828582586,5.18494047048,-4.33751752848,-3.37865997882,-4.27318509617,direction_change
73.4826481729,0.00578889608918,-0.00356009784369,-0.130082176453,5.1974299581840002,-4.35864279353,-3.33331195406,-4.27968638896,direction_change
73.5326363689,0.00561306947688,-0.00346958508351,-0.130349619026,5.2098892249499995,-4.37947203367,-3.28782843891,-4.28620056787,direction_change
73.5826245649,0.00544173244469,-0.00338075594805,-0.130630907211,5.2223184946980004,-4.40000378898,-3.24221106607,-4.292728329,direction_change
73.632612761,0.00527480072714,-0.00329360030221,-0.130926038153,5.2347179884499999,-4.42023657419,-3.19646147206,-4.29927036819,direction_change
73.682600957,0.00511219059986,-0.00320810727857,-0.131235009122,5.2470879244919999,-4.44016887856,-3.15058129806,-4.30582738099,direction_change
73.732589153,0.00495381891469,-0.00312426530895,-0.131557817368,5.25942851832,-4.45979916574,-3.10457219076,-4.31240006274,direction_change
73.7825773491,0.00479960313342,-0.003042062155,-0.131894459944,5.271739982802,-4.47912587363,-3.05843580323,-4.3189891085,direction_change
73.8325655451,0.00464946135984,-0.00296148493907,-0.132244933601,5.2840225280880002,-4.49814741427,-3.0121737958,-4.32559521307,direction_change
73.8825537411,0.00450331237044,-0.0028825201748,-0.132609234561,5.2962763618080002,-4.51686217374,-2.96578783693,-4.33221907097,direction_change
73.9325419372,0.00436107564348,-0.0028051537965,-0.13298735837,5.3085016889640002,-4.53526851208,-2.91927960409,-4.33886137641,direction_change
73.9825301332,0.00422267138672,-0.0027293711889,-0.133379299697,5.3206987121099996,-4.55336476322,-2.87265078471,-4.34552282328,direction_change
74.0325183292,0.0040880205636,-0.00265515721632,-0.133785052142,5.3328676312979999,-4.57114923491,-2.82590307703,-4.35220410505,direction_change
74.0825065253,0.00395704491808,-0.00258249625086,-0.134204607988,5.3450086442040003,-4.5886202087,-2.77903819107,-4.35890591476,direction_change
74.1324947213,0.00382966699805,-0.0025113722008,-0.134637958043,5.357121946056,-4.6057759399,-2.73205784952,-4.36562894494,direction_change
74.1824829174,0.00370581017734,-0.00244176853821,-0.135085091321,5.3692077298139997,-4.6226146576,-2.6849637887,-4.37237388752,direction_change
74.2324711134,0.0035853986764,-0.0023736683259,-0.135545994875,5.3812661860980002,-4.63913456464,-2.63775775952,-4.37914143377,direction_change
74.2824593094,0.00346835758166,-0.00230705424416,-0.136020653466,5.3932975032599995,-4.65533383769,-2.59044152842,-4.38593227414,direction_change
74.3324475055,0.0033546128636,-0.00224190861678,-0.136509049358,5.4000000000000004,-4.67121062728,-2.54301687835,-4.39274709821,direction_change
74.3824357015,0.00324409139348,-0.00217821343676,-0.137011161967,5.4000000000000004,-4.68676305786,-2.49548560976,-4.39958659452,direction_change
74.4324238975,0.00313672095892,-0.00211595039097,-0.137526967622,5.4000000000000004,-4.70198922795,-2.44784954158,-4.40645145041,direction_change
74.4824120936,0.00303243027817,-0.00205510088492,-0.13805643921,5.4000000000000004,-4.71688721018,-2.40011051222,-4.41334235191,direction_change
74.5324002896,0.00293114901322,-0.00199564606657,-0.138599545891,5.4000000000000004,-4.73145505153,-2.35227038059,-4.42025998352,direction_change
74.5823884856,0.00283280778177,-0.00193756684964,-0.139156252717,5.4000000000000004,-4.74569077342,-2.30433102713,-4.42720502801,direction_change
74.6323766817,0.00273733816803,-0.00188084393618,-0.139726520323,5.4000000000000004,-4.75959237195,-2.25629435485,-4.43417816627,direction_change
74.6823648777,0.0026446727324,-0.00182545783919,-0.140310304543,5.4000000000000004,-4.77315781811,-2.20816229033,-4.441180077,direction_change
74.7323530737,0.00255474502009,-0.00177138890364,-0.140907556013,5.4000000000000004,-4.78638505806,-2.15993678484,-4.44821143653,direction_change
74.7823412698,0.00246748956871,-0.00171861732793,-0.141518219834,5.4000000000000004,-4.79927201339,-2.11161981535,-4.45527291852,direction_change
74.8323294658,0.00238284191477,-0.00166712318414,-0.142142235086,5.4000000000000004,-4.81181658145,-2.06321338563,-4.46236519366,direction_change
74.8823176619,0.00230073859925,-0.00161688643778,-0.14277953449,5.4000000000000004,-4.82401663571,-2.01471952732,-4.4694889294,direction_change
74.9323058579,0.00222111717219,-0.00156788696721,-0.1434300439,5.4000000000000004,-4.83587002615,-1.96614030102,-4.47664478961,direction_change
74.9822940539,0.00214391619629,-0.00152010458205,-0.144093681909,5.4000000000000004,-4.84737457968,-1.9174777974,-4.48383343421,direction_change
75.03228225,0.00206907524969,-0.00147351904154,-0.14477035935,5.4000000000000004,-4.85852810058,-1.86873413831,-4.49105551879,direction_change
75.082270446,0.00199653492783,-0.00142811007171,-0.14545997883,5.4000000000000004,-4.86932837108,-1.81991147786,-4.49831169427,direction_change
75.132258642,0.00192623684441,-0.0013838573824,-0.146162434247,5.4000000000000004,-4.87977315183,-1.77101200357,-4.5056026064,direction_change
75.1822468381,0.00185812363165,-0.00134074068371,-0.146877610271,5.4000000000000004,-4.88986018251,-1.72203793748,-4.51292889537,direction_change
75.2322350341,0.0017921389396,-0.00129873970142,-0.147605381826,5.4000000000000004,-4.8995871825,-1.67299153729,-4.52029119532,direction_change
75.2822232301,0.00172822743489,-0.00125783419231,-0.148345613577,5.4000000000000004,-4.90895185153,-1.62387509746,-4.52769013383,direction_change
75.3322114262,0.00166633479852,-0.0012180039587,-0.149098159356,5.4000000000000004,-4.91795187043,-1.57469095038,-4.53512633141,direction_change
75.3821996222,0.00160640772312,-0.00117922886247,-0.149862861642,5.4000000000000004,-4.9265849019,-1.52544146748,-4.54260040094,direction_change
75.4321878183,0.00154839390945,-0.00114148883863,-0.150639550963,5.4000000000000004,-4.93484859135,-1.47612906038,-4.55011294709,direction_change
75.4821760143,0.00149224206226,-0.00110476390773,-0.151428045324,5.4000000000000004,-4.9427405678,-1.426756182,-4.5576645657,direction_change
75.5321642103,0.00143790188556,-0.00106903418882,-0.152228149662,5.4000000000000004,-4.95025844481,-1.3773253277,-4.56525584316,direction_change
75.5821524064,0.00138532407722,-0.00103427991096,-0.153039655172,5.4000000000000004,-4.95739982152,-1.3278390364,-4.57288735573,direction_change
75.6321406024,0.00133446032308,-0.00100048142425,-0.153862338784,5.4000000000000004,-4.96416228365,-1.27829989169,-4.58055966884,direction_change
75.6821287984,0.0012852632905,-0.000967619210975,-0.154695962505,5.4000000000000004,-4.97054340471,-1.22871052295,-4.58827333638,direction_change
75.7321169945,0.00123768662133,-0.000935673895666,-0.155540272826,5.4000000000000004,-4.97654074713,-1.17907360645,-4.59602889989,direction_change
75.7821051905,0.00119168492447,-0.000904626254583,-0.156395000092,5.4000000000000004,-4.98215186352,-1.12939186639,-4.60382688785,direction_change
75.8320933865,0.00114721376791,-0.000874457225279,-0.157259857913,5.4000000000000004,-4.98737429803,-1.07966807602,-4.61166781477,direction_change
75.8820815826,0.00110422967036,-0.000845147914984,-0.158134542494,5.4000000000000004,-4.99220558771,-1.02990505864,-4.61955218041,direction_change
75.9320697786,0.00106269009245,-0.000816679609071,-0.159018732098,5.4000000000000004,-4.996643264,-0.980105688684,-4.62748046885,direction_change
75.9820579746,0.00102255342752,-0.000789033778658,-0.159912086337,5.4000000000000004,-5.00068485422,-0.930272892666,-4.63545314762,direction_change
76.0320461707,0.000983778992053,-0.000762192087937,-0.160814245678,5.4000000000000004,-5.00432788325,-0.880409650195,-4.6434706667,direction_change
76.0820343667,0.000946327015783,-0.000736136400919,-0.161724830736,5.4000000000000004,-5.00756987514,-0.830518994912,-4.6515334576,direction_change
76.1320225628,0.000910158631435,-0.000710848787874,-0.162643441812,5.4000000000000004,-5.01040835492,-0.780604015409,-4.65964193233,direction_change
76.1820107588,0.000875235864189,-0.00068631153157,-0.163569658218,5.4000000000000004,-5.01284085042,-0.730667856102,-4.66779648237,direction_change
76.2319989548,0.000841521620852,-0.000662507131769,-0.164503037784,5.4000000000000004,-5.0148648942,-0.680713718081,-4.67599747761,direction_change
76.2819871509,0.000808979678772,-0.000639418312787,-0.165443116422,5.4000000000000004,-5.01647802552,-0.630744859898,-4.68424526528,direction_change
76.3319753469,0.000777574674511,-0.000617028021162,-0.166389407153,5.4000000000000004,-5.01767779246,-0.580764598323,-4.69254016879,direction_change
76.3819635429,0.00074727209229,-0.00059531945452,-0.167341401375,5.3891023751099993,-5.01846175402,-0.530776309039,-4.70088248668,direction_change
76.431951739,0.000718038252239,-0.000574275974107,-0.168298562049,5.3737558628939999,-5.01882748243,-0.480783427289,-4.70927249133,direction_change
76.481939935,0.000689840298462,-0.000553881450385,-0.16926034702,5.3584665150960005,-5.01877256541,-0.430789448454,-4.71771042812,direction_change
76.531928131,0.000662646186933,-0.000534118988369,-0.170226120098,5.3432443396079998,-5.01829460859,-0.38079792858,-4.72619651296,direction_change
76.5819163271,0.000636424673246,-0.0005149757014,-0.171195481395,5.3280953208540005,-5.01739123803,-0.330812484827,-4.73473093585,direction_change
76.6319045231,0.000611145300238,-0.000496424902822,-0.172167032703,5.3130406339979999,-5.01606010271,-0.280836795845,-4.74331384185,direction_change
76.6818927192,0.000586778385491,-0.000478492596901,-0.173142984992,5.2980455079360009,-5.01429887726,-0.230874602083,-4.75194539628,direction_change
76.7318809152,0.00056329500874,-0.000461009291113,-0.174111959334,5.2832824995780001,-5.0121052646,-0.180929705999,-4.76062553535,direction_change
76.7818691112,0.0005406669992,-0.000444536369304,-0.175113179589,5.2681571039700001,-5.00947699879,-0.131005972201,-4.76935489121,direction_change
76.8318573073,0.00051886692282,-0.000426908661836,-0.175996899736,5.253826043268,-5.00641184789,-0.0811073274813,-4.7781313333,direction_change
76.8818455033,0.000497868069487,-0.000416137381902,-0.177318438694,5.2352953236540003,-5.0029076169,-0.0312377607613,-4.78696287,direction_change
76.9318336993,0.000477644440195,-0.000391669646806,-0.176778976112,5.2432773095340002,-4.99896224405,0.018598677568,-4.7958139172,direction_change
76.9818218954,0.000458170734178,-0.000383612438435,-0.172926893731,5.2556195217420001,-4.99457799386,0.0683981942651,-4.80455516137,direction_change
77.0318100914,0.000439422336038,-0.000367554333656,-0.169613725601,5.2679327589540001,-4.98976319862,0.118157690359,-4.81311726417,direction_change
77.0817982874,0.000421375302868,-0.000354241870111,-0.166098842987,5.2802172266760001,-4.9845267647,0.167874355653,-4.8215086564,direction_change
77.1317864835,0.000404006351393,-0.000340779379027,-0.162586844467,5.2924731280019994,-4.97887771597,0.217545612502,-4.82972437209,direction_change
77.1817746795,0.000387292845122,-0.000327926283149,-0.159028852437,5.3047006635600003,-4.97282517832,0.267169113363,-4.83776333668,direction_change
77.2317628755,0.000371212781545,-0.000315463190507,-0.155443643024,5.3169000315840007,-4.96637836477,0.316742737707,-4.84562372334,direction_change
77.2817510716,0.000355744779366,-0.000303433222477,-0.151831606743,5.3290714280040001,-4.95954656128,0.366264588343,-4.85330418407,direction_change
77.3317392676,0.000340868065796,-0.000291809506875,-0.1481977872,5.3412150463739998,-4.95233911336,0.415732987232,-4.86080350658,direction_change
77.3817274637,0.000326562463899,-0.00028058423732,-0.144545703525,5.3533310779979999,-4.94476541334,0.46514647083,-4.86812069244,direction_change
77.4317156597,0.000312808380027,-0.000269744818303,-0.140879000788,5.3654197119299996,-4.93683488851,0.514503785038,-4.87525492217,direction_change
77.4817038557,0.000299586791318,-0.000259280252124,-0.137201005889,5.37748113501,-4.92855698992,0.563803879793,-4.8822055504,direction_change
77.5316920518,0.000286879233291,-0.000249179426038,-0.133514846301,5.3895155319359995,-4.91994118209,0.613045903374,-4.88897209294,direction_change
77.5816802478,0.000274667787543,-0.000239431568576,-0.129823419865,5.4000000000000004,-4.91099693337,0.662229196457,-4.8955542161,direction_change
77.6316684438,0.000262935069536,-0.000230026124738,-0.126129405946,5.4000000000000004,-4.90173370711,0.71135328597,-4.90195172542,direction_change
77.6816566399,0.000251664216509,-0.000220952786515,-0.122435266955,5.4000000000000004,-4.89216095362,0.760417878807,-4.90816455487,direction_change
77.7316448359,0.000240838875493,-0.000212201481962,-0.11874325357,5.4000000000000004,-4.8822881028,0.809422855411,-4.9141927561,direction_change
77.7816330319,0.000230443191464,-0.000203762374795,-0.11505541003,5.4000000000000004,-4.87212455755,0.858368263299,-4.92003648796,direction_change
77.831621228,0.00022046179561,-0.000195625861397,-0.111373580257,5.4000000000000004,-4.86167968779,0.907254310535,-4.92569600643,direction_change
77.881609424,0.00021087979374,-0.00018778256814,-0.107699414449,5.4000000000000004,-4.85096282525,0.956081359199,-4.93117165469,direction_change
77.9315976201,0.000201682754831,-0.000180223348711,-0.104034376159,5.4000000000000004,-4.83998325879,1.00484991887,-4.93646385365,direction_change
77.9815858161,0.000192856699716,-0.000172939281083,-0.100379749635,5.4000000000000004,-4.82875023048,1.05356064016,-4.94157309281,direction_change
78.0315740121,0.00018438808992,-0.000165921664745,-0.0967366474857,5.4000000000000004,-4.81727293211,1.10221430829,-4.9464999215,direction_change
78.0815622082,0.000176263816647,-0.000159162017501,-0.0931060184028,5.4000000000000004,-4.80556050239,1.15081183679,-4.95124494048,direction_change
78.1315504042,0.000168471189923,-0.000152652072419,-0.0894886550944,5.4000000000000004,-4.79362202461,1.19935426127,-4.95580879397,direction_change
78.1815386002,0.000160997927893,-0.000146383774837,-0.0858852021208,5.4000000000000004,-4.78146652484,1.24784273329,-4.96019216204,direction_change
78.2315267963,0.000153832146282,-0.000140349278857,-0.0822961638003,5.4000000000000004,-4.76910297055,1.29627851438,-4.96439575339,direction_change
78.2815149923,0.000146962348021,-0.000134540944293,-0.0787219119793,5.4000000000000004,-4.75654026977,1.34466297024,-4.96842029857,direction_change
78.3315031883,0.000140377413032,-0.000128951333378,-0.075162693717,5.4000000000000004,-4.74378727055,1.39299756493,-4.97226654355,direction_change
78.3814913844,0.000134066588183,-0.000123573207249,-0.0716186387891,5.4000000000000004,-4.73085276096,1.4412838554,-4.97593524366,direction_change
78.4314795804,0.000128019477419,-0.000118399522646,-0.0680897670654,5.4000000000000004,-4.71774546929,1.48952348602,-4.9794271579,direction_change
78.4814677764,0.000122226032052,-0.000113423428608,-0.064575995626,5.4000000000000004,-4.70447406472,1.53771818336,-4.98274304367,direction_change
78.5314559725,0.000116676541229,-0.000108638262935,-0.0610771457201,5.4000000000000004,-4.69104715824,1.58586975101,-4.98588365178,direction_change
78.5814441685,0.000111361622578,-0.000104037548702,-0.0575929494489,5.4000000000000004,-4.67747330391,1.6339800647,-4.98884972183,direction_change
78.6314323646,0.000106272213015,-9.96149908659e-05,-0.0541230562685,5.4000000000000004,-4.66376100033,1.68205106743,-4.99164197794,direction_change
78.6814205606,0.000101399559735,-9.53644728003e-05,-0.0506670391931,5.4000000000000004,-4.64991869239,1.73008476482,-4.99426112475,direction_change
78.7314087566,9.67352113774e-05,-9.12800527857e-05,-0.0472244008235,5.4000000000000004,-4.6359547733,1.77808322061,-4.99670784376,direction_change
78.7813969527,9.22710093569e-05,-8.7355960499e-05,-0.0437945790799,5.4000000000000004,-4.62187758673,1.82604855222,-4.99898278998,direction_change
78.8313851487,8.799907938e-05,-8.35865936404e-05,-0.0403769527685,5.4000000000000004,-4.6076954292,1.87398292655,-5.0010865888,direction_change
78.8813733447,8.39118231289e-05,-7.99665143196e-05,-0.0369708468474,5.4000000000000004,-4.59341655266,1.9218885558,-5.00301983319,direction_change
78.9313615408,8.0001910121e-05,-7.64904456698e-05,-0.0335755375749,5.4000000000000004,-4.57904916717,1.96976769347,-5.00478308115,direction_change
78.9813497368,7.62622697421e-05,-7.31532684428e-05,-0.0301902573487,5.4000000000000004,-4.5646014438,2.01762263047,-5.00637685338,direction_change
79.0313379328,7.2686083451e-05,-6.99500175259e-05,-0.0268141994601,5.4000000000000004,-4.55008151753,2.06545569131,-5.0078016312,direction_change
79.0813261289,6.92667771568e-05,-6.68758784785e-05,-0.0234465225697,5.4000000000000004,-4.53549749042,2.11326923038,-5.00905785474,direction_change
79.1313143249,6.59980137658e-05,-6.39261841409e-05,-0.0200863551243,5.4000000000000004,-4.52085743477,2.16106562834,-5.01014592129,direction_change
79.1813025209,6.28736858982e-05,-6.10964115095e-05,-0.0167327995334,5.4000000000000004,-4.50616939637,2.20884728857,-5.01106618392,direction_change
79.231290717,5.98879087727e-05,-5.83821779738e-05,-0.0133849362709,5.4000000000000004,-4.49144139789,2.2566166337,-5.01181895025,direction_change
79.281278913,5.70350132576e-05,-5.57792383074e-05,-0.0100418278645,5.4000000000000004,-4.47668144227,2.30437610219,-5.0124044815,direction_change
79.3312671091,5.43095390872e-05,-5.32834813711e-05,-0.00670252274453,5.4000000000000004,-4.46189751615,2.35212814496,-5.01282299166,direction_change
79.3812553051,5.17062282413e-05,-5.08909267074e-05,-0.00336605906454,5.4000000000000004,-4.44709759343,2.39987522208,-5.01307464686,direction_change
79.4312435011,4.92200184871e-05,-4.85977214577e-05,-3.14684271064e-05,5.4000000000000004,-4.43228963875,2.44761979946,-5.01315956502,direction_change
79.4812316972,4.684603708e-05,-4.64001371343e-05,0.00330222042059,5.4000000000000004,-4.41748161104,2.49536434558,-5.01307781554,direction_change
79.5312198932,4.45795946233e-05,-4.42945664796e-05,0.00663597792005,5.4000000000000004,-4.40268146709,2.54311132822,-5.01282941931,direction_change
79.5812080892,4.24161790835e-05,-4.22775204347e-05,0.00997077003975,5.4000000000000004,-4.38789716507,2.59086321125,-5.01241434878,direction_change
79.6311962853,4.03514499592e-05,-4.03456249307e-05,0.0133075546173,5.4000000000000004,-4.37313666808,2.63862245129,-5.01183252836,direction_change
79.6811844813,3.8381232603e-05,-3.84956181128e-05,0.0166472776359,5.4000000000000004,-4.35840794766,2.6863914945,-5.01108383482,direction_change
79.7311726773,3.65015126915e-05,-3.67243470993e-05,0.0199908695295,5.4000000000000004,-4.34371898728,2.73417277322,-5.01016809807,direction_change
79.7811608734,3.4708430844e-05,-3.50287652431e-05,0.0233392413129,5.4000000000000004,-4.32907778575,2.78196870269,-5.00908510197,direction_change
79.8311490694,3.29982773856e-05,-3.34059292166e-05,0.0266932807727,5.4000000000000004,-4.31449236057,2.82978167759,-5.00783458543,direction_change
79.8811372655,3.13674872538e-05,-3.18529961501e-05,0.0300538484118,5.4000000000000004,-4.29997075133,2.87761406867,-5.00641624365,direction_change
79.9311254615,2.98126350448e-05,-3.03672208881e-05,0.0334217734324,5.4000000000000004,-4.28552102285,2.92546821921,-5.0048297296,direction_change
79.9811136575,2.83304301984e-05,-2.89459531011e-05,0.0367978494498,5.4000000000000004,-4.27115126835,2.97334644145,-5.0030746557,direction_change
80.0311018536,2.69177123184e-05,-2.75866349178e-05,0.0401828301833,5.4000000000000004,-4.25686961251,3.02125101298,-5.00115059568,direction_change
80.0810900496,2.55714466263e-05,-2.62867979011e-05,0.0435774249175,5.4000000000000004,-4.24268421438,3.06918417296,-4.99905708671,direction_change
80.1310782456,2.42887195454e-05,-2.50440607399e-05,0.0469822938182,5.4000000000000004,-4.22860327016,3.11714811829,-4.99679363173,direction_change
80.1810664417,2.30667344137e-05,-2.38561266936e-05,0.0503980430856,5.4000000000000004,-4.21463501584,3.16514499972,-4.99435970204,direction_change
80.2310546377,2.1902807322e-05,-2.27207807919e-05,0.0538252199009,5.4000000000000004,-4.20078772974,3.21317691773,-4.9917547401,direction_change
80.2810428337,2.07943630757e-05,-2.16358878857e-05,0.0572643071555,5.4000000000000004,-4.18706973479,3.26124591847,-4.98897816264,direction_change
80.3310310298,1.97389312768e-05,-2.05993897939e-05,0.0607157180575,5.4000000000000004,-4.17348940063,3.30935398939,-4.98602936397,direction_change
80.3810192258,1.87341425249e-05,-1.96093036413e-05,0.0641797903924,5.4000000000000004,-4.16005514558,3.35750305488,-4.98290771966,direction_change
80.4310074218,1.77777247329e-05,-1.86637173298e-05,0.0676567808329,5.4000000000000004,-4.14677543828,3.4056949717,-4.97961259041,direction_change
80.4809956179,1.68674995571e-05,-1.77607956546e-05,0.0711468582963,5.4000000000000004,-4.13365879917,3.45393152435,-4.97614332628,direction_change
80.5309838139,1.60013789367e-05,-1.68987471074e-05,0.0746500998112,5.4000000000000004,-4.12071380163,3.50221442022,-4.9724992712,direction_change
80.58097201,1.51773617424e-05,-1.60759372205e-05,0.0781664760364,5.4000000000000004,-4.10794907288,3.55054528465,-4.9686797679,direction_change
80.630960206,1.43935305307e-05,-1.52904555053e-05,0.0816958745137,5.4000000000000004,-4.09537329455,3.59892565583,-4.96468416266,direction_change
80.680948402,1.36480484008e-05,-1.45417223836e-05,0.0852379813024,5.4000000000000004,-4.08299520295,3.6473569796,-4.96051181242,direction_change
80.7309365981,1.29391559529e-05,-1.38244810204e-05,0.0887926903168,5.4000000000000004,-4.07082358891,3.69584060402,-4.95616208463,direction_change
80.7809247941,1.2265168345e-05,-1.31512148274e-05,0.0923585424364,5.4000000000000004,-4.05886729732,3.74437777395,-4.95163438584,direction_change
80.8309129901,1.16244724446e-05,-1.24684610689e-05,0.0959385180737,5.4000000000000004,-4.04713522624,3.79296962535,-4.94692808462,direction_change
80.8809011862,1.10155240757e-05,-1.19691699831e-05,0.0995183821366,5.4000000000000004,-4.03563632552,3.84161717955,-4.94204283078,direction_change
80.9308893822,1.04368453555e-05,-1.09268077084e-05,0.103147477002,5.4000000000000004,-4.02437959507,3.8903213374,-4.9369773968,direction_change
80.9808775782,9.8870221205e-06,-1.20469964431e-05,0.106637136743,5.4000000000000004,-4.01337408255,3.93908287329,-4.93173403706,direction_change
81.0308657743,9.36470143959e-06,-5.2256205878e-06,0.110686263798,5.4000000000000004,-4.0026288806,3.9879024291,-4.92630225396,direction_change
81.0808539703,8.86858921085e-06,-1.23880380531e-05,0.110764470214,5.4000000000000004,-3.9921523429,4.03678034277,-4.92076731266,second_straight
81.1308421664,8.39744784072e-06,-8.45545036388e-06,0.109631674464,5.4000000000000004,-3.98194610182,4.08571541532,-4.91525872903,second_straight
81.1808303624,7.95009400285e-06,-8.91413994797e-06,0.108789097607,5.4000000000000004,-3.97200830779,4.13470571358,-4.90979951724,second_straight
81.2308185584,7.52539647473e-06,-8.22456324912e-06,0.107853437508,5.4000000000000004,-3.96233703736,4.18374932661,-4.90438475027,second_straight
81.2808067545,7.12227404971e-06,-7.86971127908e-06,0.106928048108,5.4000000000000004,-3.95293032253,4.23284437248,-4.89901649788,second_straight
81.3307949505,6.73969352243e-06,-7.4510453123e-06,0.105985884577,5.4000000000000004,-3.94378615242,4.28198899897,-4.89369492267,second_straight
81.3807831465,6.37666774555e-06,-7.07418782575e-06,0.105034834574,5.4000000000000004,-3.93490247474,4.33118138419,-4.88842066601,second_straight
81.4307713426,6.03225375575e-06,-6.70973378725e-06,0.104073420217,5.4000000000000004,-3.92627719746,4.38041973719,-4.88319420909,second_straight
81.4807595386,5.70555096688e-06,-6.36449893143e-06,0.103102665701,5.4000000000000004,-3.91790819036,4.42970229842,-4.87801604441,second_straight
81.5307477346,5.39569942848e-06,-6.03563903745e-06,0.102122916996,5.4000000000000004,-3.9097932866,4.47902734029,-4.87288663026,second_straight
81.5807359307,5.10187814757e-06,-5.72293996726e-06,0.101134693173,5.4000000000000004,-3.90193028425,4.52839316752,-4.86780640326,second_straight
81.6307241267,4.82330347181e-06,-5.42552338523e-06,0.10013845764,5.4000000000000004,-3.89431694791,4.57779811755,-4.86277577553,second_straight
81.6807123227,4.55922753236e-06,-5.14272812424e-06,0.0991346787854,5.4000000000000004,-3.88695101016,4.62724056089,-4.85779513585,second_straight
81.7307005188,4.30893674432e-06,-4.87387241233e-06,0.0981238131771,5.4000000000000004,-3.87983017314,4.67671890136,-4.85286484991,second_straight
81.7806887148,4.07175036323e-06,-4.61831613308e-06,0.0971063094819,5.4000000000000004,-3.87295211001,4.72623157639,-4.84798526077,second_straight
81.8306769109,3.84701909577e-06,-4.37544297771e-06,0.0960826069508,5.4000000000000004,-3.86631446643,4.77577705716,-4.84315668929,second_straight
81.8806651069,3.63412376284e-06,-4.14466371801e-06,0.0950531353575,5.4000000000000004,-3.85991486203,4.82535384879,-4.83837943461,second_straight
81.9306533029,3.43247401364e-06,-3.92541418215e-06,0.0940183146109,5.4000000000000004,-3.85375089183,4.87496049043,-4.83365377463,second_straight
81.980641499,3.24150708875e-06,-3.71715443137e-06,0.0929785544984,5.4000000000000004,-3.84782012763,4.92459555537,-4.82897996652,second_straight
82.030629695,3.06068663098e-06,-3.51936791798e-06,0.0919342544161,5.4000000000000004,-3.84212011943,4.97425765104,-4.82435824723,second_straight
82.080617891,2.8895015421e-06,-3.33156052523e-06,0.0908858031787,5.4000000000000004,-3.8366483967,5.02394541902,-4.81978883398,second_straight
82.1306060871,2.7274648842e-06,-3.15325954858e-06,0.0898335788079,5.4000000000000004,-3.83140246979,5.07365753502,-4.81527192486,second_straight
82.1805942831,2.57411282404e-06,-2.98401315213e-06,0.088777948386,5.4000000000000004,-3.82637983114,5.1233927088,-4.81080769932,second_straight
82.2305824791,2.42900361894e-06,-2.82338929303e-06,0.087719267936,5.4000000000000004,-3.8215779566,5.17314968407,-4.80639631872,second_straight
82.2805706752,2.29171664296e-06,-2.67097496209e-06,0.0866578823005,5.4000000000000004,-3.8169943066,5.22292723837,-4.80203792693,second_straight
82.3305588712,2.16185145176e-06,-2.52637559139e-06,0.0855941250826,5.4000000000000004,-3.81262632738,5.27272418288,-4.79773265085,second_straight
82.3805470673,2.03902688503e-06,-2.38921417317e-06,0.0845283185875,5.4000000000000004,-3.80847145212,5.32253936226,-4.79348060099,second_straight
82.4305352633,1.92288020503e-06,-2.25913052088e-06,0.0834607738025,5.4000000000000004,-3.8045271021,5.37237165444,-4.78928187201,second_straight
82.4805234593,1.81306627008e-06,-2.13578065633e-06,0.0823917903779,5.4000000000000004,-3.80079068774,5.42221997034,-4.78513654335,second_straight
82.5305116554,1.70925674165e-06,-2.01883618089e-06,0.0813216566609,5.4000000000000004,-3.79725960972,5.47208325367,-4.7810446797,second_straight
82.5804998514,1.61113932402e-06,-1.90798362265e-06,0.0802506497155,5.4000000000000004,-3.79393125992,5.52196048058,-4.77700633167,second_straight
82.6304880474,1.51841703518e-06,-1.80292363261e-06,0.0791790353995,5.4000000000000004,-3.79080302248,5.57185065941,-4.77302153626,second_straight
82.6804762435,1.43080750795e-06,-1.70337066496e-06,0.0781070683966,5.4000000000000004,-3.78787227471,5.62175283034,-4.76909031749,second_straight
82.7304644395,1.34804232019e-06,-1.60905230295e-06,0.077034992359,5.4000000000000004,-3.785136388,5.67166606503,-4.76521268689,second_straight
82.7804526355,1.26986635301e-06,-1.51970865403e-06,0.0759630399538,5.4000000000000004,-3.78259272873,5.7215894663,-4.76138864412,second_straight
82.8304408316,1.19603717596e-06,-1.43509187112e-06,0.0748914330328,5.4000000000000004,-3.78023865908,5.77152216775,-4.75761817745,second_straight
82.8804290276,1.1263244583e-06,-1.35496556997e-06,0.0738203827136,5.4000000000000004,-3.77807153788,5.82146333334,-4.75390126435,second_straight
82.9304172236,1.06050940515e-06,-1.27910453163e-06,0.0727500895595,5.4000000000000004,-3.77608872134,5.87141215702,-4.75023787199,second_straight
82.9804054197,9.98384217805e-07,-1.20729400699e-06,0.071680743708,5.4000000000000004,-3.77428756382,5.92136786229,-4.74662795778,second_straight
83.0303936157,9.39751577204e-07,-1.13932936507e-06,0.0706125250436,5.4000000000000004,-3.77266541856,5.97132970182,-4.74307146986,second_straight
83.0803818118,8.84424149654e-07,-1.07501563829e-06,0.069545603359,5.4000000000000004,-3.77121963828,6.02129695698,-4.73956834767,second_straight
83.1303700078,8.32224113987e-07,-1.01416716447e-06,0.0684801385397,5.4000000000000004,-3.76994757592,6.07126893738,-4.73611852237,second_straight
83.1803582038,7.82982709318e-07,-9.56607024705e-07,0.0674162807481,5.4000000000000004,-3.76884658516,6.1212449805,-4.7327219174,second_straight
83.2303463999,7.3653980259e-07,-9.02166862993e-07,0.0663541705994,5.4000000000000004,-3.76791402105,6.17122445114,-4.72937844891,second_straight
83.2803345959,6.9274347514e-07,-8.50686401321e-07,0.0652939393826,5.4000000000000004,-3.76714724054,6.22120674101,-4.72608802627,second_straight
83.3303227919,6.51449627537e-07,-8.02012977807e-07,0.0642357092333,5.4000000000000004,-3.76654360301,6.27119126827,-4.7228505525,second_straight
83.380310988,6.12521601959e-07,-7.56001427682e-07,0.0631795933491,5.4000000000000004,-3.76610047072,6.321177477,-4.71966592476,second_straight
83.430299184,5.75829821421e-07,-7.12513609002e-07,0.0621256961965,5.4000000000000004,-3.7658152093,6.37116483681,-4.71653403475,second_straight
83.48028738,5.4125144517e-07,-6.71418083797e-07,0.0610741137111,5.4000000000000004,-3.76568518815,6.42115284228,-4.71345476916,second_straight
83.5302755761,5.08670039593e-07,-6.32589904903e-07,0.0600249335096,5.4000000000000004,-3.76570778087,6.47114101254,-4.71042801011,second_straight
83.5802637721,4.77975264011e-07,-5.95910187862e-07,0.0589782351056,5.4000000000000004,-3.7658803656,6.52112889076,-4.70745363553,second_straight
83.6302519681,4.49062570754e-07,-5.61266000787e-07,0.0579340901011,5.4000000000000004,-3.76620032536,6.57111604366,-4.70453151957,second_straight
83.6802401642,4.21832918925e-07,-5.28549930046e-07,0.0568925624282,5.4000000000000004,-3.76666504839,6.62110206105,-4.70166153301,second_straight
83.7302283602,3.96192501282e-07,-4.97659883081e-07,0.0558537085184,5.4000000000000004,-3.76727192844,6.67108655536,-4.69884354359,second_straight
83.7802165563,3.72052483703e-07,-4.68499010253e-07,0.0548175775457,5.4000000000000004,-3.76801836501,6.72106916109,-4.69607741644,second_straight
83.8302047523,3.49328756708e-07,-4.4097509555e-07,0.0537842116205,5.4000000000000004,-3.7689017636,6.77104953442,-4.6933630144,second_straight
83.8801929483,3.27941698517e-07,-4.15000662279e-07,0.0527536459796,5.4000000000000004,-3.76991953595,6.82102735265,-4.69070019836,second_straight
83.9301811444,3.07815949173e-07,-3.90492730595e-07,0.051725909218,5.4000000000000004,-3.77106910021,6.8710023138,-4.68808882764,second_straight
83.9801693404,2.88880195246e-07,-3.67372410714e-07,0.0507010234677,5.4000000000000004,-3.77234788112,6.92097413608,-4.68552876029,second_straight
84.0301575364,2.71066964674e-07,-3.45564726167e-07,0.0496790046079,5.4000000000000004,-3.77375331014,6.97094255742,-4.68301985338,second_straight
84.0801457325,2.54312431304e-07,-3.24998760348e-07,0.0486598624353,5.4000000000000004,-3.77528282562,7.02090733504,-4.68056196336,second_straight
84.1301339285,2.38556228715e-07,-3.05607103179e-07,0.0476436009075,5.4000000000000004,-3.77693387287,7.07086824496,-4.67815494635,second_straight
84.1801221245,2.23741272904e-07,-2.87325694792e-07,0.046630218265,5.4000000000000004,-3.77870390428,7.12082508154,-4.67579865839,second_straight
84.2301103206,2.09813593482e-07,-2.70093995169e-07,0.0456197072685,5.4000000000000004,-3.78059037934,7.17077765703,-4.67349295575,second_straight
84.2800985166,1.96722172964e-07,-2.53854440579e-07,0.0446120553567,5.4000000000000004,-3.78259076475,7.2207258011,-4.67123769521,second_straight
84.3300867127,1.84418793836e-07,-2.38552497756e-07,0.0436072448226,5.4000000000000004,-3.78470253442,7.27066936042,-4.66903273428,second_straight
84.3800749087,1.7285789302e-07,-2.24136459614e-07,0.0426052529985,5.4000000000000004,-3.78692316948,7.32060819818,-4.66687793151,second_straight
84.4300631047,1.61996423435e-07,-2.1055738042e-07,0.0416060524086,5.4000000000000004,-3.7892501583,7.3705421937,-4.66477314668,second_straight
84.4800513008,1.51793722314e-07,-1.97768756038e-07,0.0406096109604,5.4000000000000004,-3.79168099643,7.42047124193,-4.66271824107,second_straight
84.5300394968,1.42211385991e-07,-1.857266545e-07,0.0396158920628,5.4000000000000004,-3.79421318664,7.47039525308,-4.66071307767,second_straight
84.5800276928,1.33213150847e-07,-1.74389460206e-07,0.0386248548411,5.4000000000000004,-3.79684423878,7.52031415215,-4.6587575214,second_straight
84.6300158889,1.24764780156e-07,-1.63717611024e-07,0.0376364542324,5.4000000000000004,-3.7995716698,7.57022787853,-4.65685143936,second_straight
84.6800040849,1.16833956538e-07,-1.53673823888e-07,0.0366506411725,5.4000000000000004,-3.80239300362,7.62013638561,-4.65499470095,second_straight
84.7299922809,1.09390179784e-07,-1.44222717324e-07,0.0356673627251,5.4000000000000004,-3.80530577106,7.67003964029,-4.65318717817,second_straight
84.779980477,1.0240466979e-07,-1.35330807893e-07,0.0346865622241,5.4000000000000004,-3.8083075097,7.71993762267,-4.65142874574,second_straight
84.829968673,9.58502743668e-08,-1.269664196e-07,0.0337081794101,5.4000000000000004,-3.81139576385,7.76983032558,-4.64971928128,second_straight
84.879956869,8.97013817022e-08,-1.19099581752e-07,0.0327321505628,5.4000000000000004,-3.8145680843,7.81971775422,-4.64805866555,second_straight
84.9299450651,8.39338372552e-08,-1.11701984551e-07,0.031758408627,5.4000000000000004,-3.8178220283,7.86959992575,-4.64644678255,second_straight
84.9799332611,7.85248648737e-08,-1.04746754381e-07,0.0307868833451,5.4000000000000004,-3.82115515931,7.91947686891,-4.64488351971,second_straight
85.0299214572,7.34529919361e-08,-9.82085364143e-08,0.029817501357,5.4000000000000004,-3.82456504689,7.96934862364,-4.64336876807,second_straight
85.0799096532,6.86979783279e-08,-9.2063436874e-08,0.0288501863415,5.4000000000000004,-3.82804926653,8.01921524071,-4.6419024224,second_straight
85.1298978492,6.42407490687e-08,-8.62887103992e-08,0.0278848591144,5.4000000000000004,-3.83160539943,8.06907678134,-4.64048438135,second_straight
85.1798860453,6.00633304149e-08,-8.08629838644e-08,0.0269214377299,5.4000000000000004,-3.83523103234,8.11893331682,-4.63911454761,second_straight
85.2298742413,5.61487892725e-08,-7.57660130191e-08,0.0259598376122,5.4000000000000004,-3.83892375736,8.16878492816,-4.63779282803,second_straight
85.2798624373,5.24811757589e-08,-7.09786780462e-08,0.0249999716199,5.4000000000000004,-3.84268117169,8.21863170574,-4.63651913373,second_straight
85.3298506334,4.90454687608e-08,-6.64829258312e-08,0.0240417501851,5.4000000000000004,-3.84650087745,8.26847374896,-4.63529338029,second_straight
85.3798388294,4.58275243438e-08,-6.22617246648e-08,0.0230850813661,5.4000000000000004,-3.85038048145,8.31831116584,-4.63411548778,second_straight
85.4298270254,4.28140268725e-08,-5.82989514442e-08,0.0221298709839,5.4000000000000004,-3.85431759494,8.36814407273,-4.63298538095,second_straight
85.4798152215,3.99924427086e-08,-5.45794085482e-08,0.0211760226615,5.4000000000000004,-3.85830983335,8.41797259395,-4.6319029893,second_straight
85.5298034175,3.735097636e-08,-5.10887812055e-08,0.0202234379604,5.4000000000000004,-3.8623548161,8.46779686144,-4.63086824722,second_straight
85.5797916136,3.48785289598e-08,-4.78135140369e-08,0.0192720164171,5.4000000000000004,-3.86645016627,8.51761701442,-4.62988109404,second_straight
85.6297798096,3.25646589577e-08,-4.47408083915e-08,0.018321655663,5.4000000000000004,-3.87059351039,8.56743319909,-4.62894147419,second_straight
85.6797680056,3.03995449152e-08,-4.18586392215e-08,0.0173722514625,5.4000000000000004,-3.87478247815,8.61724556828,-4.62804933723,second_straight
85.7297562017,2.83739502981e-08,-3.91556662649e-08,0.0164236978312,5.4000000000000004,-3.87901470213,8.66705428109,-4.62720463802,second_straight
85.7797443977,2.64791901652e-08,-3.6621143451e-08,0.0154758870653,5.4000000000000004,-3.8832878175,8.71685950264,-4.62640733671,second_straight
85.8297325937,2.47070996587e-08,-3.42449828494e-08,0.0145287098492,5.4000000000000004,-3.88759946176,8.76666140368,-4.62565739891,second_straight
85.8797207898,2.3050004203e-08,-3.20176392066e-08,0.0135820552936,5.4000000000000004,-3.89194727445,8.81646016032,-4.62495479572,second_straight
85.9297089858,2.1500691327e-08,-2.99302200801e-08,0.0126358110235,5.4000000000000004,-3.89632889679,8.8662559537,-4.62429950382,second_straight
85.9796971818,2.00523840241e-08,-2.79741936282e-08,0.011689863237,5.4000000000000004,-3.90074197148,8.91604896964,-4.62369150555,second_straight
86.0296853779,1.86987155736e-08,-2.61415538105e-08,0.0107440967555,5.4000000000000004,-3.9051841423,8.96583939839,-4.62313078897,second_straight
86.0796735739,1.74337057458e-08,-2.44249394044e-08,0.00979839509991,5.4000000000000004,-3.90965305387,9.01562743426,-4.62261734793,second_straight
86.1296617699,1.62517383208e-08,-2.2817158829e-08,0.00885264055935,5.4000000000000004,-3.91414635126,9.06541327538,-4.62215118212,second_straight
86.179649966,1.51475398513e-08,-2.13115782799e-08,0.00790671420674,5.4000000000000004,-3.91866167976,9.1151971233,-4.62173229717,second_straight
86.229638162,1.41161596061e-08,-1.99020311342e-08,0.00696049601858,5.4000000000000004,-3.92319668447,9.16497918278,-4.62136070467,second_straight
86.2796263581,1.31529506303e-08,-1.85824973187e-08,0.00601386487878,5.4000000000000004,-3.92774901005,9.21475966141,-4.62103642222,second_straight
86.3296145541,1.22535518658e-08,-1.73474479226e-08,0.00506669866069,5.4000000000000004,-3.93231630033,9.26453876934,-4.62075947353,second_straight
86.3796027501,1.14138712735e-08,-1.61917448338e-08,0.00411887427397,5.4000000000000004,-3.936896198,9.31431671896,-4.62052988842,second_straight
86.4295909462,1.06300699071e-08,-1.51105155055e-08,0.00317026772875,5.4000000000000004,-3.94148634428,9.36409372463,-4.62034770289,second_straight
86.4795791422,9.89854688496e-09,-1.40987408415e-08,0.00222075419189,5.4000000000000004,-3.9460843786,9.4138700023,-4.62021295916,second_straight
86.5295673382,9.21592521407e-09,-1.3153425904e-08,0.00127020793634,5.4000000000000004,-3.9506879382,9.4636457693,-4.62012570571,second_straight
86.5795555343,8.57903841954e-09,-1.2265624072e-08,0.000318502905889,5.4000000000000004,-3.95529465784,9.51342124395,-4.62008599732,second_straight
86.6295437303,7.98491793644e-09,-1.1449630577e-08,-0.000634489228303,5.4000000000000004,-3.95990216945,9.5631966453,-4.62009389511,second_straight
86.6795319263,7.43078122299e-09,-1.06342863404e-08,-0.00158889149779,5.4000000000000004,-3.96450810174,9.61297219282,-4.62014946651,second_straight
86.7295201224,6.91402055573e-09,-1.00681756265e-08,-0.00254484965817,5.4000000000000004,-3.9691100799,9.66274810604,-4.62025278564,second_straight
86.7795083184,6.43219246981e-09,-8.80759731814e-09,-0.00350242734926,5.4000000000000004,-3.97370572524,9.71252460434,-4.62040393187,second_straight
86.8294965145,5.983007809e-09,-1.03598871704e-08,-0.00446199710426,5.4000000000000004,-3.97829265481,9.76230190651,-4.62060299548,second_straight
86.8794847105,5.56432235221e-09,-1.62150204375e-09,-0.00542278076393,5.4000000000000004,-3.98286848107,9.81208023055,-4.62085005658,second_straight
86.9294729065,5.17412798459e-09,-3.14821093639e-08,-0.00638829653017,5.4000000000000004,-3.98743081154,9.86185979328,-4.62114526381,second_straight
86.9794611026,4.81054438337e-09,8.25289996342e-08,-0.00734602996592,5.4000000000000004,-3.99197724842,9.91164081005,-4.6214885409,second_straight
87.0294492986,4.47181118978e-09,-3.40566518986e-07,-0.00834330251985,5.4000000000000004,-3.99650538826,9.9614234944,-4.62188068161,second_straight
87.0794374946,4.15628064015e-09,6.38136681275e-07,-0.00919712258284,5.4000000000000004,-4.0010128245,10.0112080575,-4.62231908871,second_straight
87.1294256907,3.86241063051e-09,-1.78297804077e-07,-0.00949831664076,5.4000000000000004,-4.00549760116,10.0609946669,-4.62278636434,second_straight
87.1794138867,3.5887581905e-09,4.09677465285e-08,-0.00987186104208,5.4000000000000004,-4.00995870843,10.1107834027,-4.62327050445,second_straight
87.2294020827,3.33397334352e-09,-1.7315132439e-08,-0.0102267334156,5.4000000000000004,-4.01439525333,10.1605743332,-4.62377285068,second_straight
87.2793902788,3.09679333147e-09,-1.26060939465e-09,-0.0105873023062,5.4000000000000004,-4.01880634136,10.2103675254,-4.62429307872,second_straight
87.3293784748,2.87603718335e-09,-5.15415266023e-09,-0.010947017045,5.4000000000000004,-4.02319107658,10.2601630451,-4.62483130959,second_straight
87.3793666708,2.67060060833e-09,-3.73010067278e-09,-0.0113076113892,5.4000000000000004,-4.02754856159,10.3099609567,-4.62538754395,second_straight
87.4293548669,2.47945119471e-09,-3.7565062172e-09,-0.0116685989675,5.4000000000000004,-4.03187789761,10.3597613234,-4.62596181358,second_straight
87.4793430629,2.30162389739e-09,-3.41834738293e-09,-0.0120300879334,5.4000000000000004,-4.03617818452,10.4095642069,-4.62655414087,second_straight
87.529331259,2.13621679728e-09,-3.20028092915e-09,-0.012392026775,5.4000000000000004,-4.04044852088,10.4593696674,-4.62716454958,second_straight
87.579319455,1.98238711703e-09,-2.97101809821e-09,-0.012754406427,5.4000000000000004,-4.04468800399,10.5091777635,-4.62779306197,second_straight
87.629307651,1.83934747824e-09,-2.76436384894e-09,-0.013117206056,5.4000000000000004,-4.04889572993,10.5589885525,-4.62843969957,second_straight
87.6792958471,1.7063623863e-09,-2.56992915837e-09,-0.0134804076357,5.4000000000000004,-4.05307079359,10.6088020898,-4.62910448291,second_straight
87.7292840431,1.58274492949e-09,-2.38929320773e-09,-0.0138439919907,5.4000000000000004,-4.05721228874,10.6586184291,-4.62978743161,second_straight
87.7792722391,1.46785367999e-09,-2.2209132311e-09,-0.014207939888,5.4000000000000004,-4.06131930803,10.7084376225,-4.63048856431,second_straight
87.8292604352,1.36108978491e-09,-2.06420303073e-09,-0.0145722317055,5.4000000000000004,-4.06539094309,10.7582597203,-4.63120789871,second_straight
87.8792486312,1.26189423626e-09,-1.91820070938e-09,-0.0149368475373,5.4000000000000004,-4.06942628455,10.8080847707,-4.6319454515,second_straight
87.9292368272,1.1697453093e-09,-1.78232806292e-09,-0.0153017671639,5.4000000000000004,-4.07342442208,10.8579128202,-4.63270123836,second_straight
87.9792250233,1.08415615937e-09,-1.6558781013e-09,-0.0156669700226,5.4000000000000004,-4.07738444447,10.9077439133,-4.63347527397,second_straight
88.0292132193,1.00467256775e-09,-1.53817492077e-09,-0.0160324352554,5.4000000000000004,-4.08130543964,10.9575780925,-4.63426757198,second_straight
88.0792014153,9.30870827811e-10,-1.42868827879e-09,-0.0163981416514,5.4000000000000004,-4.08518649472,11.0074153979,-4.63507814495,second_straight
88.1291896114,8.62355762985e-10,-1.32681066134e-09,-0.0167640676822,5.4000000000000004,-4.08902669609,11.057255868,-4.63590700441,second_straight
88.1791778074,7.98758868764e-10,-1.23202070768e-09,-0.0171301914769,5.4000000000000004,-4.09282512945,11.1070995386,-4.6367541608,second_straight
88.2291660035,7.39736571246e-10,-1.1439151848e-09,-0.0174964908275,5.4000000000000004,-4.09658087984,11.1569464434,-4.63761962343,second_straight
88.2791541995,6.84968595243e-10,-1.06198960736e-09,-0.0178629431768,5.4000000000000004,-4.10029303174,11.206796614,-4.63850340054,second_straight
88.3291423955,6.34156435337e-10,-9.85797221631e-10,-0.0182295256277,5.4000000000000004,-4.10396066908,11.2566500794,-4.63940549918,second_straight
88.3791305916,5.8702192365e-10,-9.15021836079e-10,-0.0185962149316,5.4000000000000004,-4.10758287533,11.3065068662,-4.64032592528,second_straight
88.4291187876,5.43305888478e-10,-8.49249559565e-10,-0.0189629874762,5.4000000000000004,-4.11115873355,11.3563669985,-4.6412646836,second_straight
88.4791069836,5.02766898233e-10,-7.88081599978e-10,-0.019329819309,5.4000000000000004,-4.11468732646,11.4062304981,-4.64222177769,second_straight
88.5290951797,4.65180085509e-10,-7.31295912715e-10,-0.0196966861069,5.4000000000000004,-4.11816773646,11.4560973838,-4.64319720992,second_straight
88.5790833757,4.30336046352e-10,-6.7855765451e-10,-0.0200635631847,5.4000000000000004,-4.12159904576,11.5059676721,-4.6441909814,second_straight
88.6290715717,3.98039810121e-10,-6.29597707302e-10,-0.020430425499,5.4000000000000004,-4.12498033637,11.5558413766,-4.64520309204,second_straight
88.6790597678,3.68109875583e-10,-5.84069681508e-10,-0.0207972476271,5.4000000000000004,-4.12831069022,11.6057185083,-4.64623354045,second_straight
88.7290479638,3.40377309167e-10,-5.41866995718e-10,-0.0211640038018,5.4000000000000004,-4.13158918919,11.6555990752,-4.64728232399,second_straight
88.7790361599,3.1468490151e-10,-5.02714314621e-10,-0.021530667843,5.4000000000000004,-4.13481491522,11.7054830827,-4.64834943869,second_straight
88.8290243559,2.9088637867e-10,-4.66296334878e-10,-0.0218972132439,5.4000000000000004,-4.13798695031,11.7553705329,-4.6494348793,second_straight
88.8790125519,2.68845664621e-10,-4.32572200282e-10,-0.0222636130889,5.4000000000000004,-4.14110437667,11.8052614253,-4.65053863921,second_straight
88.929000748,2.48436191794e-10,-4.01292332697e-10,-0.0226298401009,5.4000000000000004,-4.14416627671,11.8551557561,-4.65166071047,second_straight
88.978988944,2.29540256676e-10,-3.72267550119e-10,-0.0229958666209,5.4000000000000004,-4.14717173318,11.9050535186,-4.65280108373,second_straight
89.02897714,2.12048417621e-10,-3.45338868613e-10,-0.0233616646149,5.4000000000000004,-4.1501198292,11.9549547029,-4.65395974828,second_straight
89.0789653361,1.95858932212e-10,-3.20397930409e-10,-0.023727205667,5.4000000000000004,-4.15300964836,12.0048592959,-4.65513669198,second_straight
89.1289535321,1.80877231681e-10,-2.97244007186e-10,-0.0240924609785,5.4000000000000004,-4.15584027477,12.0547672812,-4.65633190127,second_straight
89.1789417281,1.67015430028e-10,-2.75824696416e-10,-0.0244574013836,5.4000000000000004,-4.15861079316,12.1046786393,-4.65754536114,second_straight
89.2289299242,1.54191865633e-10,-2.55971244201e-10,-0.0248219973131,5.4000000000000004,-4.16132028895,12.1545933471,-4.65877705511,second_straight
89.2789181202,1.42330673295e-10,-2.37568187345e-10,-0.0251862188482,5.4000000000000004,-4.16396784831,12.2045113784,-4.6600269652,second_straight
89.3289063162,1.31361384746e-10,-2.20516938043e-10,-0.0255500356597,5.4000000000000004,-4.16655255827,12.2544327033,-4.66129507195,second_straight
89.3788945123,1.21218555814e-10,-2.04749994737e-10,-0.025913417072,5.4000000000000004,-4.16907350681,12.3043572886,-4.66258135436,second_straight
89.4288827083,1.11841418519e-10,-1.90160776015e-10,-0.0262763319971,5.4000000000000004,-4.17152978289,12.3542850975,-4.66388578988,second_straight
89.4788709044,1.03173556507e-10,-1.76610726044e-10,-0.0266387490072,5.4000000000000004,-4.17392047658,12.4042160895,-4.6652083544,second_straight
89.5288591004,9.5162602289e-11,-1.64104285716e-10,-0.0270006362708,5.4000000000000004,-4.17624467914,12.4541502206,-4.66654902226,second_straight
89.5788472964,8.77599548925e-11,-1.52527768194e-10,-0.0273619616038,5.4000000000000004,-4.17850148309,12.5040874431,-4.66790776615,second_straight
89.6288354925,8.09205165868e-11,-1.41812783738e-10,-0.0277226924391,5.4000000000000004,-4.18068998231,12.5540277056,-4.66928455717,second_straight
89.6788236885,7.460244744e-11,-1.31905153467e-10,-0.0280827958545,5.4000000000000004,-4.18280927214,12.6039709529,-4.67067936479,second_straight
89.7288118845,6.87669365424e-11,-1.22788890167e-10,-0.0284422385521,5.4000000000000004,-4.18485844945,12.6539171259,-4.67209215681,second_straight
89.7788000806,6.33779888039e-11,-1.14307674437e-10,-0.0288009868774,5.4000000000000004,-4.18683661272,12.7038661618,-4.67352289935,second_straight
89.8287882766,5.84022262993e-11,-1.06455289028e-10,-0.029159006826,5.4000000000000004,-4.18874286218,12.7538179938,-4.67497155686,second_straight
89.8787764726,5.38087032047e-11,-9.92459447957e-11,-0.0295162640272,5.4000000000000004,-4.19057629987,12.8037725512,-4.67643809207,second_straight
89.9287646687,4.9568733425e-11,-9.25659549011e-11,-0.0298727237682,5.4000000000000004,-4.19233602974,12.8537297592,-4.67792246598,second_straight
89.9787528647,4.5655730072e-11,-8.64002203116e-11,-0.0302283509944,5.4000000000000004,-4.19402115776,12.9036895392,-4.67942463785,second_straight
90.0287410608,4.20450560047e-11,-8.07185429608e-11,-0.0305831103037,5.4000000000000004,-4.19563079199,12.9536518084,-4.68094456518,second_straight
90.0787292568,3.87138846958e-11,-7.54631912514e-11,-0.0309369659685,5.4000000000000004,-4.19716404272,13.0036164798,-4.68248220369,second_straight
90.1287174528,3.56410707336e-11,-7.06208425072e-11,-0.0312898819269,5.4000000000000004,-4.19862002252,13.0535834625,-4.68403750732,second_straight
90.1787056489,3.28070293133e-11,-6.61142252056e-11,-0.0316418217966,5.4000000000000004,-4.1999978464,13.1035526613,-4.68561042816,second_straight
90.2286938449,3.0193624116e-11,-6.19788664835e-11,-0.0319927488853,5.4000000000000004,-4.20129663187,13.1535239768,-4.68720091652,second_straight
90.2786820409,2.77840630077e-11,-5.82147663408e-11,-0.0323426261808,5.4000000000000004,-4.20251549904,13.2034973054,-4.68880892085,second_straight
90.328670237,2.55628010326e-11,-5.46807044088e-11,-0.0326914163756,5.4000000000000004,-4.20365357077,13.2534725391,-4.69043438772,second_straight
90.378658433,2.35154502061e-11,-5.14299713927e-11,-0.033039081877,5.4000000000000004,-4.20470997272,13.3034495658,-4.69207726187,second_straight
90.428646629,2.16286956448e-11,-4.84901008235e-11,-0.0333855847884,5.4000000000000004,-4.20568383351,13.3534282689,-4.69373748612,second_straight
90.4786348251,1.98902176052e-11,-4.57038851209e-11,-0.0337308869487,5.4000000000000004,-4.20657428478,13.4034085275,-4.6954150014,second_straight
90.5286230211,1.82886190244e-11,-4.31903401932e-11,-0.0340749499338,5.4000000000000004,-4.20738046133,13.4533902164,-4.69710974673,second_straight
90.5786112171,1.68133581901e-11,-4.08588718415e-11,-0.0344177350358,5.4000000000000004,-4.20810150124,13.5033732059,-4.69882165919,second_straight
90.6285994132,1.54546861844e-11,-3.86926046758e-11,-0.0347592033339,5.4000000000000004,-4.20873654593,13.5533573617,-4.70055067394,second_straight
90.6785876092,1.42035887771e-11,-3.67368357956e-11,-0.0350993156309,5.4000000000000004,-4.20928474033,13.6033425455,-4.70229672416,second_straight
90.7285758053,1.30517324588e-11,-3.49045237158e-11,-0.03543803253,5.4000000000000004,-4.20974523295,13.6533286139,-4.7040597411,second_straight
90.7785640013,1.19914143291e-11,-3.32249783241e-11,-0.0357753143976,5.4000000000000004,-4.21011717604,13.7033154196,-4.70583965401,second_straight
90.8285521973,1.10155155733e-11,-3.16626724839e-11,-0.0361111214044,5.4000000000000004,-4.21039972563,13.7533028104,-4.70763639014,second_straight
90.8785403934,1.01174582766e-11,-3.02851077549e-11,-0.0364454135227,5.4000000000000004,-4.21059204174,13.8032906296,-4.70944987479,second_straight
90.9285285894,9.29116534626e-12,-2.89652746233e-11,-0.0367781505325,5.4000000000000004,-4.21069328842,13.8532787162,-4.71128003122,second_straight
90.9785167854,8.53102332156e-12,-2.77271539062e-11,-0.0371092920674,5.4000000000000004,-4.21070263391,13.9032669042,-4.71312678068,second_straight
91.0285049815,7.83184787252e-12,-2.66640043378e-11,-0.0374387975755,5.4000000000000004,-4.21061925072,13.9532550235,-4.7149900424,second_straight
91.0784931775,7.18885179673e-12,-2.56283883004e-11,-0.0377666263769,5.4000000000000004,-4.2104423158,14.003242899,-4.71686973358,second_straight
91.1284813735,6.59761533966e-12,-2.46833664619e-11,-0.0380927376622,5.4000000000000004,-4.21017101061,14.0532303513,-4.7187657694,second_straight
91.1784695696,6.05405867444e-12,-2.38227215732e-11,-0.0384170904936,5.4000000000000004,-4.20980452125,14.1032171963,-4.72067806296,second_straight
91.2284577656,5.55441638847e-12,-2.30215846386e-11,-0.0387396438446,5.4000000000000004,-4.20934203863,14.1532032451,-4.72260652534,second_straight
91.2784459617,5.09521383486e-12,-2.22843965503e-11,-0.0390603565899,5.4000000000000004,-4.2087827585,14.2031883045,-4.72455106556,second_straight
91.3284341577,4.67324521625e-12,-2.16102691297e-11,-0.0393791875424,5.4000000000000004,-4.20812588165,14.2531721764,-4.72651159059,second_straight
91.3784223537,4.28555327762e-12,-2.09698924891e-11,-0.0396960954466,5.4000000000000004,-4.20737061399,14.3031546584,-4.72848800532,second_straight
91.4284105498,3.92941049357e-12,-2.03845829105e-11,-0.0400110390213,5.4000000000000004,-4.20651616669,14.3531355431,-4.73048021259,second_straight
91.4783987458,3.60230164284e-12,-1.98578931077e-11,-0.040323976943,5.4000000000000004,-4.20556175628,14.4031146187,-4.73248811318,second_straight
91.5283869418,3.30190767103e-12,-1.93640659063e-11,-0.0406348678974,5.4000000000000004,-4.20450660481,14.4530916689,-4.7345116058,second_straight
91.5783751379,3.02609074852e-12,-1.88986604144e-11,-0.0409436705642,5.4000000000000004,-4.20334993992,14.5030664726,-4.73655058708,second_straight
91.6283633339,2.77288043798e-12,-1.84616766319e-11,-0.0412503436635,5.4000000000000004,-4.202090995,14.5530388042,-4.7386049516,second_straight
91.6783515299,2.5404608909e-12,-1.80655490567e-11,-0.0415548459447,5.4000000000000004,-4.20072900932,14.6030084334,-4.74067459189,second_straight
91.728339726,2.32715899908e-12,-1.76729741952e-11,-0.0418571362315,5.4000000000000004,-4.19926322811,14.6529751256,-4.74275939839,second_straight
91.778327922,2.13143343149e-12,-1.73461245367e-11,-0.0421571734195,5.4000000000000004,-4.19769290273,14.7029386413,-4.74485925951,second_straight
91.828316118,1.95186449232e-12,-1.70095049157e-11,-0.0424549165018,5.4000000000000004,-4.19601729074,14.7528987367,-4.74697406159,second_straight
91.8783043141,1.78714474037e-12,-1.66808789004e-11,-0.0427503245967,5.4000000000000004,-4.19423565607,14.8028551635,-4.74910368893,second_straight
91.9282925101,1.636070314e-12,-1.63993263413e-11,-0.043043356948,5.4000000000000004,-4.19234726912,14.8528076687,-4.7512480238,second_straight
91.9782807062,1.4975329102e-12,-1.61239910312e-11,-0.0433339729597,5.4000000000000004,-4.19035140688,14.9027559951,-4.75340694641,second_straight
92.0282689022,1.37051236962e-12,-1.58424384722e-11,-0.043622132209,5.4000000000000004,-4.18824735306,14.9526998808,-4.75558033497,second_straight
92.0782570982,1.25406982305e-12,-1.56124002615e-11,-0.0439077944698,5.4000000000000004,-4.18603439819,15.0026390596,-4.75776806566,second_straight
92.1282452943,1.14734135798e-12,-1.53566048766e-11,-0.0441909197182,5.4000000000000004,-4.18371183977,15.0525732608,-4.75997001267,second_straight
92.1782334903,1.04953216672e-12,-1.51088030975e-11,-0.044471468185,5.4000000000000004,-4.18127898236,15.1025022096,-4.76218604818,second_straight
92.2282216863,9.59911140535e-13,-1.48778767084e-11,-0.044749400328,5.4000000000000004,-4.17873513772,15.1524256266,-4.76441604239,second_straight
92.2782098824,8.77805876557e-13,-1.46531675682e-11,-0.0450246769058,5.4000000000000004,-4.17607962492,15.2023432281,-4.76665986353,second_straight
92.3281980784,8.02598066896e-13,-1.4455991959e-11,-0.0452972589462,5.4000000000000004,-4.17331177045,15.2522547264,-4.76891737789,second_straight
92.3781862744,7.33719241335e-13,-1.42286182836e-11,-0.0455671078124,5.4000000000000004,-4.17043090835,15.3021598294,-4.7711884498,second_straight
92.4281744705,6.70646837244e-13,-1.40145672844e-11,-0.0458341851896,5.4000000000000004,-4.16743638031,15.3520582408,-4.77347294169,second_straight
92.4781626665,6.12900572196e-13,-1.38165034969e-11,-0.0460984531262,5.4000000000000004,-4.1643275358,15.4019496602,-4.77577071405,second_straight
92.5281508625,5.6003909654e-13,-1.36077815682e-11,-0.0463598740407,5.4000000000000004,-4.16110373218,15.4518337831,-4.77808162551,second_straight
92.5781390586,5.11656904885e-13,-1.33990596396e-11,-0.0466184107583,5.4000000000000004,-4.15776433479,15.5017103011,-4.78040553283,second_straight
92.6281272546,4.67381486961e-13,-1.32063249225e-11,-0.0468740265114,5.4000000000000004,-4.15430871709,15.5515789015,-4.78274229091,second_straight
92.6781154507,4.26870699767e-13,-1.29896093881e-11,-0.0471266849798,5.4000000000000004,-4.15073626077,15.601439268,-4.78509175282,second_straight
92.7281036467,3.89810344249e-13,-1.27782229242e-11,-0.0473763502989,5.4000000000000004,-4.14704635582,15.6512910803,-4.78745376985,second_straight
92.7780918427,3.55911930971e-13,-1.2597922705e-11,-0.0476229870856,5.4000000000000004,-4.14323840068,15.701134014,-4.78982819149,second_straight
92.8280800388,3.24910620411e-13,-1.23643317806e-11,-0.0478665604514,5.4000000000000004,-4.13931180233,15.7509677414,-4.79221486546,second_straight
92.8780682348,2.96563324564e-13,-1.21413989973e-11,-0.0481070360453,5.4000000000000004,-4.13526597639,15.8007919307,-4.79461363779,second_straight
92.9280564308,2.70646957518e-13,-1.1956657886e-11,-0.0483443800346,5.4000000000000004,-4.13110034722,15.8506062466,-4.79702435277,second_straight
92.9780446269,2.46956823607e-13,-1.17443832437e-11,-0.0485785591682,5.4000000000000004,-4.12681434803,15.9004103501,-4.79944685303,second_straight
93.0280328229,2.25305132576e-13,-1.15187859251e-11,-0.0488095407644,5.4000000000000004,-4.12240742097,15.9502038989,-4.80188097954,second_straight
93.0780210189,2.05519631982e-13,-1.12772013949e-11,-0.0490372927508,5.4000000000000004,-4.11787901723,15.9999865471,-4.80432657167,second_straight
93.128009215,1.87442347809e-13,-1.10560449684e-11,-0.0492617836707,5.4000000000000004,-4.11322859715,16.0497579453,-4.80678346719,second_straight
93.177997411,1.70928424925e-13,-1.08446585045e-11,-0.0494829827105,5.4000000000000004,-4.10845563027,16.0995177409,-4.8092515023,second_straight
93.2279856071,1.55845059656e-13,-1.06199493644e-11,-0.0497008597139,5.4000000000000004,-4.10355959549,16.1492655781,-4.81173051171,second_straight
93.2779738031,1.42070517337e-13,-1.03685948716e-11,-0.0499153852078,5.4000000000000004,-4.09853998107,16.1990010979,-4.81422032862,second_straight
93.3279619991,1.29493228217e-13,-1.01243458062e-11,-0.0501265304118,5.4000000000000004,-4.09339628481,16.248723938,-4.81672078476,second_straight
93.3779501952,1.1801095563e-13,-9.86677406445e-12,-0.0503342672622,5.4000000000000004,-4.08812801407,16.2984337333,-4.81923171046,second_straight
93.4279383912,1.07530030787e-13,-9.69535562945e-12,-0.0505385684334,5.4000000000000004,-4.08273468586,16.3481301158,-4.82175293467,second_straight
93.4779265872,9.79646489623e-14,-9.125145084e-12,-0.0507394073184,5.4000000000000004,-4.07721582695,16.3978127144,-4.82428428497,second_straight
93.5279147833,8.92362222761e-14,-1.00079944332e-11,-0.0509367582264,5.4000000000000004,-4.07157097393,16.4474811554,-4.82682558765,second_straight
93.5779029793,8.12727846224e-14,-5.54845058787e-12,-0.0511305956643,5.4000000000000004,-4.06579967327,16.4971350624,-4.82937666772,second_straight
93.6278911753,7.40084446302e-14,-2.09681161323e-11,-0.0513208971537,5.4000000000000004,-4.05990148143,16.5467740562,-4.83193734897,second_straight
93.6778793714,6.73828828748e-14,3.7827518895e-11,-0.0515076327646,5.4000000000000004,-4.05387596487,16.5963977554,-4.83450745391,second_straight
93.7278675674,6.13408898367e-14,-1.80266468419e-10,-0.0516908042552,5.4000000000000004,-4.04772270019,16.6460057758,-4.83708680433,second_straight
93.7778557634,5.58319413816e-14,6.34985397596e-10,-0.0518702990876,5.4000000000000004,-4.04144127414,16.6955977312,-4.83967521925,second_straight
93.8278439595,5.08098087801e-14,-2.40642705762e-09,-0.0520464352867,5.4000000000000004,-4.03503128371,16.7451732328,-4.84227252284,second_straight
93.8778321555,4.62322005215e-14,8.9462028896e-09,-0.052217928071,5.4000000000000004,-4.02849233617,16.7947318899,-4.84487851508,second_straight
93.9278203516,4.20604333847e-14,-3.34228360543e-08,-0.0523894787583,5.4000000000000004,-4.02182404915,16.8442733096,-4.84749308137,second_straight
93.9778085476,3.82591304301e-14,1.24707284499e-07,-0.052543451725,5.4000000000000004,-4.01502605065,16.8937970971,-4.85011578382,second_straight
94.0277967436,3.47959437565e-14,-4.65456737153e-07,-0.0527455805128,5.4000000000000004,-4.00809797916,16.9433028556,-4.85274738668,second_straight
94.0777849397,3.1641300037e-14,1.73711058338e-06,-0.0527504586554,5.4000000000000004,-4.00103948364,16.9927901866,-4.85538416353,second_straight
94.1277731357,2.87681670022e-14,-7.26785020611e-07,-0.0548202651575,5.4000000000000004,-3.99384966877,17.0422586089,-4.85807279517,second_straight
94.1777613317,2.61518391842e-14,1.95382805046e-07,-0.05720879529,5.4000000000000004,-3.98652418844,17.091707122,-4.86087285866,second_straight
94.2277495278,2.37697413658e-14,-5.17260154709e-08,-0.0595278894431,5.4000000000000004,-3.97905735606,17.1411344868,-4.86379058473,second_straight
94.2777377238,2.16012483039e-14,1.44710226024e-08,-0.0618821986154,5.4000000000000004,-3.97144346218,17.19053941,-4.86682511805,second_straight
94.3277259198,1.96275194075e-14,-3.28019389428e-09,-0.064246071697,5.4000000000000004,-3.96367677322,17.2399205422,-4.86997757779,second_straight
94.3777141159,1.78313471571e-14,1.46249057309e-09,-0.0666287337799,5.4000000000000004,-3.95575152751,17.2892764739,-4.8732486726,second_straight
94.4277023119,1.61970181457e-14,1.78562054032e-10,-0.0690300300325,5.392062724554,-3.94766193148,17.3386057329,-4.87663933779,second_straight
94.477690508,1.47101857137e-14,5.09643882651e-10,-0.0714522865409,5.3740102734540001,-3.93940215598,17.3879067804,-4.88015056298,second_straight
94.527678704,1.33577532307e-14,4.08101996641e-10,-0.0738971344829,5.355896976216,-3.93096633272,17.4371780081,-4.88378343667,second_straight
94.5776669,1.21277671513e-14,4.22399004663e-10,-0.0763663628256,5.3377222134419995,-3.9223485508,17.4864177343,-4.88753913284,second_straight
94.6276550961,1.10093190452e-14,4.05567135431e-10,-0.0788616912089,5.3194853551500003,-3.91354285346,17.5356242004,-4.89141891318,second_straight
94.6776432921,9.99245586161e-15,3.96731536512e-10,-0.0813848317342,5.3011857605040005,-3.90454323482,17.5847955667,-4.89542412513,second_straight
94.7276314881,9.06809775302e-15,3.85243836831e-10,-0.0839374728341,5.2828227775799999,-3.89534363686,17.6339299089,-4.89955620115,second_straight
94.7776196842,8.22796283176e-15,3.73864494918e-10,-0.0865212836717,5.264395743114,-3.88593794653,17.6830252137,-4.90381665758,second_straight
94.8276078802,7.46449828806e-15,3.61620067224e-10,-0.089137912449,5.2459039821600006,-3.8763199929,17.7320793746,-4.9082070937,second_straight
94.8775960762,6.7708173419e-15,3.48646445048e-10,-0.0917889859384,5.2273468078559997,-3.86648354459,17.7810901874,-4.91272919063,second_straight
94.9275842723,6.14064154473e-15,3.34630101406e-10,-0.0944761081207,5.2087235210639999,-3.85642230728,17.8300553457,-4.91738471025,second_straight
94.9775724683,5.56824798616e-15,3.19535509163e-10,-0.0972008585197,5.1900334101540002,-3.84612992139,17.8789724364,-4.92217549399,second_straight
95.0275606643,5.04842099693e-15,3.03166380888e-10,-0.0999647900812,5.1712757506260001,-3.83559996,17.9278389341,-4.92710346158,second_straight
95.0775488604,4.5764079729e-15,2.85266033018e-10,-0.102769426498,5.1524498047680005,-3.82482592688,17.9766521967,-4.93217060963,second_straight
95.1275370564,4.14787897523e-15,2.65749200423e-10,-0.105616259098,5.1335548213860003,-3.81380125477,18.0254094597,-4.93737901012,second_straight
95.1775252525,3.75888979047e-15,2.44342324152e-10,-0.108506743141,5.1145900353720002,-3.80251930391,18.074107831,-4.94273080867,second_straight
95.2275134485,3.40584815999e-15,2.20881091195e-10,-0.111442293531,5.0955546673979999,-3.79097336074,18.1227442849,-4.94822822262,second_straight
95.2775016445,3.08548291206e-15,1.9511503524e-10,-0.114424279955,5.0764479235380007,-3.77915663692,18.1713156565,-4.95387353892,second_straight
95.3274898406,2.79481575207e-15,1.6681678261e-10,-0.117454021305,5.0572689948540006,-3.76706226864,18.2198186359,-4.9596691117,second_straight
95.3774780366,2.53113548628e-15,1.35704780746e-10,-0.120532779483,5.0380170570000002,-3.75468331617,18.2682497613,-4.96561735961,second_straight
95.4274662326,2.29197447333e-15,1.01554320509e-10,-0.123661752391,5.018691269844,-3.74201276379,18.3166054134,-4.97172076275,second_straight
95.4774544287,2.07508711454e-15,6.41042774419e-11,-0.126842066235,4.9992907770360002,-3.72904352011,18.3648818082,-4.97798185931,second_straight
95.5274426247,1.87843020996e-15,2.30411245639e-11,-0.130074766927,4.9798147054860005,-3.7157684187,18.4130749907,-4.98440324178,second_straight
95.5774308207,1.70014502133e-15,-2.19788631739e-11,-0.133360810706,4.9602621650400005,-3.70218021919,18.4611808277,-4.99098755266,second_straight
95.6274190168,1.53854089642e-15,-7.10702607876e-11,-0.1367010538,4.9406322478679998,-3.68827160884,18.5091950007,-4.99773747977,second_straight
95.6774072128,1.39208032144e-15,-1.24934729229e-10,-0.140096241218,4.9209240280679998,-3.67403520455,18.5571129991,-5.00465575093,second_straight
95.7273954088,1.25936527915e-15,-1.83404402776e-10,-0.143546994492,4.9011365611439999,-3.65946355547,18.6049301124,-5.0117451281,second_straight
95.7773836049,1.13912480088e-15,-2.47244891227e-10,-0.147053798498,4.8812688833940001,-3.64454914609,18.6526414229,-5.0190084009,second_straight
95.8273718009,1.03020360959e-15,-3.16500603503e-10,-0.150616987201,4.8613200114780009,-3.62928440005,18.7002417983,-5.02644837941,second_straight
95.877359997,9.31551760098e-16,-3.91649379594e-10,-0.154236728362,4.8412889418059999,-3.61366168449,18.7477258842,-5.03406788623,second_straight
95.927348193,8.42215190228e-16,-4.72935468565e-10,-0.157913007201,4.8211746498900006,-3.59767331522,18.7950880961,-5.04186974778,second_straight
95.977336389,7.61327103858e-16,-5.60682167361e-10,-0.161645609007,4.800976089822,-3.58131156255,18.8423226122,-5.04985678473,second_straight
96.0273245851,6.88100113271e-16,-6.55262510918e-10,-0.165434100695,4.7806921936260007,-3.56456865795,18.8894233656,-5.05803180156,second_straight
96.0773127811,6.21819074131e-16,-7.56847029493e-10,-0.169277811365,4.7603218704839998,-3.54743680161,18.9363840371,-5.06639757515,second_straight
96.1273009771,5.61834551494e-16,-8.65679083972e-10,-0.17317581193,4.7398640062500004,-3.52990817078,18.9831980477,-5.07495684237,second_straight
96.1772891732,5.07556859746e-16,-9.81976278069e-10,-0.177126893788,4.7193174625500003,-3.51197492921,19.0298585516,-5.08371228664,second_straight
96.2272773692,4.58450622969e-16,-1.10591980018e-09,-0.181129546801,4.6986810761519999,-3.49362923745,19.0763584295,-5.09266652345,second_straight
96.2772655652,4.14029804915e-16,-1.23756027648e-09,-0.185181936502,4.6779536581740002,-3.47486326428,19.1226902818,-5.10182208466,second_straight
96.3272537613,3.73853159115e-16,-1.37689948332e-09,-0.189281880908,4.6571339932739999,-3.45566919922,19.168846423,-5.11118140174,second_straight
96.3772419573,3.37520049326e-16,-1.52387880092e-09,-0.193426826888,4.6362208387860004,-3.43603926612,19.2148188758,-5.12074678781,second_straight
96.4272301534,3.04666587712e-16,-1.67826286201e-09,-0.197613826566,4.6152129239460002,-3.41596573801,19.2605993664,-5.13052041848,second_straight
96.4772183494,2.74962031885e-16,-1.83977455492e-09,-0.201839513792,4.5941089489020008,-3.39544095306,19.3061793202,-5.14050431154,second_straight
96.5272065454,2.48105370388e-16,-2.00804528561e-09,-0.206100081201,4.5729075838140005,-3.37445733187,19.3515498584,-5.15070030548,second_straight
96.5771947415,2.23822007026e-16,-2.18239115668e-09,-0.210391258027,4.5516074678639997,-3.35300739591,19.3967017955,-5.16111003689,second_straight
96.6271829375,2.01860423717e-16,-2.36210517812e-09,-0.214708289302,4.5302072082300002,-3.33108378727,19.441625638,-5.17173491674,second_straight
96.6771711335,1.81988653589e-16,-2.54643683917e-09,-0.219045916612,4.5087053790420004,-3.30867928967,19.4863115838,-5.18257610574,second_straight
96.7271593296,1.63990322344e-16,-2.73399525241e-09,-0.223398361214,4.4871005202840006,-3.2857868507,19.5307495239,-5.19363448874,second_straight
96.7771475256,1.4765990371e-16,-2.9234863419e-09,-0.227759309844,4.4653911365879999,-3.26239960523,19.5749290442,-5.20491064835,second_straight
96.8271357216,1.32796665211e-16,-3.11388337337e-09,-0.232121903853,4.4435756960280006,-3.23851090006,19.6188394302,-5.21640483798,second_straight
96.8771239177,1.19196525442e-16,-3.30191518572e-09,-0.236478732264,4.4216526289319997,-3.21411431958,19.6624696724,-5.22811695436,second_straight
96.9271121137,1.06640662177e-16,-3.49074191774e-09,-0.240821829984,4.3996203264960005,-3.1892037125,19.7058084745,-5.24004650995,second_straight
96.9771003097,9.48791410843e-17,-3.6603555742e-09,-0.245142678916,4.3774771393799998,-3.16377321949,19.7488442625,-5.25219260522,second_straight
97.0270885058,8.36069879506e-17,-3.86974008393e-09,-0.249432223548,4.3552213763580001,-3.13781730157,19.791565197,-5.26455390143,second_straight
97.0770767018,7.24288724351e-17,-3.90723631227e-09,-0.253680863565,4.3328513026979998,-3.11133076914,19.8339591873,-5.27712859354,second_straight
97.1270648979,6.08067171917e-17,-4.47523440528e-09,-0.25787855365,4.3103651387040003,-3.0843088115,19.8760139077,-5.28991438563,second_straight
97.1770530939,4.79818149146e-17,-3.22552651255e-09,-0.262014577714,4.2877610579700001,-3.05674702656,19.9177168164,-5.30290846246,second_straight
97.2270412899,3.28590241935e-17,-7.81903963798e-09,-0.266078422124,4.2650371856340001,-3.02864145063,19.9590551771,-5.31610747982,second_straight
97.277029486,1.38347399526e-17,6.1906861859e-09,-0.270057168961,4.2421915966500006,-2.99998858802,20.0000160831,-5.32950750177,technical_section
97.327017682,-1.14582450264e-17,2.42657183236e-09,-0.267665375001,4.2574356098099999,-2.97078755718,20.0405880183,-5.34294718636,technical_section
97.377005878,-4.6528362905e-17,2.78985723412e-09,-0.265167841789,4.2726252372840001,-2.94104633886,20.0807656582,-5.35626467591,technical_section
97.4269940741,-9.65828897455e-17,2.90414625681e-09,-0.262571585614,4.2877610571420002,-2.91077521993,20.1205455887,-5.36945485538,technical_section
97.4769822701,-1.69349327826e-16,2.83130496825e-09,-0.259884184133,4.3028436372660002,-2.87998462567,20.159924816,-5.38251298056,technical_section
97.5269704661,-2.76282217358e-16,2.85119217125e-09,-0.257113170661,4.3178735356020006,-2.84868509257,20.1989007598,-5.39543468327,technical_section
97.5769586622,-4.34331590989e-16,2.81198353491e-09,-0.254266016834,4.3328513004299998,-2.81688724178,20.2374712461,-5.40821597078,technical_section
97.6269468582,-6.68527565677e-16,2.77649370162e-09,-0.251350118638,4.3477774705619998,-2.78460175368,20.2756344973,-5.42085322182,technical_section
97.6769350543,-1.01574758142e-15,2.72398903434e-09,-0.248372744121,4.3626525756120005,-2.75183934345,20.3133891227,-5.43334318164,technical_section
97.7269232503,-1.53019261391e-15,2.66313371355e-09,-0.245341007082,4.3774771361580003,-2.71861073779,20.3507341063,-5.44568295494,technical_section
97.7769114463,-2.29132604153e-15,2.59273402747e-09,-0.242261835385,4.3922516639940001,-2.6849266529,20.3876687951,-5.45786999733,technical_section
97.8268996424,-3.41535132644e-15,2.51477061397e-09,-0.239141946296,4.4069766623280007,-2.65079777374,20.4241928859,-5.46990210547,technical_section
97.8768878384,-5.07176073142e-15,2.43033504432e-09,-0.235987824302,4.4216526260159998,-2.61623473456,20.460306411,-5.48177740597,technical_section
97.9268760344,-7.50713037061e-15,2.34060326676e-09,-0.23280570296,4.4362800416699999,-2.58124810089,20.4960097249,-5.4934943433,technical_section
97.9768642305,-1.10792409889e-14,2.24653540215e-09,-0.22960154994,4.4508593879280003,-2.54584835273,20.5313034886,-5.50505166687,technical_section
98.0268524265,-1.63058711574e-14,2.14925677255e-09,-0.226381055514,4.4653911356159997,-2.51004586919,20.5661886555,-5.51644841746,technical_section
98.0768406225,-2.39343806771e-14,2.04987138375e-09,-0.223149623982,4.4798757478919997,-2.47385091447,20.6006664557,-5.52768391315,technical_section
98.1268288186,-3.50406698051e-14,1.9490471459e-09,-0.219912368089,4.4943136804980002,-2.43727362509,20.6347383812,-5.53875773486,technical_section
98.1768170146,-5.11695282238e-14,1.84746618004e-09,-0.216674105877,4.5087053818140008,-2.40032399843,20.6684061706,-5.54966971173,technical_section
98.2268052106,-7.45331359863e-14,1.7462751245e-09,-0.213439360153,4.52305129311,-2.36301188254,20.7016717937,-5.56041990635,technical_section
98.2767934067,-1.08291035393e-13,1.64572711014e-09,-0.210212359931,4.5373518487080009,-2.32534696705,20.7345374375,-5.57100860006,technical_section
98.3267816027,-1.56943919226e-13,1.54648382988e-09,-0.206997043771,4.5516074760539995,-2.28733877534,20.7670054904,-5.58143627833,technical_section
98.3767697988,-2.26885969525e-13,1.44900269561e-09,-0.203797064957,4.5658185959340001,-2.2489966577,20.799078529,-5.59170361638,technical_section
98.4267579948,-3.27177432744e-13,1.35356081898e-09,-0.200615797829,4.5799856226360003,-2.21032978556,20.8307593034,-5.60181146508,technical_section
98.4767461908,-4.70622241155e-13,1.26062893457e-09,-0.19745634563,4.5941089640220003,-2.17134714669,20.8620507239,-5.6117608372,technical_section
98.5267343869,-6.75266937394e-13,1.17008713829e-09,-0.194321549106,4.6081890217080002,-2.13205754129,20.8929558478,-5.62155289409,technical_section
98.5767225829,-9.66479792608e-13,1.08205000515e-09,-0.191213996085,4.622226191208,-2.09246957895,20.9234778669,-5.63118893276,technical_section
98.6267107789,-1.37982662913e-12,9.96730697977e-10,-0.188136031626,4.6362208620239995,-2.05259167637,20.9536200949,-5.64067037354,technical_section
98.676698975,-1.96503749154e-12,9.13609632391e-10,-0.185089768724,4.6501734178080003,-2.01243205584,20.9833859562,-5.64999874816,technical_section
98.726687171,-2.79146257924e-12,8.3247542193e-10,-0.182077099151,4.6640842365060005,-1.97199874437,21.0127789746,-5.65917568847,technical_section
98.776675367,-3.95555545734e-12,7.52777395974e-10,-0.179099704857,4.6779536903940002,-1.93129957342,21.0418027624,-5.66820291563,technical_section
98.8266635631,-5.59110788566e-12,6.73311184585e-10,-0.176159069017,4.6917821462580003,-1.89034217922,21.0704610105,-5.67708222994,technical_section
98.8766517591,-7.88320849158e-12,5.93452398334e-10,-0.173256487459,4.7055699655020007,-1.84913400355,21.0987574788,-5.68581550112,technical_section
98.9266399552,-1.1087226251e-11,5.11103159795e-10,-0.170393079793,4.7193175042740005,-1.80768229505,21.1266959871,-5.69440465931,technical_section
98.9766281512,-1.55545543049e-11,4.23890256229e-10,-0.167569800302,4.7330251135020003,-1.76599411084,21.1542804063,-5.70285168646,technical_section
99.0266163472,-2.17674222359e-11,3.29061222715e-10,-0.164787448843,4.7466931390739999,-1.7240763186,21.1815146507,-5.71115860838,technical_section
99.0766045433,-3.03858369601e-11,2.22215135182e-10,-0.162046681194,4.7603219219280009,-1.6819355989,21.2084026701,-5.71932748726,technical_section
99.1265927393,-4.23106968484e-11,9.76676517439e-11,-0.159348019244,4.7739117981239998,-1.63957844783,21.234948443,-5.72736041473,technical_section
99.1765809353,-5.87684081794e-11,-5.23083798498e-11,-0.156691860718,4.7874630989159996,-1.59701117992,21.2611559697,-5.73525950542,technical_section
99.2265691314,-8.14240034341e-11,-2.37937669567e-10,-0.154078488596,4.8009761509320006,-1.55423993119,21.287029266,-5.74302689096,technical_section
99.2765573274,-1.12531925971e-10,-4.72817340835e-10,-0.151508080018,4.8144512762100007,-1.51127066247,21.3125723578,-5.7506647145,technical_section
99.3265455234,-1.55136442304e-10,-7.75441932888e-10,-0.148980714927,4.8278887922880003,-1.46810916278,21.3377892756,-5.75817512561,technical_section
99.3765337195,-2.13337243617e-10,-1.17030563018e-09,-0.146496384047,4.8412890122760004,-1.42476105292,21.3626840493,-5.76556027563,technical_section
99.4265219155,-2.92640417432e-10,-1.68965019753e-09,-0.14405499673,4.8546522449819998,-1.38123178908,21.3872607039,-5.77282231343,technical_section
99.4765101115,-4.00420876471e-10,-2.3766881796e-09,-0.141656388097,4.8679787950020001,-1.33752666661,21.4115232551,-5.77996338145,technical_section
99.5264983076,-5.46529856984e-10,-3.2882354617e-09,-0.139300325955,4.8812689627200001,-1.29365082376,21.4354757057,-5.78698561226,technical_section
99.5764865036,-7.44090653438e-10,-4.49945503078e-09,-0.136986517209,4.8945230445060002,-1.24960924552,21.4591220416,-5.79389112528,technical_section
99.6264746997,-1.01053784491e-09,-6.10905104281e-09,-0.134714613885,4.9077413326619999,-1.20540676749,21.4824662287,-5.8006820239,technical_section
99.6764628957,-1.36897050809e-09,-8.24624990514e-09,-0.132484218805,4.9209241156020003,-1.16104807968,21.5055122104,-5.8073603929,technical_section
99.7264510917,-1.84990905459e-09,-1.10809565967e-08,-0.130294890889,4.9340716779239999,-1.11653773041,21.5282639041,-5.81392829613,technical_section
99.7764392878,-2.49356928838e-09,-1.48337218064e-08,-0.12814614995,4.9471843003560005,-1.0718801301,21.5507251994,-5.82038777439,technical_section
99.8264274838,-3.35279715295e-09,-1.97917149336e-08,-0.126037481538,4.9602622599900004,-1.02707955512,21.5728999558,-5.82674084363,technical_section
99.8764156798,-4.49684474903e-09,-2.63285073743e-08,-0.12396834093,4.9733058302460007,-0.982140151485,21.5947920002,-5.83298949334,technical_section
99.9264038759,-6.01621413156e-09,-3.49253284071e-08,-0.12193815732,4.9863152809620006,-0.937065938653,21.6164051261,-5.83913568512,technical_section
99.9763920719,-8.0288520145e-09,-4.62044917882e-08,-0.119946337458,4.9992908785020003,-0.89186081315,21.6377430913,-5.84518135148,technical_section
100.026380268,-1.06880480435e-08,-6.09652541783e-08,-0.117992269056,5.0122328857380003,-0.846528552195,21.6588096166,-5.85112839481,technical_section
100.076368464,-1.41924743435e-08,-8.02329935823e-08,-0.116075324146,5.0251415621939994,-0.801072817252,21.679608385,-5.85697868649,technical_section
100.12635666,-1.87989076607e-08,-1.05318512134e-07,-0.114194861933,5.0380171640459999,-0.75549715751,21.7001430405,-5.8627340662,technical_section
100.176344856,-2.48383011224e-08,-1.37892504526e-07,-0.112350231823,5.0508599441940003,-0.709805013299,21.7204171869,-5.86839634135,technical_section
100.226333052,-3.27360245286e-08,-1.80079107182e-07,-0.11054077598,5.0636701523700003,-0.663999719425,21.7404343874,-5.87396728662,technical_section
100.276321248,-4.3037274818e-08,-2.34569981217e-07,-0.108765831974,5.0764480351380001,-0.618084508434,21.760198164,-5.87944864374,technical_section
100.326309444,-5.64388772518e-08,-3.04765337411e-07,-0.107024735197,5.0891938359479996,-0.572062513799,21.7797119968,-5.88484212123,technical_section
100.37629764,-7.38289589117e-08,-3.94954069449e-07,-0.105316821611,5.1019077952260004,-0.525936773016,21.7989793236,-5.89014939443,technical_section
100.426285836,-9.63362860321e-08,-5.10503218365e-07,-0.103641428626,5.1145901504100006,-0.479710230635,21.8180035397,-5.8953721055,technical_section
100.476274032,-1.25391422913e-07,-6.58209589943e-07,-0.101997903626,5.1272411360040007,-0.433385741197,21.8367879977,-5.90051186376,technical_section
100.526262228,-1.62802300848e-07,-8.4627965613e-07,-0.100385583179,5.1398609836139997,-0.386966072088,21.8553360073,-5.90557024561,technical_section
100.576250424,-2.10847289504e-07,-1.0859711157e-06,-0.0988038826576,5.1524499220019999,-0.340453906317,21.8736508353,-5.91054879628,technical_section
100.62623862,-2.72389450014e-07,-1.38736860222e-06,-0.0972519739343,5.1650081771580005,-0.293851845204,21.8917357054,-5.91544902566,technical_section
100.676226816,-3.5101632862e-07,-1.77744728447e-06,-0.0957300014016,5.1775359723359999,-0.247162410984,21.9095937983,-5.92027242657,technical_section
100.726215012,-4.5121043255e-07,-2.23540660915e-06,-0.0942345570208,5.1900335280540002,-0.200388049327,21.9272282518,-5.92502041027,technical_section
100.776203208,-5.78556426299e-07,-2.9373454975e-06,-0.0927755849164,5.1908189610960003,-0.153531131777,21.9446421609,-5.92969455134,technical_section
100.826191405,-7.3999210713e-07,-3.34697290683e-06,-0.0913133034421,5.1720641492580004,-0.106593958098,21.961838578,-5.9342956787,technical_section
100.876179601,-9.44111373333e-07,-5.61408883115e-06,-0.0899936499308,5.1532410809879998,-0.0595787585408,21.9788205125,-5.93882727429,technical_section
100.926167797,-1.20152869647e-06,-1.89608064538e-06,-0.0882695681642,5.1343490056860004,-0.0124876960202,21.9955909316,-5.94328279498,technical_section
100.976155993,-1.52531605707e-06,-9.45891305015e-06,-0.089537249919,5.1153871592160005,0.0346773181897,22.0121522262,-5.94772690835,technical_section
101.026144189,-1.93152490744e-06,-8.48056490987e-06,-0.0918198758867,5.0963547638879998,0.0819161195197,22.028501854,-5.95225975766,technical_section
101.076132385,-2.43980748754e-06,-1.14997277247e-05,-0.09388684877,5.0772510265860005,0.129229433109,22.0446345725,-5.95690132043,technical_section
101.126120581,-3.0741537395e-06,-1.40929002264e-05,-0.0960528579845,5.0580751391999996,0.17661794819,22.0605450214,-5.96164868192,technical_section
101.176108777,-3.86376213648e-06,-1.75846729809e-05,-0.0982356123021,5.0388262783920004,0.224082307298,22.0762277434,-5.96650473578,technical_section
101.226096973,-4.84406495098e-06,-2.17867626056e-05,-0.100459259814,5.0195036050379995,0.271623104138,22.0916771801,-5.97147092251,technical_section
101.276085169,-6.05793081643e-06,-2.69481786308e-05,-0.102719512253,5.0001062639400002,0.319240881301,22.1068876672,-5.97654917889,technical_section
101.326073365,-7.55706985737e-06,-3.32380499639e-05,-0.105019795158,4.9806333833760004,0.366936127809,22.1218534306,-5.98174142012,technical_section
101.376061561,-9.4036691402e-06,-4.08902480284e-05,-0.107361575333,4.9610840746319997,0.414709276478,22.1365685815,-5.9870496836,technical_section
101.426049757,-1.16722886795e-05,-5.01714846211e-05,-0.109746966306,4.94145743166,0.462560701107,22.1510271114,-5.99247609617,technical_section
101.476037953,-1.44520506655e-05,-6.13975494455e-05,-0.112178045016,4.9217525305380008,0.510490713453,22.1652228874,-5.9980228893,technical_section
101.526026149,-1.78491568795e-05,-7.4937552748e-05,-0.114657050248,4.9019684290559997,0.558499560002,22.1791496462,-6.00369240221,technical_section
101.576014345,-2.19897713496e-05,-9.12223371294e-05,-0.117186345447,4.8821041663199995,0.606587418505,22.192800989,-6.00948708903,technical_section
101.626002541,-2.70233070617e-05,-0.000110752765647,-0.119768444592,4.8621587621579998,0.654754394262,22.2061703753,-6.01540952561,technical_section
101.675990737,-3.31261568633e-05,-0.000134109069289,-0.122406021569,4.8421312167780002,0.703000516138,22.2192511168,-6.02146241724,technical_section
101.725978933,-4.05059094338e-05,-0.000161960950681,-0.125101923088,4.8220205102280005,0.751325732274,22.2320363704,-6.02764860695,technical_section
101.775967129,-4.94060912071e-05,-0.000195078516376,-0.127859180069,4.8018256019820003,0.799729905469,22.2445191315,-6.03397108433,technical_section
101.825955325,-6.01114742315e-05,-0.000234343993466,-0.13068101788,4.7815454304180003,0.848212808203,22.2566922264,-6.04043299495,technical_section
101.875943521,-7.29539879724e-05,-0.000280764178555,-0.133570864706,4.7611789123859998,0.896774117248,22.268548304,-6.04703765018,technical_section
101.925931717,-8.83192698024e-05,-0.000335483544526,-0.136532357808,4.7407249428300009,0.945413407835,22.2800798283,-6.05378853738,technical_section
101.975919913,-0.00010665388418,-0.000399797892221,-0.139569346362,4.7201823942300001,0.994130147323,22.2912790689,-6.06068933032,technical_section
102.025908109,-0.000128473234097,-0.000475168403044,-0.142685890906,4.6995501163140005,1.04292368831,22.3021380918,-6.06774389953,technical_section
102.075896305,-0.000154370180043,-0.00056323590686,-0.145886257676,4.6788269355720002,1.09179326112,22.3126487501,-6.07495632262,technical_section
102.125884501,-0.000185024371363,-0.000665835137315,-0.14917490784,4.6580116549860007,1.14073796564,22.3228026735,-6.082330894,technical_section
102.175872697,-0.000221212282183,-0.000785008701717,-0.152556479807,4.6371030536340001,1.18975676234,22.3325912581,-6.08987213399,technical_section
102.225860894,-0.00026381792905,-0.000923020440002,-0.156035764315,4.616099886492,1.23884846251,22.3420056556,-6.09758479664,technical_section
102.27584909,-0.000313844229769,-0.00108236780235,-0.159617670805,4.5950008841460006,1.28801171757,22.3510367625,-6.10547387625,technical_section
102.325837286,-0.00037242494275,-0.00126579281649,-0.163307184258,4.5738047525939995,1.33724500736,22.3596752086,-6.1135446117,technical_section
102.375825482,-0.000440837103299,-0.0014762911709,-0.167109311486,4.5525101732280007,1.38654662736,22.3679113466,-6.12180248842,technical_section
102.425813678,-0.000520513847892,-0.00171711888796,-0.171029015998,4.5311158027079994,1.43591467471,22.3757352412,-6.13025323727,technical_section
102.475801874,-0.000613057489607,-0.00199179601561,-0.17507114025,4.509620273016,1.48534703304,22.3831366589,-6.13890282972,technical_section
102.52579007,-0.000720252677807,-0.00230410672476,-0.179240315294,4.4880221915279996,1.53484135586,22.3901050581,-6.1477574688,technical_section
102.575778266,-0.000844079443193,-0.00265809517429,-0.183540856461,4.4663201413019999,1.58439504869,22.3966295811,-6.15682357499,technical_section
102.625766462,-0.000986725895925,-0.00305805647002,-0.187976645431,4.4445126812579998,1.63400524964,22.4026990465,-6.16610776649,technical_section
102.675754658,-0.00115060031013,-0.00350852204661,-0.192550998373,4.4225983465559997,1.68366880853,22.4083019437,-6.1756168331,technical_section
102.725742854,-0.00133834229355,-0.00401423879647,-0.197266520487,4.4005756491000003,1.73338226462,22.4134264299,-6.18535770297,technical_section
102.77573105,-0.0015528327071,-0.00458014129284,-0.20212494764,4.3784430780060006,1.78314182274,22.4180603288,-6.19533740175,technical_section
102.825719246,-0.00179720196637,-0.00521131649446,-0.207126976191,4.3561991002500005,1.83294332815,22.4221911333,-6.20556300315,technical_section
102.875707442,-0.00207483632747,-0.00591296037703,-0.212272082375,4.3338421613880005,1.88278224006,22.4258060111,-6.21604157083,technical_section
102.925695638,-0.00238938173274,-0.00669032601917,-0.217558333354,4.3113706861860006,1.93265360403,22.4288918153,-6.22678009066,technical_section
102.975683834,-0.00274474477068,-0.00754866277818,-0.222982192323,4.2887830795199999,1.9825520235,22.4314350987,-6.23778539342,technical_section
103.02567203,-0.0031450902891,-0.00849314631903,-0.228538320635,4.2660777271320001,2.03247163064,22.4334221342,-6.24906406744,technical_section
103.075660226,-0.00359483519236,-0.00952879941558,-0.234219380297,4.2432529964579997,2.08240605701,22.4348389414,-6.26062236131,technical_section
103.125648422,-0.00409863795496,-0.0106604036191,-0.240015840994,4.220307237438,2.1323484043,22.4356713184,-6.27246607667,technical_section
103.175636618,-0.0046613833943,-0.0118924020975,-0.245915795699,4.1972387832719997,2.18229121581,22.4359048826,-6.28460045163,technical_section
103.225624814,-0.00528816226831,-0.0132287941592,-0.251904789885,4.1740459511039996,2.23222644918,22.4355251172,-6.29703003525,technical_section
103.27561301,-0.0059842452981,-0.0146730222263,-0.257965669265,4.1507270425980005,2.2821454511,22.4345174268,-6.30975855402,technical_section
103.325601206,-0.00675505126398,-0.0162278522694,-0.264078451633,4.1272803443879997,2.33203893467,22.4328672009,-6.32278877151,technical_section
103.375589402,-0.0076061088854,-0.0178952489796,-0.27022022796,4.1037041284020006,2.38189696035,22.4305598863,-6.33612234252,technical_section
103.425577598,-0.00854301227178,-0.0196762472254,-0.276365098871,4.0799966518800002,2.43170892139,22.4275810674,-6.34975966358,technical_section
103.475565794,-0.00957136982215,-0.0215708216024,-0.282484151325,4.0561561572659999,2.48146353461,22.4239165561,-6.36369972163,technical_section
103.52555399,-0.0106967465567,-0.0235777561439,-0.288545481469,4.032180871794,2.53114883762,22.4195524889,-6.37793994328,technical_section
103.575542186,-0.0119245999823,-0.0256945165029,-0.294514268023,4.0080690067860001,2.58075219349,22.4144754328,-6.39247604716,technical_section
103.625530383,-0.0132602097235,-0.0279171271302,-0.300352900994,3.9838187565899998,2.63026030382,22.4086724977,-6.40730190206,technical_section
103.675518579,-0.0147086012948,-0.0302400561626,-0.30602116917,3.9594282972300006,2.67965923131,22.4021314558,-6.42240939396,technical_section
103.725506775,-0.0162744645365,-0.0326561108819,-0.31147650951,3.9348957846240005,2.7289344326,22.3948408655,-6.43778830503,technical_section
103.775494971,-0.0179620673956,-0.0351563467037,-0.316674320006,3.9102193522980002,2.77807080237,22.3867901998,-6.45342620778,technical_section
103.825483167,-0.0197751658895,-0.0377299927033,-0.321568337065,3.8853971088120001,2.82705272927,22.3779699764,-6.4693083778,technical_section
103.875471363,-0.0217169112504,-0.0403643966701,-0.326111076566,3.8604271344479999,2.87586416426,22.3683718884,-6.4854177283,technical_section
103.925459559,-0.0237897554005,-0.0430449925974,-0.330254336675,3.8361348915659996,2.9244887016,22.3579889339,-6.50173476966,technical_section
103.975447755,-0.0259953560556,-0.0457552933716,-0.333949759335,3.8148508877579999,2.97290967269,22.3468155407,-6.51823759706,technical_section
104.025435951,-0.0283344828826,-0.0484769111891,-0.33714944474,3.7967054897880002,3.02111025239,22.3348476858,-6.53490190901,technical_section
104.075424147,-0.0308069262573,-0.0511896079404,-0.339806613403,3.7818319028040004,3.06907357739,22.3220830059,-6.5517010592,technical_section
104.125412343,-0.0334114102578,-0.0538713774248,-0.341876306855,3.7703670616620002,3.11678287572,22.3085208965,-6.56860614387,technical_section
104.175400539,-0.0361455115961,-0.0564985608191,-0.34331611865,3.7624526027639997,3.1642216062,22.2941625979,-6.58558612619,technical_section
104.225388735,-0.0390055862309,-0.0590459963197,-0.344086944534,3.7582359040800002,3.21137360631,22.2790112646,-6.60260799878,technical_section
104.275376931,-0.0419867054051,-0.0614872033113,-0.344153740649,3.7578711721140001,3.25822324647,22.2630720167,-6.61963698479,technical_section
104.325365127,-0.0450826028188,-0.0637946008041,-0.343486277208,3.7615205527020001,3.30475558857,22.2463519704,-6.63663677729,technical_section
104.375353323,-0.0482856345788,-0.0659397592256,-0.342059874394,3.76935523605,3.35095654615,22.2288602473,-6.65356981615,technical_section
104.425341519,-0.0515867534514,-0.067893683964,-0.339856107135,3.7815565159620004,3.39681304338,22.2106079582,-6.67039760044,technical_section
104.475329715,-0.0549754987935,-0.0696271283693,-0.33686346467,3.7983167535060005,3.44231316994,22.1916081641,-6.68708103425,technical_section
104.525317911,-0.0584400033418,-0.0711109331483,-0.333077949533,3.8150868075120004,3.4874463285,22.1718758106,-6.70358080235,technical_section
104.575306107,-0.0619670178115,-0.0723163885149,-0.328503606023,3.8317661304300001,3.53220337164,22.1514276373,-6.71985777185,technical_section
104.625294303,-0.0655419539841,-0.0732156144065,-0.323152954451,3.8483553914280004,3.57657672501,22.130282062,-6.73587341489,technical_section
104.675282499,-0.0691489466651,-0.0737819539059,-0.317047313819,3.8648553117120006,3.62056049369,22.1084590417,-6.75159024695,technical_section
104.725270695,-0.0727709345679,-0.0739903750427,-0.310217152335,3.8812666766580004,3.66415054876,22.0859799099,-6.76697227559,technical_section
104.775258891,-0.0763897598276,-0.073817863208,-0.302701345611,3.8975903484660002,3.70734459158,22.0628671951,-6.78198544126,technical_section
104.825247087,-0.0799862854905,-0.0732438670862,-0.29455139378,3.9138272787780002,3.75014219367,22.0391444202,-6.79659811268,technical_section
104.875235283,-0.0835405299546,-0.0722504284945,-0.285810873936,3.9299785211520004,3.79254481031,22.0148358881,-6.8107812664,technical_section
104.925223479,-0.0870318169719,-0.0708237064732,-0.27660670673,3.9460452431399999,3.83455576682,21.9899664558,-6.8245100606,technical_section
104.975211676,-0.090438939469,-0.0689491444872,-0.266749240881,3.9620287372860004,3.87618021692,21.9645613011,-6.83775905111,technical_section
105.025199872,-0.0937403351064,-0.0666339737015,-0.257428585056,3.9779304311520001,3.91742507326,21.9386456855,-6.85052474238,technical_section
105.075188068,-0.0969142711953,-0.0638170455638,-0.243979188631,3.9937520980980001,3.95829946371,21.9122444219,-6.86272899546,technical_section
105.125176264,-0.0999390363222,-0.0605243468563,-0.218699156586,4.0095082896480001,3.99885221586,21.8853687696,-6.87398549072,technical_section
105.17516446,-0.102793135813,-0.0567634167333,-0.196035073386,4.0252084454699997,4.03913057686,21.8580523894,-6.88407708796,technical_section
105.225152656,-0.105455487999,-0.052582558539,-0.173588112584,4.040854341138,4.079163677,21.830340878,-6.89307533827,technical_section
105.275140852,-0.107905618152,-0.0479875836591,-0.15214580566,4.0564477295280001,4.11898091046,21.8022774709,-6.90100896152,technical_section
105.325129048,-0.110123846896,-0.0430014301422,-0.131575576518,4.0719903452999997,4.15861164669,21.7739030228,-6.90792327839,technical_section
105.375117244,-0.112091469957,-0.0376469826572,-0.111993879667,4.0874839073459999,4.19808496229,21.7452560027,-6.91386288222,technical_section
105.42510544,-0.113790926192,-0.0319515281803,-0.0934355113754,4.1029301187540002,4.23742939459,21.7163725041,-6.9188759794,technical_section
105.475093636,-0.115205951017,-0.025945064892,-0.075945220017,4.118330664468,4.27667271826,21.6872862703,-6.92301261043,technical_section
105.525081832,-0.116321712599,-0.0196602492057,-0.0595514050368,4.1336872065180001,4.31584174598,21.6580287328,-6.92632453212,technical_section
105.575070028,-0.117124928477,-0.013131826112,-0.0442726346981,4.1359466385720003,4.35496215439,21.6286290633,-6.92886460175,technical_section
105.625058224,-0.117603960652,-0.00639614950268,-0.0301152896724,4.1128574873939998,4.39405833587,21.5991142401,-6.93068626646,technical_section
105.67504642,-0.117748887597,0.00050936090147,-0.0170738696258,4.0896125674920007,4.43315327692,21.5695091261,-6.93184300132,technical_section
105.725034616,-0.117551552123,0.00754676917137,-0.0051308462145,4.0662075762540004,4.47226846323,21.5398365611,-6.93238775012,technical_section
105.775022812,-0.117005584513,0.0146781787548,0.00574305542563,4.042638173736,4.51142381157,21.510117465,-6.93237236743,technical_section
105.825011008,-0.116106400896,0.0218662774778,0.0155883702111,4.0189000024800006,4.55063762794,21.480370953,-6.93184707629,technical_section
105.874999204,-0.114851177335,0.029074859673,0.024456140259,3.9949887078900006,4.58992659124,21.4506144618,-6.93085995235,technical_section
105.9249874,-0.113238800662,0.0362693125006,0.0324069271171,3.9708999585360005,4.62930576122,21.4208638845,-6.92945644593,technical_section
105.974975596,-0.111269797611,0.0434170547821,0.0395096096954,3.9466294656659997,4.66878860915,21.3911337145,-6.9276789525,technical_section
106.024963792,-0.108946244282,0.0504879179227,0.0458400038589,3.9221730011880003,4.70838706921,21.3614371963,-6.92556644106,technical_section
106.074951988,-0.106271658439,0.0574544601946,0.0514793445548,3.8975264137800001,4.74811160824,21.3317864813,-6.92315414823,technical_section
106.124940184,-0.103250877536,0.0642922075539,0.0565126764288,3.87268564248,4.78797131123,21.3021927876,-6.92047334419,technical_section
106.17492838,-0.0998899256971,0.0709798162583,0.0610272011676,3.847646727756,4.8279739795,21.2726665617,-6.91755117459,technical_section
106.224916576,-0.0961958731582,0.0774991546801,0.0651106278632,3.822405819768,4.86812623851,21.2432176397,-6.9144105803,technical_section
106.274904772,-0.0921766918482,0.0838353038741,0.068849573436,3.7969591839479997,4.90843365194,21.2138554074,-6.91107029515,technical_section
106.324892968,-0.0878411108823,0.0899764785119,0.0723280524333,3.7713032042039996,4.94890083852,21.1845889564,-6.90754491942,technical_section
106.374881165,-0.0831984757534,0.0959138717357,0.0756260952518,3.7454343839459998,4.98953158838,21.1554272341,-6.903845065,technical_section
106.424869361,-0.0782586149138,0.101641429271,0.0788185253368,3.7193493457800004,5.03032897538,21.1263791873,-6.89997756655,technical_section
106.474857557,-0.0730317172567,0.107155559695,0.081973922516,3.6930448300500003,5.07129546228,21.0974538967,-6.89594575119,technical_section
106.524845753,-0.0675282237386,0.112454789148,0.0851537943755,3.6665176932540002,5.11243299581,21.0686607009,-6.89174975795,technical_section
106.574833949,-0.0617587360227,0.117539369905,0.0884119720074,3.6397649071439999,5.15374308886,21.0400093091,-6.88738689692,technical_section
106.624822145,-0.0557339445906,0.122410853172,0.0917942431137,3.6127835590680002,5.19522688745,21.0115099028,-6.88285203739,technical_section
106.674810341,-0.0494645782625,0.127071637149,0.0953382302445,3.5855708545260003,5.23688522069,20.9831732226,-6.87813801296,technical_section
106.724798537,-0.0429613765044,0.131524501879,0.0990735187024,3.5581241229840002,5.27871863215,20.9550106442,-6.87323603165,technical_section
106.774786733,-0.0362350852923,0.135772142626,0.10302203422,3.5304408272160002,5.32072739174,20.9270342395,-6.86813607829,technical_section
106.824774929,-0.029296476663,0.139816713495,0.107198666722,3.5025185774879999,5.36291148773,20.8992568267,-6.86282729667,technical_section
106.874763125,-0.0221563914247,0.143659392726,0.111612132879,3.474355150908,5.40527059897,20.8716920079,-6.85729833898,technical_section
106.924751321,-0.0148258038446,0.14729998056,0.116266065284,3.4459485168419999,5.447804048,20.844354196,-6.85153767047,technical_section
106.974739517,-0.00731590648927,0.150736539746,0.121160313346,3.4172968686480001,5.49051073617,20.817258633,-6.84553381812,technical_section
107.024727713,0.000361787218208,0.15396508771,0.126292436089,3.3883986626099998,5.53338906238,20.7904214009,-6.83927555285,technical_section
107.074715909,0.00819532572136,0.156979348031,0.131659364566,3.3592526640720002,5.57643682752,20.7638594274,-6.83275199596,technical_section
107.124704105,0.0161721908323,0.15977056738,0.137259208185,3.3298580012940002,5.61965112699,20.7375904888,-6.82595264233,technical_section
107.174692301,0.0242791619371,0.162327402234,0.143093177805,3.3002142273360002,5.66302823378,20.7116332136,-6.81886729379,technical_section
107.224680497,0.0325021771677,0.164635877828,0.14916759664,3.270321389772,5.70656347511,20.6860070877,-6.81148589864,technical_section
107.274668693,0.0408261960417,0.166679419704,0.15549597056,3.2401801086299997,5.75025110534,20.6607324664,-6.80379829472,technical_section
107.324656889,0.0492350682083,0.168438956167,0.162101089453,3.209791662108,5.79408417803,20.6358305946,-6.79579385573,technical_section
107.374645085,0.0577114129599,0.16989308777,0.169017132807,3.1791580802279999,5.83805441958,20.6113236383,-6.78746104267,technical_section
107.424633281,0.0662365140767,0.171018317942,0.176291754155,3.14828224605,5.88215210716,20.5872347307,-6.77878686438,technical_section
107.474621477,0.0747902343649,0.1717893368,0.183988119322,3.117168003762,5.92636595236,20.5635880343,-6.76975625385,technical_section
107.524609673,0.0833509539287,0.172179348299,0.192186872524,3.0858202735560001,5.97068299256,20.5404088214,-6.76035136928,technical_section
107.574597869,0.0918955357874,0.172160429116,0.200988000111,3.0542451722099999,6.01508849045,20.5177235742,-6.75055083189,technical_section
107.624586065,0.100399321922,0.171703905937,0.210512551652,3.0224501383860001,6.0595658425,20.4955601032,-6.740328916,technical_section
107.674574261,0.108836162218,0.170780736344,0.220904161452,2.9904440611860004,6.10409649593,20.4739476846,-6.72965471074,technical_section
107.724562457,0.117178478069,0.169361877007,0.232330284631,2.9582374096799997,6.148659874,20.4529172117,-6.71849127817,technical_section
107.774550654,0.125397361674,0.167418621671,0.244983019267,2.9258423604900003,6.19323330899,20.4325013565,-6.706794839,technical_section
107.82453885,0.133462711217,0.164922890373,0.259079323284,2.893272918354,6.237791983,20.4127347328,-6.6945140259,technical_section
107.874527046,0.141343401339,0.1618474508,0.274860346276,2.8605450232080001,6.28230887768,20.3936540491,-6.68158925481,technical_section
107.924515242,0.149007487444,0.158166053059,0.292589478854,2.8276766335440002,6.32675473665,20.3752982374,-6.6679522789,technical_section
107.974503438,0.156422441569,0.153853461196,0.312548566379,2.794687771824,6.3710980479,20.3577085367,-6.6535260058,technical_section
108.024491634,0.163555416763,0.148885369908,0.335031549001,2.761600511808,6.41530505964,20.3409285073,-6.63822467835,technical_section
108.07447983,0.170373536182,0.143238204927,0.360334562591,2.7284388795180003,6.45933985143,20.3250039468,-6.62195453914,technical_section
108.124468026,0.176844202435,0.136888824492,0.388741368005,2.6952286306680002,6.50316449392,20.3099826743,-6.60461511746,technical_section
108.174456222,0.182935422152,0.129814168166,0.420502678821,2.6619968545740003,6.54673934527,20.2959141492,-6.58610128988,technical_section
108.224444418,0.188616140253,0.121990955674,0.455808554143,2.6287713427500004,6.59002354922,20.2828488936,-6.56630625309,technical_section
108.274432614,0.193856578078,0.113395584082,0.494751462579,2.5955796475260002,6.63297581744,20.2708377008,-6.54512553818,technical_section
108.32442081,0.19862856925,0.104004565414,0.53728572805,2.562447748086,6.67555559252,20.25993063,-6.52246201794,technical_section
108.374409006,0.202905887115,0.093795636422,0.583166267127,2.5293982423860002,6.71772469027,20.2501758314,-6.49823204229,technical_section
108.424397202,0.206664557607,0.0827509304148,0.63193846874,2.4964480021860003,6.75944949939,20.2416182912,-6.47237147847,technical_section
108.474385398,0.209883151573,0.0708597926771,0.682762655114,2.4636052746720001,6.80070375926,20.234298658,-6.44484403057,technical_section
108.524373594,0.212543050933,0.0581315156789,0.734825102613,2.4308662978260003,6.84147182707,20.2282523711,-6.41564116633,technical_section
108.57436179,0.214628683483,0.0445868366644,0.786024004804,2.3982116211900002,6.88175217965,20.223509358,-6.38480391037,technical_section
108.624349986,0.216127721737,0.030321348553,0.836725646626,2.3656024822320001,6.92156068572,20.2200945452,-6.35237184743,technical_section
108.674338182,0.217031241867,0.0153801255578,0.881217630843,2.3329777482900003,6.96093298076,20.218029319,-6.31851794525,technical_section
108.724326378,0.217333839576,3.21963128416e-05,0.918513236536,2.3002520425560005,6.99992516236,20.2173338453,-6.28327813492,technical_section
108.774314574,0.217033700614,-0.0153196885597,0.881878791093,2.3221184666759997,7.03891396115,20.2180221642,-6.24802650119,technical_section
108.82430277,0.2161326245,-0.0302671981476,0.837786465701,2.3440153392360004,7.07827905723,20.2200806398,-6.21414515281,technical_section
108.874290966,0.214636000986,-0.0445404961463,0.787385116127,2.3659971935580004,7.11807732134,20.2234894695,-6.18167287849,technical_section
108.924279162,0.212552739745,-0.058093715054,0.736398621326,2.38810323537,7.15834517218,20.2282276638,-6.15078567961,technical_section
108.974267358,0.209895154665,-0.0708300009951,0.684451157971,2.4103581631020004,7.19909919413,20.2342706993,-6.12152553924,technical_section
109.024255554,0.206678805085,-0.0827281230489,0.633665829622,2.432773877796,7.24033846254,20.241589024,-6.09393624772,technical_section
109.07424375,0.202922297108,-0.0937784615805,0.584868641646,2.4553516724460001,7.28204779593,20.2501475158,-6.06801167906,technical_section
109.124231946,0.198647048935,-0.103991648716,0.538915921345,2.4780845497140001,7.32420126053,20.2599057642,-6.04371768468,technical_section
109.174220143,0.193877024825,-0.113385670621,0.496276173122,2.500959415968,7.36676545474,20.2708189313,-6.02099188317,technical_section
109.224208339,0.188638442861,-0.121982999937,0.457206578606,2.5239590040780002,7.40970231079,20.2828389265,-5.99975199035,technical_section
109.274196535,0.18295946216,-0.129807361006,0.42176230044,2.5470634617900001,7.45297131929,20.2959156677,-5.9799018754,technical_section
109.324184731,0.176869855484,-0.136882586644,0.389858037407,2.5702516025639999,7.49653119382,20.3099982691,-5.96133774391,technical_section
109.374172927,0.170400673388,-0.143232160205,0.361308852845,2.593501849386,7.54034105218,20.3250360597,-5.94395319945,technical_section
109.424161123,0.163583906099,-0.1488793101,0.335867514638,2.6167929193080002,7.5843612126,20.3409793891,-5.92764331354,technical_section
109.474149319,0.156452149209,-0.15384730951,0.313252475778,2.6401042987200003,7.6285537017,20.3577802174,-5.91230764924,technical_section
109.524137515,0.149038279064,-0.15815983019,0.293168876167,2.6634165568559998,7.67288255738,20.3753925075,-5.89785236548,technical_section
109.574125711,0.141375143339,-0.161841245504,0.275323379534,2.6867115376560005,7.71731399268,20.3937724496,-5.88419153974,technical_section
109.624113907,0.133495271854,-0.164916835205,0.259434278959,2.7099724628340001,7.761816469,20.4128785529,-5.87124786086,technical_section
109.674102103,0.125430612088,-0.167412873762,0.245238011708,2.733183971046,7.80636071294,20.432671636,-5.85895283154,technical_section
109.724090299,0.11721229318,-0.169356603407,0.23249305811,2.7563321129219998,7.85091969872,20.4531147479,-5.84724660175,technical_section
109.774078495,0.108870421493,-0.170776103298,0.220981972683,2.7794043153899999,7.89546861012,20.4741730417,-5.83607753445,technical_section
109.824066691,0.100433910003,-0.171700071424,0.210512108283,2.802389325984,7.93998478955,20.4958136238,-5.82540158529,technical_section
109.874054887,0.0919303429657,-0.172157538027,0.200915437555,2.8252771439040001,7.98444767789,20.5180053914,-5.81518156146,technical_section
109.924043083,0.08338587648,-0.172177529696,0.192047756392,2.8480589433540002,8.02883874663,20.5407188716,-5.80538631113,technical_section
109.974031279,0.0748251747371,-0.171788702758,0.183787464454,2.8707269925780001,8.07314142216,20.5639260704,-5.79598988367,technical_section
110.024019475,0.0662713809396,-0.171018963574,0.176034054147,2.8932745709700001,8.11734100202,20.5876003348,-5.78697069242,technical_section
110.074007671,0.0577461211257,-0.169895092072,0.168706395601,2.9156958865980003,8.16142456245,20.6117162337,-5.77831070497,technical_section
110.123995867,0.0492695384332,-0.168442383412,0.161740876419,2.9379859949339999,8.20538085734,20.6362494576,-5.76999468064,technical_section
110.173984063,0.0408603547234,-0.166684321127,0.155089436923,2.9601407202300001,8.24920020883,20.6611767375,-5.76200947083,technical_section
110.223972259,0.0325359559539,-0.164642293422,0.148717532156,2.9821565800980001,8.29287439055,20.6864757814,-5.75434339425,technical_section
110.273960455,0.024312497262,-0.162335362501,0.142602046943,3.0040307139600002,8.33639650491,20.7121252283,-5.74698569629,technical_section
110.323948651,0.0162050234004,-0.159780094902,0.136729189128,3.0257608159980003,8.37976085644,20.7381046154,-5.73992609912,technical_section
110.373936847,0.00822759995635,-0.156990458784,0.131092386855,3.0473450728020004,8.42296282336,20.7643943573,-5.73315444664,technical_section
110.423925043,0.000393450696269,-0.153977792049,0.125690216617,3.0687821060760001,8.46599873028,20.7909757335,-5.72666044615,technical_section
110.473913239,-0.00728490360234,-0.150750843024,0.120524390518,3.090070920654,8.50886572443,20.8178308826,-5.72043350638,technical_section
110.523901435,-0.0147955093352,-0.147315883357,0.115597831278,3.1112108580059998,8.55156165861,20.844942798,-5.71446266967,technical_section
110.573889632,-0.0221268515354,-0.143676890705,0.110912863904,3.13220155491,8.59408498345,20.8722953247,-5.70873663362,technical_section
110.623877828,-0.0292677365427,-0.139835796893,0.106469551137,3.1530429077940001,8.63643465172,20.8998731532,-5.70324385647,technical_section
110.673866024,-0.03620718938,-0.135792795431,0.102264198496,3.1737350421179999,8.67861003686,20.927661808,-5.69797273799,technical_section
110.72385422,-0.0429343688355,-0.131546700744,0.0982880514205,3.1942782868140003,8.72061086809,20.9556476298,-5.69291186711,technical_section
110.773842416,-0.0494385026884,-0.127095350105,0.0945262036531,3.2146731534959998,8.76243718337,20.9838177476,-5.68805032551,technical_section
110.823830612,-0.0557088449052,-0.122436038225,0.0909567329177,3.234920320044,8.80408930153,21.0121600414,-5.68337803615,technical_section
110.873818808,-0.0617346559935,-0.117565973596,0.0875500750442,3.2550206180760002,8.84556781428,21.0406630922,-5.6788861445,technical_section
110.923807004,-0.0675052070401,-0.112482745172,0.084268644533,3.2749750238940001,8.88687359799,21.0693161203,-5.67456742024,technical_section
110.9737952,-0.073009807309,-0.107184787661,0.0810667052309,3.2947846524540001,8.92800784506,21.0981089102,-5.67041666653,technical_section
111.023783396,-0.0782378546302,-0.101671833707,0.0778904908341,3.3144507534959997,8.96897211375,21.1270317227,-5.66643112457,technical_section
111.073771592,-0.083178907204,-0.0959453414111,0.0746785710896,3.3339747096000001,9.00976839512,21.1560751945,-5.66261086101,technical_section
111.123759788,-0.0878227748824,-0.0900088861696,0.0713624557802,3.353358035232,9.05039919517,21.1852302249,-5.65895912655,technical_section
111.173747984,-0.0921596274827,-0.0838685064303,0.0678674238095,3.372602376438,9.09086762967,21.214487852,-5.65548267477,technical_section
111.22373618,-0.0961801172539,-0.0775329939487,0.0641135610527,3.3917095103399997,9.13117752927,21.2438391181,-5.65219203113,technical_section
111.273724376,-0.0998755122574,-0.0710141202405,0.0600169848754,3.4106813441099999,9.17133355159,21.273274927,-5.64910170343,technical_section
111.323712572,-0.103237837153,-0.0643267923005,0.0554912294666,3.4295199128460001,9.2113412973,21.3027858931,-5.64623032617,technical_section
111.373700768,-0.106260017694,-0.05748913224,0.0504487590471,3.4482273758640001,9.25120742663,21.332362186,-5.64360073302,technical_section
111.423688964,-0.108936025158,-0.0505224772605,0.0448025734514,3.4668060112979999,9.29093977308,21.3619933704,-5.64123995339,technical_section
111.47367716,-0.111261016929,-0.0434512983168,0.0384678631746,3.4852582087200004,9.33054745071,21.3916682451,-5.63917913086,technical_section
111.523665356,-0.113231469546,-0.0363030379034,0.0313636696483,3.5035864595819999,9.37004095181,21.4213746812,-5.63745336331,technical_section
111.573653552,-0.114845300736,-0.0291078695276,0.0234145028386,3.521793345786,9.4094322317,21.4510994626,-5.63610146691,technical_section
111.623641748,-0.116101977177,-0.0218983835931,0.0145518682913,3.5398815264179997,9.44873477775,21.4808281305,-5.63516566783,technical_section
111.673629944,-0.117002605106,-0.0147092064985,0.00471565769686,3.55785372288,9.48796365992,21.5105448327,-5.6346912278,technical_section
111.72361814,-0.117550001272,-0.00757656166644,-0.00614463834851,3.5757127030320004,9.52713556046,21.5402321803,-5.63472601139,technical_section
111.773606336,-0.117748742191,-0.00053778292293,-0.0180689317068,3.5934612645599997,9.56626878083,21.569871113,-5.63532000434,technical_section
111.823594532,-0.117605190152,0.0063692080932,-0.0310857726476,3.6111022182899997,9.6053832242,21.5994407737,-5.63652479352,technical_section
111.873582728,-0.117127494942,0.0131064475525,-0.0452118526738,3.6286383719880004,9.64450035237,21.6289183945,-5.63839301997,technical_section
111.923570924,-0.116325570812,0.0196364857778,-0.0604517132589,3.6460725150419999,9.68364311627,21.6582791937,-5.64097781575,technical_section
111.973559121,-0.115211048709,0.0259229377499,-0.0767978836042,3.6634074048,9.72283585969,21.6874962856,-5.64433223915,technical_section
112.023547317,-0.113797204355,0.0319310271419,-0.0942305682276,3.6806457547259996,9.7621041962,21.7165406038,-5.64850870679,technical_section
112.073535513,-0.112098863252,0.0376280670741,-0.112719995956,3.697790225076,9.80147485943,21.7453808367,-5.65355847658,technical_section
112.123523709,-0.110132284136,0.0429840306997,-0.132219908695,3.7148434160039998,9.84097552756,21.7739833782,-5.65953102553,technical_section
112.173511905,-0.107915022858,0.0479716055949,-0.152693847488,3.731807863512,9.88063462263,21.8023122916,-5.66647392493,technical_section
112.223500101,-0.105465779017,0.0525678851485,-0.174023564838,3.7486860380639997,9.92048108583,21.8303292883,-5.67443105563,technical_section
112.273488297,-0.102804227978,0.0567499134276,-0.196339909117,3.7654803458999999,9.96054413002,21.857993721,-5.68344694265,technical_section
112.323476493,-0.0999508411597,0.0605118810215,-0.218851978755,3.7821931326000002,10.0008529708,21.8852625928,-5.69354940651,technical_section
112.373464689,-0.0969266976422,0.063805390513,-0.243964714244,3.7988266886819999,10.0414365373,21.9120905821,-5.70480910738,technical_section
112.423452885,-0.0937532902441,0.066623617161,-0.257277730548,3.8153911453019997,10.0823417095,21.9384441818,-5.71700937635,technical_section
112.473441081,-0.0904523292487,0.0689394159828,-0.266394014853,3.8319016864140001,10.123617256,21.9643124463,-5.72976294552,technical_section
112.523429277,-0.0870455469217,0.0708148891098,-0.276067889135,3.8483598181499996,10.1652720289,21.9896708955,-5.7429905585,technical_section
112.573417473,-0.0835545058542,0.0722425446108,-0.285090228111,3.864766619124,10.2073126478,22.0144945882,-5.75668923212,technical_section
112.623405669,-0.0800004140023,0.0732370273959,-0.293657142797,3.8811229816859996,10.2497439919,22.0387586693,-5.77083373363,technical_section
112.673393865,-0.0764039490701,0.0738121669973,-0.301641422729,3.8974296287520001,10.2925691335,22.0624386047,-5.78539957886,technical_section
112.723382061,-0.0727850946235,0.073985928675,-0.309000875587,3.9136871313719999,10.3357893001,22.085510414,-5.80035812773,technical_section
112.773370257,-0.0691629900117,0.0737788587216,-0.315684822792,3.9039546856680003,10.3794038631,22.1079508936,-5.81567818583,technical_section
112.823358453,-0.0655557958416,0.0732139637161,-0.321655220758,3.8794257685980003,10.4234103535,22.1297378292,-5.83132617172,technical_section
112.873346649,-0.0619805763982,0.0723162634401,-0.326882278836,3.8547134104320007,10.4678045039,22.1508501935,-5.84726660971,technical_section
112.923334845,-0.0584532000332,0.0711124002149,-0.331345236823,3.8298147610500002,10.5125803137,22.1712683258,-5.86346256502,technical_section
112.973323041,-0.054988258181,0.0696302381604,-0.335032000904,3.8086844175180006,10.557730136,22.1909740908,-5.8798760871,technical_section
113.023311237,-0.0515990032967,0.0678984710142,-0.33793882503,3.7922685969599996,10.6032447843,22.2099510159,-5.89646864223,technical_section
113.073299433,-0.0482973056629,0.0659462430198,-0.340069879548,3.7803677609700004,10.6491136542,22.2281844037,-5.91320153044,technical_section
113.123287629,-0.0450936286846,0.0638027877723,-0.341436728893,3.7727933342760003,10.6953248599,22.2456614201,-5.93003628149,technical_section
113.173275825,-0.0419970219933,0.0614970896516,-0.342057740867,3.7693669913819998,10.7418653791,22.2623711575,-5.94693502503,technical_section
113.223264021,-0.0390151314108,0.0590575714721,-0.341957436048,3.7699197764940005,10.7887212062,22.2783046718,-5.96386083108,technical_section
113.273252217,-0.0361542245926,0.056511811404,-0.341165793537,3.7742911108200006,10.8358775082,22.2934549964,-5.98077801763,technical_section
113.323240414,-0.0334192309759,0.0538862914679,-0.339717525487,3.7823277462839999,10.8833187822,22.307817132,-5.99765242289,technical_section
113.37322861,-0.0308137945063,0.0512061792205,-0.337651334306,3.7938827029319997,10.9310290106,22.3213880142,-6.01445164063,technical_section
113.423216806,-0.0283403375025,0.048495143569,-0.335009164796,3.8088142259760001,10.978991812,22.3341664621,-6.03114521753,technical_section
113.473205002,-0.0260001339476,0.0457752050032,-0.331835463992,3.8256767279999999,11.0271905861,22.3461531081,-6.04770481258,technical_section
113.523193198,-0.023793390462,0.0430666199155,-0.328176459558,3.8424750223499999,11.0756086493,22.3573503119,-6.06410431863,technical_section
113.573181394,-0.0217193332167,0.0403877981284,-0.324079467414,3.8592092909339999,11.1242293613,22.3677620623,-6.08031994744,technical_section
113.62316959,-0.0197762990827,0.0377552522276,-0.319592237734,3.8758797295200003,11.1730362403,22.3773938667,-6.09633027963,technical_section
113.673157786,-0.0179618293789,0.0351835768626,-0.314762347136,3.892486549374,11.2220130666,22.3862526333,-6.11211628168,technical_section
113.723145982,-0.0162727646736,0.0326854558024,-0.309636643438,3.9090299785200004,11.2711439734,22.3943465473,-6.12766129241,technical_section
113.773134178,-0.0147053392123,0.0302716942251,-0.304260748334,3.92551026264,11.3204135259,22.4016849429,-6.14295098167,technical_section
113.823122374,-0.0132552736716,0.0279512734964,-0.298678620814,3.9419276656499997,11.3698067873,22.4082781745,-6.15797328441,technical_section
113.87311057,-0.0119178650901,0.025731425536,-0.292932184121,3.958282470096,11.4193093731,22.4141374884,-6.17271831311,technical_section
113.923098766,-0.0106880729759,0.023617723781,-0.287061016148,3.9745749772979999,11.4689074936,22.4192748964,-6.18717825197,technical_section
113.973086962,-0.00956060075187,0.0216141877441,-0.281102103266,3.9908055072959998,11.5185879858,22.4237030537,-6.20134723613,technical_section
114.023075158,-0.00852997185654,0.019723398202,-0.27508965516,4.0069743985979995,11.568338335,22.4274351421,-6.21522121902,technical_section
114.073063354,-0.00759059997594,0.0179466201528,-0.269054978367,4.0230820077300002,11.618146687,22.4304847592,-6.22879783114,technical_section
114.12305155,-0.0067368530306,0.0162839308213,-0.263026404486,4.0391287087140002,11.6680018529,22.4328658151,-6.24207623307,technical_section
114.173039746,-0.00596311068413,0.0147343501822,-0.25702926883,4.055114892312,11.7178933059,22.4345924368,-6.25505696552,technical_section
114.223027942,-0.00526381527039,0.0132959716846,-0.251085934615,4.0710409651980006,11.767811172,22.4356788807,-6.26774179893,technical_section
114.273016138,-0.00463351615522,0.0119660911089,-0.24521585729,4.0869073490219998,11.8177462159,22.436139454,-6.2801335849,technical_section
114.323004334,-0.00406690765338,0.0107413317328,-0.23943568396,4.1027144793119996,11.8676898222,22.4359884442,-6.29223611135,technical_section
114.37299253,-0.00355886071302,0.00961776426334,-0.23375938152,4.1184628044120002,11.9176339733,22.435240057,-6.30405396318,technical_section
114.422980726,-0.00310444865601,0.00859102025361,-0.228198389047,4.1341527842219996,11.9675712247,22.4339083635,-6.31559238982,technical_section
114.472968922,-0.00269896732505,0.00765639798065,-0.222761788204,4.149784889028,12.0174946783,22.4320072532,-6.32685718075,technical_section
114.522957118,-0.00233795003636,0.00680896002774,-0.217456487181,4.1653595982780001,12.0673979547,22.4295503967,-6.33785454991,technical_section
114.572945314,-0.00201717777194,0.00604362204526,-0.212287412997,4.1808773992320001,12.1172751648,22.4265512141,-6.34859102948,technical_section
114.62293351,-0.00173268506742,0.00535523239023,-0.207257708267,4.1963387857920003,12.1671208809,22.4230228496,-6.35907337357,technical_section
114.672921706,-0.00148076206325,0.00473864254442,-0.202368928061,4.211744257296,12.2169301089,22.418978153,-6.36930847176,technical_section
114.722909903,-0.00125795318735,0.00418876839068,-0.197621233937,4.2270943172580004,12.2666982602,22.4144296658,-6.37930327259,technical_section
114.772898099,-0.00106105293023,0.00370064258328,-0.193013581622,4.2423894723059998,12.3164211253,22.4093896119,-6.38906471676,technical_section
114.822886295,-0.000887099157836,0.00326945837515,-0.188543900675,4.2576302310659999,12.3660948479,22.4038698927,-6.39859967955,technical_section
114.872874491,-0.000733364386209,0.00289060537041,-0.184209263403,4.2728171031900004,12.4157159007,22.3978820858,-6.40791492228,technical_section
114.922862687,-0.000597345415799,0.00255969775916,-0.180006042101,4.2879505983840005,12.4652810622,22.3914374462,-6.41701705187,technical_section
114.972850883,-0.000476751693175,0.00227259564141,-0.175930053415,4.303031225562,12.5147873956,22.3845469112,-6.42591248826,technical_section
115.022839079,-0.000369492735602,0.00202542009354,-0.171976689038,4.3180594920180004,12.5642322282,22.3772211056,-6.43460743875,technical_section
115.072827275,-0.000273664919978,0.0018145626481,-0.168141032742,4.3330359028140002,12.6136131332,22.3694703504,-6.44310787866,technical_section
115.122815471,-0.000187537903192,0.00163668986063,-0.164417963507,4.3479609600060005,12.6629279124,22.3613046717,-6.45141953769,technical_section
115.172803667,-0.000109540906756,0.00148874362724,-0.1608022453,4.3628351622119999,12.7121745803,22.3527338107,-6.45954789108,technical_section
115.222791863,-3.82490652705e-05,0.00136793789478,-0.157288603755,4.3776590040360004,12.7613513496,22.3437672346,-6.46749815518,technical_section
115.272780059,2.76299935126e-05,0.00127175236914,-0.153871790876,4.3924329756900002,12.8104566183,22.3344141482,-6.47527528652,technical_section
115.322768255,8.92691991877e-05,0.00119792379056,-0.150546638061,4.4071575626159998,12.8594889572,22.3246835049,-6.48288398399,technical_section
115.372756451,0.000147734609565,0.0011444352986,-0.147308098963,4.4218332451620004,12.908447099,22.3145840183,-6.49032869341,technical_section
115.422744647,0.000203997416951,0.00110950435655,-0.144151282725,4.4364604983660003,12.9573299286,22.3041241739,-6.49761361416,technical_section
115.472732843,0.000258945327501,0.00109156965859,-0.141071478934,4.4510397917580002,13.0061364735,22.2933122402,-6.50474270719,technical_section
115.522721039,0.000313393271308,0.00108927738723,-0.138064175125,4.4655715891800005,13.0548658959,22.2821562793,-6.51171970428,technical_section
115.572709235,0.000368093418249,0.00110146714095,-0.135125067946,4.4800563486599998,13.1035174849,22.2706641579,-6.51854811795,technical_section
115.622697431,0.000423744489451,0.00112715779872,-0.132250068973,4.4944945223940005,13.1520906499,22.2588435571,-6.52523125189,technical_section
115.672685627,0.000481000366636,0.00116553354561,-0.129435305927,4.5088865566020004,13.2005849142,22.246701982,-6.53177221154,technical_section
115.722673823,0.000540478011718,0.0012159302388,-0.126677120322,4.5232328915459998,13.2489999092,22.2342467714,-6.53817391474,technical_section
115.772662019,0.000602764717083,0.00127782225281,-0.123972062197,4.5375339615839998,13.2973353694,22.2214851058,-6.54443910216,technical_section
115.822650215,0.000668424713089,0.00135080990767,-0.121316882676,4.5517901950979995,13.3455911273,22.2084240163,-6.55057034743,technical_section
115.872638411,0.000738005163786,0.00143460755583,-0.118708524769,4.5660020145480003,13.3937671094,22.1950703922,-6.55657006691,technical_section
115.922626607,0.000812041584809,0.00152903236454,-0.116144113609,4.580169836544,13.4418633318,22.1814309883,-6.56244052893,technical_section
115.972614803,0.000891062719051,0.00163399383733,-0.113620944653,4.5942940719359999,13.4898798966,22.167512432,-6.56818386259,technical_section
116.022602999,0.000975594906339,0.00174948400019,-0.111136476113,4.6083751258139998,13.5378169886,22.1533212297,-6.57380206602,technical_section
116.072591195,0.00106616598298,0.0018755685253,-0.10868830547,4.6224133975799999,13.5856748717,22.1388637734,-6.57929701386,technical_section
116.122579392,0.00116330874602,0.00201237768253,-0.106274205536,4.6364092811099997,13.6334538863,22.1241463459,-6.58467046515,technical_section
116.172567588,0.00126756401544,0.00216010112625,-0.103891940086,4.6503631647720001,13.6811544464,22.1091751271,-6.58992406739,technical_section
116.222555784,0.00137948332542,0.00231897138777,-0.101539903929,4.6642754315340005,13.7287770369,22.0939561987,-6.59505937214,technical_section
116.27254398,0.00149963127347,0.0024892922741,-0.0992146918163,4.6781464590719999,13.7763222115,22.0784955495,-6.60007780568,technical_section
116.322532176,0.0016285875536,0.00267130235964,-0.0969201230156,4.691976619788,13.8237905899,22.06279908,-6.60498080475,technical_section
116.372520372,0.00176694869709,0.00286565570937,-0.0946335522582,4.7057662810260004,13.8711828561,22.0468726066,-6.60976933508,technical_section
116.422508568,0.00191532954168,0.00307160304627,-0.0924314582747,4.7195158050539998,13.9184997562,22.0307218666,-6.61444570955,technical_section
116.472496764,0.0020743644472,0.00329374949182,-0.0900211143758,4.7332255491900002,13.9657420967,22.0143525215,-6.61900682977,technical_section
116.52248496,0.00224470827327,0.00352085700639,-0.0885429060511,4.7468958692039998,14.0129107458,21.9977701351,-6.62347081101,technical_section
116.572473156,0.00242703713205,0.00377202661227,-0.0899243935208,4.7605271846399999,14.0600059898,21.9809776614,-6.62793244986,technical_section
116.622461352,0.00262204892676,0.00403147812321,-0.0909089954353,4.7741198796900006,14.1070263518,21.9639733867,-6.63245333774,technical_section
116.672449548,0.00283046368449,0.00430710608813,-0.0920134165241,4.7876743097279997,14.1539700473,21.9467550932,-6.63702656291,technical_section
116.722437744,0.00305302368999,0.0045973560345,-0.0930996074621,4.8011908271940005,14.2008352562,21.9293205503,-6.6416546765,technical_section
116.77242594,0.0032904934253,0.00490320076375,-0.0942049677928,4.8146697818820003,14.2476201217,21.9116675142,-6.64633771576,technical_section
116.822414136,0.00354365931835,0.0052249278258,-0.0953199898513,4.8281115210840007,14.2943227498,21.8937937274,-6.65107641615,technical_section
116.872402332,0.0038133293029,0.00556299506811,-0.0964478087531,4.8415163897519999,14.3409412087,21.875696918,-6.65587135525,technical_section
116.922390528,0.00410033219024,0.00591779666911,-0.0975882525311,4.8548847307500003,14.3874735276,21.8573747987,-6.6607231861,technical_section
116.972378724,0.00440551685293,0.0062897209507,-0.0987421122381,4.868216885052,14.4339176957,21.8388250659,-6.66563257879,technical_section
117.02236692,0.00472975121969,0.00667913002381,-0.0999099973357,4.8815131918860004,14.4802716614,21.8200453988,-6.67060024005,technical_section
117.072355116,0.00507392108003,0.00708636032471,-0.101092641269,4.8947739889680006,14.5265333307,21.8010334578,-6.675626912,technical_section
117.122343312,0.00543892869715,0.0075117175128,-0.102290818401,4.9079996126819996,14.5727005664,21.7817868833,-6.68071337634,technical_section
117.172331508,0.00582569122711,0.00795547282824,-0.103505365318,4.9211903982600003,14.6187711862,21.7623032944,-6.68586045712,technical_section
117.222319704,0.00623513894245,0.00841785901026,-0.104737173594,4.9343466800160005,14.6647429614,21.742580287,-6.69106902378,technical_section
117.2723079,0.00666821325862,0.00889906629173,-0.105987190259,4.9474687914720006,14.7106136153,21.7226154323,-6.69633999408,technical_section
117.322296096,0.00712586456166,0.00939923833934,-0.107256415606,4.9605570655740001,14.756380821,21.7024062749,-6.70167433698,technical_section
117.372284292,0.00760904983632,0.00991846818968,-0.108545901451,4.9736118348900007,14.8020421999,21.6819503313,-6.70707307544,technical_section
117.422272488,0.00811873009388,0.0104567941816,-0.109856748727,4.9866334317000005,14.8475953191,21.6612450871,-6.7125372891,technical_section
117.472260684,0.00865586760026,0.0110141959065,-0.11119010468,4.9996221882840004,14.8930376895,21.6402879961,-6.71806811688,technical_section
117.522248881,0.00922142290506,0.0115905901915,-0.112547159665,5.012578436958,14.938366763,21.6190764773,-6.72366675936,technical_section
117.572237077,0.00981635167377,0.0121858271384,-0.113929143247,5.0255025102720001,14.9835799301,21.5976079133,-6.72933448111,technical_section
117.622225273,0.0104416013258,0.0127996862393,-0.115337319961,5.0383947411720005,15.0286745167,21.5758796479,-6.73507261271,technical_section
117.672213469,0.0110981074821,0.013431872592,-0.116772984293,5.0512554631080002,15.0736477814,21.5538889844,-6.74088255262,technical_section
117.722201665,0.0117867902286,0.0140820132456,-0.118237455106,5.064085010106,15.118496912,21.5316331828,-6.74676576876,technical_section
117.772189861,0.0125085501995,0.0147496536976,-0.119732069535,5.0768837169119996,15.1632190221,21.5091094585,-6.75272379978,technical_section
117.822178057,0.0132642644908,0.015434254574,-0.121258176053,5.0896519190639999,15.2078111474,21.4863149798,-6.75875825611,technical_section
117.872166253,0.0140547824106,0.0161351885224,-0.122817127025,5.1023899529639998,15.2522702418,21.463246866,-6.76487082052,technical_section
117.922154449,0.0148809210779,0.0168517373468,-0.124410270519,5.1150981558960007,15.2965931735,21.4399021858,-6.77106324839,technical_section
117.972142645,0.0157434608809,0.0175830894148,-0.126038941531,5.1277768660619998,15.34077672,21.4162779558,-6.77733736753,technical_section
118.022130841,0.016643140808,0.0183283373692,-0.127704452501,5.1404264225820002,15.3848175642,21.3923711383,-6.78369507754,technical_section
118.072119037,0.0175806536664,0.0190864761738,-0.129408083249,5.1530471655119996,15.4287122896,21.3681786411,-6.79013834867,technical_section
118.122107233,0.0185566412029,0.0198564015244,-0.131151070343,5.1656394357359998,15.4724573748,21.3436973156,-6.79666922017,technical_section
118.172095429,0.0195716891462,0.0206369086556,-0.132934595813,5.1782035749120006,15.5160491887,21.3189239565,-6.80328979812,technical_section
118.222083625,0.0206263221873,0.0214266915707,-0.134759775506,5.1907399253820001,15.5594839851,21.2938553014,-6.81000225261,technical_section
118.272071821,0.0217209989194,0.022224342724,-0.136627646848,5.2032488300460003,15.6027578972,21.2684880308,-6.81680881434,technical_section
118.322060017,0.0228561067581,0.0230283531828,-0.138539156238,5.2157306321460002,15.6458669314,21.2428187681,-6.82371177063,technical_section
118.372048213,0.0240319568638,0.0238371132891,-0.140495146276,5.2281856751580005,15.6888069623,21.2168440811,-6.83071346069,technical_section
118.422036409,0.0252487790913,0.0246489138485,-0.142496342437,5.2406143024860006,15.7315737257,21.1905604825,-6.83781627026,technical_section
118.472024605,0.0265067169891,0.0254619478617,-0.144543340005,5.2530168571920006,15.7741628133,21.1639644325,-6.84502262558,technical_section
118.522012801,0.0278058228762,0.0262743128164,-0.146636590528,5.2394350136400005,15.8165696663,21.1370523406,-6.85233498663,technical_section
118.572000997,0.0291460530216,0.027084013554,-0.148776388731,5.2207609508460004,15.8587895689,21.1098205693,-6.85975583964,technical_section
118.621989193,0.030527262953,0.0278889657194,-0.150962859242,5.202014071482,15.9008176424,21.0822654369,-6.86728768897,technical_section
118.671977389,0.031949202924,0.0286869998004,-0.153195943915,5.1831933340500003,15.9426488392,21.0543832226,-6.8749330482,technical_section
118.721965585,0.0334115135661,0.0294758657572,-0.155475389368,5.1642976767480002,15.9842779361,21.0261701715,-6.8826944306,technical_section
118.771953781,0.0349137217552,0.030253238243,-0.15780073513,5.1453260176860001,16.025699529,20.9976225,-6.8905743389,technical_section
118.821941977,0.0364552367193,0.0310167224035,-0.160171302552,5.1262772552279996,16.0669080265,20.9687364029,-6.89857525438,technical_section
118.871930173,0.0380353464179,0.0317638602485,-0.16258618437,5.107150268442,16.107897645,20.9395080606,-6.90669962546,technical_section
118.92191837,0.0396532142183,0.0324921375748,-0.165044235445,5.087943917514,16.1486624028,20.9099336477,-6.91494985555,technical_section
118.971906566,0.0413078758989,0.0331989914217,-0.167544064377,5.0686570442700001,16.1891961155,20.8800093419,-6.92332829049,technical_section
119.021894762,0.0429982370037,0.0338818180318,-0.170084026531,5.0492884728779996,16.2294923913,20.8497313339,-6.93183720545,technical_section
119.071882958,0.044723070577,0.0345379812847,-0.172662218288,5.0298370103519998,16.2695446274,20.819095839,-6.94047879147,technical_section
119.121871154,0.0464810152991,0.0351648215697,-0.175276472863,5.010301447362,16.3093460058,20.7880991077,-6.94925514154,technical_section
119.17185935,0.0482705740508,0.0357596650545,-0.177924357662,4.9906805589359999,16.3488894913,20.7567374397,-6.95816823654,technical_section
119.221847546,0.0500901129252,0.0363198333073,-0.1806031733,4.9709731053420008,16.3881678285,20.7250071963,-6.96721993084,technical_section
119.271835742,0.0519378607091,0.0368426532207,-0.183309954539,4.95117783288,16.427173541,20.6929048151,-6.97641193788,technical_section
119.321823938,0.0538119088523,0.0373254671863,-0.186041472818,4.9312934748000004,16.4658989306,20.6604268254,-6.98574581571,technical_section
119.371812134,0.0557102119397,0.0377656434632,-0.188794241045,4.9113187522560002,16.5043360779,20.6275698634,-6.99522295254,technical_section
119.42180033,0.0576305886826,0.0381605866811,-0.191564519891,4.891252375224,16.5424768431,20.5943306892,-7.00484455258,technical_section
119.471788526,0.059570723439,0.0385077484188,-0.194348326468,4.8710930434560007,16.5803128692,20.5607062039,-7.014611622,technical_section
119.521776722,0.0615281682731,0.0388046377883,-0.197141444784,4.8508394475420005,16.6178355852,20.5266934672,-7.02452495541,technical_section
119.571764918,0.0635003455598,0.0390488319748,-0.199939437717,4.8304902697560008,16.6550362106,20.4922897154,-7.03458512276,technical_section
119.621753114,0.0654845511377,0.0392379866328,-0.202737662623,4.8100441851360003,16.6919057618,20.4574923804,-7.04479245685,technical_section
119.67174131,0.0674779580125,0.0393698461779,-0.205531283116,4.7894998623480003,16.7284350595,20.4222991082,-7.05514704147,technical_section
119.721729506,0.0694776206058,0.0394422535553,-0.208315301358,4.7688559646039996,16.7646147368,20.3867077779,-7.06564870063,technical_section
119.771717702,0.0714804795463,0.0394531606697,-0.211084526995,4.7481111504720008,16.8004352497,20.350716521,-7.07629698771,technical_section
119.821705898,0.0734833669925,0.0394006350059,-0.213833775161,4.7272640747220001,16.8358868888,20.31432374,-7.08709117903,technical_section
119.871694094,0.0754830124763,0.0392828779372,-0.216557267456,4.70631338901,16.8709597914,20.2775281275,-7.09803025646,technical_section
119.92168229,0.0774760492511,0.0390982000265,-0.219250824993,4.6852577424539996,16.9056439568,20.2403286844,-7.10911293362,technical_section
119.971670486,0.0794590211268,0.0388451442501,-0.221904355551,4.6640957821740008,16.9399292612,20.2027247377,-7.12033753495,technical_section
120.021658682,0.0814283897694,0.0385220933104,-0.22452789199,4.6428261537240001,16.9738054757,20.1647159579,-7.13170239143,technical_section
120.071646878,0.0833805424401,0.0381286531256,-0.227062520442,4.6214475012180003,17.0072622841,20.1263023754,-7.14320446077,technical_section
120.121635074,0.0853118001472,0.0376609578865,-0.229682786434,4.5999584675999996,17.0402893034,20.0874843959,-7.15484402694,technical_section
120.17162327,0.0872184261788,0.0371269501724,-0.231773465497,4.5791648394840001,17.0728760594,20.0482628773,-7.16660854127,technical_section
120.221611466,0.0890966349836,0.0365193398884,-0.2313862761,4.5829945026000001,17.1050090616,20.0086456995,-7.17842101501,technical_section
120.271599663,0.0909426013626,0.0358413244306,-0.231349717798,4.5833565948660002,17.136679933,19.9686419487,-7.19022608208,technical_section
120.321587859,0.0927524699351,0.0350872509519,-0.231287660362,4.5839714401980007,17.167883734,19.9282575606,-7.20203129907,technical_section
120.371576055,0.0945223648358,0.0342581087759,-0.231287775206,4.5839703021300009,17.198615506,19.8874984775,-7.21383761627,technical_section
120.421564251,0.0962483996017,0.0333535202164,-0.231325176466,4.5835997130000008,17.2288702769,19.8463706553,-7.22564738299,technical_section
120.471552447,0.0979266872047,0.0323736680988,-0.231401820762,4.5828405662759994,17.2586430675,19.8048800696,-7.23746241643,technical_section
120.521540643,0.0995533501828,0.0313188404177,-0.231513216847,4.5817378820999997,17.2879288974,19.7630327229,-7.24928445373,technical_section
120.571528839,0.101124530823,0.0301895371274,-0.231656291667,4.5803227843980006,17.3167227921,19.7208346502,-7.26111504201,technical_section
120.621517035,0.102636401351,0.0289864453816,-0.231827599756,4.5786301659359996,17.3450197907,19.6782919254,-7.2729555603,technical_section
120.671505231,0.104085174071,0.0277104434898,-0.232023752511,4.5766943710020005,17.3728149527,19.6354106663,-7.28480721287,technical_section
120.721493427,0.10546711142,0.0263625975058,-0.232241351036,4.5745498017180006,17.400103367,19.5921970406,-7.2966710302,technical_section
120.771481623,0.106778535877,0.0249441582796,-0.232477025212,4.5722304830159999,17.4268801593,19.5486572699,-7.30854786963,technical_section
120.821469819,0.108015839681,0.0234565573795,-0.232727450832,4.5697698539999996,17.4531405008,19.5047976352,-7.32043841742,technical_section
120.871458015,0.109175494318,0.0219014021952,-0.232989370291,4.5672005345939999,17.4788796165,19.4606244798,-7.33234319166,technical_section
120.921446211,0.110254059722,0.0202804701999,-0.233259611809,4.5645541165440005,17.5040927937,19.4161442139,-7.34426254635,technical_section
120.971434407,0.111248193151,0.0185957024048,-0.233535108159,4.5618609688380003,17.5287753904,19.3713633171,-7.3561966763,technical_section
121.021422603,0.112154657692,0.0168491960368,-0.233812914496,4.5591500609460001,17.5529228435,19.3262883413,-7.36814562306,technical_section
121.071410799,0.11297033036,0.015043196483,-0.234090225052,4.5564488052660002,17.576530677,19.2809259128,-7.38010928169,technical_section
121.121398995,0.113692209748,0.013180088546,-0.234364389028,4.5537829146180009,17.5995945099,19.2352827342,-7.39208740828,technical_section
121.171387191,0.114317423195,0.0112623870636,-0.23463292491,4.5511762808700009,17.622110064,19.1893655857,-7.40407962837,technical_section
121.221375387,0.114843233439,0.0092927269494,-0.234893533908,4.5486508672620003,17.644073171,19.1431813256,-7.41608544592,technical_section
121.271363583,0.115267044731,0.00727385271745,-0.235144111526,4.5462266221680006,17.6654797796,19.096736891,-7.428104253,technical_section
121.321351779,0.11558640838,0.00520860755949,-0.235382758099,4.5439214054580006,17.6863259617,19.0500392976,-7.44013533994,technical_section
121.371339975,0.115799027708,0.00309992204591,-0.235607787307,4.5417509353800005,17.7066079189,19.0030956391,-7.45217790603,technical_section
121.421328171,0.115902762404,0.000950802528259,-0.235817733418,4.5397287480420001,17.726321988,18.9559130867,-7.46423107056,technical_section
121.471316367,0.115895632257,-0.00123568068024,-0.236011356557,4.5378661747860001,17.7454646456,18.9084988873,-7.47629388411,technical_section
121.521304563,0.115775820264,-0.00345640525878,-0.236187646265,4.5361723342140001,17.7640325131,18.8608603626,-7.48836534013,technical_section
121.571292759,0.115541675108,-0.00570820888835,-0.236345823401,4.5346541376420006,17.7820223603,18.8130049066,-7.50044438659,technical_section
121.621280955,0.115191713005,-0.00798790122707,-0.236485339943,4.5333163113660007,17.799431109,18.7649399836,-7.51252993762,technical_section
121.671269152,0.114724618929,-0.0102922757657,-0.236605877258,4.532161430106,17.8162558354,18.7166731261,-7.52462088514,technical_section
121.721257348,0.114139247215,-0.0126181214776,-0.236707342286,4.5311899663980002,17.8324937725,18.6682119317,-7.5367161103,technical_section
121.771245544,0.113434621565,-0.0149622341756,-0.236789862078,4.5304003518659997,17.8481423117,18.6195640603,-7.54881449463,technical_section
121.82123374,0.112609934474,-0.017321427493,-0.236853776521,4.5297890516160004,17.8631990034,18.5707372314,-7.5609149309,technical_section
121.871221936,0.111664546082,-0.0196925434078,-0.23689962937,4.5293506512119999,17.8776615578,18.5217392208,-7.5730163335,technical_section
121.921210132,0.110597982506,-0.0220724622284,-0.236928157537,4.5290779568100001,17.8915278447,18.4725778574,-7.58511764836,technical_section
121.971198328,0.109409933654,-0.0244581119703,-0.236940279078,4.5289621046160002,17.9047958924,18.42326102,-7.59721786217,technical_section
122.021186524,0.108100250576,-0.0268464770509,-0.236937079358,4.5289926852119997,17.9174638869,18.373796634,-7.60931601106,technical_section
122.07117472,0.106668942376,-0.0292346062392,-0.236919796296,4.5291578749379999,17.9295301702,18.3241926682,-7.62141118845,technical_section
122.121162916,0.105116172734,-0.0316196198026,-0.236889803979,4.5294445813320001,17.9409932383,18.2744571315,-7.6335025521,technical_section
122.171151112,0.103442256072,-0.0339987157966,-0.236848595565,4.5298385948700002,17.9518517384,18.22459807,-7.64558933032,technical_section
122.221139308,0.101647653421,-0.0363691754559,-0.236797764965,4.5303247524600003,17.9621044664,18.1746235638,-7.65767082731,technical_section
122.271127504,0.0997329680178,-0.0387283676474,-0.236738987964,4.5308871067679997,17.9717503639,18.124541724,-7.66974642742,technical_section
122.3211157,0.0976989407033,-0.0410737523572,-0.236674002577,4.5315091042019997,17.9807885145,18.07436069,-7.68181559859,technical_section
122.371103896,0.095546445153,-0.04340288319,-0.236604589018,4.5321737682059995,17.9892181408,18.0240886271,-7.69387789464,technical_section
122.421092092,0.0932764829997,-0.0457134088703,-0.236532549437,4.5328638868380002,17.9970386004,17.9737337238,-7.70593295661,technical_section
122.471080288,0.0908901788978,-0.0480030737407,-0.236459687417,4.5335622049920001,18.0042493825,17.9233041896,-7.71798051302,technical_section
122.521068484,0.0883887755776,-0.0502697172617,-0.236387787688,4.5342516169080005,18.010850104,17.8728082529,-7.73002037913,technical_section
122.57105668,0.0857736289426,-0.0525112725312,-0.236318595957,4.5349153601759999,18.016840506,17.8222541592,-7.74205245514,technical_section
122.621044876,0.0830462032563,-0.0547257638412,-0.236253799217,4.53553720749,18.0222204503,17.7716501693,-7.75407672341,technical_section
122.671033072,0.0802080664675,-0.0569113033068,-0.236195006525,4.5361016560260001,18.0269899159,17.7210045577,-7.76609324469,technical_section
122.721021268,0.0772608857181,-0.0590660866077,-0.236143730704,4.536594109728,18.031148996,17.6703256114,-7.77810215335,technical_section
122.771009464,0.0742064230781,-0.0611883878877,-0.236101370601,4.5370010577599995,18.0346978953,17.6196216287,-7.79010365184,technical_section
122.82099766,0.071046531546,-0.063276553866,-0.236069194568,4.5373102419420004,18.0376369268,17.5689009178,-7.80209800412,technical_section
122.870985856,0.0677831513535,-0.0653289972388,-0.236048325556,4.5375108091200005,18.0399665105,17.5181717963,-7.81408552846,technical_section
122.920974052,0.064418306606,-0.0673441893821,-0.23603972462,4.5375934784399998,18.0416871709,17.46744259,-7.82606658937,technical_section
122.970962248,0.0609541022899,-0.0693206526441,-0.236044187208,4.53755058498,18.0427995363,17.4167216322,-7.83804158907,technical_section
123.020950444,0.0573927216711,-0.0712569515115,-0.236062297459,4.5373765255020002,18.0433043371,17.3660172629,-7.85001095774,technical_section
123.070938641,0.0537364241056,-0.0731516857515,-0.236094548818,4.537066604004,18.0432024063,17.315337828,-7.86197514567,technical_section
123.120926837,0.0499875432776,-0.0750034741808,-0.236140841424,4.5366218631899997,18.0424946793,17.2646916783,-7.8739346059,technical_section
123.170915033,0.0461484858775,-0.0768109725464,-0.236202351392,4.5360311289480002,18.0411821942,17.214087169,-7.88588981093,technical_section
123.220903229,0.0422217307242,-0.0785727610837,-0.236274412411,4.535339357142,18.0392660938,17.1635326582,-7.89784113892,technical_section
123.270891425,0.0382098283329,-0.0802877254776,-0.236373482863,4.5343888165080006,18.0367476267,17.1130365058,-7.90978925326,technical_section
123.320879621,0.0341154009244,-0.0819535684033,-0.236434923993,4.5337996140480001,18.0336281497,17.0626070721,-7.92173361255,technical_section
123.370867817,0.0299411428647,-0.0835724019318,-0.23670031986,4.5312571815840004,18.029909131,17.0122527161,-7.93367806131,technical_section
123.420856013,0.0256898215207,-0.0851373839943,-0.23576454594,4.5402407909099995,18.0255924145,16.9619823185,-7.94559697787,return_complex
123.470844209,0.0213642785114,-0.0866538200441,-0.234345159442,4.5539697449340002,18.0206821993,16.9118049875,-7.95744768532,return_complex
123.520832405,0.0169674313282,-0.0881133371122,-0.233014336388,4.5669558538979995,18.0151839645,16.8617280579,-7.96921986932,return_complex
123.570820601,0.0125022752952,-0.0895164513556,-0.231622134297,4.5806605025760003,18.0091033528,16.8117586171,-7.98091422967,return_complex
123.620808797,0.0079718858328,-0.0908608091959,-0.230208845827,4.5946996875719996,18.0024461589,16.7619035648,-7.99252862977,return_complex
123.670796993,0.00337942098598,-0.0921447642453,-0.228762291857,4.6088534215800001,17.9952183251,16.7121696101,-8.00406167245,return_complex
123.720785189,-0.00127187582709,-0.0933663893628,-0.227284582316,4.6229521107420002,17.9874259381,16.6625632683,-8.01551171105,return_complex
123.770773385,-0.00597867289378,-0.09452374329,-0.225773796737,4.6369960822800005,17.9790752261,16.613090858,-8.02687711506,return_complex
123.820761581,-0.010737547164,-0.0956147943663,-0.224229039297,4.6509856611660005,17.9701725553,16.563758498,-8.03815619273,return_complex
123.870749777,-0.0155449811401,-0.0966374396018,-0.222649078073,4.6649211701580002,17.9607244271,16.5145721047,-8.0493472092,return_complex
123.920737973,-0.0203973597554,-0.09758949904,-0.221032746777,4.6788029298179996,17.9507374754,16.4655373882,-8.06044837976,return_complex
123.970726169,-0.025290967302,-0.0984687183789,-0.219378864072,4.6926312587280004,17.9402184632,16.4166598499,-8.07145787146,return_complex
124.020714365,-0.0302219844662,-0.0992727708601,-0.217686286089,4.7064064734899995,17.9291742796,16.3679447789,-8.08237380399,return_complex
124.070702561,-0.0351864855343,-0.0999992609288,-0.215953923438,4.7201288890140001,17.9176119367,16.3193972491,-8.09319425226,return_complex
124.120690757,-0.0401804358314,-0.100645729006,-0.214180768444,4.7337988186980002,17.9055385656,16.2710221155,-8.1039172502,return_complex
124.170678953,-0.0451996894527,-0.10120965757,-0.212365919951,4.7474165746080006,17.8929614133,16.2228240115,-8.1145407958,return_complex
124.220667149,-0.0502399873526,-0.101688478482,-0.210508608896,4.7609824678380006,17.8798878377,16.1748073454,-8.12506285742,return_complex
124.270655345,-0.0552969558471,-0.102079581585,-0.20860822356,4.7744968088340007,17.8663253034,16.1269762973,-8.13548138138,return_complex
124.320643541,-0.0603661055931,-0.102380324512,-0.206664334423,4.7879599077720005,17.8522813766,16.0793348162,-8.14579430079,return_complex
124.370631737,-0.065442831096,-0.102588043712,-0.204676718676,4.8013720749360003,17.8377637191,16.0318866169,-8.15599954558,return_complex
124.420619933,-0.0705224108027,-0.102700066616,-0.202645383708,4.8147336213120004,17.8227800823,15.9846351772,-8.1660950537,return_complex
124.47060813,-0.0756000078282,-0.102713724923,-0.200570589993,4.8280448589660008,17.8073383003,15.9375837354,-8.17607878339,return_complex
124.520596326,-0.0806706713614,-0.102626368915,-0.198452872536,4.841306101782,17.791446282,15.8907352884,-8.18594872661,return_complex
124.570584522,-0.0857293387941,-0.102435382749,-0.19629306132,4.8545176660200005,17.7751120032,15.8440925891,-8.19570292332,return_complex
124.620572718,-0.090770838607,-0.102138200641,-0.194092300082,4.8676798709460005,17.7583434974,15.797658145,-8.20533947677,return_complex
124.670560914,-0.0957898940479,-0.10173232384,-0.191852063304,4.8807930396780002,17.741148846,15.7514342174,-8.2148565695,return_complex
124.72054911,-0.100781127624,-0.10121533832,-0.189574172143,4.893857499888,17.7235361677,15.7054228201,-8.22425248016,return_complex
124.770537306,-0.105739066433,-0.100584933054,-0.187260806596,4.9068735846299996,17.7055136074,15.6596257195,-8.23352560085,return_complex
124.820525502,-0.110658148343,-0.0998389187743,-0.184914518101,4.9198416332399999,17.6870893239,15.614044435,-8.24267445498,return_complex
124.870513698,-0.115532729029,-0.0989752471033,-0.182538237142,4.9327619921460002,17.6682714772,15.5686802399,-8.2516977155,return_complex
124.920501894,-0.12035708987,-0.0979920299056,-0.180135280254,4.9456350158940001,17.649068215,15.523534163,-8.26059422339,return_complex
124.97049009,-0.125125446692,-0.0968875587503,-0.177709353462,4.9584610679759997,17.6294876585,15.4786069911,-8.26936300625,return_complex
125.020478286,-0.129831959362,-0.0956603243314,-0.175264553237,4.9712405218739999,17.6095378876,15.4338992723,-8.2780032968,return_complex
125.070466482,-0.134470742182,-0.0943090357074,-0.172805364477,4.9839737620140001,17.589226925,15.3894113196,-8.28651455135,return_complex
125.120454678,-0.139035875091,-0.0928326392128,-0.170336655509,4.9966611846299998,17.5685627207,15.3451432161,-8.29489646774,return_complex
125.170442874,-0.143521415615,-0.0912303368868,-0.167863669695,5.0093031988619998,17.5475531355,15.3010948204,-8.30314900303,return_complex
125.22043107,-0.147921411533,-0.0895016042686,-0.165392014171,5.0219002275660003,17.5262059237,15.2572657736,-8.31127239037,return_complex
125.270419266,-0.152229914219,-0.0876462074032,-0.162927644768,5.0344527082680006,17.5045287162,15.2136555063,-8.31926715519,return_complex
125.320407462,-0.156440992593,-0.0856642188994,-0.160476847886,5.0469610939920004,17.4825290029,15.1702632473,-8.32713413044,return_complex
125.370395658,-0.160548747633,-0.0835560328865,-0.158046218598,5.0594258540879995,17.4602141151,15.1270880332,-8.33487447066,return_complex
125.420383854,-0.164547327376,-0.0813223787134,-0.155642635471,5.0718474749700002,17.4375912079,15.0841287184,-8.34248966488,return_complex
125.47037205,-0.168430942342,-0.0789643332404,-0.153273231725,5.0842264607100001,17.4146672423,15.0413839866,-8.34998154808,return_complex
125.520360246,-0.172193881303,-0.0764833315729,-0.150945362926,5.096563333722,17.3914489681,14.998852363,-8.35735231107,return_complex
125.570348442,-0.175830527326,-0.0738811760984,-0.148666571459,5.108858635212,17.367942906,14.9565322272,-8.36460450868,return_complex
125.620336638,-0.179335373992,-0.0711600436922,-0.146444547493,5.1211129255020005,17.3441553316,14.9144218276,-8.37174106616,return_complex
125.670324834,-0.182703041723,-0.0683224909614,-0.14428708688,5.1333267843539998,17.3200922579,14.8725192957,-8.37876528356,return_complex
125.72031303,-0.185928294119,-0.0653714574193,-0.142202046381,5.1455008110960003,17.2957594204,14.8308226623,-8.38568083807,return_complex
125.770301226,-0.189006054216,-0.0623102664821,-0.140197295732,5.1576356246220003,17.2711622611,14.7893298734,-8.39249178416,return_complex
125.820289422,-0.191931420575,-0.0591426242021,-0.138280668016,5.1697318632659996,17.2463059148,14.7480388076,-8.3992025515,return_complex
125.870277619,-0.194699683112,-0.0558726156663,-0.136459907381,5.1817901845319998,17.2211951949,14.7069472936,-8.40581794042,return_complex
125.920265815,-0.19730633858,-0.052504699002,-0.134742615768,5.1938112647160004,17.1958345816,14.6660531285,-8.41234311515,return_complex
125.970254011,-0.199747105605,-0.0490436969626,-0.133136198198,5.2057957983119998,17.1702282098,14.6253540966,-8.41878359448,return_complex
126.020242207,-0.202017939191,-0.0454947860707,-0.131647807556,5.2177444972379998,17.1443798592,14.5848479885,-8.42514524002,return_complex
126.070230403,-0.204115044617,-0.0418634833365,-0.130284289567,5.2296580901520002,17.1182929451,14.5445326205,-8.43143424208,return_complex
126.120218599,-0.206034890621,-0.0381556305682,-0.12905212741,5.2415373212640004,17.0919705111,14.5044058545,-8.43765710307,return_complex
126.170206795,-0.207774221821,-0.0343773763942,-0.127957391626,5.2533829492740001,17.0654152223,14.4644656173,-8.44382061863,return_complex
126.220194991,-0.20933007026,-0.0305351557952,-0.1270056739,5.2651957461479997,17.038629361,14.4247099211,-8.44993185624,return_complex
126.270183187,-0.210699766046,-0.0266356684713,-0.126202099552,5.2769764955880003,17.0116148233,14.3851368827,-8.45599813271,return_complex
126.320171383,-0.21188094698,-0.0226858510528,-0.125551025596,5.2887259916100007,16.9843731172,14.3457447436,-8.46202698544,return_complex
126.370159579,-0.21287156715,-0.0186928645421,-0.12505704898,5.3004450368880001,16.9569053627,14.3065318888,-8.46802615896,return_complex
126.420147775,-0.213669904402,-0.0146640100365,-0.124720692847,5.3121344409719997,16.9292122936,14.2674968663,-8.47400351971,return_complex
126.470135971,-0.214274566675,-0.0106069274301,-0.124555651637,5.3237950185780001,16.9012942603,14.2286384053,-8.47996725381,return_complex
126.520124167,-0.214684497132,-0.00652864515611,-0.124519361517,5.3354275876260004,16.8731512347,14.1899554341,-8.48592491583,return_complex
126.570112363,-0.214898978072,-0.0024392325002,-0.124790323282,5.3470329673500006,16.844782817,14.1514470974,-8.4918870802,return_complex
126.620100559,-0.214917633591,0.00165948385804,-0.124549197787,5.3586122747580003,16.8161875322,14.1131117641,-8.49785031572,return_complex
126.670088755,-0.214740430981,0.00574879992546,-0.123450299457,5.370169009734,16.7873586453,14.0749393556,-8.50378198152,return_complex
126.720076951,-0.214367680849,0.00982774008224,-0.122706142797,5.3817045783840003,16.7582954887,14.0369259237,-8.50967145189,return_complex
126.770065147,-0.213800035965,0.0138854673844,-0.122086192703,5.3932197195900002,16.7289987398,13.9990698824,-8.51553043981,return_complex
126.820053343,-0.213038488836,0.0179152433616,-0.1216499647,5.4000000000000004,16.6994687487,13.9613699424,-8.52136660054,return_complex
126.870041539,-0.212084368037,0.0219093979892,-0.121378978854,5.4000000000000004,16.6697055523,13.9238251221,-8.52718855958,return_complex
126.920029735,-0.210939333304,0.0258607050098,-0.121274607098,5.4000000000000004,16.6397088896,13.8864347569,-8.53300453532,return_complex
126.970017931,-0.209605369428,0.0297620528899,-0.12133211867,5.4000000000000004,16.6094782173,13.8491985065,-8.53882266615,return_complex
127.020006127,-0.208084778997,0.0336065668926,-0.121547625839,5.4000000000000004,16.5790127274,13.8121163613,-8.54465088651,return_complex
127.069994323,-0.206380174012,0.037387609118,-0.121916294427,5.4000000000000004,16.5483113635,13.7751886468,-8.55049692506,return_complex
127.119982519,-0.204494466449,0.0410988086274,-0.122432878838,5.4000000000000004,16.5173728396,13.7384160267,-8.55636827286,return_complex
127.169970715,-0.202430857813,0.0447340810492,-0.123091643234,5.4000000000000004,16.4861956586,13.7017995043,-8.56227216217,return_complex
127.219958912,-0.200192827751,0.0482876483043,-0.123886448549,5.4000000000000004,16.4547781304,13.6653404227,-8.56821554512,return_complex
127.269947108,-0.197784121803,0.0517540555033,-0.124810797342,5.4000000000000004,16.4231183919,13.6290404634,-8.57420507542,return_complex
127.319935304,-0.195208738346,0.05512818571,-0.125857891071,5.4000000000000004,16.3912144254,13.5929016435,-8.58024709216,return_complex
127.3699235,-0.192470914835,0.0584052723222,-0.127020684582,5.4000000000000004,16.3590640788,13.5569263119,-8.58634760614,return_complex
127.419911696,-0.189575113404,0.0615809091063,-0.128291940914,5.4000000000000004,16.326665084,13.5211171435,-8.5925122886,return_complex
127.469899892,-0.186526005923,0.0646510578698,-0.129664285359,5.4000000000000004,16.2940150768,13.4854771332,-8.59874646239,return_complex
127.519888088,-0.183328458597,0.0676120537961,-0.131130257974,5.4000000000000004,16.2611116152,13.4500095883,-8.60505509554,return_complex
127.569876284,-0.179987516193,0.0704606084852,-0.132682364589,5.4000000000000004,16.2279521986,13.4147181195,-8.61144279722,return_complex
127.61986448,-0.176508385996,0.0731938107539,-0.134313125637,5.4000000000000004,16.1945342854,13.3796066319,-8.61791381597,return_complex
127.669852676,-0.172896421571,0.0758091252715,-0.136015122665,5.4000000000000004,16.1608553115,13.3446793144,-8.6244720402,return_complex
127.719840872,-0.169157106438,0.0783043891216,-0.137781042006,5.4000000000000004,16.1269127066,13.3099406287,-8.6311210008,return_complex
127.769829068,-0.165296037739,0.0806778063888,-0.139603715851,5.4000000000000004,16.0927039118,13.2753952973,-8.63786387577,return_complex
127.819817264,-0.161318909985,0.0829279408827,-0.141476159959,5.4000000000000004,16.0582263947,13.2410482919,-8.64470349686,return_complex
127.86980546,-0.157231498977,0.0850537071227,-0.143391608433,5.4000000000000004,16.0234776649,13.2069048202,-8.65164235788,return_complex
127.919793656,-0.153039645979,0.0870543597118,-0.145343545044,5.4000000000000004,15.9884552889,13.1729703127,-8.6586826248,return_complex
127.969781852,-0.148749242219,0.0889294812345,-0.147325731375,5.4000000000000004,15.9531569028,13.1392504102,-8.66582614725,return_complex
128.019770048,-0.144366213808,0.0906789688214,-0.149332231473,5.4000000000000004,15.917580226,13.1057509496,-8.67307447153,return_complex
128.069758244,-0.139896507122,0.0923030195218,-0.151357433376,5.4000000000000004,15.8817230727,13.072477951,-8.68042885478,return_complex
128.11974644,-0.135346074746,0.0938021146324,-0.153396067056,5.3870121022140003,15.8455833629,13.0394376039,-8.68789028024,return_complex
128.169734636,-0.130720862008,0.0951770031303,-0.155443219424,5.3692943500799997,15.8091591329,13.0066362543,-8.69545947353,return_complex
128.219722832,-0.126026794182,0.0964286843548,-0.157494345922,5.3514997965720008,15.7724485442,12.9740803915,-8.70313691957,return_complex
128.269711028,-0.121269764396,0.0975583900894,-0.159545279131,5.333627754828,15.735449892,12.9417766351,-8.7109228803,return_complex
128.319699224,-0.116455622291,0.098567566185,-0.161592234421,5.3156775442860003,15.698161613,12.9097317233,-8.71881741281,return_complex
128.36968742,-0.111590163461,0.0994578538706,-0.163631812572,5.2976484888300002,15.6605822916,12.8779525002,-8.7268203878,return_complex
128.419675616,-0.106679119712,0.100231070891,-0.165660999809,5.2795399151160005,15.6227106658,12.8464459051,-8.7349315083,return_complex
128.469663812,-0.101728150155,0.100889192605,-0.167677165045,5.2613511507900004,15.5845456326,12.815218961,-8.74315032843,return_complex
128.519652008,-0.0967428331462,0.10143433318,-0.169678054637,5.2430815226159995,15.5460862514,12.784278765,-8.75147627205,return_complex
128.569640204,-0.091728659084,0.101868727012,-0.1716617848,5.2247303549640005,15.5073317483,12.753632478,-8.75990865132,return_complex
128.619628401,-0.0866910240698,0.102194710481,-0.173626831681,5.206296967938,15.4682815182,12.7232873166,-8.76844668481,return_complex
128.669616597,-0.0816352244146,0.102414704178,-0.175572019368,5.1877806759179999,15.4289351274,12.693250544,-8.77708951525,return_complex
128.719604793,-0.0765664519885,0.102531195691,-0.177496505946,5.1691807858320002,15.3892923148,12.6635294632,-8.78583622671,return_complex
128.769592989,-0.0714897903891,0.102546723074,-0.179399767604,5.1504965958059996,15.3493529929,12.63413141,-8.79468586111,return_complex
128.819581185,-0.0664102119071,0.102463859077,-0.181281581284,5.1317273935439998,15.3091172485,12.6050637469,-8.80363743397,return_complex
128.869569381,-0.0613325752559,0.102285196234,-0.183142005582,5.1128724550140001,15.2685853422,12.5763338578,-8.81268994934,return_complex
128.919557577,-0.0562616240309,0.102013332894,-0.184981360458,5.0939310430799996,15.227757709,12.5479491437,-8.82184241377,return_complex
128.969545773,-0.0512019858567,0.101650860249,-0.186800205734,5.0749024062960002,15.1866349564,12.5199170186,-8.83109384926,return_complex
129.019533969,-0.0461581721782,0.101200350441,-0.188599318483,5.0557857775380004,15.1452178648,12.492244906,-8.84044330525,return_complex
129.069522165,-0.0411345786442,0.100664345789,-0.190379669744,5.0365803730500005,15.1035073853,12.464940237,-8.84988986929,return_complex
129.119510361,-0.0361354860327,0.100045349185,-0.192142400392,5.0172853911480004,15.061504639,12.4380104478,-8.85943267677,return_complex
129.169498557,-0.0311650616618,0.0993458156879,-0.193888796717,4.9979000113560001,15.0192109157,12.4114629785,-8.86907091923,return_complex
129.219486753,-0.0262273612263,0.0985681453499,-0.195620265554,4.9784233933080007,14.9766276723,12.3853052722,-8.87880385157,return_complex
129.269474949,-0.0213263310033,0.0977146772797,-0.197338309391,4.9588546758299996,14.9337565315,12.3595447742,-8.88863079797,return_complex
129.319463145,-0.0164658103623,0.0967876849521,-0.199044501528,4.9391929760940005,14.8905992807,12.3341889326,-8.89855115652,return_complex
129.369451341,-0.0116495345197,0.0957893727573,-0.200740461512,4.9194373887180003,14.8471578708,12.3092451979,-8.90856440263,return_complex
129.419439537,-0.00688113747572,0.0947218737753,-0.202427830954,4.89958698501,14.8034344149,12.2847210239,-8.91867009117,return_complex
129.469427733,-0.0021641550712,0.0935872487501,-0.204108250075,4.8796408121220001,14.7594311882,12.2606238686,-8.92886785738,return_complex
129.519415929,0.00249797189632,0.09238748623,-0.205783334842,4.8597399930599998,14.7151506266,12.2369611948,-8.93915741662,return_complex
129.569404125,0.00710189455552,0.0911245038288,-0.207454655359,4.8401246026619997,14.6705953272,12.2137404709,-8.9495385629,return_complex
129.619392321,0.0116443529014,0.0898001505574,-0.209123714995,4.8207708908639999,14.6257680476,12.1909691726,-8.96001116639,return_complex
129.669380517,0.0161221728466,0.0884162101668,-0.210791931052,4.8016571088780005,14.5806717068,12.1686547832,-8.97057516979,return_complex
129.719368713,0.0205322634365,0.0869744054273,-0.212460616855,4.7827636030980001,14.5353093854,12.1468047946,-8.98123058378,return_complex
129.769356909,0.024871614275,0.0854764032931,-0.214130964337,4.7640728973600002,14.4896843268,12.1254267079,-8.99197748149,return_complex
129.819345105,0.0291372932076,0.0839238207865,-0.215804032332,4.745569706136,14.4437999383,12.1045280339,-9.00281599226,return_complex
129.869333301,0.0333264443005,0.0823182318014,-0.217480722542,4.7272410799919999,14.397659793,12.0841162929,-9.0137462943,return_complex
129.919321497,0.0374362861529,0.0806611737873,-0.219161803126,4.7090760281100001,14.3512676315,12.0641990149,-9.02476860758,return_complex
129.969309693,0.0414641105735,0.0789541572801,-0.220847788548,4.6910666914200005,14.3046273644,12.0447837382,-9.03588318362,return_complex
130.01929789,0.0454072816475,0.0771986685141,-0.222539268815,4.6732047154559995,14.2577430747,12.0258780089,-9.04709030227,return_complex
130.069286086,0.0492632352169,0.0753961944846,-0.224235930296,4.6554914487420005,14.2106190208,12.0074893788,-9.05839024587,return_complex
130.119274282,0.0530294787877,0.0735481851881,-0.225939117735,4.6379111061599998,14.1632596396,11.9896254032,-9.06978333617,return_complex
130.169262478,0.056703591878,0.0716561774969,-0.227646262243,4.6204882764840001,14.1156695499,11.9722936386,-9.08126980954,return_complex
130.219250674,0.0602832268105,0.0697215932259,-0.229356630381,4.6032279856919995,14.0678535561,11.9555016387,-9.09285001786,return_complex
130.26923887,0.0637661099501,0.0677457118073,-0.231106318479,4.5857695368960005,14.0198166518,11.9392569507,-9.10452445473,return_complex
130.319227066,0.0671500433831,0.065744252405,-0.229552080425,4.60008552573,13.9715688373,11.9235672025,-9.11620929854,return_complex
130.369215262,0.0704329070256,0.0637065468801,-0.227940322277,4.6143621294299999,13.9231244609,11.9084351271,-9.12781872897,return_complex
130.419203458,0.0736126611487,0.0616334946074,-0.226242713906,4.6285991715780002,13.8744929555,11.8938599433,-9.13934760348,return_complex
130.469191654,0.076687349298,0.0595262987147,-0.224453650105,4.6427964897959999,13.8256836985,11.8798404305,-9.15079120697,return_complex
130.51917985,0.0796551015854,0.0573866022037,-0.222582294551,4.6569539280600001,13.7767060219,11.8663749447,-9.16214459078,return_complex
130.569168046,0.0825141383235,0.0552159292955,-0.220628295835,4.6710713381759996,13.7275691907,11.8534614253,-9.17340313154,return_complex
130.619156242,0.0852627739689,0.0530159431258,-0.218594987188,4.6851485813459997,13.6782823829,11.8410974028,-9.18456227277,return_complex
130.669144438,0.0878994213407,0.0507883601263,-0.216484073099,4.6991855293919995,13.6288546698,11.829280007,-9.19561760891,return_complex
130.719132634,0.0904225960721,0.0485349882451,-0.214297531136,4.7131820661240003,13.5792949977,11.8180059753,-9.20656484459,return_complex
130.76912083,0.0928309212541,0.0462577221564,-0.212036985756,4.7271380883300003,13.5296121705,11.8072716618,-9.21739979623,return_complex
130.819109026,0.0951231322254,0.0439585511307,-0.209703921331,4.7410535068200002,13.4798148339,11.7970730462,-9.22811838023,return_complex
130.869097222,0.0972980814623,0.0416395616487,-0.20729963092,4.7549282472360002,13.4299114597,11.7874057432,-9.23871660577,return_complex
130.919085418,0.0993547435199,0.0393029402816,-0.204825249642,4.76876225079,13.3799103325,11.7782650122,-9.24919056682,return_complex
130.969073614,0.101292219973,0.0369509751044,-0.202281764691,4.7825554748580004,13.3298195359,11.769645767,-9.25953643507,return_complex
131.01906181,0.103109744311,0.0345860561299,-0.199670034359,4.7963078934660004,13.2796469417,11.7615425853,-9.26975045341,return_complex
131.069050006,0.104806686726,0.0322106745977,-0.196990806156,4.8100194975779997,13.229400198,11.7539497188,-9.27982893022,return_complex
131.119038202,0.106382558759,0.0298274211582,-0.194244736572,4.8236902954020007,13.1790867207,11.746861103,-9.28976823438,return_complex
131.169026398,0.107837017736,0.0274389829437,-0.191432411439,4.8373203124620003,13.1287136837,11.7402703672,-9.29956479125,return_complex
131.219014594,0.109169870961,0.025048139547,-0.188554366851,4.8509095916340002,13.0782880118,11.7341708446,-9.30921507949,return_complex
131.26900279,0.110381079611,0.0226577579304,-0.185611110279,4.8644581930199999,13.0278163743,11.7285555818,-9.31871562876,return_complex
131.318990986,0.111470762281,0.0202707862995,-0.182603141774,4.8779661937679997,12.9773051783,11.7234173492,-9.3280630185,return_complex
131.368979182,0.112439198155,0.0178902469862,-0.179530974781,4.891433687838,12.926760565,11.718748651,-9.33725387754,return_complex
131.418967379,0.113286829737,0.0155192283919,-0.176395156571,4.9048607855520006,12.8761884048,11.7145417346,-9.34628488469,return_complex
131.468955575,0.11401426513,0.0131608760506,-0.173196287882,4.9182476132520003,12.825594295,11.7107886013,-9.35515277027,return_complex
131.518943771,0.114622279806,0.0108183828805,-0.169935041605,4.9315943127419999,12.7749835571,11.7074810156,-9.36385431851,return_complex
131.568931967,0.115111817851,0.0084949786972,-0.166612180387,4.9449010407300005,12.7243612356,11.7046105156,-9.37238637076,return_complex
131.618920163,0.115483992654,0.0061939190701,-0.163228572802,4.9581679682340001,12.6737320975,11.702168423,-9.38074582953,return_complex
131.668908359,0.115740087014,0.0039184736069,-0.159785208162,4.9713952798980001,12.623100632,11.7001458528,-9.38892966324,return_complex
131.718896555,0.11588155265,0.00167191375718,-0.156283209535,4.9845831733260004,12.5724710516,11.6985337237,-9.39693491162,return_complex
131.768884751,0.115910009092,-0.000542499770642,-0.152723845153,4.9977318583439994,12.5218472938,11.6973227679,-9.40475869169,return_complex
131.818872947,0.115827241959,-0.00272152988279,-0.149108537859,5.0108415562440003,12.4712330228,11.6965035418,-9.41239820423,return_complex
131.868861143,0.115635200597,-0.00486197616421,-0.145438872666,5.0239124990640001,12.4206316327,11.6960664354,-9.41985074067,return_complex
131.918849339,0.115335995095,-0.00696068803457,-0.141716602348,5.0369449287960002,12.3700462507,11.6960016834,-9.42711369028,return_complex
131.968837535,0.114931892664,-0.00901457789513,-0.137943650941,5.049939096648,12.3194797412,11.6962993748,-9.43418454759,return_complex
132.018825731,0.114425313407,-0.0110206341685,-0.134122115354,5.062895262234,12.2689347099,11.6969494637,-9.44106091994,return_complex
132.068813927,0.113818825476,-0.0129759341338,-0.130254264819,5.0758136928900006,12.2184135096,11.6979417799,-9.44774053503,return_complex
132.118802123,0.113115139633,-0.0148776564615,-0.126342538527,5.0886946629180008,12.1679182449,11.6992660388,-9.45422124849,return_complex
132.168790319,0.112317103247,-0.016723093359,-0.122389541221,5.1015384528479997,12.1174507786,11.7009118523,-9.46050105117,return_complex
132.218778515,0.111427693743,-0.0185096622373,-0.118398037074,5.1143453487899997,12.0670127379,11.7028687395,-9.46657807631,return_complex
132.268766711,0.110450011526,-0.0202349168182,-0.114370941689,5.1271156417680004,12.0166055212,11.7051261367,-9.47245060633,return_complex
132.318754907,0.10938727242,-0.0218965576046,-0.110311312632,5.1398496270540006,11.9662303053,11.7076734088,-9.47811707914,return_complex
132.368743103,0.108242799656,-0.0234924416432,-0.106222338232,5.1525476036280002,11.9158880528,11.7104998589,-9.48357609412,return_complex
132.418731299,0.107020015436,-0.0250205915154,-0.102107325242,5.1652098735839997,11.8655795201,11.7135947396,-9.48882641738,return_complex
132.468719495,0.105722432129,-0.0264792034994,-0.0979696850074,5.177836741608,11.8153052648,11.7169472631,-9.49386698653,return_complex
132.518707691,0.104353643126,-0.0278666548525,-0.0938129187414,5.1904285144919999,11.7650656549,11.7205466116,-9.49869691467,return_complex
132.568695887,0.102917313404,-0.0291815101714,-0.0896406016888,5.2029855006660002,11.7148608765,11.7243819476,-9.50331549372,return_complex
132.618684083,0.101417169849,-0.0304225267962,-0.0854563666545,5.2155080097840001,11.664690943,11.7284424241,-9.50772219696,return_complex
132.668672279,0.0998569913803,-0.0315886592294,-0.0812638867418,5.2279963523640003,11.6145557038,11.7327171947,-9.51191668077,return_complex
132.718660475,0.0982405989182,-0.0326790625507,-0.0770668577512,5.2404508393920004,11.5644548532,11.737195423,-9.51589878551,return_complex
132.768648671,0.0965718452584,-0.0336930948167,-0.0728689801739,5.2528717820699997,11.5143879394,11.7418662927,-9.5196685356,return_complex
132.818636868,0.0948546048875,-0.0346303184396,-0.0686739410952,5.2652594914020003,11.4643543737,11.7467190167,-9.52322613866,return_complex
132.868625064,0.093092763795,-0.0354905005488,-0.0644853959841,5.2776142781040001,11.41435344,11.751742846,-9.5265719839,return_complex
132.91861326,0.0912902093284,-0.0362736123449,-0.0603069507618,5.2899364522259997,11.3643843032,11.7569270791,-9.52970663951,return_complex
132.968601456,0.0894508201389,-0.0369798274643,-0.0561421439987,5.3022263229720004,11.3144460191,11.7622610697,-9.53263084929,return_complex
133.018589652,0.0875784562626,-0.0376095193755,-0.0519944296185,5.3144841985919999,11.2645375429,11.7677342353,-9.53534552841,return_complex
133.068577848,0.0856769493843,-0.0381632578403,-0.047867160099,5.3267103860760008,11.2146577387,11.7733360651,-9.53785175835,return_complex
133.118566044,0.0837500933241,-0.0386418044711,-0.0437635703175,5.3389051911359999,11.164805388,11.7790561266,-9.54015078105,return_complex
133.16855424,0.0818016347906,-0.0390461074297,-0.0396867621864,5.3510689179000002,11.1149791988,11.7848840733,-9.54224399234,return_complex
133.218542436,0.0798352644378,-0.0393772953089,-0.0356396900985,5.3632018689479999,11.065177814,11.7908096508,-9.54413293461,return_complex
133.268530632,0.0778546082634,-0.0396366702506,-0.0316251474188,5.37530434506,11.01539982,11.7968227027,-9.54581928888,return_complex
133.318518828,0.0758632193822,-0.0398257003524,-0.0276457538528,5.3873766451980005,10.9656437549,11.8029131763,-9.54730486616,return_complex
133.368507024,0.073864570206,-0.0399460114206,-0.0237039441463,5.3994190662900001,10.9159081168,11.8090711276,-9.54859159834,return_complex
133.41849522,0.0718620450582,-0.0399993781316,-0.0198019577043,5.4000000000000004,10.8661913712,11.8152867256,-9.54968152853,return_complex
133.468483416,0.0698589332487,-0.0399877146618,-0.0159418296475,5.4000000000000004,10.816491959,11.8215502566,-9.55057680091,return_complex
133.518471612,0.0678584226312,-0.0399130648535,-0.0121253829858,5.4000000000000004,10.7668083037,11.8278521273,-9.55127965029,return_complex
133.568459808,0.0658635936628,-0.0397775919823,-0.00835422220002,5.4000000000000004,10.7171388186,11.8341828679,-9.55179239127,return_complex
133.618448004,0.0638774139806,-0.0395835681924,-0.00462972805007,5.4000000000000004,10.6674819135,11.8405331343,-9.55211740715,return_complex
133.6684362,0.0619027335086,-0.0393333636678,-0.000953053786597,5.4000000000000004,10.6178360013,11.8468937102,-9.55225713868,return_complex
133.718424396,0.059942280105,-0.0390294356079,0.00267487730594,5.4000000000000004,10.568199504,11.8532555078,-9.55221407265,return_complex
133.768412592,0.0579986557551,-0.0386743170732,0.00625337306718,5.4000000000000004,10.5185708593,11.8596095693,-9.55199073042,return_complex
133.818400788,0.0560743333126,-0.0382706057676,0.00978197222931,5.4000000000000004,10.4689485256,11.8659470663,-9.5515896565,return_complex
133.868388984,0.0541716537916,-0.0378209528215,0.0132604429892,5.4000000000000004,10.4193309878,11.8722593,-9.55101340709,return_complex
133.91837718,0.0522928242034,-0.0373280516389,0.016688780155,5.4000000000000004,10.3697167621,11.8785377002,-9.5502645389,return_complex
133.968365376,0.0504399159336,-0.0367946268683,0.0200672012388,5.4000000000000004,10.3201044013,11.8847738238,-9.54934559801,return_complex
134.018353572,0.048614863652,-0.0362234235556,0.0233961412137,5.4000000000000004,10.2704924986,11.890959353,-9.54825910908,return_complex
134.068341768,0.0468194647418,-0.0356171965324,0.0266762462434,5.4000000000000004,10.2208796927,11.8970860933,-9.54700756481,return_complex
134.118329964,0.0450553792357,-0.0349787000935,0.0299083662398,5.4000000000000004,10.1712646709,11.9031459705,-9.5455934158,return_complex
134.16831816,0.0433241302436,-0.0343106780094,0.0330935465295,5.4000000000000004,10.1216461737,11.9091310273,-9.54401906079,return_complex
134.218306357,0.0416271048519,-0.0336158539185,0.0362330184413,5.4000000000000004,10.0720229977,11.9150334202,-9.54228683732,return_complex
134.268294553,0.0399655554766,-0.0328969221405,0.0393281891298,5.4000000000000004,10.0223939993,11.9208454152,-9.540399013,return_complex
134.318282749,0.0383406016468,-0.032156538944,0.0423806305775,5.4000000000000004,9.9727580972,11.9265593839,-9.53835777716,return_complex
134.368270945,0.0367532321957,-0.0313973143033,0.0453920678216,5.4000000000000004,9.92311427587,11.9321677981,-9.53616523322,return_complex
134.418259141,0.035204307836,-0.0306218041702,0.0483643666478,5.4000000000000004,9.87346158782,11.9376632258,-9.53382339154,return_complex
134.468247337,0.0336945640916,-0.0298325032835,0.0512995206296,5.4000000000000004,9.82379915623,11.9430383255,-9.53133416304,return_complex
134.518235533,0.0322246145607,-0.0290318385356,0.054199637769,5.4000000000000004,9.77412617727,11.9482858409,-9.52869935329,return_complex
134.568223729,0.0307949544826,-0.0282221629111,0.0570669266773,5.4000000000000004,9.72444192232,11.9533985954,-9.52592065749,return_complex
134.618211925,0.0294059645802,-0.027405750005,0.0599036824999,5.4000000000000004,9.67474574004,11.958369486,-9.52299965593,return_complex
134.668200121,0.0280579151496,-0.0265847891295,0.0627122725607,5.4000000000000004,9.62503705838,11.963191478,-9.51993781035,return_complex
134.718188317,0.0267509703698,-0.0257613810096,0.0654951218195,5.4000000000000004,9.57531538648,11.9678575984,-9.51673646087,return_complex
134.768176513,0.0254851928022,-0.0249375340648,0.0682546983213,5.4000000000000004,9.52558031651,11.9723609304,-9.51339682368,return_complex
134.818164709,0.0242605480539,-0.0241151612728,0.0709934984877,5.4000000000000004,9.47583152546,11.9766946067,-9.50991998951,return_complex
134.868152905,0.0230769095761,-0.0232960776056,0.0737140325513,5.4000000000000004,9.42606877694,11.9808518041,-9.50630692274,return_complex
134.918141101,0.0219340635695,-0.0224819980239,0.0764188100222,5.4000000000000004,9.37629192289,11.9848257369,-9.50255846126,return_complex
134.968129297,0.0208317139725,-0.0216745360179,0.0791103252865,5.4000000000000004,9.32650090539,11.9886096514,-9.49867531705,return_complex
135.018117493,0.0197694875043,-0.0208752026721,0.0817910434453,5.4000000000000004,9.27669575838,11.9921968196,-9.49465807748,return_complex
135.068105689,0.0187469387391,-0.0200854062378,0.0844633863103,5.4000000000000004,9.22687660954,11.9955805339,-9.49050720721,return_complex
135.118093885,0.0177635551877,-0.0193064521872,0.0871297187885,5.4000000000000004,9.17704368211,11.9987541014,-9.4862230509,return_complex
135.168082081,0.0168187623634,-0.018539543726,0.0897923354008,5.4000000000000004,9.1271972968,12.0017108387,-9.48180583652,return_complex
135.218070277,0.0159119288111,-0.0177857827386,0.0924534473185,5.4000000000000004,9.07733787383,12.0044440667,-9.47725567926,return_complex
135.268058473,0.0150423710793,-0.0170461711376,0.0951151696143,5.4000000000000004,9.02746593497,12.0069471057,-9.47257258616,return_complex
135.318046669,0.0142093586156,-0.0163216125888,0.0977795089918,5.4000000000000004,8.97758210572,12.0092132713,-9.46775646134,return_complex
135.368034865,0.01341211857,-0.0156129145833,0.100448351817,5.4000000000000004,8.92768711756,12.0112358702,-9.46280711175,return_complex
135.418023061,0.0126498404867,-0.0149207908257,0.103123452691,5.4000000000000004,8.87778181035,12.0130081959,-9.4577242536,return_complex
135.468011257,0.0119216808736,-0.0142458639087,0.105806423305,5.4000000000000004,8.82786713476,12.0145235262,-9.45250751927,return_complex
135.517999453,0.0112267676331,-0.013588668244,0.108498721833,5.4000000000000004,8.77794415488,12.0157751196,-9.44715646477,return_complex
135.56798765,0.0105642043439,-0.0129496532186,0.111201642764,5.4000000000000004,8.72801405089,12.016756213,-9.44167057777,return_complex
135.617975846,0.00993307438379,-0.0123291865479,0.11391630709,5.4000000000000004,8.67807812186,12.0174600201,-9.43604928602,return_complex
135.667964042,0.00933244488283,-0.0117275577942,0.116643653203,5.4000000000000004,8.62813778867,12.0178797294,-9.43029196631,return_complex
135.717952238,0.00876137050148,-0.0111449820305,0.119384427636,5.4000000000000004,8.57819459695,12.0180085035,-9.42439795389,return_complex
135.767940434,0.00821889702577,-0.0105816035864,0.122139178435,5.4000000000000004,8.52825022019,12.017839479,-9.41836655221,return_complex
135.81792863,0.00770406477545,-0.0100374999912,0.12490824116,5.4000000000000004,8.47830646286,12.0173657663,-9.41219704325,return_complex
135.867916826,0.00721591182125,-0.00951268554976,0.127691754909,5.4000000000000004,8.42836526366,12.0165804509,-9.40588869773,return_complex
135.917905022,0.00675347700885,-0.0090071165481,0.1304895684,5.4000000000000004,8.37842869871,12.0154765946,-9.39944078731,return_complex
135.967893218,0.00631580278822,-0.00852069051114,0.133301560014,5.4000000000000004,8.32849898487,12.0140472376,-9.39285259114,return_complex
136.017881414,0.00590193784822,-0.00805326771865,0.136126413228,5.4000000000000004,8.278578483,12.0122854015,-9.38612342491,return_complex
136.06786961,0.00551093955711,-0.00760460948826,0.138966166851,5.4000000000000004,8.22866970119,12.0101840928,-9.37925258704,return_complex
136.117857806,0.00514187621091,-0.00717462730694,0.141809191005,5.4000000000000004,8.17877529804,12.007736307,-9.37223961589,return_complex
136.167846002,0.00479382909213,-0.00676247022221,0.144693775778,5.4000000000000004,8.12889808569,12.0049350335,-9.36508338562,return_complex
136.217834198,0.0044658943423,-0.0063699526806,0.147470532789,5.4000000000000004,8.07904103292,12.0017732614,-9.35778554254,return_complex
136.267822394,0.00415718465262,-0.00598876463974,0.150690083106,5.4000000000000004,8.02920726799,11.9982439858,-9.35033772412,return_complex
136.31781059,0.00386683077733,-0.00563833705333,0.151998265012,5.4000000000000004,7.97940000503,11.9943403281,-9.34277654399,return_complex
136.367798786,0.00359398287548,-0.00529013978945,0.150574064123,5.4000000000000004,7.92962180116,11.9900595184,-9.33521802294,return_complex
136.417786982,0.00333781168681,-0.00496591983328,0.149656023833,5.4000000000000004,7.87987530002,11.9854039572,-9.32771771759,return_complex
136.467775178,0.00309750954826,-0.00465565502997,0.148581040552,5.4000000000000004,7.83016318592,11.9803764318,-9.3202669312,return_complex
136.517763374,0.00287229125782,-0.00436144835715,0.147527939365,5.4000000000000004,7.78048807416,11.9749797898,-9.31286905723,return_complex
136.56775157,0.00266139479282,-0.00408213883746,0.146450019341,5.4000000000000004,7.73085251045,11.9692169352,-9.30552418929,return_complex
136.617739766,0.00246408188986,-0.00381742635179,0.145360930884,5.4000000000000004,7.68125897035,11.9630908249,-9.29823324504,return_complex
136.667727962,0.00227963849406,-0.00356677024513,0.144258119921,5.4000000000000004,7.631709859,11.9566044655,-9.29099686406,return_complex
136.717716158,0.00210737508512,-0.0033296872983,0.143143329998,5.4000000000000004,7.58220751087,11.9497609098,-9.28381570513,return_complex
136.767704354,0.00194662688789,-0.00310567477799,0.14201711394,5.4000000000000004,7.5327541896,11.9425632536,-9.2766903687,return_complex
136.81769255,0.00179675397531,-0.00289423368527,0.140880305012,5.4000000000000004,7.48335208802,11.9350146328,-9.26962141963,return_complex
136.867680746,0.00165714127123,-0.0026948649807,0.139733624606,5.4000000000000004,7.43400332823,11.9271182202,-9.26260938302,return_complex
136.917668942,0.00152719846089,-0.00250707285434,0.1385777888,5.4000000000000004,7.38470996172,11.9188772227,-9.2556547472,return_complex
136.967657139,0.00140635981653,-0.00233036592038,0.137413481441,5.4000000000000004,7.33547396972,11.9102948786,-9.24875796466,return_complex
137.017645335,0.00129408394551,-0.00216425878297,0.13624136277,5.4000000000000004,7.28629726343,11.9013744545,-9.2419194535,return_complex
137.067633531,0.0011898534681,-0.00200827332367,0.135062068623,5.4000000000000004,7.23718168451,11.8921192432,-9.23513959868,return_complex
137.117621727,0.00109317463204,-0.00186193988884,0.133876212015,5.4000000000000004,7.18812900553,11.8825325607,-9.2284187532,return_complex
137.167609923,0.00100357687059,-0.00172479833502,0.132684384127,5.4000000000000004,7.1391409305,11.8726177443,-9.22175723929,return_complex
137.217598119,0.000920612310551,-0.00159639895126,0.131487155254,5.4000000000000004,7.09021909548,11.8623781496,-9.21515534951,return_complex
137.267586315,0.000843855236529,-0.00147630325947,0.130285075867,5.4000000000000004,7.04136506927,11.8518171486,-9.20861334775,return_complex
137.317574511,0.000772901517471,-0.00136408469909,0.129078677455,5.4000000000000004,6.99258035404,11.8409381276,-9.20213147033,return_complex
137.367562707,0.000707368001044,-0.00125932920381,0.1278684734,5.4000000000000004,6.94386638617,11.8297444848,-9.19570992685,return_complex
137.417550903,0.000646891881278,-0.00116163567382,0.126654959837,5.4000000000000004,6.89522453696,11.8182396284,-9.18934890121,return_complex
137.467539099,0.000591130044507,-0.00107061635182,0.125438616329,5.4000000000000004,6.84665611353,11.8064269747,-9.18304855241,return_complex
137.517527295,0.000539758398355,-0.00098589710863,0.124219906652,5.4000000000000004,6.79816235965,11.7943099462,-9.17680901544,return_complex
137.567515491,0.000492471188172,-0.000907117643711,0.122999279404,5.4000000000000004,6.74974445665,11.7818919696,-9.17063040205,return_complex
137.617503687,0.000448980305047,-0.000833931608056,0.121777168639,5.4000000000000004,6.70140352435,11.7691764743,-9.16451280154,return_complex
137.667491883,0.000409014589168,-0.000766006654793,0.120553994405,5.4000000000000004,6.65314062202,11.7561668906,-9.15845628152,return_complex
137.717480079,0.000372319132034,-0.000703024423798,0.119330163292,5.4000000000000004,6.60495674932,11.7428666478,-9.15246088855,return_complex
137.767468275,0.0003386545807,-0.000644680466376,0.118106068851,5.4000000000000004,6.55685284736,11.7292791734,-9.14652664893,return_complex
137.817456471,0.000307796446939,-0.000590684115257,0.116882092093,5.4000000000000004,6.50882979967,11.7154078908,-9.14065356928,return_complex
137.867444667,0.000279534423941,-0.000540758305547,0.115658601812,5.4000000000000004,6.46088843327,11.7012562183,-9.13484163721,return_complex
137.917432863,0.000253671712877,-0.000494639352897,0.114435954977,5.4000000000000004,6.41302951966,11.6868275676,-9.12909082195,return_complex
137.967421059,0.000230024361401,-0.000452076692294,0.11321449705,5.4000000000000004,6.36525377595,11.6721253426,-9.12340107495,return_complex
138.017409255,0.000208420615915,-0.000412832583568,0.111994562258,5.4000000000000004,6.31756186587,11.6571529378,-9.11777233044,return_complex
138.067397451,0.000188700289172,-0.000376681788184,0.110776473862,5.4000000000000004,6.26995440091,11.6419137377,-9.11220450606,return_complex
138.117385647,0.00017071414458,-0.000343411220895,0.109560544394,5.4000000000000004,6.22243194131,11.626411115,-9.10669750336,return_complex
138.167373843,0.00015432329835,-0.000312819581045,0.108347075858,5.4000000000000004,6.17499499727,11.6106484299,-9.10125120836,return_complex
138.217362039,0.000139398640427,-0.000284716967158,0.107136359922,5.4000000000000004,6.12764402994,11.5946290288,-9.09586549212,return_complex
138.267350235,0.000125820274969,-0.000258924478234,0.105928678087,5.4000000000000004,6.08037945258,11.5783562436,-9.09054021122,return_complex
138.317338431,0.000113476980953,-0.000235273805229,0.104724301843,5.4000000000000004,6.0332016316,11.5618333903,-9.0852752083,return_complex
138.367326628,0.000102265693342,-0.000213606815519,0.103523492805,5.4000000000000004,5.98611088773,11.5450637686,-9.08007031258,return_complex
138.417314824,9.20910050814e-05,-0.000193775133625,0.102326502834,5.4000000000000004,5.93910749703,11.5280506607,-9.07492534033,return_complex
138.46730302,8.28646900747e-05,-0.000175639720261,0.10113357417,5.4000000000000004,5.89219169205,11.5107973304,-9.06984009537,return_complex
138.517291216,7.45052471674e-05,-0.000159070451853,0.0999449395324,5.4000000000000004,5.84536366286,11.4933070228,-9.06481436959,return_complex
138.567279412,6.69374650401e-05,-0.000143945703343,0.0987608222186,5.4000000000000004,5.79862355818,11.4755829629,-9.05984794339,return_complex
138.617267608,6.00920078352e-05,-0.000130151935706,0.0975814362059,5.4000000000000004,5.75197148642,11.4576283555,-9.05494058619,return_complex
138.667255804,5.390502124e-05,-0.000117583289384,0.0964069862635,5.4000000000000004,5.70540751674,11.4394463843,-9.05009205685,return_complex
138.717244,4.83177586773e-05,-0.000106141185713,0.0952376680148,5.4000000000000004,5.65893168016,11.4210402111,-9.04530210422,return_complex
138.767232196,4.32762271868e-05,-9.57339374441e-05,0.0940736680685,5.4000000000000004,5.61254397053,11.4024129755,-9.04057046749,return_complex
138.817220392,3.87308525221e-05,-8.62763691583e-05,0.0929151640753,5.4000000000000004,5.56624434564,11.3835677946,-9.03589687674,return_complex
138.867208588,3.46361629386e-05,-7.76894489327e-05,0.0917623248538,5.4000000000000004,5.52003272821,11.3645077616,-9.03128105334,return_complex
138.917196784,3.09504911082e-05,-6.98999309403e-05,0.0906153104915,5.4000000000000004,5.47390900691,11.3452359465,-9.0267227104,return_complex
138.96718498,2.76356935611e-05,-6.2840011493e-05,0.0894742723932,5.4000000000000004,5.42787303739,11.3257553948,-9.02222155321,return_complex
139.017173176,2.46568870314e-05,-5.6446996787e-05,0.0883393534931,5.4000000000000004,5.38192464322,11.3060691275,-9.01777727969,return_complex
139.067161372,2.19822010593e-05,-5.06629841954e-05,0.0872106882181,5.4000000000000004,5.33606361692,11.2861801405,-9.01338958078,return_complex
139.117149568,1.95825461927e-05,-4.54345572489e-05,0.0860884027686,5.4000000000000004,5.29028972088,11.2660914048,-9.00905814091,return_complex
139.167137764,1.74313971196e-05,-4.07124926696e-05,0.084972615089,5.4000000000000004,5.24460268836,11.2458058655,-9.00478263837,return_complex
139.21712596,1.55045900593e-05,-3.64514827957e-05,0.0838634350937,5.4000000000000004,5.19900222436,11.225326442,-9.00056274573,return_complex
139.267114156,1.37801337423e-05,-3.26098699084e-05,0.0827609647385,5.4000000000000004,5.15348800659,11.2046560276,-8.99639813027,return_complex
139.317102352,1.22380333098e-05,-2.91493942415e-05,0.0816652982081,5.4000000000000004,5.10805968633,11.1837974895,-8.99228845433,return_complex
139.367090548,1.08601264757e-05,-2.60349555585e-05,0.08057652198,5.4000000000000004,5.06271688937,11.1627536683,-8.98823337574,return_complex
139.417078744,9.62993130102e-06,-2.32343871485e-05,0.0794947150641,5.4000000000000004,5.01745921682,11.1415273781,-8.98423254818,return_complex
139.46706694,8.5325049457e-06,-2.07182420553e-05,0.078419949074,5.4000000000000004,4.97228624598,11.1201214063,-8.98028562156,return_complex
139.517055136,7.5543127779e-06,-1.84595924075e-05,0.0773522884221,5.4000000000000004,4.92719753122,11.0985385135,-8.97639224235,return_complex
139.567043332,6.68310723833e-06,-1.64338401145e-05,0.0762917904616,5.4000000000000004,4.88219260471,11.0767814334,-8.97255205401,return_complex
139.617031528,5.90781587565e-06,-1.46185388825e-05,0.0752385056683,5.4000000000000004,4.83727097731,11.0548528728,-8.96876469728,return_complex
139.667019724,5.21843798944e-06,-1.29932277178e-05,0.0741924777762,5.4000000000000004,4.79243213928,11.0327555117,-8.96502981053,return_complex
139.71700792,4.60594933826e-06,-1.15392746505e-05,0.0731537439891,5.4000000000000004,4.74767556109,11.010492003,-8.96134703013,return_complex
139.766996117,4.06221439189e-06,-1.02397311732e-05,0.072122335095,5.4000000000000004,4.70300069414,10.9880649726,-8.9577159907,return_complex
139.816984313,3.57990562955e-06,-9.07919579962e-06,0.071098275721,5.4000000000000004,4.6584069715,10.9654770199,-8.95413632552,return_complex
139.866972509,3.15242940787e-06,-8.04368738905e-06,0.0700815844127,5.4000000000000004,4.61389380862,10.942730717,-8.95060766677,return_complex
139.916960705,2.77385794581e-06,-7.12052738372e-06,0.0690722739071,5.4000000000000004,4.56946060401,10.9198286096,-8.94712964582,return_complex
139.966948901,2.43886699561e-06,-6.29822968268e-06,0.0680703512484,5.4000000000000004,4.52510673993,10.8967732166,-8.94370189357,return_complex
140.016937097,2.14267879192e-06,-5.56639941873e-06,0.067075817993,5.4000000000000004,4.48083158305,10.8735670304,-8.94032404071,return_complex
140.066925293,1.88100989293e-06,-4.91563876182e-06,0.0660886703876,5.4000000000000004,4.43663448504,10.850212517,-8.93699571795,return_complex
140.116913489,1.6500235493e-06,-4.33745979933e-06,0.0651088995482,5.4000000000000004,4.39251478327,10.8267121161,-8.93371655635,return_complex
140.166901685,1.44628625777e-06,-3.82420386202e-06,0.0641364916606,5.4000000000000004,4.34847180133,10.8030682414,-8.93048618751,return_complex
140.216889881,1.26672817693e-06,-3.36896765951e-06,0.0631714280967,5.4000000000000004,4.3045048497,10.7792832804,-8.92730424384,return_complex
140.266878077,1.10860710259e-06,-2.96553510815e-06,0.0622136857042,5.4000000000000004,4.26061322623,10.7553595952,-8.92417035882,return_complex
140.316866273,9.69475719409e-07,-2.6083138458e-06,0.0612632368463,5.4000000000000004,4.21679621676,10.731299522,-8.92108416716,return_complex
140.366854469,8.47151864133e-07,-2.2922784737e-06,0.0603200497082,5.4000000000000004,4.17305309563,10.707105372,-8.91804530509,return_complex
140.416842665,7.39691553171e-07,-2.012916549e-06,0.05938408838,5.4000000000000004,4.12938312619,10.6827794308,-8.9150534105,return_complex
140.466830861,6.45364544563e-07,-1.76618089132e-06,0.0584553130633,5.4000000000000004,4.0857855613,10.6583239597,-8.9121081232,return_complex
140.516819057,5.62632220332e-07,-1.54844496159e-06,0.0575336802371,5.4000000000000004,4.04225964385,10.6337411948,-8.90920908506,return_complex
140.566807253,4.90127590624e-07,-1.35646219412e-06,0.0566191428256,5.4000000000000004,3.99880460718,10.6090333482,-8.90635594024,return_complex
140.616795449,4.26637235582e-07,-1.18732891519e-06,0.0557116503528,5.4000000000000004,3.95541967556,10.5842026075,-8.9035483353,return_complex
140.666783645,3.71085014672e-07,-1.03845090926e-06,0.0548111490972,5.4000000000000004,3.91210406463,10.5592511368,-8.90078591943,return_complex
140.716771841,3.22517386114e-07,-9.07512415438e-07,0.0539175822734,5.4000000000000004,3.86885698183,10.5341810761,-8.89806834459,return_complex
140.766760037,2.80090191322e-07,-7.92448391351e-07,0.0530308901407,5.4000000000000004,3.82567762677,10.5089945426,-8.89539526562,return_complex
140.816748233,2.43056770688e-07,-6.91419097087e-07,0.0521510102025,5.4000000000000004,3.78256519167,10.4836936301,-8.89276634044,return_complex
140.866736429,2.10757287796e-07,-6.02786762727e-07,0.0512778773135,5.4000000000000004,3.73951886173,10.4582804097,-8.89018123016,return_complex
140.916724625,1.82609149197e-07,-5.25095392945e-07,0.0504114238136,5.4000000000000004,3.69653781545,10.4327569301,-8.88763959919,return_complex
140.966712821,1.58098416234e-07,-4.57051237746e-07,0.0495515797288,5.4000000000000004,3.65362122507,10.4071252179,-8.8851411154,return_complex
141.016701017,1.36772114147e-07,-3.97506107142e-07,0.0486982727924,5.4000000000000004,3.61076825681,10.3813872778,-8.88268545021,return_complex
141.066689213,1.18231351786e-07,-3.45441786287e-07,0.0478514287105,5.4000000000000004,3.56797807127,10.3555450929,-8.88027227869,return_complex
141.116677409,1.02125172802e-07,-2.99957076066e-07,0.0470109711001,5.4000000000000004,3.52524982372,10.3296006251,-8.8779012797,return_complex
141.166665606,8.81450661341e-08,-2.60250804018e-07,0.0461768220144,5.4000000000000004,3.48258266439,10.3035558155,-8.87557213593,return_complex
141.216653802,7.60200700788e-08,-2.25628285833e-07,0.0453489007606,5.4000000000000004,3.43997573876,10.2774125846,-8.87328453405,return_complex
141.266641998,6.5512410169e-08,-1.95423789151e-07,0.0445271287177,5.4000000000000004,3.39742818787,10.2511728325,-8.87103816471,return_complex
141.316630194,5.64136165609e-08,-1.69244746218e-07,0.0437114119033,5.4000000000000004,3.35493914853,10.2248384396,-8.86883272287,return_complex
141.36661839,4.85410716861e-08,-1.46016876812e-07,0.042901706631,5.4000000000000004,3.31250775364,10.1984112664,-8.86666790695,return_complex
141.416606586,4.17349435453e-08,-1.27510874748e-07,0.0420977747761,5.4000000000000004,3.27013313237,10.1718931543,-8.86454342238,return_complex
141.466594782,3.58554642747e-08,-1.05146574114e-07,0.041300097816,5.4000000000000004,3.22781441044,10.1452859259,-8.86245896854,return_complex
141.516582978,3.07805174993e-08,-1.09211200972e-07,0.0405064657768,5.4000000000000004,3.18555071033,10.1185913849,-8.86041428798,return_complex
141.566571174,2.64035015443e-08,-2.51435796628e-08,0.0397247082692,5.4000000000000004,3.14334115147,10.0918113169,-8.85840898283,return_complex
141.61655937,2.26314388218e-08,-2.79158097527e-07,0.0389251812055,5.4000000000000004,3.10118485048,10.0649474896,-8.85644320041,return_complex
141.666547566,1.93833046629e-08,7.20593209991e-07,0.0382180911344,5.4000000000000004,3.05908092135,10.0380016528,-8.85451507451,return_complex
141.716535762,1.65885515621e-08,-2.96576239478e-06,0.0371917075366,5.4000000000000004,3.01702847562,10.0109755395,-8.85263027516,return_complex
141.766523958,1.41858072402e-08,2.29465944379e-06,0.0378833681755,5.4000000000000004,2.97502673585,9.9838706899,-8.85075384188,return_complex
141.816512154,1.21217271561e-08,-6.6541160848e-07,0.0397116904636,5.4000000000000004,2.9330766583,9.95668595248,-8.84881442398,return_complex
141.86650035,1.03499841029e-08,1.34850269617e-07,0.0412858868399,5.4000000000000004,2.89118057104,9.92941808201,-8.84678996329,return_complex
141.916488546,8.83037934509e-09,-7.34396792268e-08,0.0429376400137,5.4000000000000004,2.84934086682,9.90206377762,-8.84468487298,return_complex
141.966476742,7.52806139095e-09,-1.2341350164e-08,0.0445795848071,5.4000000000000004,2.80755996988,9.87461973645,-8.84249745976,return_complex
142.016464938,6.41283997541e-09,-2.41600854878e-08,0.0462366280582,5.4000000000000004,2.76584033846,9.84708265195,-8.84022759141,return_complex
142.066453134,5.4585841552e-09,-1.70778884367e-08,0.0479035851006,5.4000000000000004,2.72418446741,9.81944921214,-8.83787464278,return_complex
142.11644133,4.64269461007e-09,-1.56106096938e-08,0.0495833277789,5.4000000000000004,2.68259489075,9.79171609802,-8.83543804652,return_complex
142.166429526,3.94564130764e-09,-1.31145796445e-08,0.0512765649501,5.4000000000000004,2.64107418437,9.76387998191,-8.83291714581,return_complex
142.216417722,3.3505586343e-09,-1.13049818395e-08,0.0529845827334,5.4000000000000004,2.59962496863,9.735937526,-8.83031123394,return_complex
142.266405918,2.84289093021e-09,-9.66598534546e-09,0.0547085121333,5.4000000000000004,2.55824991114,9.70788538079,-8.8276195438,return_complex
142.316394114,2.41008209595e-09,-8.28700574829e-09,0.0564495270521,5.4000000000000004,2.51695172949,9.6797201837,-8.82484125065,return_complex
142.36638231,2.0413035684e-09,-7.10208780674e-09,0.0582087928574,5.4000000000000004,2.47573319408,9.65143855766,-8.82197547133,return_complex
142.416370506,1.72721549396e-09,-6.09268901997e-09,0.059987481754,5.4000000000000004,2.43459713101,9.62303710981,-8.8190212642,return_complex
142.466358702,1.45975635846e-09,-5.23264631624e-09,0.0617867700574,5.4000000000000004,2.39354642496,9.59451243022,-8.81597762896,return_complex
142.516346899,1.2319566614e-09,-4.50257608975e-09,0.0636078402841,5.4000000000000004,2.35258402224,9.56586109062,-8.81284350634,return_complex
142.566335095,1.03777243909e-09,-3.88516419036e-09,0.0654518818066,5.4000000000000004,2.31171293383,9.53707964333,-8.80961777779,return_complex
142.616323291,8.71934536046e-10,-3.36637917542e-09,0.0673200917497,5.4000000000000004,2.27093623855,9.50816462005,-8.80629926511,return_complex
142.666311487,7.29809476975e-10,-2.93490298731e-09,0.0692136757702,5.4000000000000004,2.23025708621,9.47911253092,-8.80288673005,return_complex
142.716299683,6.07267579728e-10,-2.58179522206e-09,0.0711338486721,5.4000000000000004,2.189678701,9.44991986346,-8.79937887387,return_complex
142.766287879,5.0055353712e-10,-2.30082974895e-09,0.0730818349585,5.4000000000000004,2.14920438477,9.4205830817,-8.79577433683,return_complex
142.816276075,4.06154038364e-10,-2.08859418649e-09,0.0750588692616,5.4000000000000004,2.10883752061,9.39109862537,-8.79207169778,return_complex
142.866264271,3.20656039812e-10,-1.94437710377e-09,0.0770661966507,5.384379446424,2.06858157629,9.36146290908,-8.78826947354,return_complex
142.916252467,2.40587953293e-10,-1.87124093998e-09,0.0791050727614,5.3663011507259997,2.02844010805,9.33167232169,-8.78436611848,return_complex
142.966240663,1.62234201029e-10,-1.87587634315e-09,0.08117676389,5.3481617462519999,1.98841676424,9.30172322569,-8.78036002389,return_complex
143.016228859,8.14111642771e-11,-1.97036698069e-09,0.0832825467698,5.3299606091219998,1.94851528924,9.27161195675,-8.77624951755,return_complex
143.066217055,-6.8106288554e-12,-2.17262297042e-09,0.0854237083515,5.311697104746,1.90873952743,9.24133482325,-8.77203286311,return_complex
143.116205251,-1.08457370277e-10,-2.50868747997e-09,0.0876015452387,5.2933705876079999,1.86909342721,9.21088810608,-8.7677082597,return_complex
143.166193447,-2.31100531799e-10,-3.01473868092e-09,0.0898173630468,5.2749804009960002,1.82958104525,9.1802680584,-8.76327384137,return_complex
143.216181643,-3.84434613781e-10,-3.73990793889e-09,0.09207247545,5.2565258766600005,1.79020655071,9.14947090563,-8.75872767674,return_complex
143.266169839,-5.81024329933e-10,-4.75028549829e-09,0.0943682030317,5.2380063346319998,1.75097422968,9.11849284553,-8.75406776857,return_complex
143.316158035,-8.37272591414e-10,-6.13415451767e-09,0.0967058718408,5.2194210828659999,1.7118884897,9.0873300484,-8.74929205348,return_complex
143.366146231,-1.1746747096e-09,-8.00808841461e-09,0.0990868117054,5.2007694169140004,1.6729538644,9.05597865754,-8.74439840171,return_complex
143.416134427,-1.62144193724e-09,-1.05254560623e-08,0.101512354132,5.18205061971,1.63417501818,9.02443478974,-8.73938461699,return_complex
143.466122623,-2.2145996671e-09,-1.38872611188e-08,0.103983829973,5.1632639611739997,1.59555675117,8.99269453606,-8.7342484365,return_complex
143.516110819,-3.00269333927e-09,-1.83556982947e-08,0.106502566595,5.1444086978519996,1.5571040041,8.96075396275,-8.728987531,return_complex
143.566099015,-4.04926961654e-09,-2.42717383969e-08,0.109069884732,5.1254840726999999,1.51882186343,8.92860911238,-8.72359950504,return_complex
143.616087211,-5.43734316032e-09,-3.20770601192e-08,0.111687094792,5.1064893145619994,1.48071556651,8.89625600525,-8.71808189743,return_complex
143.666075407,-7.2751121492e-09,-4.23424220131e-08,0.114355492716,5.0874236379360003,1.44279050685,8.86369064098,-8.71243218186,return_complex
143.716063603,-9.70325062797e-09,-5.5802733101e-08,0.117076355288,5.0682862425419994,1.40505223952,8.8309090004,-8.70664776767,return_complex
143.766051799,-1.29041853268e-08,-7.3401279721e-08,0.119850934826,5.0490763129440008,1.36750648654,8.79790704773,-8.70072600104,return_complex
143.816039995,-1.71138616435e-08,-9.63458450798e-08,0.122680453225,5.0297930181000003,1.33015914246,8.76468073299,-8.69466416628,return_complex
143.866028191,-2.26366213994e-08,-1.26177599924e-07,0.125566095361,5.0104355110199998,1.29301627994,8.73122599488,-8.68845948759,return_complex
143.916016388,-2.98639576596e-08,-1.64857688389e-07,0.128509001606,4.9910029282439998,1.25608415534,8.69753876385,-8.68210913101,return_complex
143.966004584,-3.92980838112e-08,-2.14873984383e-07,0.131510259686,4.9714943895000001,1.21936921442,8.66361496566,-8.67561020693,return_complex
144.01599278,-5.15814603227e-08,-2.79373540302e-07,0.134570895446,4.9519089970919996,1.18287809803,8.62945052525,-8.6689597729,return_complex
144.065980976,-6.75336689259e-08,-3.62325257797e-07,0.137691862869,4.9322458355940002,1.14661764774,8.59504137116,-8.66215483701,return_complex
144.115969172,-8.81973168327e-08,-4.6871934245e-07,0.140874032857,4.9125039712019998,1.11059491149,8.56038344024,-8.65519236173,return_complex
144.165957368,-1.14895000223e-07,-6.04811839722e-07,0.144118181053,4.8926824512660003,1.07481714917,8.52547268299,-8.64806926839,return_complex
144.215945564,-1.49299764533e-07,-7.78421787473e-07,0.147424974378,4.8727803038039994,1.03929183804,8.49030506932,-8.64078244225,return_complex
144.26593376,-1.93521977673e-07,-9.9929243369e-07,0.150794956353,4.8527965368180004,1.00402667814,8.45487659491,-8.63332873836,return_complex
144.315921956,-2.50216090463e-07,-1.27952786144e-06,0.154228531046,4.8327301378980003,0.96902959741,8.41918328814,-8.62570498804,return_complex
144.365910152,-3.22711406207e-07,-1.63411944065e-06,0.157725945601,4.8125800734300004,0.934308756613,8.38322121756,-8.61790800639,return_complex
144.415898348,-4.15171728603e-07,-2.08157798021e-06,0.161287271273,4.7923452881099999,0.899872554032,8.3469865001,-8.6099346005,return_complex
144.465886544,-5.32789614746e-07,-2.64468887323e-06,0.164912382908,4.772024704224,0.865729629784,8.3104753099,-8.60178157885,return_complex
144.51587474,-6.82021938182e-07,-3.35141349872e-06,0.168600936704,4.7516172209639995,0.83188886976,8.27368388782,-8.59344576161,return_complex
144.565862936,-8.70874576036e-07,-4.23595788845e-06,0.172352346447,4.7311217137980002,0.798359409083,8.23660855173,-8.58492399221,return_complex
144.615851132,-1.10924528347e-06,-5.34003628516e-06,0.17616575784,4.7105370336780004,0.765150635033,8.19924570752,-8.57621315005,return_complex
144.665839328,-1.40933521619e-06,-6.71435940092e-06,0.180040021226,4.6898620062839997,0.73227218933,8.16159186094,-8.56731016462,return_complex
144.715827524,-1.78614111352e-06,-8.42037919035e-06,0.183973662463,4.6690954312140001,0.699733969691,8.1236436302,-8.55821203094,return_complex
144.76581572,-2.25804186441e-06,-1.05323264155e-05,0.187964852159,4.6482360812100003,0.667546130567,8.08539775941,-8.54891582658,return_complex
144.815803916,-2.84749504623e-06,-1.31395797442e-05,0.192011373161,4.6272827012039999,0.635719082928,8.04685113289,-8.5394187302,return_complex
144.865792112,-3.58186104745e-06,-1.63494080905e-05,0.196110586551,4.6062340075080002,0.604263493008,8.00800079032,-8.52971804175,return_complex
144.915780308,-4.49437455001e-06,-2.0290132003e-05,0.200259396138,4.5850886867700007,0.573190279851,7.96884394268,-8.51981120444,return_complex
144.965768504,-5.62528543897e-06,-2.51147484498e-05,0.204454211803,4.5638453950019997,0.542510611552,7.92937798911,-8.50969582851,return_complex
145.0157567,-7.02319360117e-06,-3.10050712722e-05,0.208690911804,4.5425027565719995,0.512235900028,7.88960053453,-8.49936971675,return_complex
145.065744896,-8.74660453771e-06,-3.81764333284e-05,0.212964804424,4.52105936307,0.482377794183,7.8495094081,-8.4888308921,return_complex
145.115733092,-1.08657352021e-05,-4.68830028533e-05,0.217270589438,4.4995137721200003,0.452948171311,7.8091026824,-8.47807762697,return_complex
145.165721288,-1.34646019318e-05,-5.74237602429e-05,0.221602319682,4.4778645061919997,0.423959126559,7.76837869329,-8.4671084746,return_complex
145.215709484,-1.66434246928e-05,-7.01491822124e-05,0.22595336355,4.4561100512879994,0.395422960316,7.7273360604,-8.45592230223,return_complex
145.26569768,-2.05213840284e-05,-8.54686726992e-05,0.230316368832,4.4342488555740003,0.367352163328,7.68597370817,-8.44451832617,return_complex
145.315685877,-2.52397689812e-05,-0.000103858775452,0.234683228887,4.4122793279039998,0.339759399405,7.6442908872,-8.43289614851,return_complex
145.365674073,-3.09655557446e-05,-0.000125872192926,0.2390450518,4.3901998363440002,0.312657485534,7.60228719597,-8.42105579552,return_complex
145.415662269,-3.78954577465e-05,-0.000152147619698,0.243392133893,4.368008706426,0.286059369255,7.55996260262,-8.40899775737,return_complex
145.465650465,-4.62604881377e-05,-0.000183420404987,0.247713937418,4.3457042194560005,0.259978103162,7.51731746665,-8.39672302909,return_complex
145.515638661,-5.63310750807e-05,-0.000220533956066,0.251999078203,4.3232846106420002,0.234426816383,7.47435256037,-8.38423315238,return_complex
145.565626857,-6.84227686365e-05,-0.000264452085188,0.256235307357,4.3007480670599998,0.209418682945,7.43106908974,-8.37153025808,return_complex
145.615615053,-8.29025752306e-05,-0.000316271306964,0.260409552385,4.2780927255300005,0.184966886935,7.3874687145,-8.35861710811,return_complex
145.665603249,-0.000100195951457,-0.000377236430575,0.264507780002,4.2553166702940004,0.161084584404,7.3435535672,-8.3454971397,return_complex
145.715591445,-0.00012079448313,-0.000448746430937,0.268515575285,4.2324179305860001,0.137784861996,7.29932627082,-8.33217449857,return_complex
145.765579641,-0.000145264267836,-0.000532398548021,0.27241610157,4.2093944778959997,0.115080692328,7.25478995466,-8.31865410854,return_complex
145.815567837,-0.000174255009541,-0.000629890611288,0.276197907406,4.1862442231979999,0.0929848862085,7.20994826817,-8.30494159703,return_complex
145.865556033,-0.000208509821921,-0.000743452842938,0.279826028827,4.1629650138179999,0.0715100418046,7.16480539228,-8.2910437473,return_complex
145.915544229,-0.000248875722838,-0.000874301063215,0.283350218497,4.1395546301760007,0.0506684909705,7.119366048,-8.27696696885,return_complex
145.965532425,-0.000296314785604,-0.00102847431388,0.286501340915,4.11601078215,0.0304722429855,7.0736355017,-8.26272314835,return_complex
146.015520621,-0.000351915893342,-0.00119510269291,0.290198217087,4.0923311053500004,0.0109329260347,7.0276195669,-8.24830792658,return_complex
146.065508817,-0.000416907020782,-0.00141106166399,0.290475154712,4.0903798356900003,-0.00793844326473,6.98132468247,-8.23379312553,return_complex
146.115497013,-0.000492667943261,-0.00163087148148,0.285673048605,4.1061895757819995,-0.0261378953064,6.93476047245,-8.21939113318,return_complex
146.165485209,-0.000580743245613,-0.00189654821111,0.281559045237,4.1219390342880002,-0.0436706073176,6.88793993137,-8.20521168638,return_complex
146.215473405,-0.000682855474296,-0.0021949754286,0.276976971669,4.137628950072,-0.060543141591,6.84087608006,-8.19124925642,return_complex
146.265461601,-0.000800918244684,-0.00253459730512,0.272247100951,4.1532600539339999,-0.0767628708395,6.79358172197,-8.17751919842,return_complex
146.315449797,-0.000937049082463,-0.00291840372693,0.267294420914,4.1688330694379996,-0.0923379539892,6.74606940697,-8.16403073844,return_complex
146.365437993,-0.00109358174396,-0.0033511491072,0.262149949858,4.1843487136500004,-0.107277310192,6.69835139768,-8.15079419918,return_complex
146.415426189,-0.00127307772565,-0.00383739607522,0.256816549146,4.1998076978040002,-0.121590591154,6.65043963837,-8.1378190553,return_complex
146.465414385,-0.00147833663871,-0.00438200715763,0.251304928022,4.2152107280040001,-0.135288151838,6.60234572645,-8.12511444082,return_complex
146.515402581,-0.00171240509146,-0.00498997177665,0.245624115675,4.2305585059980002,-0.148381019501,6.55408088653,-8.11268899538,return_complex
146.565390777,-0.00197858369149,-0.00566640100664,0.239784148274,4.2458517298440004,-0.16088086102,6.50565594714,-8.10055088144,return_complex
146.615378973,-0.00228043175146,-0.00641646662967,0.233795512262,4.2610910945580001,-0.172799948353,6.45708131994,-8.08870774825,return_complex
146.665367169,-0.00262176925941,-0.00724534374496,0.227669477342,4.2762772928160002,-0.18415112196,6.40836698155,-8.07716670154,return_complex
146.715355366,-0.00300667565687,-0.00815814069901,0.221418208932,4.2914110156019998,-0.194947751941,6.35952245789,-8.06593426203,return_complex
146.765343562,-0.00343948495747,-0.00915982049473,0.215054952004,4.306492952748,-0.20520369662,6.31055681102,-8.05501631668,return_complex
146.815331758,-0.00392477673674,-0.0102551126154,0.208594202196,4.3215237935279998,-0.214933258265,6.26147862859,-8.044418061,return_complex
146.865319954,-0.00446736253122,-0.0114484158607,0.202051880078,4.336504227162,-0.224151135626,6.21229601576,-8.03414393283,return_complex
146.91530815,-0.00507226720373,-0.012743692647,0.19544549688,4.3514349431579999,-0.232872372954,6.16301658972,-8.0241975376,return_complex
146.965296346,-0.00574470486191,-0.0141443555874,0.188794306919,4.366316631708,-0.241112305173,6.11364747688,-8.01458156556,return_complex
147.015284542,-0.00649004896089,-0.0156531474248,0.182119439626,4.3811499838140007,-0.24888649893,6.06419531268,-8.00529770193,return_complex
147.065272738,-0.00731379627848,-0.0172720156868,0.175444004438,4.3959356913240004,-0.256210689244,6.01466624421,-7.99634653105,return_complex
147.115260934,-0.00822152452259,-0.0190019837366,0.168793161704,4.4106744468060004,-0.263100711565,5.96506593564,-7.98772743592,return_complex
147.16524913,-0.00921884341714,-0.0208430201865,0.162194152916,4.4253669431700002,-0.26957242912,5.91539957657,-7.97943849519,return_complex
147.215237326,-0.010311339213,-0.0227939089375,0.15567628392,4.4400138730200007,-0.275641655514,5.86567189344,-7.97147637952,return_complex
147.265225522,-0.011504512685,-0.0248521223705,0.149270855509,4.4546159277359996,-0.281324072648,5.81588716394,-7.96383624984,return_complex
147.315213718,-0.0128037108021,-0.0270137004583,0.143011036366,4.4691737962680005,-0.286635144157,5.76604923463,-7.95651166028,return_complex
147.365201914,-0.0142140523977,-0.0292731387598,0.136931674866,4.4836881633720003,-0.291590024681,5.71616154174,-7.94949446859,return_complex
147.41519011,-0.0157403483127,-0.0316232884028,0.131069046899,4.4981597077200002,-0.296203465444,5.66622713513,-7.94277475716,return_complex
147.465178306,-0.0173870166395,-0.0340552712334,0.12546053953,4.5125890993260001,-0.300489716737,5.6162487055,-7.93634076789,return_complex
147.515166502,-0.019157993852,-0.0365584133165,0.120144270615,4.5269769966840006,-0.304462428094,5.56622861462,-7.93017885402,return_complex
147.565154698,-0.0210566427678,-0.0391201998845,0.115158648079,4.541324043366,-0.308134547047,5.5161689286,-7.92427345208,return_complex
147.615142894,-0.0230856584417,-0.0417262546564,0.110541873194,4.5556308641520005,-0.311518217556,5.466071454,-7.91860707696,return_complex
147.66513109,-0.02524697324,-0.0443603461793,0.106331395187,4.5698980609440003,-0.31462467929,5.41593777647,-7.9131603427,return_complex
147.715119286,-0.027541662482,-0.0470044234781,0.102563325985,4.5841262079960003,-0.317464169118,5.36576930173,-7.90791201141,return_complex
147.765107482,-0.0299698521556,-0.0496386828426,0.0992718259902,4.5983158471439998,-0.320045826234,5.31556729846,-7.9028390722,return_complex
147.815095678,-0.0325306303147,-0.0522416670351,0.0964884731614,4.6124674827120007,-0.322377602466,5.26533294268,-7.89791685141,return_complex
147.865083874,-0.0352219638444,-0.0547903975893,0.0942416290052,4.6265815763099996,-0.324466179358,5.21506736321,-7.89311915496,return_complex
147.91507207,-0.0380406223249,-0.0572605402011,0.0925558155721,4.6406585417940001,-0.326316893661,5.16477168751,-7.88841844273,return_complex
147.965060266,-0.0409821107415,-0.0596266025003,0.0914511181215,4.6546987404780005,-0.327933672886,5.1144470875,-7.88378603457,return_complex
148.015048462,-0.044040612768,-0.0618621627709,0.0909426274755,4.6687024766520002,-0.329318982494,5.06409482452,-7.8791923462,return_complex
148.065036658,-0.0472089462908,-0.063940127469,0.0910399354776,4.6826699938560008,-0.3304737863,5.01371629291,-7.87460715337,return_complex
148.115024855,-0.0504785327434,-0.0658330147012,0.0917466955958,4.6966014719100002,-0.331397521472,4.9633130614,-7.86999988103,return_complex
148.165013051,-0.0538393816812,-0.0675132601852,0.093060259186,4.7104970249160001,-0.332088089446,4.91288691171,-7.86533991444,return_complex
148.215001247,-0.0572800918467,-0.0689535416455,0.094971395816,4.7243567005920006,-0.332541863806,4.86243987353,-7.86059692806,return_complex
148.264989443,-0.0607878697549,-0.0701271171033,0.0974641043144,4.738180480884,-0.332753716034,4.81197425534,-7.85574122779,return_complex
148.314977639,-0.0643485665739,-0.071008172117,0.100515519134,4.7519682840180009,-0.332717059703,4.7614926703,-7.85074410157,return_complex
148.364965835,-0.067946733784,-0.0715721707141,0.104095914831,4.7657199682980007,-0.332423913444,4.71099805678,-7.84557817326,return_complex
148.414954031,-0.0715656977821,-0.0717962045293,0.108168810199,4.779435337362,-0.331864982691,4.66049369281,-7.8402177543,return_complex
148.464942227,-0.0751876532531,-0.0716593345227,0.112691172285,4.7931141471840002,-0.331029759853,4.60998320431,-7.83463918752,return_complex
148.514930423,-0.078793774777,-0.07114291958,0.117613720099,4.8067561145340001,-0.329906642246,4.55947056648,-7.8288211775,return_complex
148.564918619,-0.0823643457677,-0.0702309262929,0.1228813273,4.8203609268960008,-0.328483066734,4.50896009836,-7.82274510176,return_complex
148.614906815,-0.0858789034754,-0.068910214277,0.128433523092,4.8339282534479997,-0.326745659685,4.45845645041,-7.81639529729,return_complex
148.664895011,-0.0893163984266,-0.0671707914933,0.134205090661,4.8474577572120001,-0.32468040053,4.40796458516,-7.8097593167,return_complex
148.714883207,-0.0926553663286,-0.0650060342083,0.140126762071,4.8609491075819999,-0.322272796847,4.3574897511,-7.80282814889,return_complex
148.764871403,-0.0958741101561,-0.0624128664662,0.146126008238,4.8744019933019995,-0.319508068648,4.30703745023,-7.79559639898,return_complex
148.814859599,-0.0989508898537,-0.059391894262,0.152127921364,4.8878161351740008,-0.316371339256,4.25661339962,-7.78806242277,return_complex
148.864847795,-0.101864116852,-0.0559474900175,0.158056185401,4.9011912984060002,-0.312847829963,4.20622348765,-7.78022841134,return_complex
148.914835991,-0.104592550413,-0.0520878235087,0.163834127299,4.9145273038799999,-0.308923055515,4.15587372567,-7.77210042201,return_complex
148.964824187,-0.10711549269,-0.0478248360741,0.16938583837,4.9278240382140002,-0.304583017339,4.1055701958,-7.76368835238,return_complex
149.014812383,-0.109412979332,-0.0431741557929,0.174637350448,4.9410814622220007,-0.299814391411,4.05531899593,-7.75500585535,return_complex
149.064800579,-0.11146596246,-0.0381549523571,0.179517846822,4.9542996172680001,-0.294604707701,4.00512618284,-7.74607019363,return_complex
149.114788775,-0.11325648292,-0.0327897315829,0.183960882632,4.9674786296940008,-0.288942518202,3.9549977144,-7.73690203392,return_complex
149.164776971,-0.114767828876,-0.0271040709038,0.187905584407,4.9806187127100001,-0.282817550734,3.90493939209,-7.72752518198,return_complex
149.214765167,-0.115984678011,-0.0211262987141,0.191297794791,4.9937201661059998,-0.276220845952,3.85495680477,-7.71796626146,return_complex
149.264753363,-0.116893220891,-0.0148871220841,0.19409112421,4.9960485003419999,-0.269144875255,3.80505527485,-7.70825434116,return_complex
149.314741559,-0.117481263414,-0.00841920901447,0.196247872382,4.9764042934920001,-0.261583637689,3.75523980772,-7.6984205167,return_complex
149.364729755,-0.117738306635,-0.00175673303959,0.197739780441,4.9575957499440007,-0.253532734303,3.70551504546,-7.68849745462,return_complex
149.414717951,-0.117655602755,0.00506511051568,0.19854858051,4.947487907418,-0.244989418899,3.65588522571,-7.67851890808,return_complex
149.464706147,-0.117226186509,0.0120106060314,0.198666312611,4.9460217190560005,-0.235952624571,3.60635414613,-7.66851921476,return_complex
149.514694344,-0.116444881749,0.0190440252627,0.198095388665,4.9531439710980001,-0.226422965971,3.55692513538,-7.65853278872,return_complex
149.56468254,-0.115308283522,0.0261301289073,0.196848387464,4.9662958807980004,-0.216402717722,3.50760103072,-7.64859361825,return_complex
149.614670736,-0.113814716493,0.0332346497933,0.194947590359,4.9794115620959998,-0.205895769948,3.45838416252,-7.63873478218,return_complex
149.664658932,-0.11196417109,0.0403247448104,0.192424224522,4.9924918133640004,-0.194907562365,3.40927634596,-7.6289879975,return_complex
149.714647128,-0.109758219259,0.0473694061344,0.18931757453,5.0055374305620006,-0.18344499889,3.36027887943,-7.6193832076,return_complex
149.764635324,-0.107199912164,0.0543398137323,0.185673502329,5.0185491974280003,-0.17151634514,3.31139254971,-7.60994822943,return_complex
149.81462352,-0.104293662621,0.0612096454568,0.18154407259,5.0315278771620005,-0.159131111595,3.26261764318,-7.60070844297,return_complex
149.864611716,-0.101045115369,0.0679552507547,0.176982703252,5.0444742052619995,-0.146299925541,3.21395396264,-7.59168661722,return_complex
149.914599912,-0.0974610086246,0.0745559743188,0.172053753135,5.0573888842140002,-0.133034395151,3.16540084892,-7.5829025862,return_complex
149.964588108,-0.0935490305267,0.0809936503454,0.16679386777,5.0702725796400001,-0.119346969274,3.11695720637,-7.57437375451,return_complex
150.014576304,-0.0893176742378,0.0872544969553,0.161331360088,5.0831259178680002,-0.105250796591,3.06862153136,-7.5661132027,return_complex
150.0645645,-0.0847760954907,0.0933228434931,0.155494748658,5.0735967702659996,-0.0907595878076,3.02039194266,-7.55813595984,return_complex
150.114552696,-0.0799339763106,0.0991867095592,0.149919911365,5.0542593074999997,-0.0758872571586,2.97226533461,-7.55044208964,return_complex
150.164540892,-0.074801398497,0.104780695008,0.152591171052,5.0348340787680002,-0.0606378422179,2.92422020218,-7.54281754551,return_complex
150.214529088,-0.0693887302039,0.110176571206,0.154610503549,5.0153174361540005,-0.0450065130371,2.87625406556,-7.53506880179,return_complex
150.264517284,-0.063706528627,0.115361607686,0.156877260128,4.9957097087160003,-0.0289892002107,2.82837522072,-7.52720592294,return_complex
150.31450548,-0.0577654613991,0.120339771979,0.159209649776,4.9760113875660004,-0.0125819530361,2.7805925135,-7.51922161069,return_complex
150.364493676,-0.0515762488077,0.125112045806,0.161693810204,4.9562231264819996,0.00421913226951,2.73291536451,-7.51111088558,return_complex
150.414481872,-0.0451496284075,0.129680923876,0.16433537103,4.9363457438160001,0.0214179603831,2.68535379199,-7.5028665841,return_complex
150.464470068,-0.0384963430026,0.134048662881,0.167149205271,4.9163802258600002,0.0390184597424,2.63791843246,-7.49448110423,return_complex
150.514458264,-0.0316271523453,0.138217139682,0.170136623306,4.8963277319580003,0.0570245801218,2.59062055833,-7.48594654031,return_complex
150.56444646,-0.0245528682429,0.142187311449,0.173291750064,4.8761896017239996,0.0754402652379,2.54347209198,-7.47725521503,return_complex
150.614434656,-0.0172844121072,0.14595880676,0.176600665412,4.8559673644019998,0.0942694013731,2.49648561545,-7.46840007956,return_complex
150.664422852,-0.00983289333277,0.149529525374,0.180042617304,4.83566275026,0.113515743673,2.4496743749,-7.45937510468,return_complex
150.714411048,-0.00220970626796,0.152895289969,0.183590903993,4.8152777040900006,0.133182822416,2.40305227913,-7.4501756198,return_complex
150.764399244,0.00557335703926,0.156049549554,0.187214001815,4.7948144003639994,0.153273832155,2.35663389114,-7.44079860082,return_complex
150.81438744,0.0135039816589,0.158983143723,0.190876759611,4.7742752599739999,0.17379150719,2.3104344118,-7.431242898,return_complex
150.864375637,0.0215691959532,0.161684132726,0.194541661468,4.7536629676380002,0.194737987316,2.26446965489,-7.4215093998,return_complex
150.914363833,0.0297552332668,0.164137697381,0.198170116411,4.7329804895579999,0.216114678201,2.21875601254,-7.41160112914,return_complex
150.964352029,0.0380473935688,0.166326111022,0.201723741511,4.7122310905560001,0.237922111064,2.17331041035,-7.40152327102,return_complex
151.014340225,0.0464299096488,0.168228784061,0.205165604372,4.6914183495720003,0.260159806554,2.12815025139,-7.39128313186,return_complex
151.064328421,0.0548858225345,0.169822380141,0.208461393814,4.6705461725159996,0.282826147861,2.08329334867,-7.38089003288,return_complex
151.114316617,0.0633968707393,0.171081001442,0.211580491538,4.6496188013580007,0.305918268069,2.03875784538,-7.37035514136,return_complex
151.164304813,0.0719433977847,0.17197643951,0.214496923274,4.6286408179079999,0.329431956719,1.99456212278,-7.35969124518,return_complex
151.214293009,0.0805042821538,0.172478487062,0.217190173838,4.6076171410980002,0.353361590304,1.95072469551,-7.34891247698,return_complex
151.264281205,0.0890568934437,0.172555305698,0.219645859094,4.5865530161999999,0.377700091133,1.90726409446,-7.33803399524,return_complex
151.314269401,0.0975770779848,0.172173844249,0.221856254881,4.5654539945039998,0.402438918613,1.86419873736,-7.32707163013,return_complex
151.364257597,0.10603917661,0.171300302741,0.223820691628,4.5443259019080005,0.427568096473,1.8215467878,-7.31604150169,return_complex
151.414245793,0.114416076581,0.169900637572,0.225545831017,4.5231747952140005,0.453076278922,1.77932600342,-7.30495961799,return_complex
151.464233989,0.122679298946,0.167941104418,0.227045847427,4.5020069046,0.478950858064,1.73755357435,-7.29384145992,return_complex
151.514222185,0.130799121816,0.165388836665,0.228342542679,4.4808285614400001,0.505178114183,1.69624595359,-7.28270155836,return_complex
151.564210381,0.138744739215,0.16221245849,0.22946542465,4.4596461103199996,0.531743409761,1.6554186811,-7.27155306827,return_complex
151.614198577,0.146484454348,0.158382733131,0.230451781531,4.4384658050339993,0.558631427257,1.61508620408,-7.26040734274,return_complex
151.664186773,0.153985905269,0.153873248036,0.231346777072,4.4172936883620002,0.585826449793,1.57526169647,-7.24927350893,return_complex
151.714174969,0.16121632017,0.148661139323,0.232203587151,4.3961354558280004,0.613312682947,1.53595688119,-7.2381580465,return_complex
151.764163165,0.168142798716,0.142727857927,0.233083575204,4.3749963047340001,0.641074614831,1.49718185949,-7.22706436859,return_complex
151.814151361,0.174732615187,0.136059978613,0.234056489826,4.3538807698199999,0.669097410505,1.45894495271,-7.21599240576,return_complex
151.864139557,0.180953538576,0.128650050283,0.23520062165,4.3327925481600005,0.697367335501,1.42125256225,-7.20493819418,return_complex
151.914127753,0.186774164269,0.120497481638,0.23660284383,4.3117343164799999,0.725872201872,1.38410905493,-7.19389347223,return_complex
151.964115949,0.192164251552,0.111609448065,0.238358316741,4.2907075449300001,0.754601828542,1.34751668131,-7.18284529495,return_complex
152.014104145,0.197095060918,0.102001800821,0.240569924803,4.2697123128720005,0.783548506006,1.31147553577,-7.17177567777,return_complex
152.064092341,0.201539684997,0.0916999307997,0.243346213695,4.2487471322640005,0.812707453469,1.27598356708,-7.16066130594,return_complex
152.114080537,0.205473366935,0.0807395875131,0.246801163045,4.2278087860559994,0.842077254431,1.24103664879,-7.14947329396,return_complex
152.164068733,0.2088738002,0.0691674136673,0.251042283358,4.2068921891940008,0.871660254682,1.20662871788,-7.13817721503,return_complex
152.214056929,0.211721404042,0.0570417652879,0.256195250135,4.1859902805119997,0.901462904687,1.17275198884,-7.12673280718,return_complex
152.264045126,0.213999569274,0.0444313895013,0.262288328632,4.1650939536300005,0.931496026821,1.13939724832,-7.11509575654,return_complex
152.314033322,0.215694869536,0.0314203677383,0.269639595337,4.1441920352099997,0.96177498709,1.10655423184,-7.10321312037,return_complex
152.364021518,0.216797233905,0.0180885419152,0.277416049522,4.1232713169239998,0.992319751149,1.07421207972,-7.09104314108,return_complex
152.414009714,0.217300077391,0.0045780280451,0.288787180472,4.1023166466419996,1.02315480613,1.04235986413,-7.07848881678,return_complex
152.46399791,0.217200386736,-0.00905971503801,0.283598252448,4.1162772976920001,1.05434451808,1.01094869026,-7.06579178853,return_complex
152.513986106,0.216498759804,-0.0225104932639,0.271513383373,4.1302340599500003,1.0860239505,0.979834235938,-7.05347038114,return_complex
152.563974302,0.215199397756,-0.0357247726524,0.262417842749,4.1442001504919999,1.11820764008,0.948980788099,-7.04156540573,return_complex
152.613962498,0.213310050185,-0.048590823467,0.254540603489,4.1581834372080007,1.15090136442,0.918366616306,-7.0299874915,return_complex
152.663950694,0.210841914293,-0.0610278653026,0.248136701161,4.1721906046679997,1.18411122366,0.887974740553,-7.01867200404,return_complex
152.71393889,0.207809490141,-0.0729614823653,0.243052395075,4.1862271359600003,1.21784322995,0.857792905366,-7.00755493673,return_complex
152.763927086,0.20423039484,-0.0843281555657,0.239170832899,4.20029732259,1.25210294944,0.827813447541,-6.99657797552,return_complex
152.813915282,0.200125139371,-0.0950749733329,0.236358684145,4.2144042989160004,1.28689519966,0.798033074332,-6.98568877311,return_complex
152.863903478,0.195516872431,-0.1051593804,0.234474831539,4.2285500972460008,1.32222380209,0.768452568761,-6.97484126962,return_complex
152.913891674,0.190431096305,-0.114548857361,0.233378749746,4.2427357198919999,1.3580913878,0.739076437964,-6.96399593447,return_complex
152.96387987,0.184895360263,-0.123220343441,0.232932729681,4.2569612240039998,1.39449925283,0.709912519421,-6.95311972809,return_complex
153.013868066,0.178938937358,-0.131159592854,0.233005508841,4.2712258157100003,1.43144725903,0.680971558559,-6.94218596376,return_complex
153.063856262,0.172592490692,-0.138360447141,0.233474018297,4.2855279499980004,1.46893377562,0.652266769943,-6.93117404534,return_complex
153.113844458,0.165887735373,-0.144824075132,0.234224763778,4.2998654333160005,1.50695565693,0.623813392862,-6.92006912879,return_complex
153.163832654,0.158857102273,-0.150558196371,0.235154571501,4.3142355262259997,1.54550825157,0.595628250913,-6.90886172185,return_complex
153.21382085,0.15153340956,-0.15557630599,0.23617099771,4.3286350435919996,1.5845854387,0.567729323947,-6.89754724029,return_complex
153.263809046,0.143949547634,-0.159896910698,0.237192479596,4.3430604505740007,1.62417968728,0.540135339643,-6.88612553204,return_complex
153.313797242,0.136138182693,-0.163542782421,0.238148330377,4.3575079527900007,1.66428213449,0.512865390896,-6.87460037836,return_complex
153.363785438,0.12813148357,-0.166540233152,0.238978636059,4.3719735793500005,1.70488267985,0.485938584199,-6.86297897884,return_complex
153.413773634,0.119960875881,-0.168918413121,0.239634090949,4.3864532579339999,1.74597009161,0.459373723216,-6.85127142568,return_complex
153.46376183,0.111656826808,-0.170708633686,0.240075788075,4.4009428814640001,1.78753212266,0.433189030742,-6.83949017248,return_complex
153.513750026,0.103248663026,-0.171943716395,0.240274966539,4.4154383658479999,1.82955563289,0.407401911352,-6.82764950231,return_complex
153.563738222,0.0947644235304,-0.172657370125,0.240212706659,4.4299356989579994,1.87202671563,0.382028756062,-6.81576500051,return_complex
153.613726418,0.0862307482469,-0.172883599028,0.239879558426,4.4444309810220002,1.91493082563,0.35708478945,-6.80385303808,return_complex
153.663714615,0.0776728024816,-0.172656144827,0.239275085615,4.4589204567360001,1.95825290649,0.332583958777,-6.79193027211,return_complex
153.713702811,0.0691142364699,-0.172007967914,0.238407308724,4.4734005396540004,2.00197751551,0.308538863841,-6.78001317031,return_complex
153.763691007,0.0605771784976,-0.17097077235,0.237292032942,4.4878678295760004,2.04608894408,0.284960725496,-6.76811756722,return_complex
153.813679203,0.0520822593534,-0.169574580362,0.235952052104,4.5023191236540008,2.09057133225,0.261859390037,-6.75625825959,return_complex
153.863667399,0.0436486652298,-0.167847362082,0.234416225832,4.5167514220080003,2.13540877583,0.239243366066,-6.74444864871,return_complex
153.913655595,0.0352942156261,-0.165814726068,0.232718434374,4.5311619287339999,2.18058542516,0.21711988983,-6.73270043661,return_complex
153.963643791,0.0270354623462,-0.163499675704,0.23089642145,4.5455480490960003,2.22608557445,0.195495014658,-6.72102338282,return_complex
154.013631987,0.0188878053272,-0.160922435614,0.228990545262,4.5599073837119999,2.27189374117,0.17437371972,-6.70942512677,return_complex
154.063620183,0.0108656207871,-0.158100351213,0.227042457038,4.574237720598,2.31799473498,0.153760033151,-6.6979110802,return_complex
154.113608379,0.00298239704987,-0.15504786303,0.225093741882,4.5885370256459996,2.36437371607,0.13365716446,-6.68648439192,return_complex
154.163596575,-0.00474912660832,-0.151776555912,0.223184547465,4.6028034322559996,2.41101624281,0.114067641148,-6.67514598576,return_complex
154.213584771,-0.0123168226535,-0.148295281594,0.221352237295,4.6170352307339995,2.45790830915,0.0949934446188,-6.66389467103,return_complex
154.263572967,-0.0197090438821,-0.144610351264,0.219630106676,4.631230857816,2.50503637199,0.076436140654,-6.65272732231,return_complex
154.313561163,-0.0269145019528,-0.140725793538,0.218046171449,4.6453888868040005,2.55238736925,0.0583970001047,-6.64163912474,return_complex
154.363549359,-0.0339221595122,-0.136643670082,0.216622143371,4.6595080185660001,2.59994872929,0.0408771058539,-6.63062387737,return_complex
154.413537555,-0.0407211390886,-0.132364445398,0.215372325534,4.6735870736700003,2.64770837259,0.0238774426238,-6.61967435125,return_complex
154.463525751,-0.0473006513848,-0.127887385947,0.214303484319,4.6876249857780001,2.69565470658,0.00739896677241,-6.60878267803,return_complex
154.513513947,-0.0536499450032,-0.123211033392,0.213412101655,4.7016207962819996,2.74377661476,-0.00855734615076,-6.5979408139,return_complex
154.563502143,-0.0597582790063,-0.118333549148,0.212691615662,4.7155736502179995,2.79206344094,-0.0239904776616,-6.58714087638,return_complex
154.613490339,-0.0656149190596,-0.113253586016,0.212106000019,4.7294827934760004,2.84050496988,-0.0388993673039,-6.57637601007,return_complex
154.663478535,-0.0712091572477,-0.107969367888,0.211680185088,4.7433475708559998,2.88909140523,-0.0532829385327,-6.56563946243,return_complex
154.713466731,-0.0765303550069,-0.102483897044,0.211191972109,4.7571674250780003,2.93781334574,-0.0671401490696,-6.55492978948,return_complex
154.763454927,-0.0815680079953,-0.0967892132259,0.211216073611,4.7425774582619997,2.98666176083,-0.0804700646464,-6.54423511588,long_straight
