host,time,vx,vy,r,e_psi,s_abs,e_y,delta,a_cmd,plan_id,mode,front_utilization,rear_utilization,boundary_violation,sector,curvature,left_width,right_width,left_clearance,right_clearance,clearance,boundary,nominal_ey,nominal_epsi,nominal_progress,nominal_delta,nominal_acceleration,tracking_ey
A,0.0,5.253846582838669,0.0,0.9966576677921577,0.034598592705642695,1.0,-0.11268618155631815,0.054923548927100344,0.8147200477683639,0,trajectory,0.1466376832263594,0.15405473673431372,False,long_straight,0.08292956750372261,0.55,0.55,0.6626861815563182,0.4373138184436819,0.4373138184436819,right,-0.11268618155631815,0.034598592705642695,1.0,0.054923548927100344,0.8147200477683639,0.0
A,0.005,5.257871177613078,-0.019571304729386816,0.9924887446583358,0.03741976992540863,1.026022597904767,-0.11178933738566722,0.054923548927100344,0.8147200477683639,0,trajectory,0.16128618008745207,0.16783941944007752,False,long_straight,0.08243507969817121,0.55,0.55,0.6617893373856673,0.43821066261433284,0.43821066261433284,right,-0.11181195624700732,0.03724289883026733,1.026219518779235,0.054923548927100344,0.8147200477683639,2.2618861340098495e-05
A,0.01,5.261801263342087,-0.03825510919725477,0.9884844057422196,0.04023147391073545,1.052069272623353,-0.11091330273120314,0.054923548927100344,0.8147200477683639,0,trajectory,0.17565549594864913,0.1812627794250671,False,long_straight,0.08193528478963094,0.55,0.55,0.6609133027312032,0.4390866972687969,0.4390866972687969,right,-0.1109377309376965,0.039887204954891974,1.0524390375584698,0.054923548927100344,0.8147200477683639,2.4428206493357085e-05
A,0.015,5.265641849166391,-0.05609616218371357,0.9846402599296573,0.043034706746697626,1.0781396794802087,-0.11005388586704057,0.054923548927100344,0.8147200477683639,0,trajectory,0.18961652023517186,0.1942425116043243,False,long_straight,0.08143022751326826,0.55,0.55,0.6600538858670406,0.4399461141329595,0.4399461141329595,right,-0.11006350562838565,0.04253151107951661,1.0786585563377047,0.054923548927100344,0.8147200477683639,9.619761345086575e-06
A,0.02,5.269397635839166,-0.07313701915016026,0.9809513750552372,0.04583044543859005,1.1042334782985987,-0.10920709029639622,0.054923548927100344,0.8147200477683639,0,trajectory,0.20309718404528787,0.20673479842678807,False,long_straight,0.08091995343485311,0.55,0.55,0.6592070902963962,0.44079290970360385,0.44079290970360385,right,-0.10918928031907484,0.04517581720414125,1.1048780751169396,0.054923548927100344,0.8147200477683639,-1.780997732138412e-05
A,0.025,5.273073035455521,-0.08941808821801352,0.9774124609403558,0.0486196396407208,1.1303503335641003,-0.10836910439241937,0.054923548927100344,0.8147200477683639,0,trajectory,0.21606043223853832,0.21871986436580193,False,long_straight,0.0804045089152713,0.55,0.55,0.6583691043924194,0.4416308956075807,0.4416308956075807,right,-0.108315055009764,0.047820123328765896,1.1310975938961745,0.054923548927100344,0.8147200477683639,-5.4049382655366185e-05
A,0.03,5.276672190301789,-0.10497769167329558,0.974018015527022,0.05140321021278016,1.1564899145174652,-0.10753629136979785,0.054923548927100344,0.8147200477683639,0,trajectory,0.22849110565281516,0.23019315398352544,False,long_straight,0.07988394107607456,0.55,0.55,0.6575362913697979,0.4424637086302022,0.4424637086302022,right,-0.10744082970045317,0.050464429453390525,1.1573171126754094,0.054923548927100344,0.8147200477683639,-9.546166934468192e-05
A,0.034999999999999996,5.280198990729964,-0.11985213857583686,0.9707624401053682,0.05418204843367613,1.1826518951849878,-0.10670517963358263,0.0565068032526114,0.8125729484678798,0,trajectory,0.24678139043352043,0.24108465844773017,False,long_straight,0.07935829776603263,0.55,0.55,0.6567051796335827,0.44329482036641743,0.44329482036641743,right,-0.10656660439114235,0.05310873557801517,1.1835366314546443,0.054923548927100344,0.8147200477683639,-0.00013857524244027808
A,0.039999999999999994,5.2836460830822745,-0.13393965557543797,0.9695526548427864,0.056961862562120213,1.2088359060856286,-0.10587204871028222,0.0565068032526114,0.8125729484678798,0,trajectory,0.2578260055458996,0.2516758020216622,False,long_straight,0.0788276285110922,0.55,0.55,0.6558720487102823,0.4441279512897178,0.4441279512897178,right,-0.10569237908183152,0.05575304170263981,1.2097561502338792,0.054923548927100344,0.8147200477683639,-0.00017966962845070156
A,0.04499999999999999,5.28702707619221,-0.1474625731217274,0.9683283267386884,0.05974784707893699,1.2350415838635538,-0.10503334377737046,0.0565068032526114,0.8125729484678798,0,trajectory,0.26840993874703983,0.2618108902026095,False,long_straight,0.07829198350412304,0.55,0.55,0.6550333437773705,0.4449666562226296,0.4449666562226296,right,-0.10481815377252068,0.05839734782726445,1.235975669013114,0.054923548927100344,0.8147200477683639,-0.00021519000484977735
A,0.04999999999999999,5.2903448176804515,-0.16044603896481802,0.9670949882146807,0.06254012061303937,1.2612686177935042,-0.10418605469785303,0.0565068032526114,0.8125729484678798,0,trajectory,0.278546037115663,0.27150398146408,False,long_straight,0.07775141260723654,0.55,0.55,0.6541860546978531,0.445813945302147,0.445813945302147,right,-0.10394392846320985,0.06104165395188908,1.262195187792349,0.054923548927100344,0.8147200477683639,-0.00024212623464317518
A,0.054999999999999986,5.293602024312912,-0.17291404126082452,0.9658574589214367,0.06533882588554185,1.2875167003555519,-0.10332729234293705,0.056135076546368304,0.8117284549247837,0,trajectory,0.28671595307473846,0.28074543361070164,False,long_straight,0.07720596630870542,0.55,0.55,0.6533272923429371,0.446672707657063,0.446672707657063,right,-0.10306970315389903,0.06368596007651373,1.2884147065715839,0.054923548927100344,0.8147200477683639,-0.00025758918903802386
A,0.059999999999999984,5.296797182634003,-0.18492066270807384,0.9641869461032587,0.06814303054096715,1.31378552262099,-0.10245437588852001,0.056135076546368304,0.8117284549247837,0,trajectory,0.2960804481582777,0.28957762303672013,False,long_straight,0.0766556957882084,0.55,0.55,0.6524543758885201,0.44754562411148,0.44754562411148,right,-0.10219547784458821,0.06633026620113835,1.3146342253508188,0.054923548927100344,0.8147200477683639,-0.00025889804393179616
A,0.06499999999999999,5.299937157999493,-0.19644427525110944,0.9625516566029662,0.07095192740535028,1.340074778162883,-0.1015647289246009,0.056135076546368304,0.8117284549247837,0,trajectory,0.3050307044589,0.2980113610791377,False,long_straight,0.07610065280595282,0.55,0.55,0.6515647289246009,0.44843527107539916,0.44843527107539916,right,-0.10132125253527738,0.068974572325763,1.3408537441300536,0.054923548927100344,0.8147200477683639,-0.00024347638932352422
A,0.06999999999999999,5.303024378085259,-0.2075068982135614,0.960952348094077,0.07376586474615587,1.3663841677267643,-0.10065578398029137,0.056135076546368304,0.8117284549247837,0,trajectory,0.31358442995044333,0.30606437818360027,False,long_straight,0.07554088957165851,0.55,0.55,0.6506557839802914,0.44934421601970864,0.44934421601970864,right,-0.10044702722596655,0.07161887845038764,1.3670732629092885,0.054923548927100344,0.8147200477683639,-0.0002087567543248292
A,0.07499999999999998,5.306061149350825,-0.2181294535392078,0.9593895458145503,0.07658519221891869,1.39271339481656,-0.09972507317553148,0.0531077926776399,0.8119813090730689,0,trajectory,0.3096176564196515,0.3137608902948333,False,long_straight,0.07497645880458387,0.55,0.55,0.6497250731755315,0.45027492682446857,0.45027492682446857,right,-0.09957280191665571,0.07426318457501227,1.3932927816885232,0.054923548927100344,0.8147200477683639,-0.00015227125887576354
A,0.07999999999999999,5.309052279514315,-0.22858106583598017,0.9543701290030884,0.07940141405615897,1.4190622249496068,-0.09877096534583792,0.0531077926776399,0.8119813090730689,0,trajectory,0.31806049758294713,0.3208979524917341,False,long_straight,0.07440741241790313,0.55,0.55,0.648770965345838,0.45122903465416214,0.45122903465416214,right,-0.09869857660734489,0.07690749069963693,1.4195123004677583,0.054923548927100344,0.8147200477683639,-7.23887384930233e-05
A,0.08499999999999999,5.31200030459371,-0.23853309758403446,0.9496362211349615,0.08220687900474521,1.4454304230216681,-0.09779188584092996,0.0531077926776399,0.8119813090730689,0,trajectory,0.3260523940938461,0.32766130491609374,False,long_straight,0.07383380280875432,0.55,0.55,0.64779188584093,0.4522081141590701,0.4522081141590701,right,-0.09782435129803405,0.07955179682426157,1.4457318192469932,0.054923548927100344,0.8147200477683639,3.2465457104086104e-05
A,0.09,5.314907685262415,-0.24801341025991108,0.9451692320881275,0.08500313081811983,1.4718176971911594,-0.09678559969187753,0.0531077926776399,0.8119813090730689,0,trajectory,0.33361987282461675,0.3340726826388984,False,long_straight,0.07325568406484993,0.55,0.55,0.6467855996918775,0.45321440030812254,0.45321440030812254,right,-0.09695012598872321,0.0821961029488862,1.4719513380262281,0.054923548927100344,0.8147200477683639,0.0001645262968456851
A,0.09499999999999999,5.317776703861259,-0.2570480993335422,0.9409519772833044,0.08779162185061384,1.4982237601733632,-0.09574996879518605,0.04913086757455902,0.8131301658927691,0,trajectory,0.3249982607898932,0.34018086540390596,False,long_straight,0.0726731106231635,0.55,0.55,0.6457499687951861,0.454250031204814,0.454250031204814,right,-0.0960759006794124,0.08484040907351083,1.498170856805463,0.054923548927100344,0.8147200477683639,0.00032593188422634645
A,0.09999999999999999,5.320617434689582,-0.2659849181923884,0.9324287195390065,0.09056222595972274,1.5246484270031058,-0.09468390738535787,0.04913086757455902,0.8131301658927691,0,trajectory,0.33260170440976605,0.34568377795529764,False,long_straight,0.07208613505901516,0.55,0.55,0.6446839073853579,0.4553160926146422,0.4553160926146422,right,-0.09520167537010156,0.08748471519813548,1.524390375584698,-0.003984999314297534,0.8840730034467271,0.0005177679847436917
A,0.105,5.3234287042408575,-0.27439572984224647,0.9244412299609617,0.09330581524950876,1.5510915125096263,-0.09358637308865231,0.04913086757455902,0.8131301658927691,0,trajectory,0.3397143881288858,0.35083553465648554,False,long_straight,0.07149481028230631,0.55,0.55,0.6435863730886524,0.45641362691134774,0.45641362691134774,right,-0.0940906597349396,0.08779065613740449,1.5510291938180525,-0.003984999314297534,0.8840730034467271,0.0005042866462872941
A,0.11,5.326212849240035,-0.2823147544943685,0.9169523983181286,0.09602513039287297,1.5775527378703207,-0.09245543870918678,0.04913086757455902,0.8131301658927691,0,trajectory,0.3463707430129753,0.35566045631495347,False,long_straight,0.07089919162184107,0.55,0.55,0.6424554387091869,0.4575445612908133,0.4575445612908133,right,-0.09297964409977766,0.08809659707667349,1.5776680120514073,-0.003984999314297534,0.8840730034467271,0.0005242053905908789
A,0.11499999999999999,5.328971984273478,-0.28977378986700747,0.9099280960741808,0.09872273186268865,1.6040318312080963,-0.09128927342905814,0.03913086757455902,0.8843219200958784,0,trajectory,0.31482436514618484,0.36190186408998437,False,long_straight,0.07029933458072178,0.55,0.55,0.6412892734290582,0.4587107265709419,0.4587107265709419,right,-0.0918686284646157,0.08840253801594247,1.6043068302847616,-0.003984999314297534,0.8840730034467271,0.0005793550355575605
A,0.12,5.3320708051513765,-0.297610105434818,0.8915742424683044,0.10137117952885832,1.6305296442588624,-0.09008846423089736,0.03913086757455902,0.8843219200958784,0,trajectory,0.3226653221748008,0.3654049013159684,False,long_straight,0.06969526926851335,0.55,0.55,0.6400884642308974,0.4599115357691027,0.4599115357691027,right,-0.09075761282945376,0.08870847895521147,1.6309456485181164,-0.003984999314297534,0.8840730034467271,0.0006691485985563933
A,0.125,5.335162715368256,-0.3047154266562357,0.8744325673102666,0.10394563030053972,1.6570470245436633,-0.0888535824996962,0.03913086757455902,0.8843219200958784,0,trajectory,0.32979088397709366,0.3684994316701251,False,long_straight,0.069087025537395,0.55,0.55,0.6388535824996963,0.46114641750030383,0.46114641750030383,right,-0.08964659719429181,0.08901441989448047,1.6575844667514712,-0.003984999314297534,0.8840730034467271,0.0007930146945956118
A,0.13,5.338250276558933,-0.3111479032172714,0.8584162672586305,0.10645207662817446,1.683583711038958,-0.08758294560709351,0.03913086757455902,0.8843219200958784,0,trajectory,0.3362602659149793,0.3712210346997217,False,long_straight,0.06847465854099655,0.55,0.55,0.6375829456070936,0.46241705439290653,0.46241705439290653,right,-0.08853558155912986,0.08932036083374947,1.6842232849848258,-0.003984999314297534,0.8840730034467271,0.0009526359520363459
A,0.135,5.341335650097961,-0.3169611206648916,0.8434459606596745,0.1088960930738212,1.7101394581323552,-0.08627499893437872,0.029130867574559016,0.8878870600530754,0,trajectory,0.30246017796653796,0.3736890501523059,False,long_straight,0.06785822331628663,0.55,0.55,0.6362749989343788,0.4637250010656213,0.4637250010656213,right,-0.08742456592396791,0.08962630177301847,1.7108621032181803,-0.003984999314297534,0.8840730034467271,0.001149566989589193
A,0.14,5.344445999435431,-0.3230223128165373,0.8179439703641048,0.11125374688976875,1.7367143422795654,-0.08493073277404743,0.029130867574559016,0.8878870600530754,0,trajectory,0.3097744973732357,0.3751071273982711,False,long_straight,0.06723776756720069,0.55,0.55,0.6349307327740474,0.4650692672259526,0.4650692672259526,right,-0.08631355028880597,0.08993224271228747,1.7375009214515351,-0.003984999314297534,0.8840730034467271,0.0013828175147585359
A,0.14500000000000002,5.347573088026857,-0.3282344362315085,0.7941362229467254,0.11350343464228185,1.7633084404604875,-0.08355114054281054,0.029130867574559016,0.8878870600530754,0,trajectory,0.3162369831377893,0.37609530912405703,False,long_straight,0.06661333899845243,0.55,0.55,0.6335511405428106,0.4664488594571895,0.4664488594571895,right,-0.08520253465364402,0.09023818365155648,1.76413973968489,-0.003984999314297534,0.8840730034467271,0.0016513941108334818
A,0.15,5.350718776781911,-0.3326716992234749,0.771901872943426,0.11565346403206478,1.7899215363532488,-0.08213487950901469,0.029130867574559016,0.8878870600530754,0,trajectory,0.32192279549117425,0.37669527628024224,False,long_straight,0.06598499225310246,0.55,0.55,0.6321348795090147,0.4678651204909854,0.4678651204909854,right,-0.08409151901848208,0.09054412459082548,1.7907785579182445,-0.003984999314297534,0.8840730034467271,0.001956639509467395
A,0.155,5.353884450300069,-0.3364023458747202,0.7511306528401556,0.11771156240003355,1.8165534356305522,-0.08068075208684754,0.019130867574559014,0.8905303761880149,0,trajectory,0.28697073693779424,0.3770090674250884,False,long_straight,0.06535278157651449,0.55,0.55,0.6306807520868476,0.4693192479131525,0.4693192479131525,right,-0.08298050338332014,0.09085006553009448,1.817417376151599,-0.003984999314297534,0.8840730034467271,0.002299751296472599
A,0.15999999999999998,5.357092654049133,-0.3403156744065637,0.7200947737560371,0.11965549636242878,1.8432042849676837,-0.07919014524141377,0.019130867574559014,0.8905303761880149,1,trajectory,0.29329373487006344,0.37628705092434617,False,long_straight,0.06471675314572661,0.55,0.55,0.6291901452414138,0.4708098547585863,0.4708098547585863,right,-0.07996305827509605,0.09638100324993276,1.8443913639571308,-0.018660145280027768,0.9294538995054905,0.0007729130336822793
A,0.16499999999999998,5.360339434515755,-0.343314456157603,0.6911181905279977,0.12146523321540847,1.869874235138001,-0.07766446212440532,0.019130867574559014,0.8905303761880149,1,trajectory,0.2986818028225894,0.3751305730321342,False,long_straight,0.06407695293923162,0.55,0.55,0.6276644621244054,0.47233553787559474,0.47233553787559474,right,-0.07870083248928207,0.0959935267975905,1.8711079892022977,-0.018660145280027768,0.9294538995054905,0.0010363703648767486
A,0.16999999999999998,5.363625349958704,-0.3454844344384016,0.6640566015233774,0.12315083704538043,1.896563135013253,-0.07610275623112635,0.019130867574559014,0.8905303761880149,1,trajectory,0.30322027770446097,0.37358510724422117,False,long_straight,0.06343343411567481,0.55,0.55,0.6261027562311264,0.4738972437688737,0.4738972437688737,right,-0.0774386067034681,0.09560605034524826,1.8978246144474649,-0.018660145280027768,0.9294538995054905,0.0013358504723417486
A,0.175,5.366950486277657,-0.3469044408562909,0.6387783640635537,0.12472167952907265,1.9232708602289015,-0.07450423587680757,0.009130867574559014,0.9388386992722987,1,trajectory,0.2684524034856055,0.3729110997769428,False,long_straight,0.06278624919499938,0.55,0.55,0.6245042358768076,0.4754957641231925,0.4754957641231925,right,-0.07617638091765414,0.09521857389290601,1.9245412396926318,-0.018660145280027768,0.9294538995054905,0.0016721450408465621
A,0.18,5.3705652628130585,-0.34847927740790785,0.6031686132776066,0.12615610668019306,1.9499982156955276,-0.07287065536510175,0.009130867574559014,0.9388386992722987,1,trajectory,0.27348291851935524,0.3700121419755826,False,long_straight,0.06213542799273083,0.55,0.55,0.6228706553651018,0.4771293446348983,0.4771293446348983,right,-0.07491415513184016,0.09483109744056376,1.9512578649377987,-0.018660145280027768,0.9294538995054905,0.002043499766738413
A,0.185,5.374236663701456,-0.3491065174163472,0.5699207844060542,0.12743463979113745,1.9767460130003256,-0.07120379771502088,0.009130867574559014,0.9388386992722987,1,trajectory,0.2775327273490376,0.3666836656170744,False,long_straight,0.061480999690585264,0.55,0.55,0.6212037977150209,0.47879620228497916,0.47879620228497916,right,-0.07365192934602618,0.09444362098822151,1.977974490182966,-0.018660145280027768,0.9294538995054905,0.0024481316310053097
A,0.19,5.377963571044535,-0.3488809814460912,0.5388736982446392,0.12856880629197942,2.003514180635446,-0.06950315270031641,0.009130867574559014,0.9388386992722987,1,trajectory,0.2806930698110443,0.3629745194746762,False,long_straight,0.06082301475346655,0.55,0.55,0.6195031527003164,0.4804968472996836,0.4804968472996836,right,-0.07238970356021224,0.09405614453587927,2.004691115428133,-0.018660145280027768,0.9294538995054905,0.002886550859895823
A,0.195,5.381744456198032,-0.34788988204803767,0.5098800803436231,0.1295693601426322,2.030302676759735,-0.06776837094960589,-0.0008691324254409862,0.9420560836300677,1,trajectory,0.24306451180649355,0.35901652720251687,False,long_straight,0.06016152283079391,0.55,0.55,0.6177683709496059,0.4822316290503942,0.4822316290503942,right,-0.07112747777439826,0.09366866808353702,2.0314077406733,-0.018660145280027768,0.9294538995054905,0.003359106824792374
A,0.2,5.3856029522179245,-0.3470621280815045,0.4708562121701188,0.13041610599774422,2.057111851381409,-0.06600176331720481,-0.0008691324254409862,0.9420560836300677,1,trajectory,0.246646690786762,0.3539989428830113,False,long_straight,0.059496563719631884,0.55,0.55,0.6160017633172048,0.48399823668279524,0.48399823668279524,right,-0.06986525198858429,0.09328119163119478,2.058124365918467,-0.018660145280027768,0.9294538995054905,0.003863488671379478
A,0.20500000000000002,5.3895299333249485,-0.3452849902938523,0.43442996753870633,0.13109093054736354,2.0839420598066734,-0.0642056697655961,-0.0008691324254409862,0.9420560836300677,1,trajectory,0.24923039211283607,0.3485653480362585,False,long_straight,0.058828176788219395,0.55,0.55,0.6142056697655961,0.48579433023440394,0.48579433023440394,right,-0.06860302620277033,0.09289371517885252,2.0848409911636336,-0.018660145280027768,0.9294538995054905,0.004397356437174232
A,0.21,5.393522452790044,-0.34265992376153626,0.4004285098145849,0.13160650218584413,2.1107933135100327,-0.062380029068318,-0.0008691324254409862,0.9420560836300677,1,trajectory,0.2509107357829249,0.34276834496989533,False,long_straight,0.05815640971766046,0.55,0.55,0.612380029068318,0.487619970931682,0.487619970931682,right,-0.06734080041695636,0.09250623872651027,2.111557616408801,-0.018660145280027768,0.9294538995054905,0.004960771348638364
A,0.215,5.3975772673675175,-0.3392802641273633,0.3686934241497423,0.13197465917477613,2.137665654099502,-0.06052494318347257,-0.010869132425440986,0.9437083873468971,1,trajectory,0.2120184718030524,0.3367046637267416,False,long_straight,0.057481309257607964,0.55,0.55,0.6105249431834726,0.4894750568165275,0.4894750568165275,right,-0.06607857463114239,0.09211876227416803,2.138274241653968,-0.018660145280027768,0.9294538995054905,0.005553631447669821
A,0.22,5.401708752039932,-0.33609455503710656,0.3269404198832504,0.13217575716137597,2.1645595069189167,-0.05864321980599922,-0.010869132425440986,0.9437083873468971,1,trajectory,0.21410057041913375,0.32962812953742454,False,long_straight,0.05680291225928782,0.55,0.55,0.6086432198059992,0.4913567801940008,0.4913567801940008,right,-0.06483954368468718,0.09080615763269309,2.16527295402859,-0.0028278225185179823,0.8450239787629086,0.006196323878687959
A,0.225,5.40591397062838,-0.3319754243107983,0.28799103006031956,0.13219222844737022,2.1914752996312727,-0.05673769662221424,-0.010869132425440986,0.9437083873468971,1,trajectory,0.21519287311929242,0.3221600681532447,False,long_straight,0.05612125514977172,0.55,0.55,0.6067376966222143,0.4932623033777858,0.4932623033777858,right,-0.06361597596447116,0.08887680086512968,2.1924597244895163,-0.0028278225185179823,0.8450239787629086,0.006878279342256918
A,0.23,5.410188155604058,-0.3270297435772532,0.2516626913237647,0.13203774031792337,2.218413121628195,-0.054808767022345016,-0.010869132425440986,0.9437083873468971,1,trajectory,0.21539326634022413,0.31435834697387294,False,long_straight,0.0554363826012934,0.55,0.55,0.6048087670223451,0.49519123297765505,0.49519123297765505,right,-0.06239240824425514,0.08694744409756627,2.2196464949504424,-0.0028278225185179823,0.8450239787629086,0.007583641221910124
A,0.235,5.4145263909212735,-0.3213557989391881,0.21778734720470683,0.13172508194116306,2.2453730905466656,-0.052856987838061475,-0.020869132425440987,0.859928775122403,1,trajectory,0.17159914774172488,0.30371601333423326,False,long_straight,0.05474833831699108,0.55,0.55,0.6028569878380615,0.49714301216193857,0.49714301216193857,right,-0.06116884052403912,0.08501808733000289,2.246833265411368,-0.0028278225185179823,0.8450239787629086,0.008311852685977644
A,0.24,5.418514039174652,-0.31593100960421483,0.17415703130026924,0.13123578799512536,2.2723546563401227,-0.05088582034789065,-0.020869132425440987,0.859928775122403,1,trajectory,0.17224338839137518,0.29467063153712575,False,long_straight,0.0540571828660887,0.55,0.55,0.6008858203478907,0.4991141796521094,0.4991141796521094,right,-0.05994527280382309,0.08308873056243948,2.274020035872294,-0.0028278225185179823,0.8450239787629086,0.00905945245593244
A,0.245,5.422573339416426,-0.30960654588738634,0.13349060686758357,0.13055339460188797,2.2993572637808293,-0.04889874280420051,-0.020869132425440987,0.859928775122403,1,trajectory,0.17192991291260962,0.2852690262120128,False,long_straight,0.05336297691879317,0.55,0.55,0.5988987428042005,0.5011012571957996,0.5011012571957996,right,-0.05872170508360707,0.08115937379487607,2.3012068063332203,-0.0028278225185179823,0.8450239787629086,0.009822962279406565
A,0.25,5.4266978976336375,-0.30249308111936196,0.09559717433488284,0.12969234069187419,2.326381062266325,-0.04689658204214311,-0.020869132425440987,0.859928775122403,1,trajectory,0.17076121046146067,0.2755759862870084,False,long_straight,0.05266576288189229,0.55,0.55,0.5968965820421431,0.503103417957857,0.503103417957857,right,-0.057498137363391044,0.07923001702731268,2.328393576794146,-0.0028278225185179823,0.8450239787629086,0.010601555321247937
A,0.255,5.430881344456086,-0.2946922680018396,0.06030017359391786,0.12866614543191401,2.35342622502569,-0.044880325593095106,-0.03086913242544099,0.8602542492320471,1,trajectory,0.13234061925759966,0.26566406038777135,False,long_straight,0.051965582221329076,0.55,0.55,0.5948803255930951,0.505119674406905,0.505119674406905,right,-0.05627456964317502,0.07730066025974927,2.355580347255072,-0.0028278225185179823,0.8450239787629086,0.01139424405007991
A,0.26,5.435128156196343,-0.2871885005276558,0.014900220464629417,0.12745574839437523,2.3804932872918334,-0.042853752745338716,-0.03086913242544099,0.8602542492320471,2,trajectory,0.13176913488901554,0.25483355475504565,False,long_straight,0.05126246664489679,0.55,0.55,0.5928537527453388,0.5071462472546613,0.5071462472546613,right,-0.04316571527185269,0.1243521073018982,2.3804857147410585,-0.04923342119810761,0.8598463280192016,0.0003119625265139772
A,0.265,5.4394384565338845,-0.2788198384834009,-0.027360526902875507,0.12604421576145342,2.4075827735446693,-0.040820664869158356,-0.03086913242544099,0.8602542492320471,2,trajectory,0.13037278284467388,0.24371939724391567,False,long_straight,0.050556447672627486,0.55,0.55,0.5908206648691584,0.5091793351308417,0.5091793351308417,right,-0.04144474406824757,0.12043732277523342,2.4078162640973058,-0.04923342119810761,0.8598463280192016,0.0006240791990892169
A,0.27,5.44380439848342,-0.2697006816269095,-0.06668328663086012,0.12444683457320904,2.434694872142323,-0.03878232221543629,-0.03086913242544099,0.8602542492320471,2,trajectory,0.12826270817634902,0.23239935598570102,False,long_straight,0.04984756516196387,0.55,0.55,0.5887823222154364,0.5112176777845637,0.5112176777845637,right,-0.039723772864642445,0.11652253824856865,2.4351468134535534,-0.04923342119810761,0.8598463280192016,0.0009414506492061575
A,0.275,5.448218343141969,-0.25993589233625897,-0.10325514531486163,0.12267792049864301,2.4618297886742617,-0.03674014160697751,-0.04086913242544099,0.8595465547805577,2,trajectory,0.09813461238674864,0.220920707745391,False,long_straight,0.04913585816225998,0.55,0.55,0.5867401416069775,0.5132598583930226,0.5132598583930226,right,-0.038002801661037325,0.11260775372190386,2.4624773628098007,-0.04923342119810761,0.8598463280192016,0.001262660054059818
A,0.28,5.452677840525525,-0.25052156607044224,-0.14991137163466134,0.12071883836163266,2.4889880581190043,-0.03469835815387264,-0.04086913242544099,0.8595465547805577,2,trajectory,0.09715836845233143,0.20867938048864243,False,long_straight,0.04842135667774197,0.55,0.55,0.5846983581538727,0.5153016418461274,0.5153016418461274,right,-0.0362818304574322,0.10869296919523906,2.489807912166048,-0.04923342119810761,0.8598463280192016,0.001583472303559555
A,0.28500000000000003,5.457186317004609,-0.24028442710037065,-0.1932761037483691,0.11855309045307605,2.516170195164225,-0.0326612214814264,-0.04086913242544099,0.8595465547805577,2,trajectory,0.09577320758279258,0.19630217124746882,False,long_straight,0.04770409077558873,0.55,0.55,0.5826612214814264,0.5173387785185737,0.5173387785185737,right,-0.03456085925382708,0.10477818466857428,2.5171384615222956,-0.04923342119810761,0.8598463280192016,0.0018996377724006738
A,0.29,5.461734783198769,-0.22934133953550573,-0.23356134159737096,0.11619669775170083,2.5433763945212755,-0.030630400943633857,-0.04086913242544099,0.8595465547805577,2,trajectory,0.0941236272571066,0.18389702918543707,False,long_straight,0.046984098537449524,0.55,0.55,0.5806304009436339,0.5193695990563661,0.5193695990563661,right,-0.03283988805022196,0.10086340014190953,2.5444690108785424,-0.04923342119810761,0.8598463280192016,0.002209487106588106
A,0.295,5.466314646567383,-0.2177991215271772,-0.2709651632726182,0.11366465588670982,2.5706068592512357,-0.02860771480254863,-0.05086913242544099,0.8604074800166325,2,trajectory,0.0892692319265729,0.1716215352517588,False,long_straight,0.04626141745415646,0.55,0.55,0.5786077148025487,0.5213922851974514,0.5213922851974514,right,-0.031118916846616843,0.09694861561524475,2.5717995602347896,-0.04923342119810761,0.8598463280192016,0.0025112020440682115
A,0.3,5.470929574458258,-0.20665860616123108,-0.3183884675842429,0.11093881364787661,2.5978621088808125,-0.026597803074323047,-0.05086913242544099,0.8604074800166325,2,trajectory,0.08999813450601589,0.15882035165750844,False,long_straight,0.045536076208142755,0.55,0.55,0.5765978030743231,0.523402196925677,0.523402196925677,right,-0.02939794564301172,0.09303383108857996,2.5991301095910373,-0.04923342119810761,0.8598463280192016,0.002800142568688671
A,0.305,5.475573355860043,-0.19474154349667586,-0.36239724689105307,0.10800315080957823,2.6251426315806303,-0.024605309728517842,-0.05086913242544099,0.8604074800166325,2,trajectory,0.09114573541975256,0.14625317827899403,False,long_straight,0.044808103852046505,0.55,0.55,0.5746053097285179,0.5253946902714822,0.5253946902714822,right,-0.027676974439406594,0.08911904656191519,2.626460658947284,-0.04923342119810761,0.8598463280192016,0.0030716647108887524
A,0.31,5.480236224160062,-0.18216581888996278,-0.4032142784875774,0.1048742779322156,2.652448588117859,-0.022632275277237268,-0.05086913242544099,0.8604074800166325,2,trajectory,0.09281402297340925,0.13413229909716834,False,long_straight,0.044077537753237916,0.55,0.55,0.5726322752772373,0.5273677247227628,0.5273677247227628,right,-0.025956003235801474,0.08520426203525039,2.6537912083035318,-0.04923342119810761,0.8598463280192016,0.0033237279585642057
A,0.315,5.48490899035252,-0.16903881833487128,-0.441048531921539,0.10156772639558831,2.6797801369088496,-0.02068087766562797,-0.060869132425440994,0.8605663556491553,2,trajectory,0.12038691268135784,0.12272027702907991,False,long_straight,0.04334441497724314,0.55,0.55,0.570680877665628,0.5293191223343721,0.5293191223343721,right,-0.02423503203219635,0.08128947750858562,2.6811217576597794,-0.04923342119810761,0.8598463280192016,0.00355415436656838
A,0.32,5.489590165775661,-0.15635771443114277,-0.4887617841148765,0.09806595261059714,2.7071376994414647,-0.018756099133892527,-0.060869132425440994,0.8605663556491553,2,trajectory,0.1236817478836831,0.11177820164292857,False,long_straight,0.042608765140179104,0.55,0.55,0.5687560991338926,0.5312439008661075,0.5312439008661075,right,-0.022514060828591226,0.07737469298192082,2.7084523070160262,-0.04923342119810761,0.8598463280192016,0.0037579616946986985
A,0.325,5.494275368918212,-0.14294789941004385,-0.5329757736634826,0.09435350568250245,2.734521653911452,-0.016862912059806865,-0.060869132425440994,0.8605663556491553,2,trajectory,0.12781111095787287,0.1022582780795803,False,long_straight,0.04187061859003643,0.55,0.55,0.5668629120598069,0.5331370879401932,0.5331370879401932,right,-0.020793089624986102,0.07345990845525605,2.735782856372274,-0.04923342119810761,0.8598463280192016,0.003930177565179237
A,0.33,5.498954441061493,-0.12892667055196072,-0.5739229139029405,0.09044739834387006,2.7619320814928137,-0.015003675723961496,-0.060869132425440994,0.8605663556491553,2,trajectory,0.13273163341350339,0.09471664058593968,False,long_straight,0.04113001328648306,0.55,0.55,0.5650036757239616,0.5349963242760385,0.5349963242760385,right,-0.019072118421380978,0.06954512392859126,2.763113405728521,-0.04923342119810761,0.8598463280192016,0.004068442697419482
A,0.335,5.503617960422397,-0.1144004934415438,-0.6118217952979572,0.08636351617134475,2.7893690492036747,-0.013180871650679151,-0.07086913242544099,0.8603163738970089,2,trajectory,0.17559474116529314,0.08970232420801025,False,long_straight,0.040386987225341446,0.55,0.55,0.5631808716506792,0.5368191283493209,0.5368191283493209,right,-0.01735114721777585,0.06563033940192646,2.790443955084769,-0.04923342119810761,0.8598463280192016,0.004170275567096699
A,0.34,5.508260866549477,-0.1003526428724153,-0.659372419865395,0.08208505677447775,2.8168328261467552,-0.011399738136869503,-0.07086913242544099,0.8603163738970089,2,trajectory,0.1806016842254472,0.08770617348581508,False,long_straight,0.03964157256544017,0.55,0.55,0.5613997381368695,0.5386002618631306,0.5386002618631306,right,-0.01563017601417073,0.06171555487526168,2.817774504441016,-0.04923342119810761,0.8598463280192016,0.0042304378773012265
A,0.34500000000000003,5.512879287830307,-0.08562321374261997,-0.7033846182023532,0.07759723635379423,2.844323626349827,-0.009665487749905242,-0.07086913242544099,0.8603163738970089,2,trajectory,0.1864982075860428,0.08924472670696919,False,long_straight,0.03889380257062943,0.55,0.55,0.5596654877499053,0.5403345122500948,0.5403345122500948,right,-0.013909204810565604,0.057800770348596896,2.8451050537972633,-0.04923342119810761,0.8598463280192016,0.004243717060660361
A,0.35000000000000003,5.517463038303343,-0.07032726053287532,-0.7440978666933097,0.07291724875892625,2.8718414038637055,-0.007980734084329038,-0.07086913242544099,0.8603163738970089,2,trajectory,0.19318604414001525,0.09417118442795111,False,long_straight,0.03814371721847736,0.55,0.55,0.5579807340843291,0.542019265915671,0.542019265915671,right,-0.012188233606960482,0.05388598582193212,2.8724356031535105,-0.04923342119810761,0.8598463280192016,0.004207499522631443
A,0.35500000000000004,5.522002795883545,-0.054568858700106054,-0.7817377205349886,0.06806112556288646,2.8993860865587924,-0.0063481945973623026,-0.08086913242544098,0.8600562826884491,2,trajectory,0.24087411908400697,0.10194736315277544,False,long_straight,0.03739135688130017,0.55,0.55,0.5563481945973624,0.5436518054026377,0.5436518054026377,right,-0.010467262403355356,0.049971201295267324,2.899766152509758,-0.04923342119810761,0.8598463280192016,0.004119067805993053
A,0.36,5.52649205960399,-0.039306184262566254,-0.8287026977361428,0.06301295948771957,2.9269577393853283,-0.0047732628630321045,-0.08086913242544098,0.8600562826884491,3,trajectory,0.24700387853639819,0.11245651886206712,False,long_straight,0.03663675785884851,0.55,0.55,0.5547732628630322,0.5452267371369679,0.5452267371369679,right,-0.005065907083497141,0.06012270009094144,2.9269790383900776,0.004970063882788753,0.7868553923760074,0.00029264422046503674
A,0.365,5.5309256347715685,-0.0234068062818607,-0.8721400735459219,0.05775874974482065,2.954556361591192,-0.003261289929425944,-0.08086913242544098,0.8600562826884491,3,trajectory,0.2539801069372915,0.12481351945080724,False,long_straight,0.03587995790675967,0.55,0.55,0.553261289929426,0.5467387100705741,0.5467387100705741,right,-0.003979683447760465,0.056888949379497,2.9547924327639326,0.004970063882788753,0.7868553923760074,0.0007183935183345215
A,0.37,5.53529362141834,-0.006981959613186744,-0.9122924318480031,0.05231563065643474,2.982181734468355,-0.0018150704255950076,-0.08086913242544098,0.8600562826884491,3,trajectory,0.2616899436748826,0.13847087814531756,False,long_straight,0.035121000440902585,0.55,0.55,0.5518150704255951,0.548184929574405,0.548184929574405,right,-0.0028934598120237904,0.05365519866805256,2.9826058271377867,0.004970063882788753,0.7868553923760074,0.0010783893864287828
A,0.375,5.539587071685792,0.00986801619084865,-0.9493883655183544,0.04669955861111719,3.009833601816533,-0.0004374820839845655,-0.07086913242544099,0.7871018546079381,3,trajectory,0.22673764848566644,0.14886785937554198,False,long_straight,0.03435992962026986,0.55,0.55,0.5504374820839846,0.5495625179160155,0.5495625179160155,right,-0.001807236176287115,0.05042144795660812,3.0104192215116417,0.004970063882788753,0.7868553923760074,0.0013697540923025494
A,0.38,5.543431665580209,0.027901120659039554,-0.9718344950249321,0.040955306826585325,3.037510643048004,0.0008710462654526799,-0.07086913242544099,0.7871018546079381,3,trajectory,0.23764391425562043,0.16369442123518857,False,long_straight,0.03359681869189717,0.55,0.55,0.5491289537345474,0.5508710462654527,0.5491289537345474,left,-0.0007210125405504391,0.04718769724516368,3.038232615885496,0.004970063882788753,0.7868553923760074,0.001592058806003119
A,0.385,5.5471858779791665,0.0458420615661584,-0.9925009139271486,0.03512368688617773,3.0652115252256884,0.002109950447500271,-0.07086913242544099,0.7871018546079381,3,trajectory,0.24866882614374533,0.17860420658683118,False,long_straight,0.03283174115575004,0.55,0.55,0.5478900495524998,0.5521099504475003,0.5478900495524998,left,0.0003652110951862359,0.043953946533719236,3.0660460102593508,0.004970063882788753,0.7868553923760074,0.001744739352314035
A,0.39,5.550846860196578,0.06365320675973368,-1.0115201115344015,0.029213363696941386,3.092935908718579,0.003276136848468141,-0.07086913242544099,0.7871018546079381,3,trajectory,0.25975785216108466,0.1934570622864051,False,long_straight,0.032064742907089334,0.55,0.55,0.5467238631515319,0.5532761368484682,0.5467238631515319,left,0.0014514347309229113,0.040720195822274804,3.0938594046332053,0.004970063882788753,0.7868553923760074,0.0018247021175452297
A,0.395,5.554412388806939,0.08130183918718951,-1.0290157450235127,0.023232361485319597,3.12068340804786,0.004366565777462763,-0.06086913242544099,0.7852491395946163,3,trajectory,0.2298283130709713,0.2080811184224329,False,long_straight,0.03129587082060069,0.55,0.55,0.5456334342225373,0.5543665657774628,0.5456334342225373,left,0.0025376583666595867,0.03748644511083036,3.12167279900706,0.004970063882788753,0.7868553923760074,0.001828907410803176
A,0.4,5.55787201385376,0.09960944661318541,-1.0331022691176182,0.01721848521389413,3.1484535168883325,0.005380819993262684,-0.06086913242544099,0.7852491395946163,3,trajectory,0.24291638096378318,0.22185725823648558,False,long_straight,0.030525174842014675,0.55,0.55,0.5446191800067374,0.5553808199932627,0.5446191800067374,left,0.003623882002396263,0.03425269439938591,3.1494861933809144,0.004970063882788753,0.7868553923760074,0.0017569379908664211
A,0.405,5.561236628913654,0.1173500634820491,-1.0367530679256043,0.01120604325084873,3.1762457149922776,0.006318438535826946,-0.06086913242544099,0.7852491395946163,3,trajectory,0.25561665578884896,0.23519033129978828,False,long_straight,0.0297527050377362,0.55,0.55,0.5436815614641731,0.556318438535827,0.5436815614641731,left,0.004710105638132938,0.031018943687941468,3.177299587754769,0.004970063882788753,0.7868553923760074,0.0016083328976940082
A,0.41000000000000003,5.564508705763639,0.1345385772981598,-1.0400057189287568,0.005197215535414301,3.2040595310852877,0.00717646684333045,-0.06086913242544099,0.7852491395946163,3,trajectory,0.26792064735756216,0.24806780637772538,False,long_straight,0.028978509843545462,0.55,0.55,0.5428235331566696,0.5571764668433304,0.5428235331566696,left,0.005796329273869613,0.02778519297649703,3.2051129821286235,0.004970063882788753,0.7868553923760074,0.001380137569460837
A,0.41500000000000004,5.567690750667707,0.1511900134599291,-1.042894710046672,-0.0008059992953248774,3.23189445508143,0.007952087915215804,-0.050869132425440985,0.785895682283961,3,trajectory,0.23890926308563457,0.26050627744846283,False,long_straight,0.028202638502104516,0.55,0.55,0.5420479120847842,0.5579520879152159,0.5420479120847842,left,0.00688255290960629,0.02455144226505259,3.232926376502478,0.004970063882788753,0.7868553923760074,0.0010695350056095145
A,0.42,5.570791069228971,0.16816424598906718,-1.0334989781406605,-0.0067715173708968734,3.259749958036863,0.008645167424523655,-0.050869132425440985,0.785895682283961,3,trajectory,0.2524438015365908,0.27177372438640107,False,long_straight,0.027425140512451457,0.55,0.55,0.5413548325754763,0.5586451674245237,0.5413548325754763,left,0.007968776545342953,0.021317691553608187,3.2607397708763326,0.004970063882788753,0.7868553923760074,0.0006763908791807011
A,0.425,5.573813558950072,0.18427962478737325,-1.0246556629019052,-0.012670316272514803,3.28762550493451,0.009255586597724472,-0.050869132425440985,0.785895682283961,3,trajectory,0.26525499473275976,0.28243360938242,False,long_straight,0.02664606527554683,0.55,0.55,0.5407444134022755,0.5592555865977246,0.5407444134022755,left,0.009055000181079628,0.018083940842163745,3.288553165250187,0.004970063882788753,0.7868553923760074,0.0002005864166448445
A,0.43,5.576763466539229,0.19958643348422542,-1.0163272683016171,-0.01850497386187211,3.3155205293977517,0.009780796411379071,-0.050869132425440985,0.785895682283961,3,trajectory,0.2773731104800518,0.2925172934212341,False,long_straight,0.025865462803432104,0.55,0.55,0.540219203588621,0.5597807964113791,0.540219203588621,left,0.010141223816816302,0.014850190130719306,3.3163665596240417,0.004970063882788753,0.7868553923760074,-0.00036042740543723063
A,0.435,5.5796455970004235,0.21413164433579454,-1.0084789114778223,-0.024277889137004127,3.3434344416099777,0.010218429736199406,-0.040869132425440984,0.7880635178716463,3,trajectory,0.2480331988273689,0.30211438087068093,False,long_straight,0.025083383503039465,0.55,0.55,0.5397815702638007,0.5602184297361994,0.5397815702638007,left,0.011227447452552981,0.011616439419274857,3.3441799539978962,0.004970063882788753,0.7868553923760074,-0.0010090177163535746
A,0.44,5.582479681576114,0.22879908768625046,-0.989174749070154,-0.029961174730469775,3.371366727028993,0.010568824212463886,-0.040869132425440984,0.7880635178716463,3,trajectory,0.2608970772592931,0.3104567144043792,False,long_straight,0.024299875410218375,0.55,0.55,0.5394311757875362,0.5605688242124639,0.5394311757875362,left,0.012313671088289655,0.008382688707830415,3.371993348371751,0.004970063882788753,0.7868553923760074,-0.001744846875825769
A,0.445,5.585265105418418,0.24243871881575932,-0.971127706719984,-0.0355296449148268,3.39931687724081,0.010832363351278188,-0.040869132425440984,0.7880635178716463,3,trajectory,0.2728324029328794,0.3181588180133758,False,long_straight,0.023514986122029374,0.55,0.55,0.5391676366487218,0.5608323633512783,0.5391676366487218,left,0.013399894724026331,0.005148937996385976,3.399806742745606,0.004970063882788753,0.7868553923760074,-0.0025675313727481427
A,0.45,5.588007767417269,0.255123882827062,-0.9542456726818402,-0.04098927189169954,3.427284290042917,0.011007039666385813,-0.040869132425440984,0.7880635178716463,3,trajectory,0.283898808571468,0.3252689356906293,False,long_straight,0.022728765608774744,0.55,0.55,0.5389929603336142,0.5610070396663859,0.5389929603336142,left,0.014486118359763007,0.0019151872849415353,3.42762013711946,0.004970063882788753,0.7868553923760074,-0.0034790786933771942
A,0.455,5.590712849579891,0.2669223197992568,-0.9384440382274846,-0.046345588921263836,3.455268357734489,0.01109104701011668,-0.03086913242544098,0.7914617964873988,3,trajectory,0.2534546226268555,0.33191521189786977,False,long_straight,0.02194126374474646,0.55,0.55,0.5389089529898834,0.5610910470101167,0.5389089529898834,left,0.015572341995499681,-0.001318563426502905,3.455433531493315,0.004970063882788753,0.7868553923760074,-0.004481294985383001
A,0.46,5.5934080762707366,0.2787336435474786,-0.911765723517063,-0.05157367464125473,3.4832686357655396,0.011085287944515942,-0.03086913242544098,0.7914617964873988,4,trajectory,0.26497440484593615,0.3373020876586494,False,long_straight,0.021152525558679358,0.55,0.55,0.5389147120554841,0.561085287944516,0.5389147120554841,left,0.011349502403065589,-0.048743543939070225,3.4832809035595282,0.07353374315832366,0.6650355332448303,-0.00026421445854964663
A,0.465,5.5960879201429305,0.2894281391315681,-0.8868411036537507,-0.05665103521878612,3.5112846982016883,0.010990724072706006,-0.03086913242544098,0.7914617964873988,4,trajectory,0.2754524442038066,0.3420658109602297,False,long_straight,0.02036259529273501,0.55,0.55,0.5390092759272941,0.560990724072706,0.5390092759272941,left,0.011035487651259042,-0.048151916064394146,3.511446959690756,0.07353374315832366,0.6650355332448303,-4.476357855303509e-05
A,0.47000000000000003,5.598757481544381,0.29909398812369814,-0.8635412710508457,-0.061586042869629765,3.5393159702335955,0.010805946164508426,-0.03086913242544098,0.7914617964873988,4,trajectory,0.28496766340811297,0.34626035530616556,False,long_straight,0.019571521134595513,0.55,0.55,0.5391940538354916,0.5608059461645085,0.5391940538354916,left,0.010721472899452494,-0.04756028818971806,3.5396130158219843,0.07353374315832366,0.6650355332448303,8.44732650559319e-05
A,0.47500000000000003,5.601421041469555,0.3078123503502668,-0.8417484400238723,-0.06638645638037621,3.5673618885553764,0.010529751763751245,-0.02086913242544098,0.6658319499127547,4,trajectory,0.24901130914811925,0.34723157104501884,False,long_straight,0.018779350709568505,0.55,0.55,0.5394702482362488,0.5605297517637513,0.5394702482362488,left,0.010407458147645947,-0.04696866031504199,3.567779071953212,0.07353374315832366,0.6650355332448303,0.00012229361610529774
A,0.48,5.603461126607858,0.31650868871308024,-0.8100418569041481,-0.07103082863179822,3.5954205108138924,0.010163775487678642,-0.02086913242544098,0.6658319499127547,4,trajectory,0.2589242251939121,0.3498957897415141,False,long_straight,0.01798617040895287,0.55,0.55,0.5398362245123214,0.5601637754876787,0.5398362245123214,left,0.010093443395839405,-0.046377032440365916,3.5959451280844403,0.07353374315832366,0.6650355332448303,7.033209183923694e-05
A,0.485,5.605516787277766,0.32406097562735614,-0.7804137033866256,-0.07549985131271564,3.6234899241549607,0.009709718557860023,-0.02086913242544098,0.6658319499127547,4,trajectory,0.2677283619122113,0.3519676009637277,False,long_straight,0.017192065680099244,0.55,0.55,0.54029028144214,0.5597097185578601,0.54029028144214,left,0.009779428644032856,-0.04578540456568984,3.6241111842156677,0.07353374315832366,0.6650355332448303,-6.971008617283336e-05
A,0.49,5.60759142303795,0.3305661192036939,-0.7527127053976733,-0.07980348180770758,3.6515696377507614,0.00916678696162539,-0.02086913242544098,0.6658319499127547,4,trajectory,0.27551759953996213,0.3535021319453069,False,long_straight,0.016397081575184,0.55,0.55,0.5408332130383746,0.5591667869616255,0.5408332130383746,left,0.00946541389222631,-0.04519377669101376,3.6522772403468964,0.07353374315832366,0.6650355332448303,-0.00029862693060092073
A,0.495,5.609687648545446,0.3361132317357954,-0.7268009872649897,-0.08395095800864771,3.6796591860747356,0.00853438942133346,-0.01086913242544098,0.6697969279737743,4,trajectory,0.24105115547998657,0.35462636343890463,False,long_straight,0.015601262190560366,0.55,0.55,0.5414656105786666,0.5585343894213335,0.5414656105786666,left,0.009151399140419764,-0.04460214881633767,3.680443296478124,0.07353374315832366,0.6650355332448303,-0.0006170097190863044
A,0.5,5.611835953069916,0.34162850162580927,-0.6905544218404722,-0.08792052206456935,3.7077583977446547,0.007814655998385765,-0.01086913242544098,0.6697969279737743,4,trajectory,0.24909216933729614,0.3545618218862947,False,long_straight,0.014804643048314506,0.55,0.55,0.5421853440016143,0.5578146559983858,0.5421853440016143,left,0.008837384388613215,-0.04401052094166159,3.7086093526093524,0.07353374315832366,0.6650355332448303,-0.0010227283902274498
A,0.505,5.614027055330103,0.34598959839396454,-0.6566583401870271,-0.09169254414500738,3.7358671375569363,0.007009776461313814,-0.01086913242544098,0.6697969279737743,4,trajectory,0.2559994704983406,0.353933784516192,False,long_straight,0.014007258399949669,0.55,0.55,0.5429902235386862,0.5570097764613139,0.5429902235386862,left,0.00852336963680667,-0.043418893066985514,3.73677540874058,0.07353374315832366,0.6650355332448303,-0.0015135931754928552
A,0.51,5.616262262673257,0.34930062295007924,-0.6249465995433686,-0.09527831370270778,3.7639850409821984,0.006119552234945983,-0.01086913242544098,0.6697969279737743,4,trajectory,0.2618727310853805,0.3527975355093246,False,long_straight,0.013209148773999375,0.55,0.55,0.5438804477650541,0.556119552234946,0.5438804477650541,left,0.008209354885000122,-0.042827265192309436,3.764941464871808,0.07353374315832366,0.6650355332448303,-0.002089802650054139
A,0.515,5.6185421833331946,0.35165736389406915,-0.5952678144288517,-0.09868832950218875,3.7921117795990336,0.005143984500878979,-0.0008691324254409792,0.6754401299098556,4,trajectory,0.2254030736958791,0.3513148333170408,False,long_straight,0.012410353465804925,0.55,0.55,0.5448560154991211,0.555143984500879,0.5448560154991211,left,0.007895340133193575,-0.04223563731763336,3.7931075210030363,0.07353374315832366,0.6650355332448303,-0.002751355632314596
A,0.52,5.620904581523438,0.3539993292923871,-0.5553717328239901,-0.10190174634058069,3.8202473883442667,0.004085808104716052,-0.0008691324254409792,0.6754401299098556,4,trajectory,0.2314777937036198,0.3486307468820354,False,long_straight,0.011610901244931738,0.55,0.55,0.545914191895284,0.5540858081047161,0.545914191895284,left,0.007581325381387029,-0.04164400944295728,3.8212735771342645,0.07353374315832366,0.6650355332448303,-0.003495517276670977
A,0.525,5.62333034306361,0.35519993538823236,-0.51804350420831,-0.10489977718814858,3.8483919424130635,0.00294781662609563,-0.0008691324254409792,0.6754401299098556,4,trajectory,0.23641445988456603,0.3454086821409,False,long_straight,0.010810819530292759,0.55,0.55,0.5470521833739044,0.5529478166260957,0.5470521833739044,left,0.0072673106295804805,-0.0410523815682812,3.8494396332654928,0.07353374315832366,0.6650355332448303,-0.0043194940034848505
A,0.53,5.625818450584939,0.3553687630866964,-0.48310790859927605,-0.10769478279155109,3.876545233932995,0.0017303972936973514,-0.0008691324254409792,0.6754401299098556,4,trajectory,0.24031548727137447,0.341704649241159,False,long_straight,0.010010143600484425,0.55,0.55,0.5482696027063027,0.5517303972936974,0.5482696027063027,left,0.006953295877773933,-0.04046075369360512,3.87760568939672,0.07353374315832366,0.6650355332448303,-0.005222898584076582
A,0.535,5.6283673243758505,0.35460675185573937,-0.4504050304946574,-0.1102982886948185,3.904707098201459,0.0004341333326563048,0.009130867574559021,0.6803895298544733,4,trajectory,0.20181807403952556,0.3376727606120423,False,long_straight,0.009208907341529415,0.55,0.55,0.5495658666673437,0.5504341333326563,0.5495658666673437,left,0.006639281125967387,-0.03986912581892904,3.9057717455279484,0.07353374315832366,0.6650355332448303,-0.006205147793311082
A,0.54,5.631009683059819,0.3538683819254661,-0.4075363541172516,-0.11269008180020368,3.932877763264715,-0.0009376345929793305,0.009130867574559021,0.6803895298544733,4,trajectory,0.20590696023956792,0.3324643044473345,False,long_straight,0.008407133307017681,0.55,0.55,0.5509376345929794,0.5490623654070207,0.5490623654070207,right,0.006325266374160839,-0.03927749794425296,3.9339378016591766,0.07353374315832366,0.6650355332448303,-0.007262900967140169
A,0.545,5.633728030318016,0.352017544754319,-0.3674231972280657,-0.11485197815554171,3.961057497808774,-0.002381508986897426,0.009130867574559021,0.6803895298544733,4,trajectory,0.20886872223589162,0.3267425996359025,False,long_straight,0.007604842741350575,0.55,0.55,0.5523815089868974,0.5476184910131027,0.5476184910131027,right,0.006011251622354293,-0.03868587006957688,3.9621038577904044,0.07353374315832366,0.6650355332448303,-0.008392760609251718
A,0.55,5.63651898255879,0.3491683718670717,-0.32988418035020983,-0.11679726618563402,3.9892462658760897,-0.0038965291315853426,0.009130867574559021,0.6803895298544733,4,trajectory,0.21080713505654997,0.3205659889467788,False,long_straight,0.0068020654309241865,0.55,0.55,0.5538965291315854,0.5461034708684147,0.5461034708684147,right,0.005697236870547746,-0.03809424219490081,3.990269913921632,0.07353374315832366,0.6650355332448303,-0.009593766002133089
A,0.555,5.639378766092662,0.34542608308147466,-0.2947532025974018,-0.11853836759893976,4.01744407776142,-0.0054815421754986545,0.01913086757455902,0.6843024567162319,4,trajectory,0.1706466164336122,0.31407674434593613,False,long_straight,0.005998829736359448,0.55,0.55,0.5554815421754987,0.5445184578245014,0.5445184578245014,right,0.005383222118741199,-0.037502614320224725,4.0184359700528605,0.07353374315832366,0.6650355332448303,-0.010864764294239854
A,0.56,5.64233304059308,0.3417609949645475,-0.24946434911364818,-0.12005552574533151,4.045651350150554,-0.007132607466813586,0.01913086757455902,0.6843024567162319,5,trajectory,0.17279253861245947,0.30644144886084823,False,long_straight,0.005195152345078847,0.55,0.55,0.5571326074668136,0.5428673925331865,0.5428673925331865,right,-0.0068665717154043,-0.117162466791013,4.045689291879353,0.0948544623781011,0.5351950731726308,-0.0002660357514092859
A,0.5650000000000001,5.645367384478863,0.33702412885231603,-0.20710395285904598,-0.12133101390298062,4.073868536800279,-0.008845730459893703,0.01913086757455902,0.6843024567162319,5,trajectory,0.17384330010292437,0.29832387991590753,False,long_straight,0.004391048803790362,0.55,0.55,0.5588457304598937,0.5411542695401064,0.5411542695401064,right,-0.008509585603013244,-0.11341318631366103,4.074039327143879,0.0948544623781011,0.5351950731726308,-0.000336144856880459
A,0.5700000000000001,5.6484761532395265,0.33133357701140664,-0.16748523821833855,-0.12237897372746342,4.102095772897708,-0.010619391187993424,0.01913086757455902,0.6843024567162319,5,trajectory,0.17390385001591188,0.2897871051555057,False,long_straight,0.003586543675296547,0.55,0.55,0.5606193911879934,0.5393806088120067,0.5393806088120067,right,-0.010152599490622187,-0.10966390583630906,4.102389362408405,0.0948544623781011,0.5351950731726308,-0.00046679169737123653
A,0.5750000000000001,5.651653511206156,0.32479822463001223,-0.13043630532125638,-0.12321265145977867,4.130333238792725,-0.012451881792957689,0.029130867574559023,0.5364434906375081,5,trajectory,0.12588015955738824,0.2775446639963774,False,long_straight,0.002781660195523079,0.55,0.55,0.5624518817929577,0.5375481182070424,0.5375481182070424,right,-0.01179561337823113,-0.10591462535895708,4.13073939767293,0.0948544623781011,0.5351950731726308,-0.0006562684147265584
A,0.58,5.654163837320426,0.3184236655978793,-0.08366360037020945,-0.12381378716276936,4.158579656532556,-0.014338407208755422,0.029130867574559023,0.5364434906375081,5,trajectory,0.12624402265652027,0.26758597412074936,False,long_straight,0.0019764631504019053,0.55,0.55,0.5643384072087555,0.5356615927912446,0.5356615927912446,right,-0.013438627265840039,-0.1021653448816052,4.159089432937456,0.0948544623781011,0.5351950731726308,-0.0008997799429153828
A,0.585,5.656749027475775,0.31103522180802246,-0.039942306035991505,-0.12416603556541173,4.186833776224569,-0.01627413289932552,0.029130867574559023,0.5364434906375081,5,trajectory,0.12554660936920078,0.2571776521196,False,long_straight,0.001171016526315054,0.55,0.55,0.5662741328993256,0.5337258671006745,0.5337258671006745,right,-0.015081641153448979,-0.09841606440425321,4.187439468201982,0.0948544623781011,0.5351950731726308,-0.0011924917458765415
A,0.59,5.659401511740351,0.3027533558008454,0.0009191208783923752,-0.12428414954983635,4.215095884345435,-0.01825701443183505,0.029130867574559023,0.5364434906375081,5,trajectory,0.12390008610055855,0.24638866454716568,False,long_straight,0.00036534051702384927,0.55,0.55,0.5682570144318351,0.531742985568165,0.531742985568165,right,-0.016724655041057922,-0.09466678392690125,4.2157895034665085,0.0948544623781011,0.5351950731726308,-0.0015323593907771264
A,0.595,5.662113749209886,0.2936890124884614,0.03909790325630326,-0.12418196069765752,4.243366306697531,-0.02028482706978642,0.039130867574559025,0.5373522491216208,5,trajectory,0.08338823586964698,0.2353064268233117,False,long_straight,-0.00044054578658961335,0.55,0.55,0.5702848270697864,0.5297151729302136,0.5297151729302136,right,-0.018367668928666866,-0.09091750344954928,4.244139538731034,0.0948544623781011,0.5351950731726308,-0.0019171581411195557
A,0.6,5.664892324157456,0.2848431412225317,0.08751771938450437,-0.12384018076055181,4.271645751640778,-0.02235249054359329,0.039130867574559025,0.5373522491216208,5,trajectory,0.08234413528070922,0.22319412512671669,False,long_straight,-0.0012466341590997895,0.55,0.55,0.5723524905435934,0.5276475094564067,0.5276475094564067,right,-0.02001068281627581,-0.0871682229721973,4.27248957399556,0.0948544623781011,0.5351950731726308,-0.002341807727317482
A,0.605,5.6677334394124275,0.27503454649422177,0.13272129267355595,-0.12324161411239487,4.299934944576828,-0.024454885627629847,0.039130867574559025,0.5373522491216208,5,trajectory,0.08045412114326757,0.21070254646967906,False,long_straight,-0.002052916796282188,0.55,0.55,0.5744548856276299,0.5255451143723702,0.5255451143723702,right,-0.02165369670388475,-0.08341894249484531,4.300839609260086,0.0948544623781011,0.5351950731726308,-0.0028011889237450974
A,0.61,5.670627819879669,0.26438672635341454,0.1749083905118709,-0.12240181448958376,4.32823428943765,-0.026589462229479534,0.039130867574559025,0.5373522491216208,5,trajectory,0.07785963163634599,0.19791435388568168,False,long_straight,-0.0028593766442862947,0.55,0.55,0.5765894622294796,0.5234105377705205,0.5234105377705205,right,-0.023296710591493696,-0.07966966201749334,4.329189644524611,0.0948544623781011,0.5351950731726308,-0.0032927516379858378
A,0.615,5.673566442979916,0.2530131964997138,0.21426502874438974,-0.12133537126315197,4.356544220034034,-0.02875349675312764,0.04913086757455903,0.53936331749605,5,trajectory,0.05520651755558981,0.18497203109745955,False,long_straight,-0.0036659973934697813,0.55,0.55,0.5787534967531277,0.5212465032468724,0.5212465032468724,right,-0.02493972447910264,-0.07592038154014139,4.357539679789137,0.0948544623781011,0.5351950731726308,-0.0038137722740250006
A,0.62,5.676559252858076,0.24192243888300646,0.26380396381181515,-0.12002350088111191,4.384865549462574,-0.030941401055949478,0.04913086757455903,0.53936331749605,5,trajectory,0.05501426959685162,0.17107980208386983,False,long_straight,-0.004472773408036479,0.55,0.55,0.5809414010559495,0.5190585989440506,0.5190585989440506,right,-0.02658273836671158,-0.0721711010627894,4.385889715053663,0.0948544623781011,0.5351950731726308,-0.004358662689237899
A,0.625,5.6795946845044565,0.22992644185025257,0.3099809385948824,-0.11844952021168664,4.4131990924028015,-0.033147557267003504,0.04913086757455903,0.53936331749605,5,trajectory,0.055028720600923405,0.15696400010503056,False,long_straight,-0.005279698934444033,0.55,0.55,0.5831475572670035,0.5168524427329966,0.5168524427329966,right,-0.028225752254320523,-0.06842182058543744,4.414239750318189,0.0948544623781011,0.5351950731726308,-0.004921805012682981
A,0.63,5.6826621637603765,0.21715044016064772,0.35300519616996445,-0.11662968371654703,4.44154532027063,-0.03536894323347283,0.04913086757455903,0.53936331749605,5,trajectory,0.05549066609610718,0.14274887370944986,False,long_straight,-0.006086758258573111,0.55,0.55,0.5853689432334729,0.5146310567665272,0.5146310567665272,right,-0.029868766141929466,-0.06467254010808546,4.442589785582714,0.0948544623781011,0.5351950731726308,-0.005500177091543365
A,0.635,5.685751595069243,0.20370920303979612,0.3930727531138586,-0.11457923250697499,4.4699047208249825,-0.037602373815802136,0.05913086757455903,0.5404359440068885,5,trajectory,0.08101831402603506,0.1286209739403355,False,long_straight,-0.006893935929564964,0.55,0.55,0.5876023738158022,0.5123976261841979,0.5123976261841979,right,-0.03151178002953841,-0.06092325963073349,4.47093982084724,0.0948544623781011,0.5351950731726308,-0.006090593786263726
A,0.64,5.6888661507318234,0.19061109071543736,0.4431914834076221,-0.11228001694535905,4.498278115676375,-0.03984180874518447,0.05913086757455903,0.5404359440068885,5,trajectory,0.08444037534750853,0.11394575889544134,False,long_straight,-0.007701225768421906,0.55,0.55,0.5898418087451845,0.5101581912548155,0.5101581912548155,right,-0.03315479391714736,-0.05717397915338151,4.4992898561117665,0.0948544623781011,0.5351950731726308,-0.006687014828037109
A,0.645,5.691996820627261,0.17666880441313904,0.48983290238526733,-0.10971596820708118,4.5266663092427235,-0.04208119113656561,0.05913086757455903,0.5404359440068885,5,trajectory,0.08881839859785319,0.09958789068353319,False,long_straight,-0.008508620843556997,0.55,0.55,0.5920811911365657,0.5079188088634344,0.5079188088634344,right,-0.0347978078047563,-0.053424698676029544,4.5276398913762925,0.0948544623781011,0.5351950731726308,-0.007283383331809307
A,0.65,5.695132202381981,0.1620076714794106,0.5332162673368883,-0.10690388820996022,4.555069775655242,-0.044317076071950484,0.05913086757455903,0.5404359440068885,5,trajectory,0.09410904898590347,0.08594494630265143,False,long_straight,-0.009316104546369799,0.55,0.55,0.5943170760719505,0.5056829239280496,0.5056829239280496,right,-0.03644082169236524,-0.049675418198677566,4.555989926640819,0.0948544623781011,0.5351950731726308,-0.007876254379585244
A,0.655,5.698261584489332,0.14674212148994278,0.573547963080162,-0.10385951458987641,4.583488988379376,-0.046545870490055034,0.06913086757455902,0.5408686013445999,5,trajectory,0.14038557570191018,0.073649807482351,False,long_straight,-0.010123659951589193,0.55,0.55,0.596545870490055,0.5034541295099451,0.5034541295099451,right,-0.03808383557997418,-0.0459261377213256,4.584339961905344,0.0948544623781011,0.5351950731726308,-0.008462034910080851
A,0.6599999999999999,5.70138300645482,0.13187021233798255,0.6237126178598454,-0.10056547659834081,4.611924696426529,-0.04876116513059006,0.06913086757455902,0.5408686013445999,6,trajectory,0.14582917388882952,0.0631616648354914,False,long_straight,-0.010931277636925165,0.55,0.55,0.5987611651305901,0.50123883486941,0.50123883486941,right,-0.04848372990449757,-0.09759944305706073,4.611953599064994,0.0659507327847739,0.5086703283439153,-0.00027743522609249144
A,0.6649999999999999,5.704488708814698,0.1162159016502141,0.6703265576712839,-0.0970064290937338,4.640377610600165,-0.05095655067001919,0.06913086757455902,0.5408686013445999,6,trajectory,0.15225617151796694,0.05655530004803475,False,long_straight,-0.011738946734149462,0.55,0.55,0.6009565506700192,0.49904344932998085,0.49904344932998085,right,-0.050166917376772265,-0.09234227381846595,4.640564788074464,0.0659507327847739,0.5086703283439153,-0.0007896332932469247
A,0.6699999999999999,5.707566946369177,0.09990274032902344,0.7136181840788703,-0.09319951530794768,4.6688481316561665,-0.05312822482980399,0.06913086757455902,0.5408686013445999,6,trajectory,0.1595562268053711,0.05543222842119453,False,long_straight,-0.012546647196306377,0.55,0.55,0.603128224829804,0.49687177517019604,0.49687177517019604,right,-0.051850104849046966,-0.08708510457987118,4.669175977083932,0.0659507327847739,0.5086703283439153,-0.0012781199807570254
A,0.6749999999999999,5.710606846285554,0.08304308709569035,0.7538031565377618,-0.08916076855908983,4.697336640230389,-0.05527225635851215,0.07913086757455902,0.5092643506134442,6,trajectory,0.20920576099740046,0.05724052722828655,False,long_straight,-0.013354358017094899,0.55,0.55,0.6052722563585122,0.4947277436414879,0.4947277436414879,right,-0.05353329232132167,-0.0818279353412764,4.697787166093402,0.0659507327847739,0.5086703283439153,-0.0017389640371904824
A,0.6799999999999999,5.713444540549767,0.0666159372114248,0.8035583643120132,-0.08487362315879254,4.725843328913812,-0.05738192766952918,0.07913086757455902,0.5092643506134442,6,trajectory,0.21595228194389898,0.0675752928191153,False,long_straight,-0.014162052453725168,0.55,0.55,0.6073819276695293,0.49261807233047084,0.49261807233047084,right,-0.05521647979359637,-0.07657076610268164,4.726398355102872,0.0659507327847739,0.5086703283439153,-0.0021654478759328133
A,0.6849999999999999,5.716230740229476,0.04946499634128189,0.8497420905422218,-0.08032344022739712,4.754368329698215,-0.05945054430153004,0.07913086757455902,0.5092643506134442,6,trajectory,0.22361962490958123,0.0812513195102796,False,long_straight,-0.014969701630535152,0.55,0.55,0.6094505443015301,0.49054945569847,0.49054945569847,right,-0.05689966726587106,-0.07131359686408685,4.755009544112341,0.0659507327847739,0.5086703283439153,-0.0025508770356589758
A,0.69,5.718953791641764,0.03171026347422236,0.8925892223123739,-0.07552745282033113,4.782911886690969,-0.06147403228529695,0.07913086757455902,0.5092643506134442,6,trajectory,0.23208474572036844,0.09685240098006988,False,long_straight,-0.01577727940962285,0.55,0.55,0.611474032285297,0.4885259677147031,0.4885259677147031,right,-0.05858285473814577,-0.06605642762549208,4.783620733121811,0.0659507327847739,0.5086703283439153,-0.0028911775471511802
A,0.695,5.721603049668002,0.013460457271862833,0.9323218420434021,-0.07050175265839087,4.811474203334278,-0.06344821136780636,0.08913086757455901,0.5059098827046073,6,trajectory,0.28314265965334884,0.11337387226141134,False,long_straight,-0.016584758040761913,0.55,0.55,0.6134482113678064,0.48655178863219367,0.48655178863219367,right,-0.060266042210420465,-0.060799258386897315,4.81223192213128,0.0659507327847739,0.5086703283439153,-0.0031821691573858946
A,0.7,5.724154345030044,-0.004341981782038939,0.9811557904513237,-0.06523097835508418,4.840055569791738,-0.06536626292584063,0.08913086757455901,0.5059098827046073,6,trajectory,0.29078661811661594,0.13134475600525342,False,long_straight,-0.017392111741861102,0.55,0.55,0.6153662629258407,0.4846337370741594,0.4846337370741594,right,-0.06194922968269516,-0.055542089148302526,4.8408431111407495,0.0659507327847739,0.5086703283439153,-0.003417033243145476
A,0.705,5.726615638935648,-0.022811788676735015,1.026451556862807,-0.059701565480035246,4.868656194931512,-0.06722140848127652,0.08913086757455901,0.5059098827046073,6,trajectory,0.2992552684242147,0.14977746630924482,False,long_straight,-0.018199311927538146,0.55,0.55,0.6172214084812766,0.48277859151872354,0.48277859151872354,right,-0.06363241715496985,-0.050284919909707744,4.869454300150219,0.0659507327847739,0.5086703283439153,-0.003588991326306662
A,0.71,5.728975747122855,-0.04183439313482899,1.0684463337888626,-0.05393058021892205,4.897276083803872,-0.0690093872905134,0.08913086757455901,0.5059098827046073,6,trajectory,0.30842676567751764,0.16844314430558252,False,long_straight,-0.019006323744767236,0.55,0.55,0.6190093872905135,0.4809906127094866,0.4809906127094866,right,-0.06531560462724456,-0.045027750671112976,4.898065489159688,0.0659507327847739,0.5086703283439153,-0.0036937826632688353
A,0.715,5.731224580955954,-0.061306316477741235,1.1073644300840988,-0.047933937365685075,4.925915180552808,-0.07072585804564081,0.08995454211244507,0.5039071444104384,6,trajectory,0.3215129307698855,0.18712225635916818,False,long_straight,-0.019813110103963763,0.55,0.55,0.6207258580456408,0.47927414195435925,0.47927414195435925,right,-0.06699879209951926,-0.0397705814325182,4.926676678169158,0.0659507327847739,0.5086703283439153,-0.0037270659461215577
A,0.72,5.733343153368562,-0.08106729799336537,1.1443782140267094,-0.04172403459298302,4.954573347703663,-0.0723662175130551,0.08995454211244507,0.5039071444104384,6,trajectory,0.33159338791171356,0.2058677713292513,False,long_straight,-0.02061963108683767,0.55,0.55,0.6223662175130551,0.47763378248694494,0.47763378248694494,right,-0.06868197957179395,-0.034513412193923426,4.955287867178627,0.0659507327847739,0.5086703283439153,-0.0036842379412611453
A,0.725,5.735333366449184,-0.10112949541700661,1.1786604900901887,-0.03531246854711334,4.98325037520119,-0.0739258345479218,0.08995454211244507,0.5039071444104384,6,trajectory,0.3420960366009557,0.2244799654881612,False,long_straight,-0.021425844195153813,0.55,0.55,0.6239258345479218,0.47607416545207826,0.47607416545207826,right,-0.07036516704406864,-0.029256242955328658,4.983899056188096,0.0659507327847739,0.5086703283439153,-0.003560667503853157
A,0.73,5.737188022278568,-0.12141517075558272,1.2104031810571705,-0.028712396981857236,5.0119459938672835,-0.07540026543020469,0.08995454211244507,0.5039071444104384,6,trajectory,0.3529334294918386,0.24288347128251045,False,long_straight,-0.022231704723532048,0.55,0.55,0.6254002654302048,0.4745997345697954,0.4745997345697954,right,-0.07204835451634335,-0.023999073716733883,5.012510245197566,0.0659507327847739,0.5086703283439153,-0.0033519109138613334
A,0.735,5.738900918674851,-0.14185484666719253,1.2397866087470006,-0.021948400596680795,5.040658909645452,-0.0767851783878772,0.07995454211244507,0.5034254022580307,6,trajectory,0.32393336507027687,0.26100875781956334,False,long_straight,-0.02216652460314761,0.55,0.55,0.6267851783878773,0.47321482161212286,0.47321482161212286,right,-0.07373154198861806,-0.018741904478139094,5.041121434207035,0.0659507327847739,0.5086703283439153,-0.003053636399259138
A,0.74,5.740466170721996,-0.16318370085115758,1.2556296065784875,-0.01507370512766304,5.069387571355161,-0.07807915525688573,0.07995454211244507,0.5034254022580307,6,trajectory,0.33730191986248254,0.2781728100527052,False,long_straight,-0.02208324626257096,0.55,0.55,0.6280791552568857,0.4719208447431143,0.4719208447431143,right,-0.07541472946089274,-0.013484735239544323,5.069732623216504,0.0659507327847739,0.5086703283439153,-0.002664425795992992
A,0.745,5.7418860937702805,-0.1842061722209674,1.2702341334221312,-0.008124990209998018,5.0981313557657195,-0.07928082914428179,0.07995454211244507,0.5034254022580307,6,trajectory,0.3504573962385964,0.2948339747217084,False,long_straight,-0.021999997548540713,0.55,0.55,0.6292808291442819,0.47071917085571824,0.47071917085571824,right,-0.07709791693316743,-0.008227566000949546,5.098343812225974,0.0659507327847739,0.5086703283439153,-0.0021829122111143573
A,0.75,5.7431606325730185,-0.20490675112945766,1.283694126256828,-0.0011082255066483526,5.126889649939905,-0.08038644299993081,0.07995454211244507,0.5034254022580307,6,trajectory,0.36337718627468246,0.31098672603599975,False,long_straight,-0.021916780478604674,0.55,0.55,0.6303864429999309,0.46961355700006924,0.46961355700006924,right,-0.07878110440544214,-0.0029703967623547723,5.1269550012354435,0.0659507327847739,0.5086703283439153,-0.0016053385944886644
A,0.755,5.744290163996614,-0.2252728144242919,1.2960966449486746,0.005971070516549215,5.155661779173662,-0.08139234097777265,0.06995454211244508,0.5050094510907057,6,trajectory,0.33633892630159007,0.32665540314000835,False,long_straight,-0.02183359723722821,0.55,0.55,0.6313923409777726,0.4686076590222274,0.4686076590222274,right,-0.08046429187771685,0.002286772476240001,5.1555661902449135,0.0659507327847739,0.5086703283439153,-0.0009280491000557972
A,0.76,5.745287405556738,-0.24608268183756596,1.296272658831243,0.013079334433188983,5.18444705004277,-0.0822973652556696,0.06995454211244508,0.5050094510907057,7,trajectory,0.35084212845403867,0.34116567364281913,False,long_straight,-0.021750450050699095,0.55,0.55,0.6322973652556696,0.46770263474433044,0.46770263474433044,right,-0.08269438670905967,0.009158581804857418,5.1844337080821585,-0.03265572013442331,0.4871083100602631,0.0003970214533900729
A,0.765,5.746151896411524,-0.26619813218192645,1.2963308219481,0.02018605578503685,5.213244739083007,-0.08310035117572658,0.06995454211244508,0.5050094510907057,7,trajectory,0.36472238377278443,0.3550341403357906,False,long_straight,-0.021667341219512807,0.55,0.55,0.6331003511757266,0.4668996488242735,0.4668996488242735,right,-0.08302475729942536,0.011476484587555997,5.213338201247666,-0.03265572013442331,0.4871083100602631,-7.559387630121095e-05
A,0.77,5.74688818026892,-0.28564634209773515,1.2962819058840078,0.02729065442415024,5.242054043101049,-0.08379783352024625,0.06995454211244508,0.5050094510907057,7,trajectory,0.3780066919049843,0.36829037558908656,False,long_straight,-0.021584273261181123,0.55,0.55,0.6337978335202463,0.46620216647975377,0.46620216647975377,right,-0.08335512788979108,0.013794387370254575,5.2422426944131715,-0.03265572013442331,0.4871083100602631,-0.00044270563045517575
A,0.775,5.7475006469271674,-0.3044532851182604,1.2961356130156212,0.03439260057517357,5.270874110597465,-0.08438650591354176,0.059954542112445074,0.487795710120124,7,trajectory,0.35120556238241935,0.3807334245441581,False,long_straight,-0.021501248818700434,0.55,0.55,0.6343865059135418,0.4656134940864583,0.4656134940864583,right,-0.08368549848015677,0.016112290152953155,5.271147187578679,-0.03265572013442331,0.4871083100602631,-0.0007010074333849842
A,0.78,5.7479135830688355,-0.323423240360211,1.2848922263476465,0.041463556327340445,5.2997039179751,-0.0848655851400424,0.059954542112445074,0.487795710120124,7,trajectory,0.36545791926046656,0.39228286254343553,False,long_straight,-0.02141827101604634,0.55,0.55,0.6348655851400424,0.46513441485995766,0.46513441485995766,right,-0.08401586907052248,0.018430192935651735,5.300051680744186,-0.03265572013442331,0.4871083100602631,-0.000849716069519918
A,0.785,5.748225260498758,-0.34146384601857116,1.2743276927592657,0.04847780931827783,5.328542423959193,-0.08523432220659344,0.059954542112445074,0.487795710120124,7,trajectory,0.3788489917768361,0.4031685056508201,False,long_straight,-0.021335343012075673,0.55,0.55,0.6352343222065935,0.4647656777934066,0.4647656777934066,right,-0.0843462396608882,0.020748095718350314,5.328956173909693,-0.03265572013442331,0.4871083100602631,-0.0008880825457052433
A,0.79,5.748442273768987,-0.35862986421407606,1.264390086634773,0.055438602188565334,5.357388691898018,-0.0854897236287287,0.059954542112445074,0.487795710120124,7,trajectory,0.3914394366251313,0.4134356399501671,False,long_straight,-0.021252467649070097,0.55,0.55,0.6354897236287287,0.46451027637127135,0.46451027637127135,right,-0.08467661025125389,0.023065998501048894,5.357860667075199,-0.03265572013442331,0.4871083100602631,-0.0008131133774748056
A,0.795,5.748570665392553,-0.37497208397057863,1.2550318637539906,0.06234892873775255,5.3862417554288475,-0.08562898065281452,0.04995454211244507,0.4928225615524655,7,trajectory,0.3644860707466667,0.42318533884139664,False,long_straight,-0.0211696478395041,0.55,0.55,0.6356289806528146,0.4643710193471855,0.4643710193471855,right,-0.08500698084161959,0.02538390128374747,5.3867651602407065,-0.03265572013442331,0.4871083100602631,-0.0006219998111949288
A,0.8,5.748649293086462,-0.39130700346063796,1.2351849481697201,0.06918367729061448,5.415100837227232,-0.0856517866955521,0.04995454211244507,0.4928225615524655,7,trajectory,0.3776676263772836,0.43176855911760925,False,long_straight,-0.021086885938611463,0.55,0.55,0.6356517866955521,0.464348213304448,0.464348213304448,right,-0.08533735143198529,0.027701804066446054,5.415669653406212,-0.03265572013442331,0.4871083100602631,-0.00031443526356680906
A,0.805,5.748667933023297,-0.4065734228334616,1.2165724999466327,0.07592004172809386,5.443965156812751,-0.08555788493882929,0.04995454211244507,0.4928225615524655,7,trajectory,0.3898623070044449,0.439716139250384,False,long_straight,-0.02100418429727301,0.55,0.55,0.6355578849388294,0.4644421150611707,0.4644421150611707,right,-0.08566772202235098,0.03001970684914463,5.4445741465717195,-0.03265572013442331,0.4871083100602631,0.00010983708352169108
A,0.81,5.748633394246729,-0.42084365082700526,1.1990992980635988,0.08256393247075078,5.472833713466987,-0.08534482696919245,0.04995454211244507,0.4928225615524655,7,trajectory,0.40115097547289563,0.44707822355704113,False,long_straight,-0.020921545883114553,0.55,0.55,0.6353448269691925,0.4646551730308076,0.4646551730308076,right,-0.0859980926127167,0.032337609631843206,5.473478639737227,-0.03265572013442331,0.4871083100602631,0.0006532656435242479
A,0.8150000000000001,5.748551724516143,-0.434184298060616,1.1826788057292215,0.08912080602462646,5.501705496289665,-0.08501035725544258,0.03995454211244507,0.4997398804792781,7,trajectory,0.3731229195997284,0.4539766907421382,False,long_straight,-0.020838973677162278,0.55,0.55,0.6350103572554426,0.46498964274455745,0.46498964274455745,right,-0.0863284632030824,0.03465551241454178,5.502383132902733,-0.03265572013442331,0.4871083100602631,0.0013181059476398277
A,0.8200000000000001,5.7484727650643705,-0.44742021485961214,1.156269593738515,0.09556799566685159,5.530579786314626,-0.08455470135061374,0.03995454211244507,0.4997398804792781,7,trajectory,0.38477621640516674,0.4597503422721846,False,long_straight,-0.02075646981086588,0.55,0.55,0.6345547013506138,0.46544529864938633,0.46544529864938633,right,-0.0866588337934481,0.036973415197240365,5.53128762606824,-0.03265572013442331,0.4871083100602631,0.002104132442834361
A,0.8250000000000001,5.748377821061326,-0.4595117139904087,1.1314758514428969,0.10188488761986703,5.559455875634495,-0.08397814090189382,0.03995454211244507,0.4997398804792781,7,trajectory,0.39538640178972395,0.4649300659954422,False,long_straight,-0.020674036371390724,0.55,0.55,0.6339781409018939,0.46602185909810623,0.46602185909810623,right,-0.08698920438381381,0.03929131797993894,5.560192119233746,-0.03265572013442331,0.4871083100602631,0.0030110634819199983
A,0.8300000000000001,5.74827268429808,-0.4705420729588613,1.108175136500661,0.10807922924863078,5.588332768804403,-0.08327879454336196,0.03995454211244507,0.4997398804792781,7,trajectory,0.40504469415964905,0.4695655004081244,False,long_straight,-0.020591676253025493,0.55,0.55,0.633278794543362,0.4667212054566381,0.4667212054566381,right,-0.08731957497417951,0.041609220762637525,5.589096612399253,-0.03265572013442331,0.4871083100602631,0.004040780430817556
A,0.8350000000000001,5.748162318355433,-0.4805879108890015,1.0862566282792168,0.11415818579025672,5.6172094783867985,-0.08245497267065514,0.029954542112445068,0.5075694374458088,7,trajectory,0.37544632643247394,0.4737850164716056,False,long_straight,-0.020509392311676714,0.55,0.55,0.6324549726706552,0.4675450273293449,0.4675450273293449,right,-0.08764994556454521,0.0439271235453361,5.61800110556476,-0.03265572013442331,0.4871083100602631,0.005194972893890065
A,0.84,5.748101415136192,-0.49048187554748884,1.0546636961742497,0.12010071170461156,5.64608539419495,-0.08150745070662883,0.029954542112445068,0.5075694374458088,7,trajectory,0.3853383335562942,0.47692342094412327,False,long_straight,-0.020427186314296467,0.55,0.55,0.6315074507066288,0.4684925492933712,0.4684925492933712,right,-0.0879803161549109,0.046245026328034636,5.646905598730266,-0.03265572013442331,0.4871083100602631,0.0064728654482820724
A,0.845,5.748066566131037,-0.49919529372572224,1.0249528867030047,0.12588763806410697,5.674959929672852,-0.0804370612452731,0.029954542112445068,0.5075694374458088,7,trajectory,0.39416727930472906,0.47950455183287183,False,long_straight,-0.020345059949179563,0.55,0.55,0.6304370612452731,0.46956293875472693,0.46956293875472693,right,-0.08831068674527662,0.04856292911073321,5.675810091895773,-0.03265572013442331,0.4871083100602631,0.00787362550000352
A,0.85,5.748061789791342,-0.5068185858604612,0.9969861591283804,0.13152800819630128,5.703832157365202,-0.07924248562667041,0.029954542112445068,0.5075694374458088,7,trajectory,0.402028521549443,0.4815755240053939,False,long_straight,-0.020263015861690954,0.55,0.55,0.6292424856266705,0.47075751437332963,0.47075751437332963,right,-0.08864105733564231,0.05088083189343179,5.70471458506128,-0.03265572013442331,0.4871083100602631,0.009398571708971903
A,0.855,5.748090299380398,-0.5134350443401535,0.9706388528708578,0.1370302101269063,5.732701173764383,-0.07792259235210387,0.019954542112445066,0.5155938163184264,7,trajectory,0.3704669561780189,0.4832639402600557,False,long_straight,-0.020181056614511177,0.55,0.55,0.6279225923521039,0.4720774076478962,0.4720774076478962,right,-0.08897142792600801,0.05319873467613037,5.733619078226786,-0.03265572013442331,0.4871083100602631,0.01104883557390414
A,0.86,5.7482071937622345,-0.51988746588383,0.9347823724569697,0.14237421468288458,5.761566523348233,-0.07647871207344935,0.019954542112445066,0.5155938163184264,8,trajectory,0.37848703556308255,0.4839019008177307,False,long_straight,-0.02009918348581549,0.55,0.55,0.6264787120734494,0.4735212879265507,0.4735212879265507,right,-0.0767364973980233,0.13958886975045715,5.761608905065438,-0.10004544776419343,0.3479663010243089,0.00025778532457394754
A,0.865,5.748387154931231,-0.525148516096821,0.901006653674204,0.14754175879394893,5.790427784694632,-0.07491223205287145,0.019954542112445066,0.5155938163184264,8,trajectory,0.3854389452405693,0.4840065304619388,False,long_straight,-0.02001739764750197,0.55,0.55,0.6249122320528715,0.4750877679471286,0.4750877679471286,right,-0.07477071183077656,0.13799935549537815,5.790496517608042,-0.10004544776419343,0.3479663010243089,-0.00014152022209489024
A,0.87,5.7486319771479275,-0.5293138180137289,0.8691657033995842,0.15254286208026802,5.819284152044461,-0.07322238362336876,0.019954542112445066,0.5155938163184264,8,trajectory,0.39141886699818723,0.483622313891582,False,long_straight,-0.019935701349788826,0.55,0.55,0.6232223836233688,0.4767776163766313,0.4767776163766313,right,-0.0728049262635298,0.13640984124029912,5.819384130150647,-0.10004544776419343,0.3479663010243089,-0.00041745735983896026
A,0.875,5.74894272602621,-0.532471675334074,0.8391277932772312,0.1573868516102146,5.848134857036662,-0.07140858053567183,0.009954542112445066,0.3496955175668023,8,trajectory,0.3553773436243259,0.4813003635897988,False,long_straight,-0.019854096723893808,0.55,0.55,0.6214085805356718,0.4785914194643282,0.4785914194643282,right,-0.07083914069628303,0.13482032698522012,5.848271742693251,-0.10004544776419343,0.3479663010243089,-0.0005694398393887995
A,0.88,5.748502163089002,-0.5355040239424701,0.8007436341730427,0.16205705559718675,5.87697749713868,-0.06947308510739096,0.009954542112445066,0.3496955175668023,8,trajectory,0.36145835123512504,0.47968228054178896,False,long_straight,-0.019772590504063624,0.55,0.55,0.619473085107391,0.48052691489260907,0.48052691489260907,right,-0.06887335512903625,0.13323081273014106,5.877159355235856,-0.10004544776419343,0.3479663010243089,-0.00059972997835471
A,0.885,5.748151573462543,-0.5373745876532152,0.764544041957672,0.16653830987042273,5.905809712848847,-0.06741821855675796,0.009954542112445066,0.3496955175668023,8,trajectory,0.3664853631757758,0.47754797084039896,False,long_straight,-0.01969118927322389,0.55,0.55,0.617418218556758,0.4825817814432421,0.4825817814432421,right,-0.06690756956178949,0.13164129847506206,5.90604696777846,-0.10004544776419343,0.3479663010243089,-0.0005106489949684712
A,0.89,5.747890341894082,-0.5381813376553879,0.7303816291393834,0.17084115460159088,5.934630864213578,-0.06524375150387648,0.009954542112445066,0.3496955175668023,8,trajectory,0.3705528027790291,0.4749394772544192,False,long_straight,-0.01960989473694268,0.55,0.55,0.6152437515038766,0.48475624849612353,0.48475624849612353,right,-0.06494178399454271,0.130051784219983,5.934934580321064,-0.10004544776419343,0.3479663010243089,-0.0003019675093337698
A,0.895,5.747717264029846,-0.5380149647267237,0.6981233261657213,0.17497543071742738,5.963440358275241,-0.06294962964844117,-4.5457887554934545e-05,0.35878671764781156,8,trajectory,0.33387761454851245,0.4719640033588498,False,long_straight,-0.019528708457141282,0.55,0.55,0.6129496296484412,0.48705037035155885,0.48705037035155885,right,-0.06297599842729594,0.128462269964904,5.9638221928636685,-0.10004544776419343,0.3479663010243089,2.636877885477118e-05
A,0.9,5.747690175360078,-0.5377527774521448,0.6562380181076646,0.17892153665540267,5.9922381842059655,-0.06053831037275715,-4.5457887554934545e-05,0.35878671764781156,8,trajectory,0.3380976182231281,0.46795265236764044,False,long_straight,-0.0194476303468461,0.55,0.55,0.6105383103727572,0.4894616896272429,0.4894616896272429,right,-0.06101021286004916,0.12687275570982495,5.992709805406273,-0.10004544776419343,0.3479663010243089,0.00047190248729200857
A,0.905,5.747775233410708,-0.5363375468133089,0.616705158246748,0.18266160401352316,6.021024377889583,-0.05801230261703669,-4.5457887554934545e-05,0.35878671764781156,8,trajectory,0.3412475220121245,0.46341901502278093,False,long_straight,-0.01936666018318883,0.55,0.55,0.6080123026170368,0.49198769738296333,0.49198769738296333,right,-0.05904442729280239,0.12528324145474592,6.021597417948878,-0.10004544776419343,0.3479663010243089,0.0010321246757657027
A,0.91,5.747969284500875,-0.533872417686618,0.5793745494672513,0.1862070095085091,6.049798494020931,-0.05537189304255155,-4.5457887554934545e-05,0.35878671764781156,8,trajectory,0.3434225502435283,0.4584054192450789,False,long_straight,-0.01928579909089105,0.55,0.55,0.6053718930425516,0.4946281069574485,0.4946281069574485,right,-0.057078641725555615,0.1236937271996669,6.050485030491482,-0.10004544776419343,0.3479663010243089,0.001706748683004064
A,0.915,5.748268707454315,-0.5304531311727767,0.5441104129061317,0.18956841694506377,6.0785601429158405,-0.05261754364296395,-0.010045457887554935,0.3689848747845125,8,trajectory,0.30400478830722005,0.4530341418795082,False,long_straight,-0.01920504802960269,0.55,0.55,0.6026175436429639,0.4973824563570361,0.4973824563570361,right,-0.05511285615830885,0.12210421294458787,6.0793726430340875,-0.10004544776419343,0.3479663010243089,0.0024953125153448982
A,0.92,5.748734953526429,-0.5269801454676736,0.4991170457778914,0.19272637486573752,6.107309582264322,-0.04975227176804463,-0.010045457887554935,0.3689848747845125,8,trajectory,0.3063202829043358,0.44658194061415374,False,long_straight,-0.019124406135601294,0.55,0.55,0.5997522717680447,0.5002477282319554,0.5002477282319554,right,-0.05314707059106208,0.12051469868950884,6.108260255576692,-0.10004544776419343,0.3479663010243089,0.0033947988230174503
A,0.925,5.749326446475342,-0.5223758442064408,0.4566468243492465,0.19566319649956698,6.136047119782184,-0.04677914828205395,-0.010045457887554935,0.3689848747845125,8,trajectory,0.30754786889402397,0.43959577724240545,False,long_straight,-0.019043872403501458,0.55,0.55,0.596779148282054,0.5032208517179461,0.5032208517179461,right,-0.051181285023815304,0.11892518443442981,6.137147868119295,-0.10004544776419343,0.3479663010243089,0.004402136741761355
A,0.93,5.750037401253655,-0.5167487192242264,0.4165476114238896,0.19839111162475165,6.164772529292263,-0.04369898051532898,-0.010045457887554935,0.3689848747845125,8,trajectory,0.3077844526421376,0.4321204390375523,False,long_straight,-0.018963447321042954,0.55,0.55,0.593698980515329,0.5063010194846711,0.5063010194846711,right,-0.049215499456568536,0.11733567017935079,6.1660354806619,-0.10004544776419343,0.3479663010243089,0.0055165189412395566
A,0.935,5.750861717823448,-0.5101996904079562,0.3786814296109095,0.20092162681204373,6.193485646040002,-0.04051275259895073,-0.020045457887554935,0.3773262660259381,8,trajectory,0.2654426235774774,0.4242731706695821,False,long_straight,-0.018883131197769125,0.55,0.55,0.5905127525989508,0.5094872474010493,0.5094872474010493,right,-0.04724971388932176,0.11574615592427176,6.194923093204505,-0.10004544776419343,0.3479663010243089,0.006736961290371032
A,0.9400000000000001,5.75184928576964,-0.5036556944210933,0.33096765409140505,0.2032354066604527,6.222186973893655,-0.03722406610273032,-0.020045457887554935,0.3773262660259381,8,trajectory,0.2658333097004977,0.41531791803237705,False,long_straight,-0.01880292246978847,0.55,0.55,0.5872240661027304,0.5127759338972697,0.5127759338972697,right,-0.045283928322074986,0.11415664166919273,6.223810705747109,-0.10004544776419343,0.3479663010243089,0.008059862219344668
A,0.9450000000000001,5.752965282447462,-0.49601441538778174,0.2859601837980006,0.20531493972372283,6.2508770668518,-0.03383657751215425,-0.020045457887554935,0.3773262660259381,8,trajectory,0.26511929884458924,0.40581921123933734,False,long_straight,-0.018722819434522173,0.55,0.55,0.5838365775121543,0.5161634224878457,0.5161634224878457,right,-0.04331814275482821,0.1125671274141137,6.252698318289713,-0.10004544776419343,0.3479663010243089,0.009481565242673962
A,0.9500000000000001,5.754201320191687,-0.4873899219344386,0.2435041391315641,0.20717336913913442,6.279555930055477,-0.03035162098485371,-0.020045457887554935,0.3773262660259381,8,trajectory,0.26340082261400627,0.3958270280510281,False,long_straight,-0.01864282192144456,0.55,0.55,0.5803516209848537,0.5196483790151464,0.5196483790151464,right,-0.04135235718758144,0.11097761315903468,6.2815859308323185,-0.10004544776419343,0.3479663010243089,0.011000736202727734
A,0.9550000000000001,5.755548883878815,-0.47788842507981577,0.20345823654845366,0.20882309968254864,6.30822363246877,-0.02677070914668518,-0.030045457887554937,0.383598103190505,8,trajectory,0.2181520695236504,0.3854531570244164,False,long_straight,-0.018562929578379083,0.55,0.55,0.5767707091466853,0.5232292908533148,0.5232292908533148,right,-0.03938657162033467,0.10938809890395565,6.310473543374923,-0.10004544776419343,0.3479663010243089,0.012615862473649486
A,0.96,5.757044994456098,-0.46846443476457655,0.1534411181103037,0.21024492140383888,6.336880920240147,-0.023098040109114704,-0.030045457887554937,0.383598103190505,9,trajectory,0.21663718424640344,0.37395174342358245,False,long_straight,-0.018483140165402423,0.55,0.55,0.5730980401091148,0.5269019598908853,0.5269019598908853,right,-0.02337032271559911,0.20727197586122234,6.336949502697341,-0.15004541284357947,0.06453351583698722,0.0002722826064844065
A,0.965,5.758662439937457,-0.457988882365287,0.10632915403255874,0.21142152751204524,6.365528585826691,-0.019337866362608553,-0.030045457887554937,0.383598103190505,9,trajectory,0.21400891561554036,0.3619100123583554,False,long_straight,-0.01840345131769231,0.55,0.55,0.5693378663626086,0.5306621336373915,0.5306621336373915,right,-0.019758871290571675,0.20126605951971965,6.365625168000493,-0.15004541284357947,0.06453351583698722,0.00042100492796312214
A,0.97,5.760390403162289,-0.446581415122213,0.06196236698531666,0.2123670467536245,6.394166862971402,-0.015492051520183034,-0.030045457887554937,0.383598103190505,9,trajectory,0.21037316822547067,0.3493861915351535,False,long_straight,-0.01832386222679392,0.55,0.55,0.5654920515201831,0.534507948479817,0.534507948479817,right,-0.01614741986554425,0.195260143178217,6.394300833303646,-0.15004541284357947,0.06453351583698722,0.000655368345361217
A,0.975,5.7622181646767805,-0.4343533670379651,0.020193568592354286,0.2130948418785117,6.422796047558936,-0.011562637966474314,-0.04004545788755494,0.06634110907115068,9,trajectory,0.1578500388744351,0.33424450997224686,False,long_straight,-0.018244371910429626,0.55,0.55,0.5615626379664743,0.5384373620335258,0.5384373620335258,right,-0.012535968440516819,0.1892542268367143,6.422976498606798,-0.15004541284357947,0.06453351583698722,0.0009733304740425046
A,0.98,5.762561149026948,-0.4223361255516534,-0.03044604038362029,0.21358889096363143,6.451413198821542,-0.007555355191835758,-0.04004545788755494,0.06634110907115068,9,trajectory,0.15441853889931145,0.32036507831030886,False,long_straight,-0.01816498835991354,0.55,0.55,0.5575553551918359,0.5424446448081642,0.5424446448081642,right,-0.008924517015489387,0.18324831049521167,6.4516521639099516,-0.15004541284357947,0.06453351583698722,0.0013691618236536295
A,0.985,5.763005955845662,-0.4093488580761743,-0.07808854565389822,0.21383476532862788,6.480015410876518,-0.0034759636720896343,-0.04004545788755494,0.06634110907115068,9,trajectory,0.1498802723774106,0.3059631158964046,False,long_straight,-0.01808571943616557,0.55,0.55,0.5534759636720897,0.5465240363279104,0.5465240363279104,right,-0.005313065590461959,0.17724239415370896,6.480327829213103,-0.15004541284357947,0.06453351583698722,0.001837101918372325
A,0.99,5.7635401072345465,-0.39551309321768524,-0.12289861687196899,0.2138470469106326,6.508603120126842,0.0006731839306883605,-0.04004545788755494,0.06634110907115068,9,trajectory,0.14434494763279682,0.29110389688281324,False,long_straight,-0.018006563716789444,0.55,0.55,0.5493268160693117,0.5506731839306884,0.5493268160693117,left,-0.0017016141654345278,0.17123647781220627,6.509003494516255,-0.15004541284357947,0.06453351583698722,0.0023747980961228883
A,0.995,5.764151473493087,-0.38094158980713066,-0.1650289504415816,0.2136395258687127,6.537176817467701,0.004889563707994286,-0.05004545788755494,0.06590098913827439,9,trajectory,0.09273658331263634,0.275850097568214,False,long_straight,-0.017927519629736807,0.55,0.55,0.5451104362920057,0.5548895637079944,0.5451104362920057,left,0.0019098372595928986,0.16523056147070364,6.537679159819407,-0.15004541284357947,0.06453351583698722,0.0029797264484013875
A,1.0,5.764838711993971,-0.3666411445986839,-0.21748268580987135,0.21319275767239843,6.5657376175135695,0.009167822744503413,-0.05004545788755494,0.06590098913827439,9,trajectory,0.0876604626608672,0.2595064251981912,False,long_straight,-0.01784858388153448,0.55,0.55,0.5408321772554966,0.5591678227445035,0.5408321772554966,left,0.005521288684620335,0.15922464512920093,6.566354825122559,-0.15004541284357947,0.06453351583698722,0.0036465340598830775
A,1.005,5.76560305789422,-0.35142121382032165,-0.26670536118033245,0.21248941320935044,6.594286658145879,0.013502573542568532,-0.05004545788755494,0.06590098913827439,9,trajectory,0.08147697462826331,0.2426824231524567,False,long_straight,-0.017769753122452058,0.55,0.55,0.5364974264574315,0.5635025735425686,0.5364974264574315,left,0.009132740109647682,0.1532187287876984,6.595030490425712,-0.15004541284357947,0.06453351583698722,0.00436983343292085
A,1.0099999999999998,5.766430360308025,-0.33540852059861764,-0.31287570954997074,0.21154521128976533,6.622824540065714,0.017890985173880367,-0.05004545788755494,0.06590098913827439,9,trajectory,0.07430664858354548,0.22545488367931502,False,long_straight,-0.017691025492188858,0.55,0.55,0.5321090148261197,0.5678909851738804,0.5321090148261197,left,0.012744191534675034,0.14721281244619586,6.623706155728863,-0.15004541284357947,0.06453351583698722,0.005146793639205333
A,1.0149999999999997,5.767307078654746,-0.3187201572096041,-0.3561610813705536,0.21037500684346888,6.651351908209796,0.022330060474155432,-0.06004545788755494,0.06869946080922587,9,trajectory,0.021325510578065237,0.2079077512463776,False,long_straight,-0.017612399011325837,0.55,0.55,0.5276699395258446,0.5723300604741555,0.5276699395258446,left,0.016355642959702384,0.1412068961046933,6.652381821032015,-0.15004541284357947,0.06453351583698722,0.005974417514453049
A,1.0199999999999996,5.768245427137816,-0.3023759642820712,-0.40972197289872586,0.2089599753019633,6.6798700558494035,0.026813957470964694,-0.06004545788755494,0.06869946080922587,9,trajectory,0.015221691930859102,0.18929999190485677,False,long_straight,-0.017533869919179813,0.55,0.55,0.5231860425290353,0.5768139574709648,0.5231860425290353,left,0.019967094384729732,0.1352009797631908,6.681057486335167,-0.15004541284357947,0.06453351583698722,0.006846863086234962
A,1.0249999999999995,5.769227758136824,-0.2851736323097712,-0.45984181204771407,0.20728344932477283,6.708380282758535,0.03133681151051439,-0.06004545788755494,0.06869946080922587,9,trajectory,0.009090660365208371,0.17029261433070988,False,long_straight,-0.017455434446928986,0.55,0.55,0.5186631884894857,0.5813368115105144,0.5186631884894857,left,0.023578545809757087,0.12919506342168824,6.709733151638318,-0.15004541284357947,0.06453351583698722,0.0077582657007573
A,1.0299999999999994,5.7702388313079105,-0.26724293346482864,-0.5067163714920954,0.20536215609573105,6.73688329940008,0.03589534882513625,-0.06004545788755494,0.06869946080922587,9,trajectory,0.007574343629875104,0.1509737230893784,False,long_straight,-0.017377090454588122,0.55,0.55,0.5141046511748638,0.5858953488251363,0.5141046511748638,left,0.027189997234784432,0.12318914708018569,6.738408816941469,-0.15004541284357947,0.06453351583698722,0.00870535159035182
A,1.0349999999999993,5.77126428478002,-0.24870311833469103,-0.5505304555971496,0.20321187226123882,6.765379845403017,0.04048614114667333,-0.07004545788755494,0.07036878030335361,9,trajectory,0.058660007384861816,0.13143745518789718,False,long_straight,-0.017298835725964547,0.55,0.55,0.5095138588533267,0.5904861411466734,0.5095138588533267,left,0.030801448659811784,0.11718323073868314,6.767084482244622,-0.15004541284357947,0.06453351583698722,0.009684692486861546
A,1.0399999999999991,5.772308249083822,-0.23057549626485954,-0.6044537854445022,0.20081461765630904,6.793871258787563,0.045102920793239576,-0.07004545788755494,0.07036878030335361,9,trajectory,0.06657631286947663,0.11093683297379968,False,long_straight,-0.017220666408004154,0.55,0.55,0.5048970792067604,0.5951029207932397,0.5048970792067604,left,0.03441290008483914,0.1111773143971806,6.795760147547774,-0.15004541284357947,0.06453351583698722,0.010690020708400437
A,1.044999999999999,5.773356298449011,-0.21165738275947213,-0.6547733458207996,0.198154556110266,6.82235886359279,0.04973941551388946,-0.07004545788755494,0.07036878030335361,9,trajectory,0.07553813923163805,0.09016456571203275,False,long_straight,-0.01714257869607267,0.55,0.55,0.5002605844861105,0.5997394155138895,0.5002605844861105,left,0.03802435150986648,0.10517139805567807,6.824435812850925,-0.15004541284357947,0.06453351583698722,0.01171506400402298
A,1.049999999999999,5.774392779399493,-0.19207887825338274,-0.7017032339197335,0.19524918209821251,6.8508434085223975,0.054391970593663554,-0.07004545788755494,0.07036878030335361,9,trajectory,0.0854118936321573,0.06923045613251452,False,long_straight,-0.01706457037038355,0.55,0.55,0.49560802940633647,0.6043919705936636,0.49560802940633647,left,0.041635802934893835,0.09916548171417552,6.8531114781540765,-0.15004541284357947,0.06453351583698722,0.012756167658769718
A,1.0549999999999988,5.775403159126957,-0.17195878260913117,-0.7454465752002523,0.19211494744879243,6.879325652557403,0.0590567954190553,-0.08004545788755493,0.07138199299532114,9,trajectory,0.14121248085509128,0.04828149797486489,False,long_straight,-0.016986639187228175,0.55,0.55,0.49094320458094476,0.6090567954190553,0.49094320458094476,left,0.04524725435992118,0.09315956537267299,6.881787143457228,-0.15004541284357947,0.06453351583698722,0.013809541059134123
A,1.0599999999999987,5.776386159393246,-0.15230509923418065,-0.7990140480488059,0.18873489550028166,6.907806887851235,0.06372730745991906,-0.08004545788755493,0.07138199299532114,10,trajectory,0.15024878942566994,0.026773422392115897,False,long_straight,-0.016908781450331634,0.55,0.55,0.486272692540081,0.6137273074599191,0.486272692540081,left,0.06343087129598675,0.18559982736052194,6.907870588360694,-0.13609857581427012,0.10008491714891884,0.0002964361639323093
A,1.0649999999999986,5.777328570771596,-0.13192969323243725,-0.8488818689319826,0.18509414174278227,6.936288370174561,0.06839694231217566,-0.08004545788755493,0.07138199299532114,10,trajectory,0.16024340429296818,0.008140724992934133,False,long_straight,-0.016830993572288098,0.55,0.55,0.4816030576878244,0.6183969423121757,0.4816030576878244,left,0.06740729619663856,0.1777353163025153,6.936452402304068,-0.13609857581427012,0.10008491714891884,0.0009896461155371045
A,1.0699999999999985,5.778214989189936,-0.1109600719561538,-0.8952809129817214,0.18121061605339417,6.964770803727142,0.07306174961346117,-0.08004545788755493,0.07138199299532114,10,trajectory,0.1710602152532833,0.01989856565519334,False,long_straight,-0.01675327347923175,0.55,0.55,0.47693825038653886,0.6230617496134612,0.47693825038653886,left,0.07138372109729142,0.1698708052445066,6.9650342162474495,-0.13609857581427012,0.10008491714891884,0.001678028516169744
A,1.0749999999999984,5.77903131728447,-0.08951192870589199,-0.9384305961524545,0.17710112249253873,6.993254881981487,0.07771766745085351,-0.09004545788755493,0.100828594324573,10,trajectory,0.22660769626598778,0.04193773770955067,False,long_straight,-0.016675619130202653,0.55,0.55,0.47228233254914653,0.6277176674508536,0.47228233254914653,left,0.07536014599794427,0.16200629418649784,6.993616030190831,-0.13609857581427012,0.10008491714891884,0.002357521452909239
A,1.0799999999999983,5.779916643347022,-0.06856111174890932,-0.9909282487536107,0.1727500600385734,7.021742104037506,0.08235800602921171,-0.09004545788755493,0.100828594324573,10,trajectory,0.23643215926498715,0.0642903878901974,False,long_straight,-0.01659802629443859,0.55,0.55,0.4676419939707883,0.6323580060292118,0.4676419939707883,left,0.07933657089859715,0.15414178312848914,7.0221978441342126,-0.13609857581427012,0.10008491714891884,0.0030214351306145637
A,1.0849999999999982,5.780713900116696,-0.04695553876109114,-1.0397080084580426,0.16814377428026495,7.0502339109457575,0.08697611579538357,-0.09004545788755493,0.100828594324573,10,trajectory,0.2471074050121166,0.08687988969850981,False,long_straight,-0.016520490910524162,0.55,0.55,0.4630238842046165,0.6369761157953836,0.4630238842046165,left,0.08331299579925001,0.1462772720704804,7.050779658077594,-0.13609857581427012,0.10008491714891884,0.003663119996133557
A,1.089999999999998,5.781408508052713,-0.024817257412182384,-1.0850128293263896,0.16330025246519986,7.078730876938392,0.09156784844899912,-0.09004545788755493,0.100828594324573,10,trajectory,0.25849940110890207,0.10946996825430508,False,long_straight,-0.016443011283574255,0.55,0.55,0.4584321515510009,0.6415678484489992,0.4584321515510009,left,0.08728942069990288,0.13841276101247166,7.079361472020975,-0.13609857581427012,0.10008491714891884,0.004278427749096245
A,1.094999999999998,5.781987306496678,-0.0022563815976663557,-1.1270734176638846,0.15823629716426257,7.107233544378402,0.09612897260708703,-0.10004545788755492,0.0939788150980285,10,trajectory,0.31240696169795795,0.13188006983642397,False,long_straight,-0.01636558580753644,0.55,0.55,0.453871027392913,0.6461289726070871,0.453871027392913,left,0.09126584560055576,0.13054824995446296,7.107943285964356,-0.13609857581427012,0.10008491714891884,0.00486312700653127
A,1.0999999999999979,5.782406503526021,0.0197938094214077,-1.1780162742318525,0.1529374637989096,7.1357427273328025,0.100652680372302,-0.10004545788755492,0.0939788150980285,10,trajectory,0.3226814805044096,0.15486710738743237,False,long_straight,-0.016288212141267657,0.55,0.55,0.449347319627698,0.6506526803723021,0.449347319627698,left,0.09524227050120862,0.12268373889645423,7.136525099907738,-0.13609857581427012,0.10008491714891884,0.005410409871093383
A,1.1049999999999978,5.782689215321625,0.04243992514367957,-1.225307112372326,0.14739106482564557,7.164259161599418,0.10513223247968634,-0.10004545788755492,0.0939788150980285,10,trajectory,0.3336840755707912,0.17773062394583297,False,long_straight,-0.016210888160373596,0.55,0.55,0.4448677675203137,0.6551322324796864,0.4448677675203137,left,0.09921869540186148,0.11481922783844552,7.165106913851119,-0.13609857581427012,0.10008491714891884,0.005913537077824854
A,1.1099999999999977,5.782822055121762,0.06556742932449235,-1.2691935350872907,0.14161474199220336,7.192783209453014,0.10956339775184934,-0.10004545788755492,0.0939788150980285,10,trajectory,0.34528765761038366,0.2003839783207408,False,long_straight,-0.016133612755758135,0.55,0.55,0.44043660224815073,0.6595633977518494,0.44043660224815073,left,0.10319512030251433,0.10695471678043679,7.1936887277945,-0.13609857581427012,0.10008491714891884,0.006368277449335005
A,1.1149999999999975,5.782793086646378,0.08907342451023652,-1.3099101187569275,0.13562493075433002,7.221315182118943,0.11394189138281736,-0.11004545788755492,0.0881696596462613,10,trajectory,0.396694224072696,0.2227282390950986,False,long_straight,-0.016056384956631392,0.55,0.55,0.4360581086171827,0.6639418913828175,0.4360581086171827,left,0.10717154520316721,0.09909020572242805,7.222270541737882,-0.13609857581427012,0.10008491714891884,0.006770346179650152
A,1.1199999999999974,5.782562595776442,0.11208400125500599,-1.3588535234478856,0.12940865869727158,7.249855578762173,0.11826103247717135,-0.11004545788755492,0.0881696596462613,10,trajectory,0.4071084502633749,0.24541740445934435,False,long_straight,-0.015979203283882998,0.55,0.55,0.4317389675228287,0.6682610324771714,0.4317389675228287,left,0.11114797010382008,0.09122569466441935,7.250852355681262,-0.13609857581427012,0.10008491714891884,0.00711306237335127
A,1.1249999999999973,5.7821474917063895,0.13563847071126192,-1.4042834015551535,0.12295449654748447,7.278404804711109,0.12251423095350748,-0.11004545788755492,0.0881696596462613,10,trajectory,0.4181192168208147,0.2678531273019836,False,long_straight,-0.01590206651333173,0.55,0.55,0.42748576904649255,0.6725142309535075,0.42748576904649255,left,0.11512439500447294,0.08336118360641061,7.279434169624645,-0.13609857581427012,0.10008491714891884,0.007389835949034543
A,1.1299999999999972,5.781535789383141,0.1596313317142975,-1.446443786938871,0.11627939743108939,7.306962941273251,0.1266972798181826,-0.11004545788755492,0.0881696596462613,10,trajectory,0.4296106637088765,0.28996513384236783,False,long_straight,-0.01582497429569022,0.55,0.55,0.42330272018181747,0.6766972798181826,0.42330272018181747,left,0.1191008199051258,0.0754966725484019,7.308015983568026,-0.13609857581427012,0.10008491714891884,0.007596459913056797
A,1.1349999999999971,5.780716919529193,0.18396804146684342,-1.4855652658892442,0.10939912689162101,7.335530002827542,0.1308059474632652,-0.12004545788755491,0.08469427212307098,10,trajectory,0.477640804651632,0.31168389266886254,False,long_straight,-0.015747926459586687,0.55,0.55,0.4191940525367348,0.6808059474632653,0.4191940525367348,left,0.12307724480577867,0.06763216149039317,7.336597797511407,-0.13609857581427012,0.10008491714891884,0.007728702657486541
A,1.139999999999997,5.779662017985434,0.20784553285387575,-1.5321447426524324,0.10230233370689135,7.3641061232220215,0.13483382101550428,-0.12004545788755491,0.08469427212307098,10,trajectory,0.48791612486294245,0.333558763060024,False,long_straight,-0.015670922508715598,0.55,0.55,0.41516617898449576,0.6848338210155043,0.41516617898449576,left,0.12705366970643153,0.059767650432384425,7.3651796114547885,-0.13609857581427012,0.10008491714891884,0.0077801513090727525
A,1.144999999999997,5.7783756369178745,0.23222053554699867,-1.575407713915,0.09497897642657449,7.392691331874092,0.1387745969486553,-0.12004545788755491,0.08469427212307098,10,trajectory,0.49865547751036876,0.35508472949031855,False,long_straight,-0.015593962225817706,0.55,0.55,0.41122540305134475,0.6887745969486554,0.41122540305134475,left,0.1310300946070844,0.05190313937437571,7.39376142539817,-0.13609857581427012,0.10008491714891884,0.007744502341570897
A,1.1499999999999968,5.776847263832195,0.2569974393811731,-1.6155869791100408,0.0874450459441154,7.421285376602328,0.14262419181854522,-0.12004545788755491,0.08469427212307098,10,trajectory,0.5097572249960215,0.3762057248490606,False,long_straight,-0.015517046147808916,0.55,0.55,0.4073758081814548,0.6926241918185453,0.4073758081814548,left,0.1350065195077373,0.044038628316366984,7.422343239341552,-0.13609857581427012,0.10008491714891884,0.007617672310807927
A,1.1549999999999967,5.775067719757178,0.28209061703745425,-1.6529020098165972,0.07971540137583455,7.449887926615364,0.14637852481286556,-0.13004545788755492,0.08427555464131184,10,trajectory,0.5537390236999039,0.3968746160608436,False,long_straight,-0.015440175017155906,0.55,0.55,0.4036214751871345,0.6963785248128656,0.4036214751871345,left,0.13898294440839012,0.036174117258358264,7.450925053284932,-0.13609857581427012,0.10008491714891884,0.007395580404475438
A,1.1599999999999966,5.773022930695615,0.30677584928400387,-1.696819979206707,0.07178042347013491,7.478498716819856,0.1500315717639579,-0.13004545788755492,0.08427555464131184,11,trajectory,0.5636358659990472,0.41753831619616555,False,long_straight,-0.015363349393656816,0.55,0.55,0.3999684282360422,0.7000315717639579,0.3999684282360422,left,0.14979149087141427,0.06926111813217219,7.478518954409894,-0.0705549368790262,0.6447668896638356,0.00024008089254362597
A,1.1649999999999965,5.770701813237446,0.3319157602865234,-1.7376596804266256,0.06363156703313777,7.507117372330421,0.15357743244935554,-0.13004545788755492,0.08427555464131184,11,trajectory,0.5738702948605668,0.43778612369488795,False,long_straight,-0.015286570125859468,0.55,0.55,0.39642256755064453,0.7035774324493556,0.39642256755064453,left,0.15225286867251753,0.061667540889813466,7.507287769253195,-0.0705549368790262,0.6447668896638356,0.0013245637768380114
A,1.1699999999999964,5.768095310280608,0.3574248802988415,-1.775636709305856,0.05528366981597799,7.535743273679404,0.15701223524653954,-0.13004545788755492,0.08427555464131184,11,trajectory,0.5843564208319227,0.45757553629425923,False,long_straight,-0.015209838710954257,0.55,0.55,0.39298776475346053,0.7070122352465396,0.39298776475346053,left,0.15471424647362142,0.05407396364745274,7.536056584096507,-0.0705549368790262,0.6447668896638356,0.002297988772918119
A,1.1749999999999963,5.765195588425824,0.3832265662698366,-1.8109539987209438,0.046750522183172105,7.564375715696161,0.1603321357887662,-0.12004545788755493,0.6441161418926019,11,trajectory,0.5680461534932951,0.48113505181222005,False,long_straight,-0.01513315686664062,0.55,0.55,0.38966786421123384,0.7103321357887662,0.38966786421123384,left,0.15717562427472534,0.046480386405092,7.564825398939816,-0.0705549368790262,0.6447668896638356,0.003156511514040866
A,1.1799999999999962,5.76480556854969,0.40984801097594836,-1.8305392189977725,0.03807849609136138,7.5930207955307685,0.16353558808311072,-0.12004545788755493,0.6441161418926019,11,trajectory,0.580644054272481,0.4987137319985936,False,long_straight,-0.01505650810718412,0.55,0.55,0.3864644119168893,0.7135355880831108,0.3864644119168893,left,0.15963700207582926,0.03888680916273127,7.593594213783128,-0.0705549368790262,0.6447668896638356,0.0038985860072814627
A,1.184999999999996,5.7641343533567655,0.436268983179345,-1.8485418822686797,0.029310636974186455,7.621684553577758,0.16662096133916282,-0.12004545788755493,0.6441161418926019,11,trajectory,0.5929955894126668,0.5156528884879551,False,long_straight,-0.014979876152221922,0.55,0.55,0.3833790386608372,0.7166209613391629,0.3833790386608372,left,0.16209837987693315,0.03129323192037053,7.622363028626438,-0.0705549368790262,0.6447668896638356,0.004522581462229669
A,1.189999999999996,5.7631823573775725,0.46246544158469544,-1.865080733129501,0.020454540679939903,7.650366075354279,0.16958440152254542,-0.12004545788755493,0.6441161418926019,11,trajectory,0.6050793417046675,0.5319624987244294,False,long_straight,-0.014903263343666104,0.55,0.55,0.38041559847745465,0.7195844015225454,0.38041559847745465,left,0.16455975767803704,0.023699654678009788,7.651131843469747,-0.0705549368790262,0.6447668896638356,0.005024643844508375
A,1.1949999999999958,5.761950589218504,0.4884167030577726,-1.8802650954680118,0.011517232293851709,7.6790643691678255,0.17242217345665134,-0.11004545788755493,0.6478616684153663,11,trajectory,0.587745298138928,0.5476981083489484,False,long_straight,-0.01482667221742808,0.55,0.55,0.3775778265433487,0.7224221734566514,0.3775778265433487,left,0.16702113547914094,0.016106077435649062,7.679900658313057,-0.0705549368790262,0.6447668896638356,0.005401037977510403
A,1.1999999999999957,5.76046693017991,0.5146773487673049,-1.885961634917419,0.00252603211741409,7.707778400656802,0.17513240525023732,-0.11004545788755493,0.6478616684153663,11,trajectory,0.6008149627420066,0.5624317184386427,False,long_straight,-0.014750105410533685,0.55,0.55,0.3748675947497627,0.7251324052502374,0.3748675947497627,left,0.16948251328024483,0.008512500193288315,7.708669473156368,-0.0705549368790262,0.6447668896638356,0.005649891969992493
A,1.2049999999999956,5.758724325068252,0.5404054719191238,-1.8910409166617441,-0.00649407002027802,7.736507086208837,0.1777132545127358,-0.11004545788755493,0.6478616684153663,11,trajectory,0.6133643854498878,0.5765050917062051,False,long_straight,-0.014673565678237507,0.55,0.55,0.37228674548726426,0.7277132545127358,0.37228674548726426,left,0.17194389108134878,0.0009189229509275823,7.737438287999678,-0.0705549368790262,0.6447668896638356,0.005769363431387037
A,1.2099999999999955,5.756728015170681,0.5656102448291183,-1.895549100656244,-0.015540123575991771,7.7652492564896525,0.18016123733200376,-0.11004545788755493,0.6478616684153663,11,trajectory,0.6254115290891462,0.5899494940709545,False,long_straight,-0.014597055990583691,0.55,0.55,0.3698387626679963,0.7301612373320038,0.3698387626679963,left,0.17440526888245267,-0.0066746542914331505,7.766207102842989,-0.0705549368790262,0.6447668896638356,0.005755968449551091
A,1.2149999999999954,5.754483291863781,0.5903009096466969,-1.8995282112649658,-0.024609398821399786,7.794003681739994,0.1824730212435957,-0.10004545788755494,0.647728471161983,11,trajectory,0.6089501483821518,0.6027937784766162,False,long_straight,-0.014520579464264981,0.55,0.55,0.36752697875640433,0.7324730212435957,0.36752697875640433,left,0.17686664668355656,-0.014268231533793897,7.794975917686299,-0.0705549368790262,0.6447668896638356,0.005606374560039151
A,1.2199999999999953,5.752004081469746,0.6150361805156316,-1.8951379547838234,-0.03367944958191815,7.822769119706207,0.18464709142388824,-0.10004545788755494,0.647728471161983,11,trajectory,0.6215435099664212,0.6147634168247244,False,long_straight,-0.014444139234720411,0.55,0.55,0.3653529085761118,0.7346470914238883,0.3653529085761118,left,0.17932802448466045,-0.021861808776154627,7.82374473252961,-0.0705549368790262,0.6447668896638356,0.00531906693922779
A,1.2249999999999952,5.74930742980872,0.6390315675743272,-1.8908001489506367,-0.042729741246254616,7.851544293238044,0.18668198377343523,-0.10004545788755494,0.647728471161983,11,trajectory,0.6334817647775097,0.626124842783884,False,long_straight,-0.014367738515556004,0.55,0.55,0.3633180162265648,0.7366819837734353,0.3633180162265648,left,0.18178940228576437,-0.029455386018515363,7.852513547372919,-0.0705549368790262,0.6447668896638356,0.004892581487670855
A,1.229999999999995,5.746401085465683,0.6623168327949691,-1.8865078410486933,-0.05176053816361392,7.880327844264566,0.18857467805492253,-0.10004545788755494,0.647728471161983,11,trajectory,0.6448068210881828,0.6369162743456347,False,long_straight,-0.01429138072030507,0.55,0.55,0.3614253219450775,0.7385746780549226,0.3614253219450775,left,0.1842507800868683,-0.03704896326087609,7.881282362216229,-0.0705549368790262,0.6447668896638356,0.004323897968054241
A,1.234999999999995,5.743292484341006,0.6849197061881694,-1.8822547343329767,-0.06077207175342281,7.909118373739738,0.19032231404781014,-0.09004545788755494,0.6517194842489865,11,trajectory,0.6286722915365154,0.647209462387408,False,long_straight,-0.014215069355802572,0.55,0.55,0.3596776859521899,0.7403223140478101,0.3596776859521899,left,0.18671215788797219,-0.044642540503236836,7.9100511770595405,-0.0705549368790262,0.6447668896638356,0.0036101561598379517
A,1.2399999999999949,5.740019526952712,0.7073938376354055,-1.870417980363353,-0.06974529417523678,7.937914596681196,0.19192378305279134,-0.09004545788755494,0.6517194842489865,11,trajectory,0.6402855274626051,0.6566902526634032,False,long_straight,-0.014138807611436056,0.55,0.55,0.3580762169472087,0.7419237830527914,0.3580762169472087,left,0.18917353568907608,-0.052236117745597575,7.93881999190285,-0.0705549368790262,0.6447668896638356,0.0027502473637152636
A,1.2449999999999948,5.736581425154508,0.7290003659947866,-1.8590800537074346,-0.07866273171014937,7.966715208176899,0.1933780326754105,-0.09004545788755494,0.6517194842489865,11,trajectory,0.6511962583038388,0.665638773490838,False,long_straight,-0.014062598714965242,0.55,0.55,0.3566219673245895,0.7433780326754106,0.3566219673245895,left,0.19163491349018,-0.0598296949879583,7.967588806746161,-0.0705549368790262,0.6447668896638356,0.0017431191852305128
A,1.2499999999999947,5.732986809267277,0.7497811832459891,-1.848199022228208,-0.08752679162927324,7.995518732258735,0.19468252524260135,-0.09004545788755494,0.6517194842489865,11,trajectory,0.6614584501573733,0.674092738983974,False,long_straight,-0.013986446331819653,0.55,0.55,0.3553174747573987,0.7446825252426014,0.3553174747573987,left,0.19409629129128392,-0.06742327223031905,7.996357621589471,-0.0705549368790262,0.6447668896638356,0.0005862339513174331
A,1.2549999999999946,5.729243797090012,0.7697749541010481,-1.837737101634834,-0.09633968197490805,8.024323670726986,0.19583487870201247,-0.08004545788755495,0.6592322031428582,11,trajectory,0.6452162454666558,0.6821495752512132,False,long_straight,-0.013910354170364224,0.55,0.55,0.3541651212979876,0.7458348787020125,0.3541651212979876,left,0.1965576690923878,-0.07501684947267977,8.025126436432782,-0.0705549368790262,0.6447668896638356,-0.0007227903903753441
A,1.2599999999999945,5.725409720606036,0.7895267782549326,-1.8202633925589649,-0.10508474737417473,8.053128752167023,0.19683439031380456,-0.08004545788755495,0.6592322031428582,12,trajectory,0.6556205672686632,0.6894658523876677,False,long_straight,-0.013834325324823359,0.55,0.55,0.3531656096861955,0.7468343903138046,0.3531656096861955,left,0.19702470984277454,-0.10300147668396252,8.05314309892436,0.03995452533405692,0.9376610234501815,-0.00019031952896997328
A,1.2649999999999944,5.72146758139841,0.8083333911557478,-1.8035768693129466,-0.11374664454347405,8.081932698976114,0.19768041181361676,-0.08004545788755495,0.6592322031428582,12,trajectory,0.6653238370148693,0.696324832444632,False,long_straight,-0.013758362892080345,0.55,0.55,0.3523195881863833,0.7476804118136168,0.3523195881863833,left,0.1968476045128925,-0.10630758836015422,8.082010586698537,0.03995452533405692,0.9376610234501815,0.0008328073007242698
A,1.2699999999999942,5.717425846545042,0.8262434676455903,-1.7876146554615322,-0.12232916823767237,8.110733983264007,0.19837086919178742,-0.08004545788755495,0.6592322031428582,12,trajectory,0.6743842166662872,0.7027605021609273,False,long_straight,-0.01368247061469619,0.55,0.55,0.3516291308082126,0.7483708691917874,0.3516291308082126,left,0.19667049918301047,-0.1096137000363468,8.110878074472723,0.03995452533405692,0.9376610234501815,0.001700370008776958
A,1.2749999999999941,5.713292382686376,0.8433018737383204,-1.7723202182341553,-0.13083581462900007,8.139531071537114,0.19890383374002582,-0.07004545788755495,0.9393886103914965,12,trajectory,0.6606592016979085,0.7114607030384447,False,long_straight,-0.013606652234381983,0.55,0.55,0.3510961662599742,0.7489038337400259,0.3510961662599742,left,0.1964933938531284,-0.11291981171253938,8.139745562246906,0.03995452533405692,0.9376610234501815,0.002410439886897431
A,1.279999999999994,5.710494675696213,0.8600304356966084,-1.7475638852892044,-0.13924435692192105,8.16832609473993,0.19927858756282213,-0.07004545788755495,0.9393886103914965,12,trajectory,0.6698303339615972,0.7166034901342645,False,long_straight,-0.013530901841395574,0.55,0.55,0.3507214124371779,0.7492785875628222,0.3507214124371779,left,0.1963162885232463,-0.11622592338873197,8.168613050021092,0.03995452533405692,0.9376610234501815,0.0029622990395758164
A,1.284999999999994,5.7076595634769625,0.8757046739106656,-1.7238565267530768,-0.14753395415752069,8.197121189474917,0.19949444766489538,-0.07004545788755495,0.9393886103914965,12,trajectory,0.6782888965463052,0.7213407564047035,False,long_straight,-0.013455213527458106,0.55,0.55,0.35050555233510466,0.7494944476648955,0.35050555233510466,left,0.19613918319336424,-0.11953203506492455,8.197480537795276,0.03995452533405692,0.9376610234501815,0.003355264471531144
A,1.2899999999999938,5.704795298123935,0.8903801805996754,-1.7011191589555437,-0.1557096686292745,8.22591483613757,0.19954975182949344,-0.07004545788755495,0.9393886103914965,12,trajectory,0.6860966119740911,0.7257026795689387,False,long_straight,-0.01337959099907989,0.55,0.55,0.35045024817050663,0.7495497518294935,0.35045024817050663,left,0.19596207786348216,-0.12283814674111712,8.22634802556946,0.03995452533405692,0.9376610234501815,0.0035876739660112844
A,1.2949999999999937,5.701909428435696,0.9041083008796291,-1.6792810864137098,-0.16377618825642815,8.254705527336355,0.1994429771322449,-0.06004545788755495,0.9605566826182582,12,trajectory,0.6690083595724687,0.7299419748842096,False,long_straight,-0.013304037915473787,0.55,0.55,0.35055702286775514,0.749442977132245,0.35055702286775514,left,0.1957849725336001,-0.12614425841730972,8.255215513343645,0.03995452533405692,0.9376610234501815,0.003658004598644793
A,1.2999999999999936,5.699129021520206,0.9174181890426146,-1.6511272968109794,-0.1717198205909991,8.283492271773913,0.19917413374330767,-0.06004545788755495,0.9605566826182582,12,trajectory,0.6767580571666592,0.7334095770960712,False,long_straight,-0.013228556568176614,0.55,0.55,0.3508258662566924,0.7491741337433078,0.3508258662566924,left,0.19560786720371803,-0.1294503700935023,8.28408300111783,0.03995452533405692,0.9376610234501815,0.0035662665395896354
A,1.3049999999999935,5.6963696247674145,0.9296571015879296,-1.6241182387903477,-0.17952781821925612,8.312274097804188,0.1987432823272388,-0.06004545788755495,0.9605566826182582,12,trajectory,0.6838388764229272,0.7365213478713314,False,long_straight,-0.013153149186827784,0.55,0.55,0.35125671767276123,0.7487432823272389,0.35125671767276123,left,0.19543076187383596,-0.1327564817696949,8.312950488892014,0.03995452533405692,0.9376610234501815,0.0033125204534028563
A,1.3099999999999934,5.693637991307516,0.940881618074969,-1.598172827135471,-0.18720571437781297,8.341049555478428,0.1981491745853755,-0.06004545788755495,0.9605566826182582,12,trajectory,0.690308024720839,0.739302080205917,False,long_straight,-0.01307781924255063,0.55,0.55,0.35185082541462454,0.7481491745853756,0.35185082541462454,left,0.19525365654395388,-0.13606259344588745,8.3418179766662,0.03995452533405692,0.9376610234501815,0.0028955180414216297
A,1.3149999999999933,5.690940196881658,0.9511442192870816,-1.5732185443833595,-0.1947586580073275,8.369817219361734,0.1973906882887101,-0.05004545788755495,0.9781753641112035,12,trajectory,0.6720606214031651,0.7419587426523749,False,long_straight,-0.013002570128351399,0.55,0.55,0.35260931171128995,0.7473906882887101,0.35260931171128995,left,0.19507655121407183,-0.13936870512208005,8.370685464440383,0.03995452533405692,0.9376610234501815,0.0023141370746382617
A,1.3199999999999932,5.688384872217655,0.960972655533859,-1.5421168722853331,-0.20217361649738974,8.398576189205345,0.19646820416502503,-0.05004545788755495,0.9781753641112035,12,trajectory,0.6784501416755212,0.7439323284903973,False,long_straight,-0.012927403851488379,0.55,0.55,0.353531795834975,0.746468204165025,0.353531795834975,left,0.19489944588418975,-0.14267481679827262,8.399552952214567,0.03995452533405692,0.9376610234501815,0.0015687582808352751
A,1.324999999999993,5.6859044158660605,0.9697220051036959,-1.512221178771938,-0.2094384005546588,8.427325593561584,0.19538214878472826,-0.05004545788755495,0.9781753641112035,12,trajectory,0.6842065100337059,0.7455803819207062,False,long_straight,-0.01285232233493512,0.55,0.55,0.3546178512152718,0.7453821487847283,0.3546178512152718,left,0.1947223405543077,-0.1459809284744652,8.428420439988752,0.03995452533405692,0.9376610234501815,0.0006598082304205555
A,1.329999999999993,5.683503845872075,0.9774494127437394,-1.4834516526047468,-0.21655884997522978,8.45606409524342,0.19413164983212658,-0.05004545788755495,0.9781753641112035,12,trajectory,0.6893819363077189,0.7469230098483357,False,long_straight,-0.012777328707805754,0.55,0.55,0.35586835016787344,0.7441316498321267,0.35586835016787344,left,0.19454523522442563,-0.14928704015065777,8.457287927762936,0.03995452533405692,0.9376610234501815,-0.00041358539229904845
A,1.3349999999999929,5.681187538797496,0.9842081569599607,-1.4557370101120346,-0.2235404264371743,8.484790392154862,0.19271595071674866,-0.040045457887554946,0.995172540730694,12,trajectory,0.6697251558038072,0.748156149315735,False,long_straight,-0.012702425995320876,0.55,0.55,0.3572840492832514,0.7427159507167487,0.3572840492832514,left,0.19436812989454355,-0.15259315182685038,8.486155415537121,0.03995452533405692,0.9376610234501815,-0.0016521791777948935
A,1.3399999999999928,5.67906013818741,0.9905306572885307,-1.4218960685622946,-0.23037031497913318,8.513503751414648,0.19113578467164316,-0.040045457887554946,0.995172540730694,12,trajectory,0.674798404246266,0.7487336536919019,False,long_straight,-0.012627615728273362,0.55,0.55,0.3588642153283569,0.7411357846716432,0.3588642153283569,left,0.19419102456466147,-0.15589926350304295,8.515022903311305,0.03995452533405692,0.9376610234501815,-0.0030552398930183133
A,1.3449999999999926,5.677056088953892,0.9957698650772341,-1.389307020818218,-0.23703648076985573,8.542203477124037,0.18939192823275244,-0.040045457887554946,0.995172540730694,12,trajectory,0.6792613606839999,0.7489973616884674,False,long_straight,-0.012552899334040933,0.55,0.55,0.36060807176724763,0.7393919282327525,0.36060807176724763,left,0.19401391923477943,-0.15920537517923555,8.54389039108549,0.03995452533405692,0.9376610234501815,-0.004621991002026982
A,1.3499999999999925,5.675178491724534,0.9999836742861781,-1.357893164736929,-0.2435449978885451,8.570888382722716,0.18748385800927353,-0.040045457887554946,0.995172540730694,12,trajectory,0.6831614719689277,0.7489633630208018,False,long_straight,-0.012478279509133416,0.55,0.55,0.3625161419907265,0.7374838580092735,0.3625161419907265,left,0.19383681390489735,-0.16251148685542813,8.572757878859674,0.03995452533405692,0.9376610234501815,-0.006352955895623819
A,1.3549999999999924,5.673429841530832,1.0032263754405577,-1.3275861672785492,-0.2499015773765354,8.599557326268698,0.1854111594821521,-0.030045457887554944,1.010750302077879,12,trajectory,0.6617600646213677,0.7488114910895944,False,long_straight,-0.012403758823540575,0.55,0.55,0.36458884051784796,0.7354111594821522,0.36458884051784796,left,0.19365970857501527,-0.1658175985316207,8.60162536663386,0.03995452533405692,0.9376610234501815,-0.008248549092863183
A,1.3599999999999923,5.671906584289878,1.0060419277384745,-1.2910792142680638,-0.25609335278603007,8.62820977030344,0.18317492051678966,-0.030045457887554944,1.010750302077879,13,trajectory,0.6655277991222928,0.7480146625177293,False,long_straight,-0.01232933826773365,0.55,0.55,0.3668250794832104,0.7331749205167897,0.3668250794832104,left,0.18333914105836116,-0.25414251491969436,8.628266902469226,0.08995453851448502,0.9263648307129813,-0.00016422054157150257
A,1.3649999999999922,5.670548981847057,1.0077721791255183,-1.2558678572557151,-0.26210820427873527,8.656845222034645,0.18077627243635705,-0.030045457887554944,1.010750302077879,13,trajectory,0.6686929499727229,0.7468978966527,False,long_straight,-0.012255018711192162,0.55,0.55,0.36922372756364297,0.7307762724363571,0.36922372756364297,left,0.17997261598045314,-0.254000779577464,8.656857136900806,0.08995453851448502,0.9263648307129813,0.0008036564559039117
A,1.3699999999999921,5.669358035049712,1.008476355155779,-1.2218795372649178,-0.26795243157732695,8.685462680431888,0.17821502674639356,-0.030045457887554944,1.010750302077879,13,trajectory,0.6712987649901971,0.7454738427382326,False,long_straight,-0.012180802336292141,0.55,0.55,0.3717849732536065,0.7282150267463936,0.3717849732536065,left,0.17660609090254425,-0.25385904423523364,8.685447371332392,0.08995453851448502,0.9263648307129813,0.0016089358438493018
A,1.374999999999992,5.6683341719826705,1.0082103460335796,-1.1890499008054167,-0.27363199162626684,8.714061198077095,0.17549110077864238,-0.020045457887554942,0.9290454814522373,13,trajectory,0.6464623352140092,0.7429006920419866,False,long_straight,-0.01210669117797549,0.55,0.55,0.37450889922135766,0.7254911007786424,0.37450889922135766,left,0.17323956582463532,-0.25371730889300326,8.71403760576398,0.08995453851448502,0.9263648307129813,0.0022515349540070673
A,1.379999999999992,5.6670835930290995,1.0075431210523682,-1.1508512203315715,-0.2791362529062935,8.742639314843638,0.1726062616200449,-0.020045457887554942,0.9290454814522373,13,trajectory,0.6488708966599717,0.7407590941124398,False,long_straight,-0.012032688590350794,0.55,0.55,0.37739373837995516,0.7226062616200449,0.37739373837995516,left,0.16987304074672643,-0.25357557355077287,8.742627840195567,0.08995453851448502,0.9263648307129813,0.0027332208733184538
A,1.3849999999999918,5.666028987709086,1.005813370560742,-1.1139660942418557,-0.2844552092805439,8.771195622349756,0.16956232425731566,-0.020045457887554942,0.9290454814522373,13,trajectory,0.650679880797458,0.7382804774693249,False,long_straight,-0.011958797781883863,0.55,0.55,0.3804376757426844,0.7195623242573157,0.3804376757426844,left,0.16650651566881752,-0.2534338382085425,8.771218074627154,0.08995453851448502,0.9263648307129813,0.0030558085884981323
A,1.3899999999999917,5.665169130531653,1.0030812704346899,-1.0783274595394468,-0.2895952602794232,8.799729336819208,0.16635943528383645,-0.020045457887554942,0.9290454814522373,13,trajectory,0.651928235248726,0.7354745979985998,False,long_straight,-0.011885020335451545,0.55,0.55,0.3836405647161636,0.7163594352838365,0.3836405647161636,left,0.1631399905909086,-0.2532921028663121,8.79980830905874,0.08995453851448502,0.9263648307129813,0.003219444692927842
A,1.3949999999999916,5.664502281975736,0.9994039558603168,-1.0438761217990926,-0.29456248927244344,8.82823973529386,0.1629978456639417,-0.010045457887554942,0.9502569655124684,13,trajectory,0.625878433855267,0.7325720553786438,False,long_straight,-0.011811357670625335,0.55,0.55,0.38700215433605833,0.7129978456639418,0.38700215433605833,left,0.1597734655129997,-0.2531503675240817,8.828398543490328,0.08995453851448502,0.9263648307129813,0.003224380150942008
A,1.3999999999999915,5.664150675096193,0.9953711523018159,-1.0026488506379807,-0.2993427825098567,8.856726881000789,0.159479382094416,-0.010045457887554942,0.9502569655124684,13,trajectory,0.6269364043407571,0.7288928764003704,False,long_straight,-0.011737809172297836,0.55,0.55,0.390520617905584,0.7094793820944161,0.390520617905584,left,0.1564069404350908,-0.2530086321818513,8.856988777921915,0.08995453851448502,0.9263648307129813,0.0030724416593252146
A,1.4049999999999914,5.664023632456125,0.9902697790216973,-0.9628149246119063,-0.3039228149655928,8.885190895031542,0.15580592091434517,-0.010045457887554942,0.9502569655124684,13,trajectory,0.6273643137351821,0.7248341297358112,False,long_straight,-0.011664374076522504,0.55,0.55,0.39419407908565485,0.7058059209143452,0.39419407908565485,left,0.15304041535718188,-0.25286689683962094,8.885579012353503,0.08995453851448502,0.9263648307129813,0.002765505557163289
A,1.4099999999999913,5.664117464836107,0.9841638593484715,-0.9243115629311238,-0.3083093924949183,8.91363123959108,0.15197794850045077,-0.010045457887554942,0.9502569655124684,13,trajectory,0.627199257709629,0.7204034790685389,False,long_straight,-0.011591053318228456,0.55,0.55,0.3980220514995493,0.7019779485004508,0.3980220514995493,left,0.149673890279273,-0.25272516149739055,8.91416924678509,0.08995453851448502,0.9263648307129813,0.0023040582211777683
A,1.4149999999999912,5.664427993137633,0.9771145735872218,-0.8870839378634838,-0.31250902641583744,8.942047446884242,0.14799606151799172,-4.5457887554941484e-05,0.9695783762448282,13,trajectory,0.5981912722064445,0.7158249401116467,False,long_straight,-0.011517847648046899,0.55,0.55,0.4020039384820083,0.6979960615179918,0.4020039384820083,left,0.14630736520136406,-0.25258342615516016,8.942759481216676,0.08995453851448502,0.9263648307129813,0.001688696316627658
A,1.419999999999991,5.66506626603778,0.9697468435475898,-0.8427596847438488,-0.3165070141595492,8.97043987623845,0.14386252066953387,-4.5457887554941484e-05,0.9695783762448282,13,trajectory,0.5977785999553797,0.7104023949418692,False,long_straight,-0.01144475568465155,0.55,0.55,0.4061374793304662,0.6938625206695339,0.4061374793304662,left,0.14294084012345518,-0.2524416908129298,8.971349715648264,0.08995453851448502,0.9263648307129813,0.0009216805460786903
A,1.424999999999991,5.665949068975937,0.9613099083404523,-0.7999375216717703,-0.3202895019003589,8.998808952146566,0.13957964569934073,-4.5457887554941484e-05,0.9695783762448282,13,trajectory,0.5966900131815817,0.7045409569702562,False,long_straight,-0.0113717758818542,0.55,0.55,0.4104203543006593,0.6895796456993408,0.4104203543006593,left,0.13957431504554624,-0.2522999554706994,8.99993995007985,0.08995453851448502,0.9263648307129813,5.3306537944886045e-06
A,1.4299999999999908,5.667069937202023,0.951873106602119,-0.7585595988604168,-0.32386384820810576,9.027154416698519,0.1351482948627768,-4.5457887554941484e-05,0.9695783762448282,13,trajectory,0.5949620011414827,0.6982473268706343,False,long_straight,-0.011298908450265713,0.55,0.55,0.41485170513722325,0.6851482948627768,0.41485170513722325,left,0.13620778996763735,-0.252158220128469,9.028530184511439,0.08995453851448502,0.9263648307129813,-0.0010594951048605583
A,1.4349999999999907,5.668421953571796,0.9415031006596712,-0.7185761059523776,-0.32723714202067233,9.055476091058608,0.1305694467593302,0.009954542112445059,0.9850512781026957,13,trajectory,0.5624751222208253,0.6917174590207811,False,long_straight,-0.01122615339565796,0.55,0.55,0.41943055324066986,0.6805694467593302,0.41943055324066986,left,0.13284126488972844,-0.2520164847862386,9.057120418943025,0.08995453851448502,0.9263648307129813,-0.0022718181303982565
A,1.4399999999999906,5.670094782713574,0.9308683949836798,-0.6711288165572646,-0.3303940473176037,9.083774645557115,0.12584586561138897,0.009954542112445059,0.9850512781026957,13,trajectory,0.5604465496820364,0.6842777165059336,False,long_straight,-0.011153508543526244,0.55,0.55,0.42415413438861105,0.675845865611389,0.42415413438861105,left,0.12947473981181953,-0.2518747494440083,9.085710653374612,0.08995453851448502,0.9263648307129813,-0.003628874200430565
A,1.4449999999999905,5.672022029822004,0.9191722759329887,-0.6253341322694118,-0.33332017448893003,9.112050822050586,0.12098038654571204,0.009954542112445059,0.9850512781026957,13,trajectory,0.5576827132324877,0.6763257847309914,False,long_straight,-0.011080971540871214,0.55,0.55,0.429019613454288,0.6709803865457121,0.429019613454288,left,0.12610821473391062,-0.2517330141017779,9.114300887806198,0.08995453851448502,0.9263648307129813,-0.005127828188198583
A,1.4499999999999904,5.674194146203792,0.9064911438245091,-0.5811393748823519,-0.33602364437983034,9.140304674346897,0.11597428567263866,0.009954542112445059,0.9850512781026957,13,trajectory,0.5542214481773521,0.6678695621523776,False,long_straight,-0.011008541803294986,0.55,0.55,0.43402571432736137,0.6659742856726387,0.43402571432736137,left,0.12274168965600173,-0.2515912787595475,9.142891122237787,0.08995453851448502,0.9263648307129813,-0.006767403983363063
A,1.4549999999999903,5.67660119831193,0.8928988073819113,-0.538499873093115,-0.33851233406219805,9.168536343675711,0.11082897329490228,0.01995454211244506,0.9964112542263546,13,trajectory,0.5177812227113581,0.6590713481755955,False,long_straight,-0.010936218523002734,0.55,0.55,0.4391710267050978,0.6608289732949023,0.4391710267050978,left,0.11937516457809282,-0.2514495434173171,9.171481356669373,0.08995453851448502,0.9263648307129813,-0.008546191283190535
A,1.4599999999999902,5.679309748750391,0.8791152259218106,-0.48798415846247456,-0.3407702608135388,9.196746842002687,0.10554779235279951,0.01995454211244506,0.9964112542263546,14,trajectory,0.5139864806736363,0.6492874939899932,False,long_straight,-0.010863998664946582,0.55,0.55,0.4444522076472005,0.6555477923527996,0.4444522076472005,left,0.10574035305355686,-0.3384435337512252,9.196831801855097,0.13995453980597325,0.02708373892018458,-0.00019256070075734932
A,1.46499999999999,5.682271129285903,0.8642899250153636,-0.4393267989892487,-0.3427825302410912,9.224937257032547,0.10013416987447707,0.01995454211244506,0.9964112542263546,14,trajectory,0.5093883812982802,0.638911559215281,False,long_straight,-0.010791879007496088,0.55,0.55,0.44986583012552295,0.6501341698744771,0.44986583012552295,left,0.10000023822347032,-0.3333444322842366,9.224912379464886,0.13995453980597325,0.02708373892018458,0.0001339316510067523
A,1.46999999999999,5.685472462309851,0.8485082467162087,-0.3924794582867696,-0.3445582998701986,9.25310798027004,0.09458985656307292,0.01995454211244506,0.9964112542263546,14,trajectory,0.5040291128379948,0.6279564693284975,False,long_straight,-0.010719858115847117,0.55,0.55,0.4554101434369271,0.644589856563073,0.4554101434369271,left,0.09426012339338224,-0.3282453308172467,9.252992957074685,0.13995453980597325,0.02708373892018458,0.0003297331696906769
A,1.4749999999999899,5.688900606869494,0.8318528531214971,-0.34740143962887016,-0.3461065043902978,9.281259497055315,0.08891675381077853,0.02995454211244506,0.029830015741022082,14,trajectory,0.45218712680627987,0.6088714206624207,False,long_straight,-0.010647934318214538,0.55,0.55,0.46108324618922153,0.6389167538107786,0.46108324618922153,left,0.08852000856329417,-0.3231462293502568,9.28107353468448,0.13995453980597325,0.02708373892018458,0.00039674524748435636
A,1.4799999999999898,5.687713116978497,0.8152712274674025,-0.3018633624522604,-0.347430544612926,9.309381798377359,0.08312314624016624,0.02995454211244506,0.029830015741022082,14,trajectory,0.44612688917092524,0.5972254041677807,False,long_straight,-0.010576132731337269,0.55,0.55,0.4668768537598338,0.6331231462401663,0.4668768537598338,left,0.08277989373320609,-0.3180471278832669,9.30915411229428,0.13995453980597325,0.02708373892018458,0.00034325250696015663
A,1.4849999999999897,5.686733575112745,0.7978670342929436,-0.25795050745628784,-0.3485334062089436,9.337464921360974,0.07721734794423107,0.02995454211244506,0.029830015741022082,14,trajectory,0.43932068174254363,0.5849860231870995,False,long_straight,-0.010504478287352256,0.55,0.55,0.47278265205576897,0.6272173479442311,0.47278265205576897,left,0.077039778903118,-0.31294802641627695,9.337234689904076,0.13995453980597325,0.02708373892018458,0.0001775690411130737
A,1.4899999999999896,5.685948974407626,0.7797187493460925,-0.21562168410025193,-0.34942309266622384,9.365509552046438,0.07120152122202936,0.02995454211244506,0.029830015741022082,14,trajectory,0.43180822368924116,0.5721705417323921,False,long_straight,-0.010432968708865729,0.55,0.55,0.47879847877797066,0.6212015212220294,0.47879847877797066,left,0.07129966407302993,-0.307848924949287,9.365315267513873,0.13995453980597325,0.02708373892018458,-9.814285100057107e-05
A,1.4949999999999894,5.6853463006939435,0.7609021925909064,-0.17484167623191427,-0.35010741635304576,9.393516457652835,0.06507796653174162,0.03995454211244506,0.030814004504221133,14,trajectory,0.38527129829342305,0.5587993449708288,False,long_straight,-0.010361601517862647,0.55,0.55,0.4849220334682584,0.6150779665317416,0.4849220334682584,left,0.06555954924294186,-0.3027498234822971,9.39339584512367,0.13995453980597325,0.02708373892018458,-0.0004815827112002319
A,1.4999999999999893,5.684937996691933,0.7422616741532805,-0.12456233407854367,-0.35056625034226885,9.421487292796389,0.05885130139598753,0.03995454211244506,0.030814004504221133,14,trajectory,0.3777792941664887,0.5444006101817914,False,long_straight,-0.010290371983862215,0.55,0.55,0.4911486986040125,0.6088513013959875,0.4911486986040125,left,0.05981943441285377,-0.2976507220153072,9.421476422733468,0.13995453980597325,0.02708373892018458,-0.0009681330168662405
A,1.5049999999999892,5.684724420847822,0.7227764359463226,-0.07629342525177019,-0.3507810790570116,9.449423766822633,0.0525262133815586,0.03995454211244506,0.030814004504221133,14,trajectory,0.36942988745465816,0.5293290101933134,False,long_straight,-0.01021927524941626,0.55,0.55,0.49747378661844144,0.6025262133815587,0.49747378661844144,left,0.054079319582765704,-0.2925516205483173,9.449557000343265,0.13995453980597325,0.02708373892018458,-0.001553106201207105
A,1.5099999999999891,5.68468931073002,0.702539581513133,-0.02998455703481532,-0.3507618073704748,9.477326853835045,0.04610533227799977,0.03995454211244506,0.030814004504221133,14,trajectory,0.3602770709194455,0.5136153485397517,False,long_straight,-0.010148308338869044,0.55,0.55,0.5038946677220003,0.5961053322779998,0.5038946677220003,left,0.048339204752677625,-0.28745251908132735,9.477637577953063,0.13995453980597325,0.02708373892018458,-0.0022338724746778574
A,1.514999999999989,5.684816589282784,0.6816406311313574,0.014408686626217582,-0.3505181032739886,9.505197611437586,0.03959144640120656,0.049954542112445065,0.04297648178208814,14,trajectory,0.30952106876725827,0.4973031992031096,False,long_straight,-0.010077468071924849,0.55,0.55,0.5104085535987934,0.5895914464012066,0.5104085535987934,left,0.042599089922589546,-0.2823534176143374,9.50571815556286,0.13995453980597325,0.02708373892018458,-0.0030076435213829827
A,1.519999999999989,5.685171203174497,0.6609839751677553,0.06870442483773168,-0.3500297060366835,9.53303816692983,0.032989768939620176,0.049954542112445065,0.04297648178208814,14,trajectory,0.30046278440689705,0.47982653889565086,False,long_straight,-0.010006748559870639,0.55,0.55,0.5170102310603799,0.5829897689396202,0.5170102310603799,left,0.03685897509250148,-0.2772543161473475,9.533798733172658,0.13995453980597325,0.02708373892018458,-0.003869206152881305
A,1.5249999999999888,5.685693956304308,0.6394904596109418,0.12054870900059225,-0.3492782343018437,9.560850694065453,0.026305590169595553,0.049954542112445065,0.04297648178208814,14,trajectory,0.2904545210509717,0.4616364252471263,False,long_straight,-0.009936143810591467,0.55,0.55,0.5236944098304045,0.5763055901695956,0.5236944098304045,left,0.031118860262413395,-0.2721552146803575,9.561879310782455,0.13995453980597325,0.02708373892018458,-0.004813270092817842
A,1.5299999999999887,5.686365487199271,0.6172677669174951,0.17000736752354476,-0.3482757587379459,9.588636443206646,0.019542065143024822,0.049954542112445065,0.04297648178208814,14,trajectory,0.2795684249629563,0.44278406452144564,False,long_straight,-0.009865650188450382,0.55,0.55,0.5304579348569752,0.5695420651430249,0.5304579348569752,left,0.02537874543232533,-0.26705611321336764,9.58995988839225,0.13995453980597325,0.02708373892018458,-0.0058366802893005075
A,1.5349999999999886,5.6871669256126145,0.5944186519054534,0.21714110876890116,-0.34703403409061284,9.616396743171439,0.012702521914645139,0.05995454211244507,0.052130632290828385,14,trajectory,0.22482164098931545,0.42333564327571815,False,long_straight,-0.009795263867517468,0.55,0.55,0.5372974780853549,0.5627025219146452,0.5372974780853549,left,0.019638630602237247,-0.2619570117463777,9.618040466002048,0.13995453980597325,0.02708373892018458,-0.006936108687592108
A,1.5399999999999885,5.688144401628656,0.5719030502051435,0.2743534191290036,-0.34553334392909196,9.644133985707978,0.0057928643859417326,0.05995454211244507,0.052130632290828385,14,trajectory,0.21417307518071313,0.40266387936549153,False,long_straight,-0.009724978338128343,0.55,0.55,0.5442071356140583,0.5557928643859418,0.5442071356140583,left,0.013898515772149164,-0.2568579102793878,9.646121043611846,0.13995453980597325,0.02708373892018458,-0.008105651386207433
A,1.5449999999999884,5.689249867586336,0.5485902473749914,0.3286505071563738,-0.34375606746640086,9.671850591186473,-0.0011809298207252654,0.05995454211244507,0.052130632290828385,14,trajectory,0.2025178440781604,0.3813052187342614,False,long_straight,-0.009654787033299285,0.55,0.55,0.5511809298207253,0.5488190701792748,0.5488190701792748,right,0.008158400942061094,-0.25175880881239787,9.674201621221643,0.13995453980597325,0.02708373892018458,-0.009339330762786358
A,1.5499999999999883,5.690461531844792,0.5246005494388208,0.38012333701035983,-0.34171653173032723,9.699548039830628,-0.008215156820457746,0.05995454211244507,0.052130632290828385,14,trajectory,0.18994923034930314,0.3593364541406778,False,long_straight,-0.009584685779838073,0.55,0.55,0.5582151568204577,0.5417848431795423,0.5417848431795423,right,0.002418286111973013,-0.24665970734540793,9.70228219883144,0.13995453980597325,0.02708373892018458,-0.01063344293243076
A,1.5549999999999882,5.691758500820756,0.5000475541139766,0.42885915691192916,-0.3394286188786282,9.727227875707477,-0.015305936151657668,0.06995454211244506,0.05854479082797394,14,trajectory,0.13183882476716424,0.33684910760752096,False,long_straight,-0.009514670252257652,0.55,0.55,0.5653059361516577,0.5346940638483424,0.5346940638483424,right,-0.003321828718115056,-0.24156060587841802,9.730362776441238,0.13995453980597325,0.02708373892018458,-0.011984107433542612
A,1.559999999999988,5.693169681828093,0.475933323963644,0.4877153162960748,-0.3368735021104059,9.754892670478919,-0.0224466989537604,0.06995454211244506,0.05854479082797394,15,trajectory,0.11973581664483313,0.31316563868505215,False,long_straight,-0.009444733537405412,0.55,0.55,0.5724466989537604,0.5275533010462397,0.5275533010462397,right,-0.022178057704530758,-0.33381260013706715,9.755002441529827,0.17819808874038037,-0.5691133813843424,-0.0002686412492296439
A,1.564999999999988,5.694657226784798,0.4510867719309568,0.5432144027975339,-0.3340346022191363,9.782544996834522,-0.029630818942037177,0.06995454211244506,0.05854479082797394,15,trajectory,0.10662022933971685,0.28890723068582874,False,long_straight,-0.009374868734670938,0.55,0.55,0.5796308189420373,0.5203691810579628,0.5203691810579628,right,-0.02870513573315054,-0.32413382976210636,9.78270644603447,0.17819808874038037,-0.5691133813843424,-0.0009256832088866372
A,1.5699999999999878,5.696198008802764,0.42563704887902737,0.5954836661919513,-0.33092836611321585,9.81018647943503,-0.03685406928871226,0.06995454211244506,0.05854479082797394,15,trajectory,0.09260903283936855,0.26417626492246654,False,long_straight,-0.009305071351452525,0.55,0.55,0.5868540692887123,0.5131459307112878,0.5131459307112878,right,-0.03523221376177206,-0.3144550593871431,9.810410450539122,0.17819808874038037,-0.5691133813843424,-0.0016218555269401982
A,1.5749999999999877,5.697770250350708,0.39970453969961206,0.644647666540961,-0.3275706119727695,9.83781878242929,-0.04411205716015457,0.07995454211244506,-0.5670708147046807,15,trajectory,0.06600458933496141,0.2458780710495163,False,long_straight,-0.009235336804616965,0.55,0.55,0.5941120571601546,0.5058879428398455,0.5058879428398455,right,-0.041759291790393574,-0.30477628901217974,9.838114455043774,0.17819808874038037,-0.5691133813843424,-0.0023527653697609993
A,1.5799999999999876,5.69623870638639,0.37441652419553156,0.7025852255931607,-0.32394694525169454,9.865437136258949,-0.05139492757555641,0.07995454211244506,-0.5670708147046807,15,trajectory,0.06075738710416375,0.2208551157369553,False,long_straight,-0.009165676742948428,0.55,0.55,0.6013949275755565,0.49860507242444363,0.49860507242444363,right,-0.0482863698190151,-0.2950975186372164,9.865818459548427,0.17819808874038037,-0.5691133813843424,-0.0031085577565413067
A,1.5849999999999875,5.694722442901494,0.34850202975441447,0.7570494909003938,-0.3200444352708147,9.893036701749194,-0.05869289357324945,0.07995454211244506,-0.5670708147046807,15,trajectory,0.057989392214082475,0.19564641835512864,False,long_straight,-0.009096102963493384,0.55,0.55,0.6086928935732495,0.4913071064267506,0.4913071064267506,right,-0.054813447847636615,-0.28541874826225305,9.893522464053078,0.17819808874038037,-0.5691133813843424,-0.003879445725612836
A,1.5899999999999874,5.693199173503425,0.3220889197130517,0.8081989877474537,-0.31588003101711903,9.92061907484373,-0.06600143364394508,0.07995454211244506,-0.5670708147046807,15,trajectory,0.05871404910060135,0.1704690113313875,False,long_straight,-0.009026611027985784,0.55,0.55,0.6160014336439451,0.483998566356055,0.483998566356055,right,-0.06134052587625813,-0.27573997788728977,9.921226468557728,0.17819808874038037,-0.5691133813843424,-0.004660907767686948
A,1.5949999999999873,5.691648251004536,0.29529480886427745,0.8561886134633465,-0.3114698987896305,9.948185859571687,-0.07331588730422028,0.08995454211244505,-0.5794638855271826,15,trajectory,0.09285410006616679,0.1461118513463785,False,long_straight,-0.008957196486955516,0.55,0.55,0.6233158873042204,0.47668411269577976,0.47668411269577976,right,-0.06786760390487964,-0.2660612075123264,9.94893047306238,0.17819808874038037,-0.5691133813843424,-0.005448283399340642
A,1.5999999999999872,5.690000225451282,0.2691575656099043,0.9143545639111115,-0.3067960734253359,9.975739365295912,-0.0806287508723719,0.08995454211244505,-0.5794638855271826,15,trajectory,0.10385592711589609,0.1213461151094522,False,long_straight,-0.008887853125311743,0.55,0.55,0.6306287508723719,0.4693712491276282,0.4693712491276282,right,-0.07439468193350117,-0.2563824371373631,9.976634477567032,0.17819808874038037,-0.5691133813843424,-0.0062340689388707266
A,1.604999999999987,5.688307150157698,0.2424517135171837,0.9687377506394785,-0.3018429697049614,10.003281826997148,-0.08793254090783853,0.08995454211244505,-0.5794638855271826,15,trajectory,0.11621360415914879,0.09797654805756704,False,long_straight,-0.008818574927620941,0.55,0.55,0.6379325409078386,0.4620674590921615,0.4620674590921615,right,-0.0809217599621227,-0.2467036667623998,10.004338482071685,0.17819808874038037,-0.5691133813843424,-0.007010780945715833
A,1.609999999999987,5.686547435188516,0.215306388023342,1.0195436151519386,-0.296628969035337,10.030814725450858,-0.09522243883610321,0.08995454211244505,-0.5794638855271826,15,trajectory,0.12971426713825063,0.07756484738422864,False,long_straight,-0.008749357785930804,0.55,0.55,0.6452224388361032,0.45477756116389684,0.45477756116389684,right,-0.08744883799074421,-0.23702489638743646,10.032042486576335,0.17819808874038037,-0.5691133813843424,-0.007773600845358997
A,1.614999999999987,5.68470142606611,0.18783877545836167,1.066971843813917,-0.2911714408693631,10.058339517208264,-0.1024935169403552,0.09995454211244505,-0.5825494508562804,15,trajectory,0.1860049854255249,0.06347567144566965,False,long_straight,-0.008680197660796545,0.55,0.55,0.6524935169403553,0.44750648305964486,0.44750648305964486,right,-0.09397591601936572,-0.22734612601247312,10.059746491080986,0.17819808874038037,-0.5691133813843424,-0.00851760092098948
A,1.6199999999999868,5.68274419211736,0.16106312909928597,1.1241140271760988,-0.28545411624675276,10.085858369037545,-0.10973811715400728,0.09995454211244505,-0.5825494508562804,15,trajectory,0.19937549773637214,0.05969545776186199,False,long_straight,-0.00861108873700045,0.55,0.55,0.6597381171540073,0.44026188284599277,0.44026188284599277,right,-0.10050299404798724,-0.21766735563750977,10.087450495585639,0.17819808874038037,-0.5691133813843424,-0.009235123106020038
A,1.6249999999999867,5.6806794901634765,0.1337797635179384,1.1773229513778987,-0.2794629522212442,10.113373339485172,-0.11694863892550285,0.09995454211244505,-0.5825494508562804,15,trajectory,0.21358237319151557,0.06870863232543269,False,long_straight,-0.008542025481760774,0.55,0.55,0.6669486389255029,0.4330513610744972,0.4330513610744972,right,-0.10703007207660876,-0.20798858526254643,10.11515450009029,0.17819808874038037,-0.5691133813843424,-0.009918566848894084
A,1.6299999999999866,5.6784874428871985,0.10611347919515912,1.2268432512329035,-0.2732169874539645,10.140885662128946,-0.1241201037874349,0.09995454211244505,-0.5825494508562804,15,trajectory,0.22848203455359908,0.08646810795562251,False,long_straight,-0.008473004441436463,0.55,0.55,0.6741201037874349,0.42587989621256517,0.42587989621256517,right,-0.11355715010523028,-0.19830981488758315,10.14285850459494,0.17819808874038037,-0.5691133813843424,-0.010562953682204626
A,1.6349999999999865,5.676150250779444,0.07817620526886616,1.2729105007700061,-0.26673406094677965,10.168396514393667,-0.13124746139455873,0.10995454211244504,-0.5846174637865643,15,trajectory,0.2856842095918404,0.10866215233881443,False,long_straight,-0.008404022308742811,0.55,0.55,0.6812474613945587,0.4187525386054413,0.4187525386054413,right,-0.1200842281338518,-0.1886310445126198,10.170562509099593,0.17819808874038037,-0.5691133813843424,-0.011163233260706923
A,1.6399999999999864,5.673646699359614,0.05093563561393333,1.3280757432894066,-0.2599996477493898,10.195907668177533,-0.13832307249218972,0.10995454211244504,-0.5846174637865643,15,trajectory,0.29934559783124026,0.13333973240563216,False,long_straight,-0.008335074292071157,0.55,0.55,0.6883230724921898,0.4116769275078103,0.4116769275078103,right,-0.12661130616247335,-0.17895227413765646,10.198266513604246,0.17819808874038037,-0.5691133813843424,-0.011711766329716378
A,1.6449999999999863,5.670974337653605,0.023242295618495463,1.379320894888127,-0.25300120364297163,10.22342075877277,-0.14533939306319946,0.10995454211244504,-0.5846174637865643,15,trajectory,0.3136684738585848,0.15900815601457802,False,long_straight,-0.008266155949907383,0.55,0.55,0.6953393930631995,0.4046606069368006,0.4046606069368006,right,-0.13313838419109483,-0.16927350376269312,10.225970518108896,0.17819808874038037,-0.5691133813843424,-0.012201008872104624
A,1.6499999999999861,5.668115609370127,-0.004787573572613082,1.426914897532688,-0.24575764386340815,10.250936653087624,-0.15229143684483903,0.10995454211244504,-0.5846174637865643,15,trajectory,0.32851583245787863,0.1850324726083699,False,long_straight,-0.008197264771157608,0.55,0.55,0.7022914368448391,0.397708563155161,0.397708563155161,right,-0.13966546221971635,-0.1595947333877298,10.253674522613547,0.17819808874038037,-0.5691133813843424,-0.012625974625122688
A,1.654999999999986,5.665055018047071,-0.03305064260925332,1.471114157506657,-0.23828657116895258,10.278456134639814,-0.15917418465774621,0.11995454211244504,-0.584844017293025,15,trajectory,0.3831680972683864,0.21105375040353705,False,long_straight,-0.00812839845650174,0.55,0.55,0.7091741846577463,0.3908258153422538,0.3908258153422538,right,-0.1461925402483379,-0.14991596301276647,10.281378527118198,0.17819808874038037,-0.5691133813843424,-0.012981644409408327
A,1.659999999999986,5.6617796580330575,-0.06064587443504518,1.5236621731975297,-0.23057521921514912,10.305980464658475,-0.16598022443508392,0.11995454211244504,-0.584844017293025,16,trajectory,0.3965131768943919,0.23750622217994913,False,long_straight,-0.008059553514676052,0.55,0.55,0.7159802244350839,0.3840197755649161,0.3840197755649161,right,-0.1656982633822171,-0.22757841797888045,10.306055912178772,0.14482844739328363,0.27437753312339197,-0.00028196105286681927
A,1.6649999999999858,5.658277194279331,-0.08864885651067246,1.5724422441874788,-0.2226125120027418,10.333510748494025,-0.1727022711898589,0.11995454211244504,-0.584844017293025,16,trajectory,0.41036784556939965,0.263715544324662,False,long_straight,-0.007990726848863016,0.55,0.55,0.722702271189859,0.3772977288101411,0.3772977288101411,right,-0.17114695716894918,-0.217013118245155,10.333880646201491,0.14482844739328363,0.27437753312339197,-0.0015553140209097205
A,1.6699999999999857,5.654532578374775,-0.11695440242717456,1.6177301028134439,-0.21441659071589347,10.361047394531415,-0.17933547483741757,0.11995454211244504,-0.584844017293025,16,trajectory,0.4246071931742046,0.2895434284117172,False,long_straight,-0.007921917107385655,0.55,0.55,0.7293354748374177,0.37066452516258247,0.37066452516258247,right,-0.17659565095568272,-0.20644781851142677,10.361705380224219,0.14482844739328363,0.27437753312339197,-0.002739823881734854
A,1.6749999999999856,5.650532679808079,-0.14546952178386466,1.6597863713620615,-0.20600425658030108,10.388590707787241,-0.18587498869513594,0.12995454211244503,0.2744335188369105,16,trajectory,0.47238802100949007,0.31048112028783004,False,long_straight,-0.007853123197228189,0.55,0.55,0.735874988695136,0.3641250113048641,0.3641250113048641,right,-0.18204434474241624,-0.19588251877769852,10.389530114246943,0.14482844739328363,0.27437753312339197,-0.0038306439527197034
A,1.6799999999999855,5.650563502601261,-0.173406104398915,1.7040628117118233,-0.1973776711384323,10.41615182638854,-0.19231618558089583,0.12995454211244503,0.2744335188369105,16,trajectory,0.48569224791697857,0.33541298953938425,False,long_straight,-0.007784316986855299,0.55,0.55,0.7423161855808958,0.35768381441910424,0.35768381441910424,right,-0.18749303852914978,-0.18531721904397028,10.417354848269671,0.14482844739328363,0.27437753312339197,-0.004823147051746052
A,1.6849999999999854,5.650318318910591,-0.20160598069177893,1.7449450123893122,-0.18853997246589627,10.443741755073273,-0.19865445985933802,0.12995454211244503,0.2744335188369105,16,trajectory,0.4992463512274542,0.35971730284581677,False,long_straight,-0.007715470727269338,0.55,0.55,0.7486544598593381,0.351345540140662,0.351345540140662,right,-0.1929417323158833,-0.17475191931024203,10.445179582292395,0.14482844739328363,0.27437753312339197,-0.0057127275434547264
A,1.6899999999999853,5.649786751215217,-0.2299859483583018,1.7826880062550425,-0.17950749288266143,10.471360431449531,-0.20488504180466047,0.12995454211244503,0.2744335188369105,16,trajectory,0.51295193128154,0.3833492849472149,False,long_straight,-0.007646584314606425,0.55,0.55,0.7548850418046605,0.34511495819533955,0.34511495819533955,right,-0.1983904261026168,-0.16418661957651373,10.473004316315121,0.14482844739328363,0.27437753312339197,-0.006494615702043655
A,1.6949999999999852,5.648960079676528,-0.25847268824438474,1.817530520946939,-0.1702953313023059,10.49900767615006,-0.21100321425980675,0.13995454211244504,0.2748958830841053,16,trajectory,0.5590484724691018,0.40627900560003055,False,long_straight,-0.007577657933237095,0.55,0.55,0.7610032142598068,0.3389967857401933,0.3389967857401933,right,-0.20383911988935033,-0.15362131984278551,10.500829050337847,0.14482844739328363,0.27437753312339197,-0.007164094370456425
A,1.699999999999985,5.647830201184421,-0.2863607190979316,1.8588124722635155,-0.1608943633731652,10.526683519841294,-0.2170024150990312,0.13995454211244504,0.2748958830841053,16,trajectory,0.5710361888266283,0.428953217144778,False,long_straight,-0.007508691240408569,0.55,0.55,0.7670024150990312,0.33299758490096887,0.33299758490096887,right,-0.2092878136760839,-0.14305602010905724,10.528653784360575,0.14482844739328363,0.27437753312339197,-0.007714601422947304
A,1.704999999999985,5.6463830966502035,-0.3145103417749493,1.8969838893749023,-0.15129655877182913,10.554387830286446,-0.22287625654342247,0.13995454211244504,0.2748958830841053,16,trajectory,0.5831815763120931,0.4509774083104035,False,long_straight,-0.0074396842961366675,0.55,0.55,0.7728762565434225,0.3271237434565776,0.3271237434565776,right,-0.21473650746281742,-0.13249072037532902,10.556478518383301,0.14482844739328363,0.27437753312339197,-0.008139749080605052
A,1.7099999999999849,5.6446104105968935,-0.3428472188827191,1.932277419695779,-0.14151689144790636,10.582120007277764,-0.22862037527181567,0.13995454211244504,0.2748958830841053,16,trajectory,0.5954040404215799,0.47232427632927765,False,long_straight,-0.007370638321682234,0.55,0.55,0.7786203752718157,0.3213796247281844,0.3213796247281844,right,-0.22018520124955093,-0.12192542064160077,10.584303252406025,0.14482844739328363,0.27437753312339197,-0.008435174022264735
A,1.7149999999999848,5.642505212868625,-0.371305553842385,1.9649101341943016,-0.13156921193071458,10.60987933348775,-0.23423047720315046,0.14995454211244505,0.2668753933163419,16,trajectory,0.6357267628875669,0.49293152251173544,False,long_straight,-0.0073015548240795295,0.55,0.55,0.7842304772031505,0.31576952279684956,0.31576952279684956,right,-0.22563389503628445,-0.11136012090787249,10.612127986428753,0.14482844739328363,0.27437753312339197,-0.008596582166866013
A,1.7199999999999847,5.640016854094038,-0.3992694378831757,2.003100787053852,-0.12144605030978939,10.637665091312266,-0.23970066010100338,0.14995454211244505,0.2668753933163419,16,trajectory,0.6463905288574242,0.5132618252023863,False,long_straight,-0.007232435304984555,0.55,0.55,0.7897006601010035,0.31029933989899666,0.31029933989899666,right,-0.231082588823018,-0.10079482117414426,10.639952720451479,0.14482844739328363,0.27437753312339197,-0.00861807127798539
A,1.7249999999999845,5.637173776766887,-0.4274874864347764,2.0384819547566306,-0.11114078481152667,10.665476410516023,-0.24502519815511478,0.14995454211244505,0.2668753933163419,16,trajectory,0.6571313879297587,0.5329532624835905,False,long_straight,-0.007163281639510425,0.55,0.55,0.7950251981551149,0.30497480184488523,0.30497480184488523,right,-0.2365312826097515,-0.090229521440416,10.667777454474203,0.14482844739328363,0.27437753312339197,-0.008493915545363273
A,1.7299999999999844,5.633969354579321,-0.4558937764886592,2.071259281526911,-0.10066695528262404,10.69331217179792,-0.25020017681185713,0.14995454211244505,0.2668753933163419,16,trajectory,0.6678858913344592,0.5519905988165511,False,long_straight,-0.007094096315154667,0.55,0.55,0.8002001768118572,0.2997998231881429,0.2997998231881429,right,-0.24197997639648505,-0.07966422170668774,10.69560218849693,0.14482844739328363,0.27437753312339197,-0.008220200415372081
A,1.7349999999999843,5.6303981801174094,-0.4844295788143149,2.101624477695836,-0.09003710886681748,10.721171143249046,-0.25522176420552223,0.15995454211244506,0.26393494922212213,16,trajectory,0.7025731708206486,0.5703522666460219,False,long_straight,-0.0070248820916715745,0.55,0.55,0.8052217642055223,0.2947782357944778,0.2947782357944778,right,-0.24742867018321857,-0.0690989219729595,10.723426922519655,0.14482844739328363,0.27437753312339197,-0.007793094022303659
A,1.7399999999999842,5.6264353098987865,-0.5125669679880508,2.1365705153039722,-0.07924564270159529,10.749052069807968,-0.2600847822471753,0.15995454211244506,0.26393494922212213,16,trajectory,0.711940569527189,0.5883491525562057,False,long_straight,-0.0069556417785283774,0.55,0.55,0.8100847822471753,0.28991521775282475,0.28991521775282475,right,-0.25287736396995214,-0.05853362223923123,10.751251656542383,0.14482844739328363,0.27437753312339197,-0.007207418277223154
A,1.7449999999999841,5.62208430257014,-0.5409413881003843,2.169008265167044,-0.0682875821419735,10.776953558157375,-0.26478422672533286,0.15995454211244506,0.26393494922212213,16,trajectory,0.7213171950959426,0.6057366296927498,False,long_straight,-0.006886378520621082,0.55,0.55,0.8147842267253329,0.2852157732746672,0.2852157732746672,right,-0.2583260577566856,-0.047968322505502994,10.779076390565109,0.14482844739328363,0.27437753312339197,-0.00645816896864726
A,1.749999999999984,5.617340085077716,-0.5694947754903672,2.1991154235721595,-0.05717503374286226,10.804874005737386,-0.2693166596674394,0.15995454211244506,0.26393494922212213,16,trajectory,0.7306551165239995,0.6225082118099271,False,long_straight,-0.006817095973863938,0.55,0.55,0.8193166596674395,0.28068334033256065,0.28068334033256065,right,-0.2637747515434192,-0.037403022771774735,10.806901124587835,0.14482844739328363,0.27437753312339197,-0.005541908124020223
A,1.754999999999984,5.6121986276372,-0.5981749948818967,2.2270577518522825,-0.045919245867758196,10.8328117056504,-0.2736787366273457,0.16995454211244507,0.26676270223277143,16,trajectory,0.7599853730572664,0.6386732267033858,False,long_straight,-0.006747798044189122,0.55,0.55,0.8236787366273457,0.27632126337265434,0.27632126337265434,right,-0.2692234453301527,-0.026837723038046497,10.834725858610561,0.14482844739328363,0.27437753312339197,-0.00445529129719302
A,1.7599999999999838,5.606664589624093,-0.6265371793914271,2.258641746356274,-0.034516385462101784,10.860764935543378,-0.27786601279265466,0.16995454211244507,0.26676270223277143,17,trajectory,0.7680999352750564,0.6544164755270835,False,long_straight,-0.0066784886669155495,0.55,0.55,0.8278660127926547,0.2721339872073454,0.2721339872073454,right,-0.2777014755956389,-0.03275553394960759,10.86077873065092,0.08995454369277306,1.9999996792229562,-0.0001645371970157572
A,1.7649999999999837,5.600713663192417,-0.6551090035842865,2.288006088514055,-0.022963065929274773,10.888731851719065,-0.28187421281510255,0.16995454211244507,0.26676270223277143,17,trajectory,0.7761708526925128,0.6695903850654301,False,long_straight,-0.006609172069299303,0.55,0.55,0.8318742128151027,0.2681257871848975,0.2681257871848975,right,-0.2800007730715441,-0.022654472345383748,10.889179855605462,0.08995454369277306,1.9999996792229562,-0.0018734397435584693
A,1.7699999999999836,5.594342232071311,-0.6838395098660565,2.315301998731396,-0.011270018689092609,10.916710416790531,-0.2857003936717396,0.16995454211244507,0.26676270223277143,17,trajectory,0.784163483927758,0.6841948567364333,False,long_straight,-0.006539852949405215,0.55,0.55,0.8357003936717396,0.26429960632826044,0.26429960632826044,right,-0.28230007054744993,-0.012553410741157216,10.917580980560015,0.08995454369277306,1.9999996792229562,-0.0034003231242896725
A,1.7749999999999835,5.587547577285101,-0.7126825455110326,2.3406707594310063,0.0005527558857334469,10.944698500261225,-0.2893417139697717,0.15995454211244506,1.9990745566322714,17,trajectory,0.7928892045025118,0.7216949671201407,False,long_straight,-0.006470536226409311,0.55,0.55,0.8393417139697718,0.26065828603022834,0.26065828603022834,right,-0.2845993680233557,-0.002452349136930685,10.945982105514565,0.08995454369277306,1.9999996792229562,-0.004742345946415982
A,1.7799999999999834,5.589032770275319,-0.7421308169441545,2.338635002231507,0.012431718218244736,10.972715587367965,-0.29279743883470627,0.15995454211244506,1.9990745566322714,17,trajectory,0.8017906816451605,0.7324738993810807,False,long_straight,-0.006401173304910896,0.55,0.55,0.8427974388347064,0.2572025611652938,0.2572025611652938,right,-0.2868986654992615,0.00764871246729585,10.974383230469119,0.08995454369277306,1.9999996792229562,-0.005898773335444751
A,1.7849999999999833,5.590186057002014,-0.7710348336466185,2.3357079029067394,0.024296612141205376,11.000781121992427,-0.29606666042738367,0.15995454211244506,1.9990745566322714,17,trajectory,0.8102365991485532,0.7426678854318427,False,long_straight,-0.0063317157600049296,0.55,0.55,0.8460666604273837,0.2539333395726164,0.2539333395726164,right,-0.2891979629751673,0.01774977407152238,11.002784355423668,0.08995454369277306,1.9999996792229562,-0.006868697452216355
A,1.7899999999999832,5.591017909529463,-0.7993930828287031,2.3319469921719316,0.03614310304016621,11.028892799668073,-0.29914647957917967,0.15995454211244506,1.9990745566322714,17,trajectory,0.8182474381590642,0.752309262003159,False,long_straight,-0.006262169026928348,0.55,0.55,0.8491464795791797,0.2508535204208204,0.2508535204208204,right,-0.2914972604510731,0.027850835675748913,11.031185480378218,0.08995454369277306,1.9999996792229562,-0.007649219128106566
A,1.794999999999983,5.591538934920154,-0.8272042966063534,2.3274050530871198,0.04796713214906134,11.057048261393616,-0.30203415496299657,0.14995454211244505,2.0,17,trajectory,0.8105453011258816,0.7614478654147606,False,long_straight,-0.0061925386630594615,0.55,0.55,0.8520341549629966,0.24796584503700347,0.24796584503700347,right,-0.29379655792697895,0.037951897279975444,11.059586605332772,0.08995454369277306,1.9999996792229562,-0.008237597036017619
A,1.799999999999983,5.591771741922555,-0.8547655548818455,2.317856282414737,0.059754095118460526,11.085245158054821,-0.30472799848364274,0.14995454211244505,2.0,17,trajectory,0.8185612790029198,0.7699630006026772,False,long_straight,-0.006122830188720759,0.55,0.55,0.8547279984836428,0.2452720015163573,0.2452720015163573,right,-0.29609585540288474,0.04805295888420198,11.08798773028732,0.08995454369277306,1.9999996792229562,-0.008632143080757992
A,1.8049999999999828,5.591730814861616,-0.8816468728518488,2.30788291929052,0.07149051371112503,11.113481110299388,-0.3072264140193065,0.14995454211244505,2.0,17,trajectory,0.8261138446033243,0.777990375853114,False,long_straight,-0.00605304918665311,0.55,0.55,0.8572264140193065,0.24277358598069354,0.24277358598069354,right,-0.29839515287879054,0.05815402048842851,11.116388855241873,0.08995454369277306,1.9999996792229562,-0.008831261140515967
A,1.8099999999999827,5.591428434024017,-0.9078573132402158,2.297508640320914,0.08317430259412495,11.141753650375602,-0.30952702772613594,0.14995454211244505,2.0,17,trajectory,0.83323148841933,0.7855602378169627,False,long_straight,-0.005983201445845279,0.55,0.55,0.859527027726136,0.2404729722738641,0.2404729722738641,right,-0.30069445035469633,0.06825508209265503,11.144789980196425,0.08995454369277306,1.9999996792229562,-0.00883257737143961
A,1.8149999999999826,5.590876735754634,-0.9334052649675156,2.2867555269305875,0.09480349124084153,11.170060279837033,-0.31162761286952406,0.13995454211244504,2.0,17,trajectory,0.8257310109578834,0.7927006996673197,False,long_straight,-0.005913292818983938,0.55,0.55,0.8616276128695242,0.23837238713047598,0.23837238713047598,right,-0.3029937478306022,0.07835614369688157,11.173191105150977,0.08995454369277306,1.9999996792229562,-0.008633865038921884
A,1.8199999999999825,5.5900955119224065,-0.9585748324007717,2.2716860966608134,0.10636622230368076,11.198398556929488,-0.3135269154518589,0.13995454211244504,2.0,17,trajectory,0.8327791751390364,0.7993473880206245,False,long_straight,-0.005843329006935609,0.55,0.55,0.863526915451859,0.23647308454814114,0.23647308454814114,right,-0.30529304530650797,0.0884572053011081,11.201592230105526,0.08995454369277306,1.9999996792229562,-0.00823387014535093
A,1.8249999999999824,5.589105257256106,-0.9829759552818595,2.2565077786282095,0.11785151923343884,11.226766027995184,-0.3152237662100344,0.13995454211244504,2.0,17,trajectory,0.83938934575851,0.8055954513385709,False,long_straight,-0.005773315728572119,0.55,0.55,0.8652237662100344,0.23477623378996565,0.23477623378996565,right,-0.30759234278241376,0.09855826690533463,11.229993355060078,0.08995454369277306,1.9999996792229562,-0.007631423427620632
A,1.8299999999999823,5.587918808764552,-1.0066240615371271,2.241223148177215,0.12925882381695786,11.255160146227315,-0.3167162752461278,0.13995454211244504,2.0,17,trajectory,0.8455921000218756,0.8114707416656496,False,long_straight,-0.00570325892147571,0.55,0.55,0.8667162752461278,0.23328372475387227,0.23328372475387227,right,-0.30989164025831956,0.10865932850956116,11.25839448001463,0.08995454369277306,1.9999996792229562,-0.00682463498780822
A,1.8349999999999822,5.586548688339353,-1.029533449808957,2.2258352174029383,0.14058759246806662,11.283578354066544,-0.31800268487359673,0.12995454211244503,2.0,17,trajectory,0.8381224038906766,0.8169970383158202,False,long_straight,-0.005633164538714698,0.55,0.55,0.8680026848735968,0.23199731512640331,0.23199731512640331,right,-0.31219093773422535,0.1187603901137877,11.28679560496918,0.08995454369277306,1.9999996792229562,-0.0058117471393713815
A,1.839999999999982,5.585015343648588,-1.051976056514205,2.2066403123283753,0.15182794474325778,11.31201819966808,-0.319082137155576,0.12995454211244503,2.0,17,trajectory,0.8442262885937724,0.8221203245633296,False,long_straight,-0.005563038262016039,0.55,0.55,0.869082137155576,0.23091786284442406,0.23091786284442406,right,-0.31449023521013114,0.12886145171801422,11.315196729923732,0.08995454369277306,1.9999996792229562,-0.004591901945444843
A,1.844999999999982,5.583339620199523,-1.0735929893819791,2.1875495415198154,0.162970698551391,11.340477234376536,-0.3199538493839371,0.12995454211244503,2.0,17,trajectory,0.8499312616996003,0.8269190745592415,False,long_straight,-0.0054928857552012725,0.55,0.55,0.8699538493839372,0.23004615061606293,0.23004615061606293,right,-0.316789532686037,0.13896251332224077,11.343597854878285,0.08995454369277306,1.9999996792229562,-0.003164316697900127
A,1.8499999999999819,5.581534082791839,-1.094403496142268,2.1685532201744726,0.1740163323316004,11.368952901858934,-0.32061636313233277,0.12995454211244503,2.0,17,trajectory,0.8552667759607051,0.8314143917240399,False,long_straight,-0.005422712937715938,0.55,0.55,0.8706163631323328,0.22938363686766727,0.22938363686766727,right,-0.3190888301619428,0.1490635749264673,11.371998979832835,0.08995454369277306,1.9999996792229562,-0.0015275329703899887
A,1.8549999999999818,5.57961087991965,-1.1144255155708787,2.149643281197212,0.18496528095483944,11.397442651085626,-0.3210683363848011,0.11995454211244504,2.0,17,trajectory,0.8476839999960722,0.8356255751388914,False,long_straight,-0.005352525706301383,0.55,0.55,0.8710683363848011,0.22893166361519895,0.22893166361519895,right,-0.32138812763784863,0.15916463653069382,11.400400104787385,0.08995454369277306,1.9999996792229562,0.0003197912530475411
A,1.8599999999999817,5.5775903401256155,-1.133920813320201,2.127300698840421,0.19580908768623173,11.425944078115561,-0.32130926460091197,0.11995454211244504,2.0,18,trajectory,0.8529131333411502,0.8395049233478498,False,long_straight,-0.00528232958623004,0.55,0.55,0.871309264600912,0.22869073539908807,0.22869073539908807,right,-0.32140159655395667,0.1947450126879489,11.425962066002398,-4.545691045476749e-05,1.9999998379054695,9.233195304469977e-05
A,1.8649999999999816,5.575492971580651,-1.1525542361673098,2.1052071288132614,0.2065398592765595,11.454454794338089,-0.3213387087158263,0.11995454211244504,2.0,18,trajectory,0.857784937255158,0.8431178095440768,False,long_straight,-0.005212130056549096,0.55,0.55,0.8713387087158264,0.22866129128417373,0.22866129128417373,right,-0.3196458595759124,0.20173623781689393,11.454502472875744,-4.545691045476749e-05,1.9999998379054695,-0.00169284913991391
A,1.8699999999999815,5.573330521461047,-1.1703473570014777,2.0833464136282367,0.21715878509368114,11.482972289637672,-0.3211555880791069,0.11995454211244504,2.0,18,trajectory,0.862326255805584,0.8464810101797718,False,long_straight,-0.005141932887269239,0.55,0.55,0.8711555880791069,0.22884441192089316,0.22884441192089316,right,-0.3178901225978677,0.20872746294584085,11.4830428797491,-4.545691045476749e-05,1.9999998379054695,-0.0032654654812391826
A,1.8749999999999813,5.571114262639127,-1.1873204143878664,2.06170463120217,0.22766698019766185,11.511494071896308,-0.3207589234130976,0.10995454211244504,2.0,18,trajectory,0.8545027649207141,0.849609806802253,False,long_straight,-0.0050717437960725986,0.55,0.55,0.8707589234130977,0.22924107658690246,0.22924107658690246,right,-0.31613438561982293,0.21571868807478775,11.511583286622454,-4.545691045476749e-05,1.9999998379054695,-0.004624537793274652
A,1.8799999999999812,5.568863907926264,-1.2037277928726724,2.0368957140623105,0.23805699540610625,11.540017831956302,-0.32014852284912804,0.10995454211244504,2.0,18,trajectory,0.8589383562663229,0.8524600978299945,False,long_straight,-0.005001568042947969,0.55,0.55,0.8701485228491281,0.229851477150872,0.229851477150872,right,-0.3143786486417783,0.22270991320373465,11.540123693495808,-4.545691045476749e-05,1.9999998379054695,-0.005769874207349757
A,1.8849999999999811,5.566599192957488,-1.2192513535383362,2.0124363639029044,0.24832184548378589,11.568541285718714,-0.3193242509480444,0.10995454211244504,2.0,18,trajectory,0.8630548394089962,0.8550873197148638,False,long_straight,-0.004931410819472292,0.55,0.55,0.8693242509480444,0.23067574905195565,0.23067574905195565,right,-0.3126229116637335,0.22970113833268155,11.56866410036916,-4.545691045476749e-05,1.9999998379054695,-0.006701339284310881
A,1.889999999999981,5.5643306878805845,-1.2339141528157962,1.9883076072250816,0.2584632185273339,11.597062013511747,-0.3182853547786472,0.10995454211244504,2.0,18,trajectory,0.866875950461856,0.8575045597981559,False,long_straight,-0.004861277644176276,0.55,0.55,0.8682853547786473,0.23171464522135282,0.23171464522135282,right,-0.3108671746856888,0.23669236346162845,11.597204507242514,-4.545691045476749e-05,1.9999998379054695,-0.007418180092958415
A,1.894999999999981,5.562068456415214,-1.2477379689078445,1.9644929839942935,0.26848271496715936,11.625577623672125,-0.3170311692882211,0.09995454211244505,2.0,18,trajectory,0.8586836728303717,0.859723692751066,False,long_straight,-0.004791173960402059,0.55,0.55,0.8670311692882211,0.23296883071177893,0.23296883071177893,right,-0.3091114377076441,0.24368358859057537,11.62574491411587,-4.545691045476749e-05,1.9999998379054695,-0.007919731580577016
A,1.8999999999999808,5.55983129011013,-1.2609730332426736,1.9376868031338492,0.278373573654334,11.654085940012079,-0.31556177941625435,0.09995454211244505,2.0,18,trajectory,0.8624000420561636,0.8617022276508629,False,long_straight,-0.004721104676042402,0.55,0.55,0.8655617794162545,0.2344382205837457,0.2344382205837457,right,-0.30735570072959933,0.25067481371952227,11.654285320989224,-4.545691045476749e-05,1.9999998379054695,-0.008206078686655016
A,1.9049999999999807,5.557637889094978,-1.2733120421617992,1.9113025689728445,0.28812942380292794,11.682584819299828,-0.3138773186496289,0.09995454211244505,2.0,18,trajectory,0.8658293495829106,0.8634882929448454,False,long_straight,-0.004651074612964199,0.55,0.55,0.8638773186496289,0.23612268135037112,0.23612268135037112,right,-0.3055999637515546,0.25766603884846917,11.682825727862578,-4.545691045476749e-05,1.9999998379054695,-0.008277354898074296
A,1.9099999999999806,5.555497406919217,-1.2847791013679888,1.8853207558704825,0.2977523171116223,11.71107196759019,-0.31197731760522157,0.09995454211244505,2.0,18,trajectory,0.8689922264778437,0.8650918981485028,False,long_straight,-0.004581088958617779,0.55,0.55,0.8619773176052217,0.23802268239477847,0.23802268239477847,right,-0.3038442267735099,0.26465726397741607,11.71136613473593,-4.545691045476749e-05,1.9999998379054695,-0.008133090831711653
A,1.9149999999999805,5.553418473760313,-1.2953971352441729,1.859724442718021,0.3072442150696082,11.739545126943606,-0.30986138314700534,0.08995454211244505,2.0,18,trajectory,0.8602909570885067,0.8665220736784058,False,long_straight,-0.004511152807406232,0.55,0.55,0.8598613831470054,0.2401386168529947,0.2401386168529947,right,-0.3020884897954652,0.27164848910636297,11.739906541609285,-4.545691045476749e-05,1.9999998379054695,-0.007772893351540133
A,1.9199999999999804,5.5514187848791074,-1.3054157392203818,1.8312350367361367,0.3165987909271961,11.768002286070654,-0.3075298474106512,0.08995454211244505,2.0,18,trajectory,0.8633459019110209,0.8677363048990646,False,long_straight,-0.004441270643912467,0.55,0.55,0.8575298474106512,0.24247015258934884,0.24247015258934884,right,-0.30033275281742045,0.2786397142353099,11.768446948482639,-4.545691045476749e-05,1.9999998379054695,-0.007197094593230757
A,1.9249999999999803,5.549515858632241,-1.3145326241670563,1.8032227356769988,0.3258100538772064,11.796441473250525,-0.3049830845806239,0.08995454211244505,2.0,18,trajectory,0.8661384172456452,0.8687775582411389,False,long_straight,-0.00437144685223894,0.55,0.55,0.8549830845806239,0.24501691541937615,0.24501691541937615,right,-0.29857701583937574,0.28563093936425676,11.796987355355993,-4.545691045476749e-05,1.9999998379054695,-0.006406068741248161
A,1.9299999999999802,5.547717268217106,-1.3227727748837639,1.7756688556531408,0.3348803365515485,11.824860549052294,-0.30222087148255916,0.08995454211244505,2.0,18,trajectory,0.8686862490065763,0.8696532589277396,False,long_straight,-0.004301686225181443,0.55,0.55,0.8522208714825592,0.24777912851744088,0.24777912851744088,right,-0.29682127886133103,0.2926221644932037,11.825527762229347,-4.545691045476749e-05,1.9999998379054695,-0.005399592621228133
A,1.93499999999998,5.546030055194481,-1.330160111801886,1.7485573189149946,0.3438118855504402,11.853257416639437,-0.29924305153021336,0.07995454211244506,2.0,18,trajectory,0.8593141714181115,0.8703700368453688,False,long_straight,-0.004231993448065386,0.55,0.55,0.8492430515302134,0.2507569484697867,0.2507569484697867,right,-0.2950655418832863,0.2996133896221506,11.854068169102701,-4.545691045476749e-05,1.9999998379054695,-0.004177509646927036
A,1.93999999999998,5.544470732505408,-1.336947380885243,1.7185819153038933,0.35259859793172543,11.881630257547316,-0.2960501814251068,0.07995454211244506,2.0,18,trajectory,0.8617439107769441,0.8708838261225728,False,long_straight,-0.004162372520684882,0.55,0.55,0.8460501814251069,0.25394981857489324,0.25394981857489324,right,-0.2933098049052416,0.3066046147510975,11.882608575976056,-4.545691045476749e-05,1.9999998379054695,-0.0027403765198651953
A,1.9449999999999799,5.543055569059287,-1.3428316456691627,1.6891291268409139,0.36123466671763627,11.909977298702097,-0.2926428549310301,0.07995454211244506,2.0,18,trajectory,0.863927881338299,0.8712342100002218,False,long_straight,-0.004092827329769284,0.55,0.55,0.8426428549310301,0.25735714506896995,0.25735714506896995,right,-0.29155406792719685,0.31359583988004447,11.911148982849408,-4.545691045476749e-05,1.9999998379054695,-0.001088787003833247
A,1.9499999999999797,5.541790439983857,-1.3478387866946755,1.6601819862642524,0.3697226592791072,11.938296579682444,-0.28902106497704827,0.07995454211244506,2.0,18,trajectory,0.8658812239665874,0.8714263813292527,False,long_straight,-0.004023362220208788,0.55,0.55,0.8390210649770483,0.2609789350229518,0.2609789350229518,right,-0.28979833094915214,0.3205870650089913,11.939689389722764,-4.545691045476749e-05,1.9999998379054695,0.0007772659721038688
A,1.9549999999999796,5.540680685233088,-1.3519937482139797,1.6317261048166043,0.3780650654180646,11.96658618837905,-0.28518486343503924,0.06995454211244506,2.0,18,trajectory,0.8556459641747194,0.8714648785167207,False,long_straight,-0.003953981417049604,0.55,0.55,0.8351848634350393,0.2648151365649608,0.2648151365649608,right,-0.28804259397110743,0.32757829013793827,11.968229796596118,-4.545691045476749e-05,1.9999998379054695,0.0028577305360681926
A,1.9599999999999795,5.5397416093656755,-1.3555565444842137,1.6003701586095762,0.38625582150965165,11.99484452514074,-0.2811350164794216,0.06995454211244506,2.0,19,trajectory,0.8574620589976013,0.8713024744508548,False,long_straight,-0.003884688378227937,0.55,0.55,0.8311350164794216,0.26886498352057847,0.26886498352057847,right,-0.2812107558931398,0.3853178774646685,11.994876637017446,-0.05004545750642956,1.999999888095494,7.573941371824544e-05
A,1.9649999999999794,5.53898821578443,-1.3582178837201853,1.5695781737758898,0.3942891312705652,12.023070041187633,-0.2768723239903604,0.06995454211244506,2.0,19,trajectory,0.859040682802087,0.8709769145112658,False,long_straight,-0.0038154864367461075,0.55,0.55,0.8268723239903604,0.27312767600963966,0.27312767600963966,right,-0.2752234202460762,0.3890768218808958,12.022843989138595,-0.05004545750642956,1.999999888095494,-0.0016489037442841692
A,1.9699999999999793,5.538424588704581,-1.3600047108903082,1.5393354873075766,0.4021677772504888,12.05126097728493,-0.27239697241077304,0.06995454211244506,2.0,19,trajectory,0.8603946324848997,0.870491373777028,False,long_straight,-0.003746379441582281,0.55,0.55,0.8223969724107731,0.277603027589227,0.277603027589227,right,-0.26923608459901105,0.39283576629712413,12.050811341259756,-0.05004545750642956,1.999999888095494,-0.003160887811761992
A,1.9749999999999792,5.5380542759664,-1.3609431719065472,1.509629994543988,0.40989447583902283,12.079415627840175,-0.2677092015475425,0.05995454211244506,2.0,19,trajectory,0.849063913921334,0.8698484812306149,False,long_straight,-0.0036773711103097904,0.55,0.55,0.8177092015475426,0.2822907984524575,0.2822907984524575,right,-0.2632487489519459,0.39659471071335245,12.078778693380912,-0.05004545750642956,1.999999888095494,-0.004460452595596631
A,1.979999999999979,5.53789138615969,-1.3613051125883553,1.4769232525389409,0.41746303173341737,12.10753263799008,-0.2628099801425046,0.05995454211244506,2.0,19,trajectory,0.8502507203459051,0.868995984994637,False,long_straight,-0.0036084643014315937,0.55,0.55,0.8128099801425046,0.2871900198574954,0.2871900198574954,right,-0.2572614133048807,0.40035365512958077,12.106746045502069,-0.05004545750642956,1.999999888095494,-0.005548566837623892
A,1.984999999999979,5.537949672217472,-1.3607689239180996,1.444821989921462,0.424867497987107,12.135610709296968,-0.2577003090672797,0.05995454211244506,2.0,19,trajectory,0.8511994781899122,0.8679712472730191,False,long_straight,-0.0035396617363012937,0.55,0.55,0.8077003090672797,0.29229969093272035,0.29229969093272035,right,-0.2512740776578155,0.40411259954580914,12.134713397623226,-0.05004545750642956,1.999999888095494,-0.006426231409464189
A,1.989999999999979,5.538231343231472,-1.359362929851285,1.413314303988698,0.4321108740686732,12.163648305376183,-0.25238055360211264,0.05995454211244506,2.0,19,trajectory,0.8519208502486288,0.8667755203558893,False,long_straight,-0.0034709667206173174,0.55,0.55,0.8023805536021127,0.2976194463978874,0.2976194463978874,right,-0.24528674201075032,0.4078715439620374,12.162680749744384,-0.05004545750642956,1.999999888095494,-0.007093811591362326
A,1.9949999999999788,5.5387380717045325,-1.3571148036647394,1.3823908600327106,0.43919610704376444,12.191643948877354,-0.24685112898856357,0.04995454211244506,2.0,19,trajectory,0.8392124410606113,0.8654095994445069,False,long_straight,-0.0034023824167864307,0.55,0.55,0.7968511289885636,0.3031488710114365,0.3031488710114365,right,-0.23929940636368516,0.4116304883782657,12.190648101865541,-0.05004545750642956,1.999999888095494,-0.00755172262487841
B,0.0,5.253846582838669,0.0,0.9966576677921577,0.034598592705642695,1.0,-0.11268618155631815,0.054923548927100344,0.8147200477683639,0,trajectory,0.1466376832263594,0.15405473673431372,False,long_straight,0.08292956750372261,0.55,0.55,0.6626861815563182,0.4373138184436819,0.4373138184436819,right,-0.11268618155631815,0.034598592705642695,1.0,0.054923548927100344,0.8147200477683639,0.0
B,0.005,5.257871177613078,-0.019571304729386816,0.9924887446583358,0.03741976992540863,1.026022597904767,-0.11178933738566722,0.054923548927100344,0.8147200477683639,0,trajectory,0.16128618008745207,0.16783941944007752,False,long_straight,0.08243507969817121,0.55,0.55,0.6617893373856673,0.43821066261433284,0.43821066261433284,right,-0.11181195624700732,0.03724289883026733,1.026219518779235,0.054923548927100344,0.8147200477683639,2.2618861340098495e-05
B,0.01,5.261801263342087,-0.03825510919725477,0.9884844057422196,0.04023147391073545,1.052069272623353,-0.11091330273120314,0.054923548927100344,0.8147200477683639,0,trajectory,0.17565549594864913,0.1812627794250671,False,long_straight,0.08193528478963094,0.55,0.55,0.6609133027312032,0.4390866972687969,0.4390866972687969,right,-0.1109377309376965,0.039887204954891974,1.0524390375584698,0.054923548927100344,0.8147200477683639,2.4428206493357085e-05
B,0.015,5.265641849166391,-0.05609616218371357,0.9846402599296573,0.043034706746697626,1.0781396794802087,-0.11005388586704057,0.054923548927100344,0.8147200477683639,0,trajectory,0.18961652023517186,0.1942425116043243,False,long_straight,0.08143022751326826,0.55,0.55,0.6600538858670406,0.4399461141329595,0.4399461141329595,right,-0.11006350562838565,0.04253151107951661,1.0786585563377047,0.054923548927100344,0.8147200477683639,9.619761345086575e-06
B,0.02,5.269397635839166,-0.07313701915016026,0.9809513750552372,0.04583044543859005,1.1042334782985987,-0.10920709029639622,0.054923548927100344,0.8147200477683639,0,trajectory,0.20309718404528787,0.20673479842678807,False,long_straight,0.08091995343485311,0.55,0.55,0.6592070902963962,0.44079290970360385,0.44079290970360385,right,-0.10918928031907484,0.04517581720414125,1.1048780751169396,0.054923548927100344,0.8147200477683639,-1.780997732138412e-05
B,0.025,5.273073035455521,-0.08941808821801352,0.9774124609403558,0.0486196396407208,1.1303503335641003,-0.10836910439241937,0.054923548927100344,0.8147200477683639,0,trajectory,0.21606043223853832,0.21871986436580193,False,long_straight,0.0804045089152713,0.55,0.55,0.6583691043924194,0.4416308956075807,0.4416308956075807,right,-0.108315055009764,0.047820123328765896,1.1310975938961745,0.054923548927100344,0.8147200477683639,-5.4049382655366185e-05
B,0.03,5.276672190301789,-0.10497769167329558,0.974018015527022,0.05140321021278016,1.1564899145174652,-0.10753629136979785,0.054923548927100344,0.8147200477683639,0,trajectory,0.22849110565281516,0.23019315398352544,False,long_straight,0.07988394107607456,0.55,0.55,0.6575362913697979,0.4424637086302022,0.4424637086302022,right,-0.10744082970045317,0.050464429453390525,1.1573171126754094,0.054923548927100344,0.8147200477683639,-9.546166934468192e-05
B,0.034999999999999996,5.280198990729964,-0.11985213857583686,0.9707624401053682,0.05418204843367613,1.1826518951849878,-0.10670517963358263,0.0565068032526114,0.8125729484678798,0,trajectory,0.24678139043352043,0.24108465844773017,False,long_straight,0.07935829776603263,0.55,0.55,0.6567051796335827,0.44329482036641743,0.44329482036641743,right,-0.10656660439114235,0.05310873557801517,1.1835366314546443,0.054923548927100344,0.8147200477683639,-0.00013857524244027808
B,0.039999999999999994,5.2836460830822745,-0.13393965557543797,0.9695526548427864,0.056961862562120213,1.2088359060856286,-0.10587204871028222,0.0565068032526114,0.8125729484678798,0,trajectory,0.2578260055458996,0.2516758020216622,False,long_straight,0.0788276285110922,0.55,0.55,0.6558720487102823,0.4441279512897178,0.4441279512897178,right,-0.10569237908183152,0.05575304170263981,1.2097561502338792,0.054923548927100344,0.8147200477683639,-0.00017966962845070156
B,0.04499999999999999,5.28702707619221,-0.1474625731217274,0.9683283267386884,0.05974784707893699,1.2350415838635538,-0.10503334377737046,0.0565068032526114,0.8125729484678798,0,trajectory,0.26840993874703983,0.2618108902026095,False,long_straight,0.07829198350412304,0.55,0.55,0.6550333437773705,0.4449666562226296,0.4449666562226296,right,-0.10481815377252068,0.05839734782726445,1.235975669013114,0.054923548927100344,0.8147200477683639,-0.00021519000484977735
B,0.04999999999999999,5.2903448176804515,-0.16044603896481802,0.9670949882146807,0.06254012061303937,1.2612686177935042,-0.10418605469785303,0.0565068032526114,0.8125729484678798,0,trajectory,0.278546037115663,0.27150398146408,False,long_straight,0.07775141260723654,0.55,0.55,0.6541860546978531,0.445813945302147,0.445813945302147,right,-0.10394392846320985,0.06104165395188908,1.262195187792349,0.054923548927100344,0.8147200477683639,-0.00024212623464317518
B,0.054999999999999986,5.293602024312912,-0.17291404126082452,0.9658574589214367,0.06533882588554185,1.2875167003555519,-0.10332729234293705,0.056135076546368304,0.8117284549247837,0,trajectory,0.28671595307473846,0.28074543361070164,False,long_straight,0.07720596630870542,0.55,0.55,0.6533272923429371,0.446672707657063,0.446672707657063,right,-0.10306970315389903,0.06368596007651373,1.2884147065715839,0.054923548927100344,0.8147200477683639,-0.00025758918903802386
B,0.059999999999999984,5.296797182634003,-0.18492066270807384,0.9641869461032587,0.06814303054096715,1.31378552262099,-0.10245437588852001,0.056135076546368304,0.8117284549247837,0,trajectory,0.2960804481582777,0.28957762303672013,False,long_straight,0.0766556957882084,0.55,0.55,0.6524543758885201,0.44754562411148,0.44754562411148,right,-0.10219547784458821,0.06633026620113835,1.3146342253508188,0.054923548927100344,0.8147200477683639,-0.00025889804393179616
B,0.06499999999999999,5.299937157999493,-0.19644427525110944,0.9625516566029662,0.07095192740535028,1.340074778162883,-0.1015647289246009,0.056135076546368304,0.8117284549247837,0,trajectory,0.3050307044589,0.2980113610791377,False,long_straight,0.07610065280595282,0.55,0.55,0.6515647289246009,0.44843527107539916,0.44843527107539916,right,-0.10132125253527738,0.068974572325763,1.3408537441300536,0.054923548927100344,0.8147200477683639,-0.00024347638932352422
B,0.06999999999999999,5.303024378085259,-0.2075068982135614,0.960952348094077,0.07376586474615587,1.3663841677267643,-0.10065578398029137,0.056135076546368304,0.8117284549247837,0,trajectory,0.31358442995044333,0.30606437818360027,False,long_straight,0.07554088957165851,0.55,0.55,0.6506557839802914,0.44934421601970864,0.44934421601970864,right,-0.10044702722596655,0.07161887845038764,1.3670732629092885,0.054923548927100344,0.8147200477683639,-0.0002087567543248292
B,0.07499999999999998,5.306061149350825,-0.2181294535392078,0.9593895458145503,0.07658519221891869,1.39271339481656,-0.09972507317553148,0.0531077926776399,0.8119813090730689,0,trajectory,0.3096176564196515,0.3137608902948333,False,long_straight,0.07497645880458387,0.55,0.55,0.6497250731755315,0.45027492682446857,0.45027492682446857,right,-0.09957280191665571,0.07426318457501227,1.3932927816885232,0.054923548927100344,0.8147200477683639,-0.00015227125887576354
B,0.07999999999999999,5.309052279514315,-0.22858106583598017,0.9543701290030884,0.07940141405615897,1.4190622249496068,-0.09877096534583792,0.0531077926776399,0.8119813090730689,0,trajectory,0.31806049758294713,0.3208979524917341,False,long_straight,0.07440741241790313,0.55,0.55,0.648770965345838,0.45122903465416214,0.45122903465416214,right,-0.09869857660734489,0.07690749069963693,1.4195123004677583,0.054923548927100344,0.8147200477683639,-7.23887384930233e-05
B,0.08499999999999999,5.31200030459371,-0.23853309758403446,0.9496362211349615,0.08220687900474521,1.4454304230216681,-0.09779188584092996,0.0531077926776399,0.8119813090730689,0,trajectory,0.3260523940938461,0.32766130491609374,False,long_straight,0.07383380280875432,0.55,0.55,0.64779188584093,0.4522081141590701,0.4522081141590701,right,-0.09782435129803405,0.07955179682426157,1.4457318192469932,0.054923548927100344,0.8147200477683639,3.2465457104086104e-05
B,0.09,5.314907685262415,-0.24801341025991108,0.9451692320881275,0.08500313081811983,1.4718176971911594,-0.09678559969187753,0.0531077926776399,0.8119813090730689,0,trajectory,0.33361987282461675,0.3340726826388984,False,long_straight,0.07325568406484993,0.55,0.55,0.6467855996918775,0.45321440030812254,0.45321440030812254,right,-0.09695012598872321,0.0821961029488862,1.4719513380262281,0.054923548927100344,0.8147200477683639,0.0001645262968456851
B,0.09499999999999999,5.317776703861259,-0.2570480993335422,0.9409519772833044,0.08779162185061384,1.4982237601733632,-0.09574996879518605,0.04913086757455902,0.8131301658927691,0,trajectory,0.3249982607898932,0.34018086540390596,False,long_straight,0.0726731106231635,0.55,0.55,0.6457499687951861,0.454250031204814,0.454250031204814,right,-0.0960759006794124,0.08484040907351083,1.498170856805463,0.054923548927100344,0.8147200477683639,0.00032593188422634645
B,0.09999999999999999,5.320617434689582,-0.2659849181923884,0.9324287195390065,0.09056222595972274,1.5246484270031058,-0.09468390738535787,0.04913086757455902,0.8131301658927691,0,trajectory,0.33260170440976605,0.34568377795529764,False,long_straight,0.07208613505901516,0.55,0.55,0.6446839073853579,0.4553160926146422,0.4553160926146422,right,-0.09520167537010156,0.08748471519813548,1.524390375584698,-0.003984999314297534,0.8840730034467271,0.0005177679847436917
B,0.105,5.3234287042408575,-0.27439572984224647,0.9244412299609617,0.09330581524950876,1.5510915125096263,-0.09358637308865231,0.04913086757455902,0.8131301658927691,0,trajectory,0.3397143881288858,0.35083553465648554,False,long_straight,0.07149481028230631,0.55,0.55,0.6435863730886524,0.45641362691134774,0.45641362691134774,right,-0.0940906597349396,0.08779065613740449,1.5510291938180525,-0.003984999314297534,0.8840730034467271,0.0005042866462872941
B,0.11,5.326212849240035,-0.2823147544943685,0.9169523983181286,0.09602513039287297,1.5775527378703207,-0.09245543870918678,0.04913086757455902,0.8131301658927691,0,trajectory,0.3463707430129753,0.35566045631495347,False,long_straight,0.07089919162184107,0.55,0.55,0.6424554387091869,0.4575445612908133,0.4575445612908133,right,-0.09297964409977766,0.08809659707667349,1.5776680120514073,-0.003984999314297534,0.8840730034467271,0.0005242053905908789
B,0.11499999999999999,5.328971984273478,-0.28977378986700747,0.9099280960741808,0.09872273186268865,1.6040318312080963,-0.09128927342905814,0.03913086757455902,0.8843219200958784,0,trajectory,0.31482436514618484,0.36190186408998437,False,long_straight,0.07029933458072178,0.55,0.55,0.6412892734290582,0.4587107265709419,0.4587107265709419,right,-0.0918686284646157,0.08840253801594247,1.6043068302847616,-0.003984999314297534,0.8840730034467271,0.0005793550355575605
B,0.12,5.3320708051513765,-0.297610105434818,0.8915742424683044,0.10137117952885832,1.6305296442588624,-0.09008846423089736,0.03913086757455902,0.8843219200958784,0,trajectory,0.3226653221748008,0.3654049013159684,False,long_straight,0.06969526926851335,0.55,0.55,0.6400884642308974,0.4599115357691027,0.4599115357691027,right,-0.09075761282945376,0.08870847895521147,1.6309456485181164,-0.003984999314297534,0.8840730034467271,0.0006691485985563933
B,0.125,5.335162715368256,-0.3047154266562357,0.8744325673102666,0.10394563030053972,1.6570470245436633,-0.0888535824996962,0.03913086757455902,0.8843219200958784,0,trajectory,0.32979088397709366,0.3684994316701251,False,long_straight,0.069087025537395,0.55,0.55,0.6388535824996963,0.46114641750030383,0.46114641750030383,right,-0.08964659719429181,0.08901441989448047,1.6575844667514712,-0.003984999314297534,0.8840730034467271,0.0007930146945956118
B,0.13,5.338250276558933,-0.3111479032172714,0.8584162672586305,0.10645207662817446,1.683583711038958,-0.08758294560709351,0.03913086757455902,0.8843219200958784,0,trajectory,0.3362602659149793,0.3712210346997217,False,long_straight,0.06847465854099655,0.55,0.55,0.6375829456070936,0.46241705439290653,0.46241705439290653,right,-0.08853558155912986,0.08932036083374947,1.6842232849848258,-0.003984999314297534,0.8840730034467271,0.0009526359520363459
B,0.135,5.341335650097961,-0.3169611206648916,0.8434459606596745,0.1088960930738212,1.7101394581323552,-0.08627499893437872,0.029130867574559016,0.8878870600530754,0,trajectory,0.30246017796653796,0.3736890501523059,False,long_straight,0.06785822331628663,0.55,0.55,0.6362749989343788,0.4637250010656213,0.4637250010656213,right,-0.08742456592396791,0.08962630177301847,1.7108621032181803,-0.003984999314297534,0.8840730034467271,0.001149566989589193
B,0.14,5.344445999435431,-0.3230223128165373,0.8179439703641048,0.11125374688976875,1.7367143422795654,-0.08493073277404743,0.029130867574559016,0.8878870600530754,0,trajectory,0.3097744973732357,0.3751071273982711,False,long_straight,0.06723776756720069,0.55,0.55,0.6349307327740474,0.4650692672259526,0.4650692672259526,right,-0.08631355028880597,0.08993224271228747,1.7375009214515351,-0.003984999314297534,0.8840730034467271,0.0013828175147585359
B,0.14500000000000002,5.347573088026857,-0.3282344362315085,0.7941362229467254,0.11350343464228185,1.7633084404604875,-0.08355114054281054,0.029130867574559016,0.8878870600530754,0,trajectory,0.3162369831377893,0.37609530912405703,False,long_straight,0.06661333899845243,0.55,0.55,0.6335511405428106,0.4664488594571895,0.4664488594571895,right,-0.08520253465364402,0.09023818365155648,1.76413973968489,-0.003984999314297534,0.8840730034467271,0.0016513941108334818
B,0.15,5.350718776781911,-0.3326716992234749,0.771901872943426,0.11565346403206478,1.7899215363532488,-0.08213487950901469,0.029130867574559016,0.8878870600530754,0,trajectory,0.32192279549117425,0.37669527628024224,False,long_straight,0.06598499225310246,0.55,0.55,0.6321348795090147,0.4678651204909854,0.4678651204909854,right,-0.08409151901848208,0.09054412459082548,1.7907785579182445,-0.003984999314297534,0.8840730034467271,0.001956639509467395
B,0.155,5.353884450300069,-0.3364023458747202,0.7511306528401556,0.11771156240003355,1.8165534356305522,-0.08068075208684754,0.019130867574559014,0.8905303761880149,0,trajectory,0.28697073693779424,0.3770090674250884,False,long_straight,0.06535278157651449,0.55,0.55,0.6306807520868476,0.4693192479131525,0.4693192479131525,right,-0.08298050338332014,0.09085006553009448,1.817417376151599,-0.003984999314297534,0.8840730034467271,0.002299751296472599
B,0.15999999999999998,5.357092654049133,-0.3403156744065637,0.7200947737560371,0.11965549636242878,1.8432042849676837,-0.07919014524141377,0.019130867574559014,0.8905303761880149,1,trajectory,0.29329373487006344,0.37628705092434617,False,long_straight,0.06471675314572661,0.55,0.55,0.6291901452414138,0.4708098547585863,0.4708098547585863,right,-0.07993524294451433,0.09648599464140568,1.8443725591769242,-0.01924659403965613,0.930013156203302,0.000745097703100564
B,0.16499999999999998,5.360339434515755,-0.343314456157603,0.6911181905279977,0.12146523321540847,1.869874235138001,-0.07766446212440532,0.019130867574559014,0.8905303761880149,1,trajectory,0.2986818028225894,0.3751305730321342,False,long_straight,0.06407695293923162,0.55,0.55,0.6276644621244054,0.47233553787559474,0.47233553787559474,right,-0.07867027005610408,0.09610452197390909,1.8710872355117663,-0.01924659403965613,0.930013156203302,0.0010058079316987573
B,0.16999999999999998,5.363625349958704,-0.3454844344384016,0.6640566015233774,0.12315083704538043,1.896563135013253,-0.07610275623112635,0.019130867574559014,0.8905303761880149,1,trajectory,0.30322027770446097,0.37358510724422117,False,long_straight,0.06343343411567481,0.55,0.55,0.6261027562311264,0.4738972437688737,0.4738972437688737,right,-0.07740529716769382,0.09572304930641248,1.8978019118466083,-0.01924659403965613,0.930013156203302,0.0013025409365674673
B,0.175,5.366950486277657,-0.3469044408562909,0.6387783640635537,0.12472167952907265,1.9232708602289015,-0.07450423587680757,0.009130867574559014,0.9390163454040992,1,trajectory,0.2684588421144426,0.37291569277743175,False,long_straight,0.06278624919499938,0.55,0.55,0.6245042358768076,0.4754957641231925,0.4754957641231925,right,-0.07614032427928356,0.0953415766389159,1.9245165881814508,-0.01924659403965613,0.930013156203302,0.0016360884024759909
B,0.18,5.370566151797621,-0.34847925828816806,0.6031677856220017,0.12615610445069114,1.9499982178860658,-0.0728706550657219,0.009130867574559014,0.9390163454040992,1,trajectory,0.27348928363216035,0.3700166186472228,False,long_straight,0.06213542793926233,0.55,0.55,0.6228706550657219,0.47712934493427817,0.47712934493427817,right,-0.0748753513908733,0.0949601039714193,1.9512312645162928,-0.01924659403965613,0.930013156203302,0.002004696325151392
B,0.185,5.374238443142816,-0.34910646431888365,0.5699191861078959,0.1274346310706589,1.9767460217663277,-0.07120379653615797,0.009130867574559014,0.9390163454040992,1,trajectory,0.27753902649305434,0.3666880282464591,False,long_straight,0.0614809994756072,0.55,0.55,0.621203796536158,0.4787962034638421,0.4787962034638421,right,-0.07361037850246305,0.09457863130392272,1.9779459408511348,-0.01924659403965613,0.930013156203302,0.0024065819663050825
B,0.19,5.377966242347587,-0.34888088118460386,0.5388713840076823,0.12856878710657993,2.003514200368089,-0.06950315009199892,0.009130867574559014,0.9390163454040992,1,trajectory,0.2806993084259664,0.3629787710220431,False,long_straight,0.06082301426730698,0.55,0.55,0.619503150091999,0.4804968499080011,0.4804968499080011,right,-0.0723454056140528,0.09419715863642611,2.0046606171859773,-0.01924659403965613,0.930013156203302,0.0028422555220538742
B,0.195,5.381748020685527,-0.34788972300725196,0.50987710269144,0.12956932679476196,2.03030271185701,-0.06776836639451353,-0.0008691324254409862,0.9422327634005749,1,trajectory,0.24307169569860074,0.35902066058902804,False,long_straight,0.06016152196218561,0.55,0.55,0.6177683663945136,0.4822316336054865,0.4822316336054865,right,-0.07108043272564253,0.09381568596892953,2.0313752935208194,-0.01924659403965613,0.930013156203302,0.0033120663311290016
B,0.2,5.385607406237534,-0.34706189586598163,0.47085268660239427,0.13041605522224442,2.05711190623494,-0.06600175632171443,-0.0008691324254409862,0.9422327634005749,1,trajectory,0.24665374109459445,0.35400298712595224,False,long_straight,0.05949656235608865,0.55,0.55,0.6160017563217145,0.4839982436782856,0.4839982436782856,right,-0.06981545983723228,0.09343421330143292,2.0580899698556614,-0.01924659403965613,0.930013156203302,0.0038137035155178522
B,0.20500000000000002,5.389535277904372,-0.3452846779832204,0.43442593560392634,0.13109085947742294,2.0839421388023003,-0.06420565986336209,-0.0008691324254409862,0.9422327634005749,1,trajectory,0.24923732967476545,0.3485693117373942,False,long_straight,0.05882817481607554,0.55,0.55,0.6142056598633622,0.48579434013663797,0.48579434013663797,right,-0.06855048694882203,0.09305274063393633,2.0848046461905034,-0.01924659403965613,0.930013156203302,0.00434482708545994
B,0.21,5.393528688848983,-0.34265952540569833,0.4004240121254284,0.131606408168639,2.1107934210418318,-0.06238001583357037,-0.0008691324254409862,0.9422327634005749,1,trajectory,0.2509175782541469,0.3427722373455395,False,long_straight,0.05815640702177233,0.55,0.55,0.6123800158335704,0.48761998416642965,0.48761998416642965,right,-0.06728551406041178,0.09267126796643974,2.1115193225253455,-0.01924659403965613,0.930013156203302,0.004905498226841408
B,0.215,5.397584395713962,-0.3392797747088928,0.3686885003168785,0.13197453976672513,2.137665794569953,-0.06052492623200778,-0.010869132425440986,0.9438814247056277,1,trajectory,0.21202637700966392,0.3367083977388607,False,long_straight,0.0574813057213967,0.55,0.55,0.6105249262320078,0.48947507376799226,0.48947507376799226,right,-0.06602054117200151,0.09228979529894314,2.1382339988601875,-0.01924659403965613,0.930013156203302,0.0054956149399937315
B,0.22,5.401716755092377,-0.33609396649096324,0.3269351819708417,0.13217561031325298,2.1645596846921182,-0.05864319879005366,-0.010869132425440986,0.9438814247056277,1,trajectory,0.21410832293085835,0.3296318284512926,False,long_straight,0.056802907765967685,0.55,0.55,0.6086431987900537,0.4913568012099464,0.4913568012099464,right,-0.06477940198036522,0.09097241508979154,2.1652309664831924,-0.0027834641400233152,0.8455268992326154,0.006136203190311558
B,0.225,5.405922848838932,-0.33197473516800224,0.28798550719534166,0.1321920524701028,2.191475519033081,-0.05673767123260536,-0.010869132425440986,0.9438814247056277,1,trajectory,0.21520050742819238,0.3221637474801952,False,long_straight,0.05612124958241084,0.55,0.55,0.6067376712326054,0.4932623287673947,0.4932623287673947,right,-0.06355415191991155,0.08903109651953656,2.192416128298306,-0.0027834641400233152,0.8455268992326154,0.006816480687306191
B,0.23,5.410197909312308,-0.3270289528176814,0.25165691260076956,0.13203753367684756,2.218413386993052,-0.05480873699525106,-0.010869132425440986,0.9438814247056277,1,trajectory,0.21540081299177702,0.3143620230737383,False,long_straight,0.055436375841684225,0.55,0.55,0.6048087369952511,0.49519126300474897,0.49519126300474897,right,-0.062328901859457886,0.0870897779492816,2.2196012901134194,-0.0027834641400233152,0.8455268992326154,0.007520164864206827
B,0.235,5.414537020358096,-0.32135490599515903,0.217781341480092,0.13172484325545097,2.2453734062174,-0.05285695295488409,-0.020869132425440987,0.8600445886650888,1,trajectory,0.17160477988581935,0.30371756524806004,False,long_straight,0.05474833024569873,0.55,0.55,0.6028569529548842,0.49714304704511597,0.49714304704511597,right,-0.061103651799004226,0.08514845937902664,2.2467864519285325,-0.0027834641400233152,0.8455268992326154,0.008246698844120139
B,0.24,5.418525258135454,-0.31593001694071743,0.17415107097577268,0.13123551669511935,2.2723550259596745,-0.05088578052744828,-0.020869132425440987,0.8600445886650888,1,trajectory,0.17224889845247396,0.2946722061800712,False,long_straight,0.05405717338067182,0.55,0.55,0.6008857805274483,0.49911421947255175,0.49911421947255175,right,-0.05987840173855056,0.08320714080877167,2.273971613743646,-0.0027834641400233152,0.8455268992326154,0.00899262121110228
B,0.245,5.422585147528023,-0.30960545846348164,0.13348469512293062,0.13055309084089473,2.2993576902906803,-0.04889869809682993,-0.020869132425440987,0.8600445886650888,1,trajectory,0.1719353404780825,0.28527064185341944,False,long_straight,0.053362965934147986,0.55,0.55,0.5988986980968299,0.5011013019031701,0.5011013019031701,right,-0.058653151678096885,0.08126582223851672,2.301156775558759,-0.0027834641400233152,0.8455268992326154,0.009754453581266954
B,0.25,5.426710294467572,-0.3024919035762642,0.0955913154934194,0.12969200464842467,2.326381548613415,-0.0468965325332862,-0.020869132425440987,0.8600445886650888,1,trajectory,0.1707665919159522,0.2755776621365888,False,long_straight,0.05266575031227249,0.55,0.55,0.5968965325332862,0.5031034674667139,0.5031034674667139,right,-0.057427901617643225,0.07932450366826174,2.3283419373738727,-0.0027834641400233152,0.8455268992326154,0.010531369084357027
B,0.255,5.43089432953705,-0.29469100471541443,0.06029437283592106,0.12866577731483497,2.3534267741618815,-0.0448802714018895,-0.03086913242544099,0.8603850283004911,1,trajectory,0.13234878045410287,0.26566632037690535,False,long_straight,0.05196556798038671,0.55,0.55,0.5948802714018896,0.5051197285981105,0.5051197285981105,right,-0.05620265155718956,0.07738318509800679,2.3555270991889863,-0.0027834641400233152,0.8455268992326154,0.011322380155300057
B,0.26,5.435141803811969,-0.28718715084672364,0.014894480495717108,0.12745534843022543,2.380493902356088,-0.04285369398848129,-0.03086913242544099,0.8603850283004911,2,trajectory,0.13177725745209082,0.2548359450180965,False,long_straight,0.05126245064096818,0.55,0.55,0.5928536939884813,0.5071463060115188,0.5071463060115188,right,-0.043034820150806834,0.12565306059615866,2.3804692848868227,-0.052472642388403525,0.8596583534337157,0.00018112616232554557
B,0.265,5.439452766076814,-0.2788184061779024,-0.027366201305936873,0.12604378419218154,2.40758345786302,-0.04082060166321479,-0.03086913242544099,0.8603850283004911,2,trajectory,0.13038093244923168,0.24372194908265157,False,long_straight,0.05055642980869854,0.55,0.55,0.5908206016632148,0.5091793983367853,0.5091793983367853,right,-0.041293001908661565,0.12171981201896392,2.4077975449796734,-0.052472642388403525,0.8596583534337157,0.0004724002454467788
B,0.27,5.4438193693075165,-0.2696991701820614,-0.06668888971977656,0.12444637167462602,2.434695629044802,-0.038782254711995263,-0.03086913242544099,0.8603850283004911,2,trajectory,0.1282709470171524,0.2324021035124655,False,long_straight,0.0498475453404321,0.55,0.55,0.5887822547119953,0.5112177452880048,0.5112177452880048,right,-0.0395511836665163,0.11778656344176919,2.4351258050725235,-0.052472642388403525,0.8596583534337157,0.0007689289545210337
B,0.275,5.448233974570093,-0.25993430500123216,-0.10326067066215344,0.12267742658462044,2.461830621494264,-0.036740069991203425,-0.04086913242544099,0.8589497344295003,2,trajectory,0.09807971230565221,0.22089430845556463,False,long_straight,0.049135836284981055,0.55,0.55,0.5867400699912034,0.5132599300087967,0.5132599300087967,right,-0.03780936542437102,0.11385331486457445,2.462454065165374,-0.052472642388403525,0.8596583534337157,0.001069295433167597
B,0.28,5.4526904929535664,-0.25051999048734397,-0.14991543409667518,0.12071831774586395,2.4889889611983844,-0.034698283909208885,-0.04086913242544099,0.8589497344295003,2,trajectory,0.09710292784165642,0.20865187171868052,False,long_straight,0.048421332883059255,0.55,0.55,0.584698283909209,0.5153017160907911,0.5153017160907911,right,-0.036067547182225754,0.1099200662873797,2.4897823252582247,-0.052472642388403525,0.8596583534337157,0.0013692632730168686
B,0.28500000000000003,5.4571959881756635,-0.24028288859887514,-0.1932788785103982,0.11855255081125105,2.5161711538343816,-0.03266114728275507,-0.04086913242544099,0.8589497344295003,2,trajectory,0.09571701135895298,0.19627334621046336,False,long_straight,0.04770406544165865,0.55,0.55,0.5826611472827551,0.517338852717245,0.517338852717245,right,-0.034325728940080485,0.10598681771018496,2.517110585351075,-0.052472642388403525,0.8596583534337157,0.0016645816573254146
B,0.29,5.461741471244472,-0.22933985996505563,-0.2335629951426133,0.1161961458753833,2.543377394088097,-0.03063032933512918,-0.04086913242544099,0.8589497344295003,2,trajectory,0.09406652031352766,0.18386665206694108,False,long_straight,0.04698407204679828,0.55,0.55,0.5806303293351293,0.5193696706648708,0.5193696706648708,right,-0.03258391069793523,0.10205356913299027,2.544438845443925,-0.052472642388403525,0.8596583534337157,0.001953581362806052
B,0.295,5.466318349992272,-0.21779771951778093,-0.27096585335300727,0.11366409772659258,2.5706078849953045,-0.028607648194727244,-0.05086913242544099,0.8598362869538017,2,trajectory,0.08921225573343969,0.17159065014554276,False,long_straight,0.04626139019352753,0.55,0.55,0.5786076481947273,0.5213923518052728,0.5213923518052728,right,-0.03084209245578996,0.09812032055579552,2.5717671055367752,-0.052472642388403525,0.8596583534337157,0.002234444261062715
B,0.3,5.4709304203440965,-0.20665730878540106,-0.31838857494864126,0.1109382537516681,2.5978631463785113,-0.026597743743825456,-0.05086913242544099,0.8598362869538017,2,trajectory,0.08994163980074617,0.15878729300738187,False,long_straight,0.04553604855979385,0.55,0.55,0.5765977437438256,0.5234022562561745,0.5234022562561745,right,-0.02910027421364469,0.09418707197860078,2.5990953656296263,-0.052472642388403525,0.8596583534337157,0.002502530469819235
B,0.305,5.475571343531727,-0.1947403564813325,-0.3623968860782613,0.10800259245525634,2.6251436667045365,-0.024605259814919546,-0.05086913242544099,0.8598362869538017,2,trajectory,0.09108996932497351,0.14621755800983452,False,long_straight,0.044808076193504826,0.55,0.55,0.5746052598149196,0.5253947401850805,0.5253947401850805,right,-0.02735845597149942,0.09025382340140603,2.6264236257224765,-0.052472642388403525,0.8596583534337157,0.0027531961565798735
B,0.31,5.480231353188572,-0.18216474673670258,-0.40321355883670057,0.10487372380805215,2.6524496067169396,-0.022632236780836264,-0.05086913242544099,0.8598362869538017,2,trajectory,0.09275926655405652,0.13409369979998376,False,long_straight,0.044077510465641824,0.55,0.55,0.5726322367808363,0.5273677632191638,0.5273677632191638,right,-0.02561663772935415,0.0863205748242113,2.653751885815327,-0.052472642388403525,0.8596583534337157,0.0029844009485178874
B,0.315,5.484901260527697,-0.16903786440604288,-0.4410475572691898,0.10156717862659859,2.679781124809624,-0.020680852448924078,-0.060869132425440994,0.8600316012291698,2,trajectory,0.12034763518841018,0.12268093380159416,False,long_straight,0.04334438844517778,0.55,0.55,0.5706808524489241,0.529319147551076,0.529319147551076,right,-0.023874819487208883,0.08238732624701656,2.6810801459081777,-0.052472642388403525,0.8596583534337157,0.003193967038284805
B,0.32,5.4895797593327424,-0.15635689107766892,-0.48876084761221084,0.09806541226777732,2.7071386429038897,-0.01875608891050724,-0.060869132425440994,0.8600316012291698,2,trajectory,0.12364340086574505,0.11173515629567124,False,long_straight,0.04260873973927082,0.55,0.55,0.5687560889105073,0.5312439110894928,0.5312439110894928,right,-0.02213300124506361,0.07845407766982182,2.708408406001028,-0.052472642388403525,0.8596583534337157,0.0033769123345563715
B,0.325,5.494262286096963,-0.14294720233827116,-0.5329749417318768,0.09435297290209599,2.7345225396302872,-0.016862918396672835,-0.060869132425440994,0.8600316012291698,2,trajectory,0.12777388016291855,0.10221133844893292,False,long_straight,0.041870594686669454,0.55,0.55,0.5668629183966729,0.5331370816033272,0.5331370816033272,right,-0.020391183002918343,0.07452082909262708,2.7357366660938784,-0.052472642388403525,0.8596583534337157,0.0035282646062455084
B,0.33,5.4989386821975925,-0.12892609572449593,-0.5739222505206494,0.09044687290675979,2.7619328961444793,-0.0150037000578025,-0.060869132425440994,0.8600316012291698,2,trajectory,0.13269565126751323,0.09466604565098577,False,long_straight,0.04112999124982003,0.55,0.55,0.5650037000578025,0.5349962999421976,0.5349962999421976,right,-0.01864936476077307,0.07058758051543235,2.763064926186729,-0.052472642388403525,0.8596583534337157,0.0036456647029705705
B,0.335,5.503599525921877,-0.11440003703413121,-0.6118213615994471,0.08636299751601095,2.7893697794477514,-0.01318091529198257,-0.07086913242544099,0.859817503906422,2,trajectory,0.17556923902432056,0.08965255267062577,False,long_straight,0.0403869674271654,0.55,0.55,0.5631809152919827,0.5368190847080174,0.5368190847080174,right,-0.0169075465186278,0.0666543319382376,2.790393186279579,-0.052472642388403525,0.8596583534337157,0.0037266312266452297
B,0.34,5.50823993632976,-0.10035231114122295,-0.6593724181999333,0.08208454362274997,2.81683345907536,-0.01139980226580174,-0.07086913242544099,0.859817503906422,2,trajectory,0.1805767050686556,0.087655321346068,False,long_straight,0.03964155536782795,0.55,0.55,0.5613998022658018,0.5386001977341983,0.5386001977341983,right,-0.015165728276482531,0.06272108336104285,2.81772144637243,-0.052472642388403525,0.8596583534337157,0.0037659260106807906
B,0.34500000000000003,5.512855862437003,-0.08562299931514333,-0.7033850802656402,0.0775967268076343,2.8443241494890708,-0.009665573420531847,-0.07086913242544099,0.859817503906422,2,trajectory,0.18647383604287507,0.08919481222305542,False,long_straight,0.03889378832569373,0.55,0.55,0.5596655734205319,0.5403344265794682,0.5403344265794682,right,-0.01342391003433726,0.05878783478384812,2.8450497064652804,-0.052472642388403525,0.8596583534337157,0.003758336613805412
B,0.35000000000000003,5.5174371182610615,-0.07032715709875659,-0.7440988239896612,0.07291674073379717,2.8718418047272403,-0.007980842237622406,-0.07086913242544099,0.859817503906422,2,trajectory,0.19316233564409294,0.0941239622009084,False,long_straight,0.03814370628033897,0.55,0.55,0.5579808422376225,0.5420191577623776,0.5420191577623776,right,-0.011682091792191991,0.05485458620665337,2.872377966558131,-0.052472642388403525,0.8596583534337157,0.003701249554569585
B,0.35500000000000004,5.521974381678365,-0.05456886087700778,-0.7817392039503569,0.06806061678957498,2.899386352649175,-0.006348326066102718,-0.08086913242544098,0.8595925685753034,2,trajectory,0.24085613443091783,0.10190694557302064,False,long_straight,0.03739134960594787,0.55,0.55,0.5563483260661027,0.5436516739338974,0.5436516739338974,right,-0.009940273550046721,0.050921337629458635,2.899706226650981,-0.052472642388403525,0.8596583534337157,0.0035919474839440028
B,0.36,5.526461327485771,-0.03930629739924025,-0.8287048327141351,0.06301244725221267,2.92695785863421,-0.004773418375111902,-0.08086913242544098,0.8595925685753034,3,trajectory,0.246986151815477,0.11242002356455681,False,long_straight,0.03663675459197826,0.55,0.55,0.554773418375112,0.5452265816248881,0.5452265816248881,right,-0.004944334122465031,0.061282961513270826,2.926968879662274,0.003161297366200491,0.7869087622834935,0.00017091574735312882
B,0.365,5.5308925851734,-0.023407024260167237,-0.8721428689024252,0.0577582309639757,2.954556322360443,-0.0032614701126770307,-0.08086913242544098,0.8595925685753034,3,trajectory,0.253962686813521,0.12478081609620659,False,long_straight,0.03587995898355219,0.55,0.55,0.5532614701126771,0.546738529887323,0.546738529887323,right,-0.0038445176026842913,0.058016490189129404,2.954781530781144,0.003161297366200491,0.7869087622834935,0.0005830474900072606
B,0.37,5.535258254682615,-0.0069822776536599546,-0.912295898073674,0.052315102171447414,2.9821815251121926,-0.0018152758142097015,-0.08086913242544098,0.8595925685753034,3,trajectory,0.2616728643298452,0.13844161131464502,False,long_straight,0.035121006197880805,0.55,0.55,0.5518152758142097,0.5481847241857903,0.5481847241857903,right,-0.0027447010829035516,0.05475001886498797,2.982594181900015,0.003161297366200491,0.7869087622834935,0.0009294252686938502
B,0.375,5.539549388055632,0.009867601719920138,-0.9493925143318378,0.04669901718012115,3.0098332106824692,-0.00043771312323018924,-0.07086913242544099,0.7870541293362131,3,trajectory,0.22673449683611951,0.14886609097806683,False,long_straight,0.03435994039518321,0.55,0.55,0.5504377131232302,0.5495622868767699,0.5495622868767699,right,-0.0016448845631228124,0.051483547540846546,3.0104068330188847,0.003161297366200491,0.7869087622834935,0.0012071714398926231
B,0.38,5.543393745109009,0.027900638677586527,-0.9718380493470462,0.040954752181584286,3.0375100636697536,0.0008707895409134478,-0.07086913242544099,0.7870541293362131,3,trajectory,0.2376409278677805,0.16369291206974199,False,long_straight,0.03359683468033027,0.55,0.55,0.5491292104590866,0.5508707895409135,0.5491292104590866,left,-0.0005450680433420718,0.04821707621670512,3.0382194841377546,0.003161297366200491,0.7869087622834935,0.0014158575842555196
B,0.385,5.547147720862531,0.04584148942739168,-0.9925039157159845,0.03512312164693565,3.0652107563283315,0.0021096683488169964,-0.07086913242544099,0.7870541293362131,3,trajectory,0.2486659807687933,0.17860289749274919,False,long_straight,0.032831762409925344,0.55,0.55,0.5478903316511831,0.552109668348817,0.5478903316511831,left,0.000554748476438667,0.04495060489256369,3.0660321352566253,0.003161297366200491,0.7869087622834935,0.0015549198723783294
B,0.39,5.550808466843262,0.06365252401877912,-1.0115226007306122,0.029212790274435463,3.092934949028712,0.0032758296782434055,-0.07086913242544099,0.7870541293362131,3,trajectory,0.25975512513764115,0.19345590457913328,False,long_straight,0.032064769478581334,0.55,0.55,0.5467241703217567,0.5532758296782434,0.5467241703217567,left,0.0016545649962194072,0.04168413356842226,3.093844786375495,0.003161297366200491,0.7869087622834935,0.0016212646820239983
B,0.395,5.554373759821576,0.08130102744475373,-1.029017759574683,0.023231782091799325,3.12068225629346,0.004366233833564852,-0.06086913242544099,0.7852221406016112,3,trajectory,0.2298261591500089,0.2080808881446406,False,long_straight,0.03129590276034066,0.55,0.55,0.5456337661664352,0.5543662338335649,0.5456337661664352,left,0.0027543815160001464,0.03841766224428083,3.121657437494365,0.003161297366200491,0.7869087622834935,0.0016118523175647059
B,0.4,5.557833253633856,0.09960849184669363,-1.033103756924737,0.017217902088835668,3.148452172059142,0.0053804635834422705,-0.06086913242544099,0.7852221406016112,3,trajectory,0.24291432167909682,0.22185703374384066,False,long_straight,0.030525212193059592,0.55,0.55,0.5446195364165578,0.5553804635834423,0.5446195364165578,left,0.0038541980357808875,0.035151190920139394,3.149470088613235,0.003161297366200491,0.7869087622834935,0.001526265547661383
B,0.405,5.561197738371104,0.11734895113698006,-1.0367540714566834,0.011205458642429278,3.1762441763399245,0.0063180579769766786,-0.06086913242544099,0.7852221406016112,3,trajectory,0.25561466877845723,0.2351900923464927,False,long_straight,0.02975274783522357,0.55,0.55,0.5436819420230233,0.5563180579769768,0.5436819420230233,left,0.004954014555561627,0.03188471959599797,3.1772827397321053,0.003161297366200491,0.7869087622834935,0.0013640434214150518
B,0.41000000000000003,5.564469685951833,0.1345372946405576,-1.0400062776125252,0.005196631484423175,3.204057797863009,0.007176062451466544,-0.06086913242544099,0.7852221406016112,3,trajectory,0.2679187126346016,0.24806753643071525,False,long_straight,0.028978558121905265,0.55,0.55,0.5428239375485335,0.5571760624514666,0.5428239375485335,left,0.006053831075342365,0.02861824827185654,3.2050953908509756,0.003161297366200491,0.7869087622834935,0.0011222313761241791
B,0.41500000000000004,5.567651602759868,0.15118854940983634,-1.0428948604666632,-0.0008065809407460378,3.231892526544242,0.007951660008287443,-0.050869132425440985,0.7858830609653998,3,trajectory,0.23890771019770388,0.2605064118601186,False,long_straight,0.028202692295059516,0.55,0.55,0.5420483399917126,0.5579516600082874,0.5420483399917126,left,0.007153647595123104,0.02535177694771511,3.2329080419698455,0.003161297366200491,0.7869087622834935,0.0007980124131643385
B,0.42,5.570751866363395,0.16816259255122423,-1.0334986868439,-0.006772094774499582,3.2597478336230328,0.008644716327225528,-0.050869132425440985,0.7858830609653998,3,trajectory,0.2524422777103009,0.2717737682566889,False,long_straight,0.027425199847953687,0.55,0.55,0.5413552836727745,0.5586447163272256,0.5413552836727745,left,0.008253464114903833,0.02208530562357372,3.2607206930887154,0.003161297366200491,0.7869087622834935,0.00039125221232169487
B,0.425,5.573774302427595,0.18427777445552238,-1.024654969147752,-0.01267088762348445,3.2876231842657426,0.009255112641124469,-0.050869132425440985,0.7858830609653998,3,trajectory,0.2652534835143472,0.28243355602587594,False,long_straight,0.026646130175751386,0.55,0.55,0.5407448873588756,0.5592551126411245,0.5407448873588756,left,0.009353280634684573,0.01881883429943229,3.2885333442075857,0.003161297366200491,0.7869087622834935,-9.816799356010368e-05
B,0.43,5.576724157712949,0.19958438011701632,-1.0163262080130349,-0.018505537538974437,3.315518012098216,0.009780299931400541,-0.050869132425440985,0.7858830609653998,3,trajectory,0.27737159741597195,0.29251713764459386,False,long_straight,0.02586553328974575,0.55,0.55,0.5402197000685995,0.5597802999314005,0.5402197000685995,left,0.010453097154465312,0.015552362975290864,3.3163459953264556,0.003161297366200491,0.7869087622834935,-0.0006727972230647708
B,0.435,5.579606237259437,0.21412938300907816,-1.0084775175334217,-0.024278443692605567,3.343431727306642,0.010217911075485081,-0.040869132425440984,0.7880648771244959,3,trajectory,0.24803206175892256,0.3021144949044814,False,long_straight,0.02508345959611853,0.55,0.55,0.539782088924515,0.5602179110754851,0.539782088924515,left,0.011552913674246053,0.012285891651149428,3.344158646445326,0.003161297366200491,0.7869087622834935,-0.0013350025987609714
B,0.44,5.582440342202322,0.22879661552821864,-0.9891729844329,-0.029961718708906737,3.371363815528135,0.010568283718655983,-0.040869132425440984,0.7880648771244959,3,trajectory,0.26089591690401986,0.3104566933429267,False,long_straight,0.024299957125022253,0.55,0.55,0.539431716281344,0.5605682837186561,0.539431716281344,left,0.012652730194026792,0.009019420327008,3.371971297564196,0.003161297366200491,0.7869087622834935,-0.002084446475370809
B,0.445,5.5852257877568965,0.24243603374173966,-0.9711256068365574,-0.03553017686563553,3.3993137685282098,0.01083180137638539,-0.040869132425440984,0.7880648771244959,3,trajectory,0.27283120908562475,0.3181586610757699,False,long_straight,0.023515073467800494,0.55,0.55,0.5391681986236146,0.5608318013763854,0.5391681986236146,left,0.013752546713807531,0.005752949002866573,3.399783948683066,0.003161297366200491,0.7869087622834935,-0.002920745337422141
B,0.45,5.587968472794601,0.25512098372814024,-0.9542432697802989,-0.0409897905342298,3.4272809841079823,0.011006456570460715,-0.040869132425440984,0.7880648771244959,3,trajectory,0.28389757224971757,0.3252686427398894,False,long_straight,0.022728858593972067,0.55,0.55,0.5389935434295393,0.5610064565704608,0.5389935434295393,left,0.01485236323358827,0.0024864776787251455,3.4275965998019364,0.003161297366200491,0.7869087622834935,-0.003845906663127556
B,0.455,5.5906735792954345,0.26691920642199574,-0.9384413616400575,-0.04634609312936355,3.4552648545706175,0.011090443162455147,-0.03086913242544098,0.7914768301742042,3,trajectory,0.25345377243420547,0.331915119905393,False,long_straight,0.021941362377044363,0.55,0.55,0.5389095568375449,0.5610904431624552,0.5389095568375449,left,0.015952179753369013,-0.0007799936454162826,3.4554092509208063,0.003161297366200491,0.7869087622834935,-0.004861736590913867
B,0.46,5.593368899916177,0.27873031688299144,-0.9117627340643936,-0.05157416326486386,3.4832649355425014,0.01108466371648322,-0.03086913242544098,0.7914768301742042,4,trajectory,0.26497349377794993,0.33730184029801547,False,long_straight,0.021152629840118762,0.55,0.55,0.5389153362835168,0.5610846637164832,0.5389153362835168,left,0.01121884050303776,-0.050029978204741955,3.483273600342352,0.07677974557363282,0.664416704512866,-0.00013417678655454
B,0.465,5.596048838838203,0.2894246011813559,-0.8868378336988805,-0.05665150709832689,3.511280801265757,0.010990079837049489,-0.03086913242544098,0.7914768301742042,4,trajectory,0.27545146728277214,0.3420654103670886,False,long_straight,0.020362705219710096,0.55,0.55,0.5390099201629506,0.5609900798370495,0.5390099201629506,left,0.010884289451911935,-0.04942270767393186,3.511437971875595,0.07677974557363282,0.664416704512866,0.0001057903851375535
B,0.47000000000000003,5.5987184963447065,0.2990902415672653,-0.8635377500330272,-0.06158649699967178,3.539311876935753,0.010805282303650725,-0.03086913242544098,0.7914768301742042,4,trajectory,0.2849666161438411,0.346259803904426,False,long_straight,0.01957163670269563,0.55,0.55,0.5391947176963493,0.5608052823036508,0.5391947176963493,left,0.01054973840078611,-0.048815437143121754,3.539602343408838,0.07677974557363282,0.664416704512866,0.0002555439028646151
B,0.47500000000000003,5.601382153363294,0.30780839845097224,-0.8417446947651835,-0.06638689189575331,3.567357599251626,0.0105290686705605,-0.02086913242544098,0.6649081517183212,4,trajectory,0.24898413583229384,0.3472122886536013,False,long_straight,0.01877947191357954,0.55,0.55,0.5394709313294396,0.5605290686705605,0.5394709313294396,left,0.010215187349660286,-0.04820816661231165,3.5677667149420813,0.07677974557363282,0.664416704512866,0.0003138813209002146
B,0.48,5.603417638745805,0.31650463517073624,-0.8100421172810995,-0.07103125518717412,3.595416014165309,0.010163074497277118,-0.02086913242544098,0.6649081517183212,4,trajectory,0.2588977141382893,0.34987727690760256,False,long_straight,0.017986297573735356,0.55,0.55,0.5398369255027229,0.5601630744972772,0.5398369255027229,left,0.009880636298534466,-0.047600896081501566,3.595931086475325,0.07677974557363282,0.664416704512866,0.000282438198742652
B,0.485,5.605468693090266,0.32405690377185714,-0.7804177807007099,-0.07550028840022938,3.623485197130304,0.009709001972159887,-0.02086913242544098,0.6649081517183212,4,trajectory,0.26770243377344577,0.3519498597518305,False,long_straight,0.017192199461530035,0.55,0.55,0.5402909980278402,0.5597090019721599,0.5402909980278402,left,0.009546085247408643,-0.04699362555069146,3.6240954580085676,0.07677974557363282,0.664416704512866,0.0001629167247512442
B,0.49,5.607538715693675,0.330562105437298,-0.7527204147603291,-0.07980394804096758,3.6515646573255243,0.009166057114834206,-0.02086913242544098,0.6649081517183212,4,trajectory,0.27549220059354657,0.35348516358481563,False,long_straight,0.01639722262970757,0.55,0.55,0.5408339428851658,0.5591660571148342,0.5408339428851658,left,0.009211534196282817,-0.046386355019881365,3.6522598295418107,0.07677974557363282,0.664416704512866,-4.5477081448610374e-05
B,0.495,5.609630321077538,0.3361093458394199,-0.7268121475039001,-0.08395147114154433,3.679653929227839,0.008533648660916318,-0.01086913242544098,0.6688862585428624,4,trajectory,0.24102252875523072,0.3546103200210699,False,long_straight,0.015601411175135329,0.55,0.55,0.5414663513390837,0.5585336486609164,0.5414663513390837,left,0.008876983145156992,-0.04577908448907127,3.680424201075054,0.07677974557363282,0.664416704512866,-0.0003433344842406743
B,0.5,5.6117740642689435,0.34162482980007924,-0.6905684735699659,-0.08792109803891446,3.7077528416256507,0.007813906720082657,-0.01086913242544098,0.6688862585428624,4,trajectory,0.24906446440704286,0.35454648086557056,False,long_straight,0.014804800615528562,0.55,0.55,0.5421860932799174,0.5578139067200827,0.5421860932799174,left,0.008542432094031169,-0.04517181395826116,3.708588572608297,0.07677974557363282,0.664416704512866,-0.0007285253739485117
B,0.505,5.6139605985614995,0.34598618946023396,-0.6566751510808998,-0.09169319725210068,3.7358612594822893,0.00700902108273988,-0.01086913242544098,0.6688862585428624,4,trajectory,0.2559725754037321,0.35391913118142954,False,long_straight,0.014007425197970484,0.55,0.55,0.5429909789172601,0.55700902108274,0.5429909789172601,left,0.008207881042905343,-0.04456454342745106,3.73675294414154,0.07677974557363282,0.664416704512866,-0.0011988599601654628
B,0.51,5.616191231466756,0.3492975217374362,-0.6249660349694611,-0.09527905762082911,3.7639788182612874,0.006118793124548237,-0.01086913242544098,0.6688862585428624,4,trajectory,0.2618465599371703,0.35278355476013507,False,long_straight,0.013209325451363167,0.55,0.55,0.5438812068754518,0.5561187931245483,0.5438812068754518,left,0.00787332999177952,-0.04395727289664096,3.764917315674783,0.07677974557363282,0.664416704512866,-0.0017545368672312826
B,0.515,5.618466571451324,0.3516546112382779,-0.5952897381052739,-0.09868917728675575,3.7921051895309965,0.005143223965969371,-0.0008691324254409792,0.6745566786738931,4,trajectory,0.2253737633814422,0.35130190076603235,False,long_straight,0.012410540671369047,0.55,0.55,0.5448567760340307,0.5551432239659694,0.5448567760340307,left,0.007538778940653695,-0.043350002365830864,3.7930816872080264,0.07677974557363282,0.664416704512866,-0.002395554974684324
B,0.52,5.620824519333801,0.35399698285233466,-0.5553955764253061,-0.10190270932236345,3.8202404085619333,0.004085048407937311,-0.0008691324254409792,0.6745566786738931,4,trajectory,0.23144953784846695,0.34861837540849483,False,long_straight,0.011611099617964624,0.55,0.55,0.5459149515920627,0.5540850484079374,0.5459149515920627,left,0.007204227889527871,-0.04274273183502076,3.82124605874127,0.07677974557363282,0.664416704512866,-0.0031191794815905605
B,0.525,5.62324582542349,0.35519801954293456,-0.5180691783949974,-0.10490086513594266,3.8483845508795524,0.0029470599642930154,-0.0008691324254409792,0.6745566786738931,4,trajectory,0.2363871157316712,0.34539684084940725,False,long_straight,0.010811029700417831,0.55,0.55,0.547052940035707,0.552947059964293,0.547052940035707,left,0.006869676838402047,-0.04213546130421066,3.8494104302745127,0.07677974557363282,0.664416704512866,-0.003922616874109032
B,0.53,5.625729472751925,0.35536730027048236,-0.48313531750346367,-0.10769600506377586,3.8765374085919078,0.0017296457570113199,-0.0008691324254409792,0.6745566786738931,4,trajectory,0.24028893886394506,0.3416933065875077,False,long_straight,0.010010366197481076,0.55,0.55,0.5482703542429888,0.5517296457570113,0.5482703542429888,left,0.006535125787276223,-0.04152819077340056,3.8775748018077563,0.07677974557363282,0.664416704512866,-0.0048054800302649026
B,0.535,5.628273882033426,0.3546057623581641,-0.45043407300471716,-0.11029965421019927,3.9046988169745305,0.00043338889757978897,0.009130867574559021,0.6795330692632043,4,trajectory,0.2017876866839771,0.33766231358645177,False,long_straight,0.009209142995270127,0.55,0.55,0.5495666111024202,0.5504333888975799,0.5495666111024202,left,0.006200574736150398,-0.04092092024259046,3.905739173340999,0.07677974557363282,0.664416704512866,-0.005767185838570609
B,0.54,5.630911907540449,0.35386790374211696,-0.40756652154024225,-0.11269159798642958,3.932869004395009,-0.0009383700505132932,0.009130867574559021,0.6795330692632043,4,trajectory,0.2058776561622044,0.33245421244185985,False,long_straight,0.008407382637570399,0.55,0.55,0.5509383700505134,0.5490616299494867,0.5490616299494867,right,0.005866023685024573,-0.040313649711780364,3.9339035448742425,0.07677974557363282,0.664416704512866,-0.0068043937355378665
B,0.545,5.633625918728275,0.35201758657644067,-0.36745443125933264,-0.114853651103203,3.9610482398581293,-0.0023822337084000045,0.009130867574559021,0.6795330692632043,4,trajectory,0.2088403210966349,0.3267328127085299,False,long_straight,0.0076051063589095925,0.55,0.55,0.5523822337084,0.5476177662916001,0.5476177662916001,right,0.005531472633898749,-0.039706379180970267,3.9620679164074857,0.07677974557363282,0.664416704512866,-0.007913706342298755
B,0.55,5.636412532492777,0.3491689417905348,-0.32991641370298413,-0.11679910172246677,3.989236487377947,-0.0038972415051576233,0.009130867574559021,0.6795330692632043,4,trajectory,0.21077948443606895,0.32055645533887767,False,long_straight,0.0068023439455592565,0.55,0.55,0.5538972415051576,0.5461027584948425,0.5461027584948425,right,0.005196921582772925,-0.03909910865016016,3.990232287940729,0.07677974557363282,0.664416704512866,-0.009094163087930547
B,0.555,5.639267975628132,0.34542718829582586,-0.294786360748114,-0.1185403712494475,4.017433757219592,-0.005482240739314502,0.01913086757455902,0.683472526710725,4,trajectory,0.17061354553677469,0.3140678986800942,False,long_straight,0.005999123757924435,0.55,0.55,0.5554822407393145,0.5445177592606856,0.5445177592606856,right,0.004862370531647101,-0.03849183811935006,4.0183966594739715,0.07677974557363282,0.664416704512866,-0.010344611270961604
B,0.56,5.642218041215266,0.3417626608340446,-0.24949798047706598,-0.12005770174939245,4.04564046637926,-0.007133290899158454,0.01913086757455902,0.683472526710725,5,trajectory,0.17276045987843813,0.3064326686568719,False,long_straight,0.005195462473396155,0.55,0.55,0.5571332908991585,0.5428667091008416,0.5428667091008416,right,-0.0069978376782277195,-0.11847452482836951,4.045661368020263,0.09683822923330336,0.5324164217788023,-0.00013545322093073443
B,0.5650000000000001,5.645248175778819,0.3370263549999654,-0.20713802348062135,-0.12133336536497241,4.073857068922665,-0.008846397592801088,0.01913086757455902,0.683472526710725,5,trajectory,0.17381197258270983,0.29831508775681326,False,long_straight,0.004391375628558022,0.55,0.55,0.5588463975928011,0.541153602407199,0.541153602407199,right,-0.008669469872031143,-0.11476549108503652,4.074006522877044,0.09683822923330336,0.5324164217788023,-0.0001769277207699458
B,0.5700000000000001,5.648352735276844,0.331336363381342,-0.16751970398442526,-0.12238150360638933,4.1020837000041865,-0.010620041027242493,0.01913086757455902,0.683472526710725,5,trajectory,0.17387306144875544,0.28977821903891343,False,long_straight,0.00358688778569306,0.55,0.55,0.5606200410272425,0.5393799589727576,0.5393799589727576,right,-0.010341102065834565,-0.11105645734170354,4.102351677733825,0.09683822923330336,0.5324164217788023,-0.00027893896140792837
B,0.5750000000000001,5.651525884486264,0.3248015711222403,-0.13047111399731964,-0.12321536252377463,4.130320539940988,-0.012452513519074296,0.029130867574559023,0.5331636879022985,5,trajectory,0.12573891448849145,0.2774912293108982,False,long_straight,0.0027820221800796334,0.55,0.55,0.5624525135190743,0.5375474864809258,0.5375474864809258,right,-0.012012734259637987,-0.10734742359837053,4.130696832590606,0.09683822923330336,0.5324164217788023,-0.00043977925943630876
B,0.58,5.6540197477205405,0.3184279224936412,-0.08370561522100214,-0.12381669946147689,4.15856628044656,-0.014339015756403126,0.029130867574559023,0.5331636879022985,5,trajectory,0.12610372326215968,0.2675320709000206,False,long_straight,0.0019768444606593372,0.55,0.55,0.5643390157564032,0.5356609842435969,0.5356609842435969,right,-0.013684366453441375,-0.10363838985503764,4.159041987447385,0.09683822923330336,0.5324164217788023,-0.0006546493029617514
B,0.585,5.656588466081911,0.31104052046511976,-0.039990836152324495,-0.12416918439678604,4.186819641272626,-0.01627470912969108,0.029130867574559023,0.5331636879022985,5,trajectory,0.1254061674729777,0.2571229316489654,False,long_straight,0.0011714194773879724,0.55,0.55,0.5662747091296911,0.533725290870309,0.533725290870309,right,-0.015355998647244795,-0.09992935611170464,4.187387142304166,0.09683822923330336,0.5324164217788023,-0.000918710482446284
B,0.59,5.6592244717557705,0.3027598120757432,0.0008647548313095166,-0.12428756698238219,4.215080908825263,-0.01825754966798017,0.029130867574559023,0.5331636879022985,5,trajectory,0.12375848392541026,0.24633272838920076,False,long_straight,0.0003657674238980377,0.55,0.55,0.5682575496679803,0.5317424503320198,0.5317424503320198,right,-0.01702763084104822,-0.09622032236837165,4.2157322971609466,0.09683822923330336,0.5324164217788023,-0.00122991882693195
B,0.595,5.661920225944958,0.29369672721947304,0.03903836596704275,-0.12418567563636485,4.2433504088304135,-0.020285313130017964,0.039130867574559025,0.5340888756408402,5,trajectory,0.08317558934504124,0.235249080644019,False,long_straight,-0.0004400926093912707,0.55,0.55,0.570285313130018,0.5297146868699821,0.5297146868699821,right,-0.01869926303485164,-0.09251128862503866,4.244077452017727,0.09683822923330336,0.5324164217788023,-0.0015860500951663248
B,0.6,5.664682398100702,0.284852281816979,0.08745480018458106,-0.12384421610883622,4.2716288498097414,-0.022352919567165376,0.039130867574559025,0.5340888756408402,5,trajectory,0.08212969805220562,0.22313423001505098,False,long_straight,-0.001246152404811189,0.55,0.55,0.5723529195671654,0.5276470804328347,0.5276470804328347,right,-0.020370895228655064,-0.08880225488170566,4.272422606874508,0.09683822923330336,0.5324164217788023,-0.0019820243385103124
B,0.605,5.667507111799135,0.2750451590337177,0.13265547910288314,-0.12324598735116732,4.299916957319434,-0.024455250137187124,0.039130867574559025,0.5340888756408402,5,trajectory,0.08023540426914212,0.21063935056162378,False,long_straight,-0.002052404166195444,0.55,0.55,0.5744552501371871,0.525544749862813,0.525544749862813,right,-0.022042527422458484,-0.08509322113837267,4.300767761731288,0.09683822923330336,0.5324164217788023,-0.00241272271472864
B,0.61,5.670385093734397,0.264398850244397,0.17484016987783876,-0.12240654085815716,4.3282151351998595,-0.026589755370891116,0.039130867574559025,0.5340888756408402,5,trajectory,0.07763417808762242,0.19784697925390343,False,long_straight,-0.0028588308412468896,0.55,0.55,0.5765897553708912,0.5234102446291089,0.5234102446291089,right,-0.023714159616261908,-0.08138418739503968,4.32911291658807,0.09683822923330336,0.5324164217788023,-0.002875595754629208
B,0.615,5.673307322997246,0.2530268643473105,0.21419488341530257,-0.12134046377273267,4.356523817170089,-0.028753712309151185,0.04913086757455903,0.5361531195044946,5,trajectory,0.05488181124354023,0.18490070009229037,False,long_straight,-0.0036654161223921944,0.55,0.55,0.5787537123091512,0.5212462876908489,0.5212462876908489,right,-0.025385791810065332,-0.07767515365170669,4.35745807144485,0.09683822923330336,0.5324164217788023,-0.0033679204990858524
B,0.62,5.676284012235985,0.2419377553400817,0.2637335456288111,-0.12002896733088164,4.384843816936838,-0.030941533318097156,0.04913086757455903,0.5361531195044946,5,trajectory,0.054687752724286526,0.17100154155246416,False,long_straight,-0.004472154396422183,0.55,0.55,0.5809415333180972,0.5190584666819029,0.5190584666819029,right,-0.027057424003868753,-0.07396611990837369,4.385803226301631,0.09683822923330336,0.5324164217788023,-0.003884109314228404
B,0.625,5.679303332988194,0.22994340291906817,0.3099105529903369,-0.1184553637804,4.413175949788107,-0.03314760107867079,0.04913086757455903,0.5361531195044946,5,trajectory,0.05470107653795775,0.15687703497832364,False,long_straight,-0.005279039932849589,0.55,0.55,0.5831476010786708,0.5168523989213293,0.5168523989213293,right,-0.028729056197672177,-0.0702570861650407,4.4141483811584115,0.09683822923330336,0.5324164217788023,-0.004418544880998614
B,0.63,5.68235471224422,0.2171690419638932,0.35293515657291585,-0.11663590622885822,4.441520687049222,-0.03536889414846532,0.04913086757455903,0.5361531195044946,5,trajectory,0.05516396744695349,0.14265099265250608,False,long_straight,-0.006086057021223831,0.55,0.55,0.5853688941484654,0.5146311058515347,0.5146311058515347,right,-0.030400688391475597,-0.06654805242170772,4.442493536015192,0.09683822923330336,0.5324164217788023,-0.004968205756989724
B,0.635,5.68542805543669,0.20372944121806472,0.39300337554604226,-0.11458583440755188,4.469878516393183,-0.03760222809762608,0.05913086757455903,0.5372783996130266,5,trajectory,0.0807851833652138,0.12851143398035964,False,long_straight,-0.0068931902150327715,0.55,0.55,0.5876022280976261,0.512397771902374,0.512397771902374,right,-0.03207232058527902,-0.06283901867837473,4.470838690871973,0.09683822923330336,0.5324164217788023,-0.005529907512347061
B,0.64,5.688526800141984,0.1906330419922105,0.4431242138419994,-0.11228699439073253,4.498250260047715,-0.039841563219094885,0.05913086757455903,0.5372783996130266,5,trajectory,0.08421417896481362,0.11381809271393861,False,long_straight,-0.0077004333601863,0.55,0.55,0.589841563219095,0.5101584367809051,0.5101584367809051,right,-0.033743952779082445,-0.05912998493504172,4.499183845728754,0.09683822923330336,0.5324164217788023,-0.0060976104400124395
B,0.645,5.691641674771197,0.17669244396907402,0.48976788934041504,-0.10972331363788612,4.526636723050186,-0.04208084322056787,0.05913086757455903,0.5372783996130266,5,trajectory,0.08860055884668207,0.09943680265103946,False,long_straight,-0.008507779550604803,0.55,0.55,0.5920808432205679,0.5079191567794322,0.5079191567794322,right,-0.03541558497288587,-0.05542095119170874,4.527529000585535,0.09683822923330336,0.5324164217788023,-0.006665258247682
B,0.65,5.694761277391283,0.16203297943149894,0.5331536746227182,-0.10691159347645618,4.555038379458891,-0.044316623931611336,0.05913086757455903,0.5372783996130266,5,trajectory,0.09390042581591583,0.08576369078601066,False,long_straight,-0.009315212184053293,0.55,0.55,0.5943166239316113,0.5056833760683888,0.5056833760683888,right,-0.03708721716668929,-0.05171191744837574,4.555874155442315,0.09683822923330336,0.5324164217788023,-0.007229406764922043
B,0.655,5.697874896788248,0.14676908187515036,0.5734879643130047,-0.1038675708896668,4.583455702674227,-0.04654531302879511,0.06913086757455902,0.5377625059508435,5,trajectory,0.1402369956735589,0.07343449478528215,False,long_straight,-0.010122714342432684,0.55,0.55,0.5965453130287952,0.5034546869712049,0.5034546869712049,right,-0.03875884936049271,-0.048002883705042756,4.584219310299096,0.09683822923330336,0.5324164217788023,-0.0077864636683024
B,0.6599999999999999,5.70098083114878,0.13189889897544868,0.6236564948205339,-0.10057387160051334,4.611889442336339,-0.04876050181872485,0.06913086757455902,0.5377625059508435,6,trajectory,0.1456833567065278,0.06290115557862426,False,long_straight,-0.010930276630926347,0.55,0.55,0.5987605018187249,0.5012394981812752,0.5012394981812752,right,-0.048619400020798655,-0.09895005097442088,4.611901843129372,0.06932080938360578,0.5073002678146865,-0.00014110179792619498
B,0.6649999999999999,5.70407106501645,0.11624628979431383,0.6702743267090144,-0.09701514748935569,4.6403403098819185,-0.05095578156861851,0.06913086757455902,0.5377625059508435,6,trajectory,0.1521136328029052,0.05625377203012217,False,long_straight,-0.011737888209475642,0.55,0.55,0.6009557815686185,0.4990442184313815,0.4990442184313815,right,-0.05032431814573851,-0.09367419674592921,4.640508908558916,0.06932080938360578,0.5073002678146865,-0.0006314634228800006
B,0.6699999999999999,5.7071338530158,0.09993481318729253,0.7135698847666235,-0.09320854183552285,4.668808706021758,-0.05312735075512211,0.06913086757455902,0.5377625059508435,6,trajectory,0.15941726714214305,0.05511407789193416,False,long_straight,-0.012545529040626398,0.55,0.55,0.6031273507551221,0.49687264924487795,0.49687264924487795,right,-0.052029236270678375,-0.08839834251743754,4.669115973988459,0.06932080938360578,0.5073002678146865,-0.0010981144844437324
B,0.6749999999999999,5.71015832203337,0.08307683443080995,0.7537588463479419,-0.08917008790196501,4.697295011356084,-0.0552712788680915,0.07913086757455902,0.5076433109309997,6,trajectory,0.20913318138480516,0.057077814485891165,False,long_straight,-0.013353178128478775,0.55,0.55,0.6052712788680915,0.4947287211319085,0.4947287211319085,right,-0.05373415439561824,-0.08312248828894589,4.697723039418003,0.06932080938360578,0.5073002678146865,-0.0015371244724732627
B,0.6799999999999999,5.712988029577423,0.06665130842702477,0.8035165475706619,-0.0848832234238297,4.725799436967033,-0.057380850841398795,0.07913086757455902,0.5076433109309997,6,trajectory,0.21587987834937183,0.06742924650960214,False,long_straight,-0.014160809266035246,0.55,0.55,0.6073808508413988,0.4926191491586013,0.4926191491586013,right,-0.0554390725205581,-0.07784663406045422,4.726330104847547,0.06932080938360578,0.5073002678146865,-0.0019417783208406925
B,0.6849999999999999,5.7157662619586675,0.04950204265905493,0.849702628259831,-0.08033331358112639,4.754322133367077,-0.05944937457204933,0.07913086757455902,0.5076433109309997,6,trajectory,0.22354757053642585,0.08112329563847637,False,long_straight,-0.014968394113414956,0.55,0.55,0.6094493745720494,0.4905506254279507,0.4905506254279507,right,-0.057143990645497966,-0.07257077983196256,4.75493717027709,0.06932080938360578,0.5073002678146865,-0.0023053839265513645
B,0.69,5.718481365556366,0.031749038990322276,0.892552007657059,-0.07553759214006339,4.78286334468592,-0.06147277657578937,0.07913086757455902,0.5076433109309997,6,trajectory,0.232013161916714,0.0967397605454934,False,long_straight,-0.015775906544288194,0.55,0.55,0.6114727765757895,0.4885272234242107,0.4885272234242107,right,-0.058848908770437816,-0.06729492560347089,4.783544235706634,0.06932080938360578,0.5073002678146865,-0.0026238678053515513
B,0.695,5.721122695308776,0.013501017798950153,0.9322867960106658,-0.07051215138193268,4.81142327439686,-0.06344687708130305,0.08913086757455901,0.5043814102888013,6,trajectory,0.28307943169856054,0.11327820454356706,False,long_straight,-0.01658331882068237,0.55,0.55,0.6134468770813031,0.486553122918697,0.486553122918697,right,-0.06055382689537769,-0.06201907137497922,4.812151301136177,0.06932080938360578,0.5073002678146865,-0.0028930501859253596
B,0.7,5.72366654615756,-0.0042995195686247566,0.9811233234245592,-0.0652416291122706,4.840002213895151,-0.06536485788951246,0.08913086757455901,0.5043814102888013,6,trajectory,0.2907231436109653,0.13125867399354635,False,long_straight,-0.017390605207109444,0.55,0.55,0.6153648578895126,0.4846351421104876,0.4846351421104876,right,-0.062258745020317544,-0.05674321714648754,4.840758366565721,0.06932080938360578,0.5073002678146865,-0.0031061128691949186
B,0.705,5.726120417914139,-0.022767359733919208,1.0264215136976713,-0.05971246039557343,4.86860037328799,-0.06721994095798817,0.08913086757455901,0.5043814102888013,6,trajectory,0.29919168246575295,0.14969911442397774,False,long_straight,-0.018197737165336122,0.55,0.55,0.6172199409579882,0.4827800590420119,0.4827800590420119,right,-0.06396366314525741,-0.051467362917995876,4.869365431995265,0.06932080938360578,0.5073002678146865,-0.0032562778127307596
B,0.71,5.7284731264535385,-0.04178793045523621,1.0684185951036653,-0.053941712191581725,4.897217757681505,-0.06900786603794751,0.08913086757455901,0.5043814102888013,6,trajectory,0.30836317318484774,0.16837112420931064,False,long_straight,-0.019004679856465537,0.55,0.55,0.6190078660379476,0.48099213396205254,0.48099213396205254,right,-0.06566858127019727,-0.04619150868950421,4.897972497424808,0.06932080938360578,0.5073002678146865,-0.0033392847677502363
B,0.715,5.7307145832736754,-0.061257752274032795,1.1073389078517861,-0.04794529989981733,4.925854311285031,-0.0707242923140933,0.08717890018333298,0.5024481914951096,6,trajectory,0.31011057404093084,0.18705759987120207,False,long_straight,-0.019811396205768727,0.55,0.55,0.6207242923140933,0.47927570768590677,0.47927570768590677,right,-0.06737349939513712,-0.04091565446101255,4.926579562854352,0.06932080938360578,0.5073002678146865,-0.0033507929189561803
B,0.72,5.732826067800076,-0.08124285124693076,1.1411352251724685,-0.04174376755589826,4.95450986633809,-0.07236530277870756,0.08717890018333298,0.5024481914951096,6,trajectory,0.3207674161987795,0.20561678757165183,False,long_straight,-0.020617845456547677,0.55,0.55,0.6223653027787076,0.4776346972212925,0.4776346972212925,right,-0.06907841752007698,-0.035639800232520884,4.9551866282838954,0.06932080938360578,0.5073002678146865,-0.0032868852586305786
B,0.725,5.734809748101934,-0.1014322999924274,1.172423705683513,-0.03535610027709346,4.9831841910188714,-0.07392692431505245,0.08717890018333298,0.5024481914951096,6,trajectory,0.33175406621986264,0.22399672866564616,False,long_straight,-0.021423984515643278,0.55,0.55,0.6239269243150525,0.4760730756849476,0.4760730756849476,right,-0.07078333564501685,-0.030363946004029217,4.983793693713439,0.06932080938360578,0.5073002678146865,-0.003143588670035599
B,0.73,5.736659429034052,-0.12175772435761514,1.2013822726918528,-0.028794372623314857,5.0118770293010115,-0.07540468401325481,0.08717890018333298,0.5024481914951096,6,trajectory,0.34299207142840454,0.24212936437019383,False,long_straight,-0.022229769066257888,0.55,0.55,0.6254046840132549,0.4745953159867452,0.4745953159867452,right,-0.07248825376995671,-0.02508809177553755,5.012400759142983,0.06932080938360578,0.5073002678146865,-0.0029164302432981015
B,0.735,5.7383698520522115,-0.14215824619518544,1.2281778360845712,-0.022082096930919892,5.040587105042055,-0.07679423542327327,0.07717890018333298,0.502033967639038,6,trajectory,0.3140429245116388,0.25995321259451515,False,long_straight,-0.02216673284142626,0.55,0.55,0.6267942354232733,0.4732057645767268,0.4732057645767268,right,-0.07419317189489658,-0.019812237547045877,5.041007824572526,0.06932080938360578,0.5073002678146865,-0.0026010635283766903
B,0.74,5.739936397169435,-0.1633828582954657,1.2415319038725319,-0.015271802926874134,5.069312879056389,-0.07809417626642559,0.07717890018333298,0.502033967639038,6,trajectory,0.3276891809056643,0.27678309309168503,False,long_straight,-0.02208346268469622,0.55,0.55,0.6280941762664256,0.4719058237335745,0.4719058237335745,right,-0.07589809001983644,-0.014536383318554209,5.069614890002069,0.06932080938360578,0.5073002678146865,-0.0021960862465891517
B,0.745,5.741361902340828,-0.184234649330457,1.2538266811098726,-0.008399480844069718,5.098053743467157,-0.07930316679993876,0.07717890018333298,0.502033967639038,6,trajectory,0.34105727203354025,0.29308824543758244,False,long_straight,-0.022000222232830643,0.55,0.55,0.6293031667999388,0.4706968332000613,0.4706968332000613,right,-0.0776030081447763,-0.009260529090062544,5.0982219554316135,0.06932080938360578,0.5073002678146865,-0.0017001586551624592
B,0.75,5.742647038220975,-0.20470508146732705,1.2651431958120547,-0.0014702366830952052,5.126809102884455,-0.08041746895636716,0.07717890018333298,0.502033967639038,6,trajectory,0.35413185383188095,0.3088679690899321,False,long_straight,-0.021917013452343682,0.55,0.55,0.6304174689563672,0.4695825310436329,0.4695825310436329,right,-0.07930792626971615,-0.00398467486157088,5.126829020861156,0.06932080938360578,0.5073002678146865,-0.001109542686651005
B,0.755,5.743792821075085,-0.2247878677594144,1.275556445002313,0.005511212370127527,5.1555783019342645,-0.08143345512260922,0.06717890018333299,0.5036689360561242,6,trajectory,0.32692298790486424,0.3241517844877881,False,long_straight,-0.021833838471697908,0.55,0.55,0.6314334551226093,0.4685665448773908,0.4685665448773908,right,-0.08101284439465602,0.0012911793669207854,5.155436086290701,0.06932080938360578,0.5073002678146865,-0.00042061072795319954
B,0.76,5.744812839207341,-0.24527300400543797,1.2738021262229116,0.012511833030242947,5.184360668124076,-0.08235002148893455,0.06717890018333299,0.5036689360561242,7,trajectory,0.3414979038983101,0.3382610503771497,False,long_straight,-0.02175069945675553,0.55,0.55,0.6323500214889346,0.4676499785110655,0.4676499785110655,right,-0.0825176557204677,0.010826194615905203,5.184353970755606,-0.035240858230922004,0.48825770660961487,0.00016763423153313972
B,0.765,5.74570689482138,-0.265019099403591,1.2720687597681557,0.019501612607263574,5.213155500974725,-0.0831660632557994,0.06717890018333299,0.5036689360561242,7,trajectory,0.35540615849866425,0.3517207201680159,False,long_straight,-0.021667598641882505,0.55,0.55,0.6331660632557994,0.46683393674420065,0.46683393674420065,right,-0.0828295225523633,0.013098755060346051,5.213255252595538,-0.035240858230922004,0.48825770660961487,-0.0003365407034360973
B,0.77,5.746479903724834,-0.2840583931517148,1.2703565083680477,0.02648063862001182,5.241962022856059,-0.08387816282320211,0.06717890018333299,0.5036689360561242,7,trajectory,0.368680047909395,0.3645630860711442,False,long_straight,-0.02158453847127268,0.55,0.55,0.6338781628232022,0.46612183717679795,0.46612183717679795,right,-0.08314138938425888,0.015371315504786901,5.24215653443547,-0.035240858230922004,0.48825770660961487,-0.0007367734389432251
B,0.775,5.747136557595069,-0.3024214416851236,1.268665313548502,0.03344899810107327,5.27077941014092,-0.08448306664424424,0.057178900183332985,0.48856670851302975,7,trajectory,0.34156073828817163,0.3766154872523162,False,long_straight,-0.021501521508224816,0.55,0.55,0.6344830666442443,0.46551693335575584,0.46551693335575584,right,-0.08345325621615449,0.01764387594922775,5.2710578162754,-0.035240858230922004,0.48825770660961487,-0.0010298104280897502
B,0.78,5.747611996774598,-0.32092295471218224,1.2558826081205325,0.040378661184699904,5.2996066942500075,-0.08498006690186212,0.057178900183332985,0.48856670851302975,7,trajectory,0.35575110201826504,0.3877371381143603,False,long_straight,-0.02141855071921697,0.55,0.55,0.6349800669018622,0.46501993309813794,0.46501993309813794,right,-0.08376512304805009,0.0199164363936686,5.299959098115332,-0.035240858230922004,0.48825770660961487,-0.001214943853812031
B,0.785,5.747994140258183,-0.3384652084679797,1.2438863995583846,0.047244202589180606,5.328442891163704,-0.0853684928414756,0.057178900183332985,0.48856670851302975,7,trajectory,0.36905060490440494,0.39819348690425826,False,long_straight,-0.02133562909975475,0.55,0.55,0.6353684928414757,0.4646315071585244,0.4646315071585244,right,-0.08407698987994569,0.02218899683810945,5.328860379955263,-0.035240858230922004,0.48825770660961487,-0.0012915029615299112
B,0.79,5.748289661295467,-0.3551067114368371,1.232616552830425,0.05404938301920481,5.357287098983106,-0.08564541398386173,0.057178900183332985,0.48856670851302975,7,trajectory,0.3815235923881043,0.4080312201820257,False,long_straight,-0.02125275939398962,0.55,0.55,0.6356454139838618,0.4643545860161383,0.4643545860161383,right,-0.08438885671184128,0.024461557282550297,5.357761661795195,-0.035240858230922004,0.48825770660961487,-0.0012565572720204532
B,0.795,5.748504635922295,-0.3709016507209347,1.2220180390834803,0.060797675168406506,5.386138388423128,-0.08580808748361148,0.047178900183332984,0.4934543386927587,7,trajectory,0.35409679162480634,0.41735190845764464,False,long_straight,-0.02116994440996474,0.55,0.55,0.6358080874836115,0.4641919125163886,0.4641919125163886,right,-0.08470072354373687,0.02673411772699115,5.386662943635127,-0.035240858230922004,0.48825770660961487,-0.0011073639398746088
B,0.8,5.748677239496577,-0.38667669721671705,1.2009175593815853,0.06746416168607094,5.414996017397493,-0.0858562967121927,0.047178900183332984,0.4934543386927587,7,trajectory,0.36712960325754407,0.42550023949280286,False,long_straight,-0.021087186404147112,0.55,0.55,0.6358562967121928,0.46414370328780735,0.46414370328780735,right,-0.08501259037563247,0.029006678171431995,5.415564225475057,-0.035240858230922004,0.48825770660961487,-0.0008437063365602376
B,0.805,5.748797876050005,-0.40136359602805893,1.1811368335676804,0.07402621994285319,5.443859242762216,-0.08578987642872347,0.047178900183332984,0.4934543386927587,7,trajectory,0.379154610430551,0.4330130179785146,False,long_straight,-0.021004487623016217,0.55,0.55,0.6357898764287235,0.46421012357127656,0.46421012357127656,right,-0.08532445720752807,0.03127923861587285,5.444465507314989,-0.035240858230922004,0.48825770660961487,-0.0004654192211954039
B,0.81,5.748873214764264,-0.41503754579836233,1.1625744829755562,0.08049017197279884,5.472727107327272,-0.08560644994941886,0.047178900183332984,0.4934543386927587,7,trajectory,0.3902551894616079,0.43994112316568673,False,long_straight,-0.0209218509124783,0.55,0.55,0.635606449949419,0.4643935500505812,0.4643935500505812,right,-0.08563632403942366,0.03355179906031369,5.4733667891549205,-0.035240858230922004,0.48825770660961487,2.9874090004794462e-05
B,0.8150000000000001,5.748909140335291,-0.42776779609173166,1.145138373819433,0.08686185656193901,5.5015986457695485,-0.08530383523175715,0.03717890018333298,0.5000758837177642,7,trajectory,0.3616439913315194,0.44640526071617365,False,long_straight,-0.020839279126444836,0.55,0.55,0.6353038352317572,0.4646961647682429,0.4646961647682429,right,-0.08594819087131926,0.035824359504754544,5.502268070994852,-0.035240858230922004,0.48825770660961487,0.0006443556395621108
B,0.8200000000000001,5.748953820135599,-0.44038961894705525,1.117672312357445,0.09311868507856591,5.530473179785542,-0.08488235770339633,0.03717890018333298,0.5000758837177642,7,trajectory,0.373091758438626,0.45173817986016285,False,long_straight,-0.020756774283766745,0.55,0.55,0.6348823577033964,0.4651176422966037,0.4651176422966037,right,-0.08626005770321485,0.038096919949195396,5.531169352834783,-0.035240858230922004,0.48825770660961487,0.0013776999998185158
B,0.8250000000000001,5.748989772611143,-0.4518544216059043,1.0918929321817896,0.09924012265113547,5.559350043898474,-0.08434239982762488,0.03717890018333298,0.5000758837177642,7,trajectory,0.3834798192030064,0.45647639027743425,False,long_straight,-0.02067433835439686,0.55,0.55,0.634342399827625,0.4656576001723752,0.4656576001723752,right,-0.08657192453511045,0.04036948039363624,5.560070634674714,-0.035240858230922004,0.48825770660961487,0.0022295247074855667
B,0.8300000000000001,5.749022498577297,-0.4622478911038612,1.0676731266787416,0.10523426177908357,5.588228293668138,-0.08368215746849406,0.03717890018333298,0.5000758837177642,7,trajectory,0.3929011988087824,0.4606700494722212,False,long_straight,-0.020591974091420075,0.55,0.55,0.6336821574684941,0.466317842531506,0.466317842531506,right,-0.08688379136700605,0.04264204083807709,5.588971916514645,-0.035240858230922004,0.48825770660961487,0.0032016338985119963
B,0.8350000000000001,5.7490566635724685,-0.4716488663492315,1.0448978225476835,0.11110859057855516,5.617106994302605,-0.08290001966891777,0.02717890018333298,0.5074860908257272,7,trajectory,0.36262692048954226,0.4644453743229313,False,long_straight,-0.02050968420540344,0.55,0.55,0.6329000196689178,0.46709998033108224,0.46709998033108224,right,-0.08719565819890165,0.044914601282517945,5.6178731983545775,-0.035240858230922004,0.48825770660961487,0.004295638529983881
B,0.84,5.749144510599648,-0.48090102400891555,1.012384536676172,0.11684205717905005,5.645985580511982,-0.08199687022777466,0.02717890018333298,0.5074860908257272,7,trajectory,0.37227329400708403,0.46713096458907777,False,long_straight,-0.020427470340560153,0.55,0.55,0.6319968702277747,0.46800312977222536,0.46800312977222536,right,-0.08750752503079724,0.04718716172695874,5.646774480194508,-0.035240858230922004,0.48825770660961487,0.005510654803022583
B,0.845,5.7492643128265355,-0.4889651022258154,0.9818170743344514,0.12241549763395243,5.674863511982182,-0.08097365086468275,0.02717890018333298,0.5074860908257272,7,trajectory,0.3808415972394041,0.46925668632267786,False,long_straight,-0.02034533405909443,0.55,0.55,0.6309736508646828,0.46902634913531727,0.46902634913531727,right,-0.08781939186269283,0.049459722171399594,5.675675762034439,-0.035240858230922004,0.48825770660961487,0.00684574099801008
B,0.85,5.7494196948046765,-0.4959337122539534,0.9530536932504893,0.12783826536275278,5.703739918033504,-0.07982912489106214,0.02717890018333298,0.5074860908257272,7,trajectory,0.388428668607558,0.47087024121691745,False,long_straight,-0.020263277850849776,0.55,0.55,0.6298291248910621,0.4701708751089379,0.4701708751089379,right,-0.08813125869458843,0.05173228261584044,5.704577043874371,-0.035240858230922004,0.48825770660961487,0.00830213380352629
B,0.855,5.749613480531032,-0.5018921794042828,0.9259663266696012,0.13311904073454395,5.732613953104978,-0.07856224431018541,0.017178900183332978,0.5149821881086624,7,trajectory,0.3561120639114366,0.4720963356641431,False,long_straight,-0.02018130412025588,0.55,0.55,0.6285622443101855,0.4714377556898146,0.4714377556898146,right,-0.08844312552648402,0.05400484306028129,5.733478325714302,-0.035240858230922004,0.48825770660961487,0.009880881216298612
B,0.86,5.749897652541862,-0.5076950908695388,0.8892894570376079,0.13823773137257822,5.761485209029623,-0.077174456697312,0.017178900183332978,0.5149821881086624,8,trajectory,0.3638551154525894,0.4722609103323818,False,long_straight,-0.020099414017865927,0.55,0.55,0.6271744566973121,0.47282554330268806,0.47282554330268806,right,-0.07731520257805065,0.1366606653569988,5.761509819403672,-0.09782108949051649,0.3516971777626622,0.00014074588073864636
B,0.865,5.7502490009960665,-0.5123030649100337,0.8547544461610806,0.14317603149597202,5.790353312591728,-0.07566726702217007,0.017178900183332978,0.5149821881086624,8,trajectory,0.37051512523832125,0.47188778275342835,False,long_straight,-0.02001760858603697,0.55,0.55,0.6256672670221701,0.47433273297782996,0.47433273297782996,right,-0.07538540259507548,0.1351575752331994,5.790402603682999,-0.09782108949051649,0.3516971777626622,-0.0002818644270945886
B,0.87,5.750668857467246,-0.5158138641315044,0.8222121214104045,0.14794425914865927,5.819217518622233,-0.07403999384434676,0.017178900183332978,0.5149821881086624,8,trajectory,0.37618971243588967,0.4710222833835919,False,long_straight,-0.019935889910904343,0.55,0.55,0.6240399938443468,0.47596000615565326,0.47596000615565326,right,-0.07345560261210028,0.13365448510939995,5.819295387962327,-0.09782108949051649,0.3516971777626622,-0.0005843912322464756
B,0.875,5.751157838918806,-0.5183177831086797,0.7915277830916806,0.15255202445134985,5.848077119995072,-0.07229213998163511,0.0071789001833329775,0.3527313279611778,8,trajectory,0.3392741416688441,0.4681979798027889,False,long_straight,-0.019854259958405472,0.55,0.55,0.6222921399816351,0.47770786001836496,0.47770786001836496,right,-0.07152580262912508,0.13215139498560052,5.848188172241654,-0.09782108949051649,0.3516971777626622,-0.000766337352510027
B,0.88,5.750916499548365,-0.5207087382693271,0.7523392502733934,0.15698239362190458,5.87692981291659,-0.07042607560883293,0.0071789001833329775,0.3527313279611778,8,trajectory,0.3450562692875655,0.46606960503056455,False,long_straight,-0.019772725192211058,0.55,0.55,0.620426075608833,0.4795739243911671,0.4795739243911671,right,-0.06959600264614989,0.13064830486180107,5.877080956520981,-0.09782108949051649,0.3516971777626622,-0.0008300729626830455
B,0.885,5.750767394235636,-0.5219363124643667,0.7153991532900166,0.16121997530298993,5.905773336760243,-0.0684442298829725,0.0071789001833329775,0.3527313279611778,8,trajectory,0.3497675595701586,0.46341890170126193,False,long_straight,-0.019691291925299902,0.55,0.55,0.6184442298829725,0.48155577011702755,0.48155577011702755,right,-0.06766620266317468,0.1291452147380016,5.905973740800308,-0.09782108949051649,0.3516971777626622,-0.0007780272197978194
B,0.89,5.750709411870929,-0.5221007503716052,0.680556972809837,0.16527562201942292,5.934607113610238,-0.06634646579595443,0.0071789001833329775,0.3527313279611778,8,trajectory,0.3535042332768634,0.46028916846821305,False,long_straight,-0.019609961698156608,0.55,0.55,0.6163464657959545,0.4836535342040456,0.4836535342040456,right,-0.06573640268019948,0.12764212461420218,5.934866525079635,-0.09782108949051649,0.3516971777626622,-0.0006100631157549552
B,0.895,5.750740872659076,-0.5212948530767596,0.6476766741525117,0.16915947180362734,5.963430612688339,-0.06413282374984144,-0.0028210998166670227,0.36102912113336505,8,trajectory,0.3159512511361594,0.45678575206347805,False,long_straight,-0.019528735907846748,0.55,0.55,0.6141328237498415,0.48586717625015863,0.48586717625015863,right,-0.06380660269722428,0.12613903449040276,5.963759309358963,-0.09782108949051649,0.3516971777626622,-0.00032622105261716217
B,0.9,5.750914983789602,-0.5204089952000337,0.6050764538024529,0.172851829645849,5.992243867403855,-0.06180589572078354,-0.0028210998166670227,0.36102912113336505,8,trajectory,0.31984606282350025,0.45223025120598687,False,long_straight,-0.019447614353657446,0.55,0.55,0.6118058957207836,0.4881941042792165,0.4881941042792165,right,-0.06187680271424907,0.1246359443666033,5.99265209363829,-0.09782108949051649,0.3516971777626622,7.090699346553458e-05
B,0.905,5.751201154132377,-0.5183721671036694,0.5648951609994328,0.17633476782178015,6.021046957546499,-0.059368326212000104,-0.0028210998166670227,0.36102912113336505,8,trajectory,0.3226543346447109,0.4471466884545342,False,long_straight,-0.01936659670034923,0.55,0.55,0.6093683262120001,0.49063167378799993,0.49063167378799993,right,-0.059947002731273874,0.12313285424280385,6.021544877917617,-0.09782108949051649,0.3516971777626622,0.00057867651927377
B,0.91,5.751595710907267,-0.5152898287361102,0.5269794083569392,0.17961998825711278,6.049839499155134,-0.056820501667286055,-0.0028210998166670227,0.36102912113336505,8,trajectory,0.3244733432497715,0.4415791687640365,False,long_straight,-0.01928568391171932,0.55,0.55,0.6068205016672861,0.493179498332714,0.493179498332714,right,-0.05801720274829866,0.12162976411900439,6.050437662196945,-0.09782108949051649,0.3516971777626622,0.0011967010810126077
B,0.915,5.752094544275195,-0.5112598536525234,0.4911903211927467,0.18271846422861548,6.078621163279106,-0.054162986286327736,-0.012821099816667023,0.37034727707081594,8,trajectory,0.28416172842391985,0.43564837736588774,False,long_straight,-0.01920487678881266,0.55,0.55,0.6041629862863278,0.4958370137136723,0.4958370137136723,right,-0.056087402765323466,0.12012667399520496,6.079330446476272,-0.09782108949051649,0.3516971777626622,0.0019244164789957302
B,0.92,5.752753965757924,-0.5071958658336985,0.44558098164610194,0.18561066078052324,6.107392246345728,-0.05139894107352146,-0.012821099816667023,0.37034727707081594,8,trajectory,0.28613333079975406,0.4286214320127167,False,long_straight,-0.01912417437157268,0.55,0.55,0.6013989410735215,0.4986010589264786,0.4986010589264786,right,-0.05415760278234826,0.11862358387140554,6.108223230755598,-0.09782108949051649,0.3516971777626622,0.0027586617088267984
B,0.925,5.75353601087617,-0.5020062335940401,0.40256489272110196,0.1882788461867273,6.136153093596658,-0.04853158118628702,-0.012821099816667023,0.37034727707081594,8,trajectory,0.28700209788429093,0.42105708468421493,False,long_straight,-0.01904357556204137,0.55,0.55,0.598531581186287,0.5014684188137131,0.5014684188137131,right,-0.05222780279937306,0.11712049374760608,6.137116015034926,-0.09782108949051649,0.3516971777626622,0.00369622161308604
B,0.93,5.754434386938578,-0.4958017717792358,0.36198634837868204,0.19073559250674776,6.164903536166229,-0.04556182066496019,-0.012821099816667023,0.37034727707081594,8,trajectory,0.2868673566732784,0.41300253961352834,False,long_straight,-0.0189630807003625,0.55,0.55,0.5955618206649602,0.5044381793350399,0.5044381793350399,right,-0.05029800281639786,0.11561740362380665,6.166008799314254,-0.09782108949051649,0.3516971777626622,0.004736182151437673
B,0.935,5.755442527680098,-0.4886855076755303,0.3237038268293018,0.19299273076782253,6.193643465063344,-0.04249075255079431,-0.022821099816667023,0.37782493528118366,8,trajectory,0.24366787933711717,0.40457343230460385,False,long_straight,-0.01888268995336255,0.55,0.55,0.5924907525507943,0.5075092474492058,0.5075092474492058,right,-0.048368202833422656,0.1141143135000072,6.194901583593581,-0.09782108949051649,0.3516971777626622,0.005877450282628344
B,0.9400000000000001,5.756605211237587,-0.48159702674967253,0.2754906278233124,0.19503086818515136,6.222373414193814,-0.03932212796774891,-0.022821099816667023,0.37782493528118366,8,trajectory,0.24370810393536857,0.3950252573335732,False,long_straight,-0.018802401686834547,0.55,0.55,0.589322127967749,0.5106778720322511,0.5106778720322511,right,-0.04643840285044745,0.11261122337620774,6.223794367872909,-0.09782108949051649,0.3516971777626622,0.007116274882698545
B,0.9450000000000001,5.757891101775108,-0.47342042275100005,0.2300568199801846,0.19683247599802955,6.251093965314925,-0.03605975288497715,-0.022821099816667023,0.37782493528118366,8,trajectory,0.24263230978282296,0.3849351713707274,False,long_straight,-0.018722214134511413,0.55,0.55,0.5860597528849771,0.513940247115023,0.513940247115023,right,-0.044508602867472255,0.11110813325240831,6.2526871521522365,-0.09782108949051649,0.3516971777626622,0.008448849982495107
B,0.9500000000000001,5.7592913574324385,-0.46427199135571073,0.18724327374536695,0.19841105264923353,6.279805172749298,-0.032705073141887066,-0.022821099816667023,0.37782493528118366,8,trajectory,0.24054359560346766,0.37435625562930325,False,long_straight,-0.01864212700267868,0.55,0.55,0.5827050731418871,0.517294926858113,0.517294926858113,right,-0.04257880288449705,0.10960504312860886,6.281579936431562,-0.09782108949051649,0.3516971777626622,0.009873729742609985
B,0.9550000000000001,5.7607970615010915,-0.4542599133422807,0.146904419260938,0.19977933681276472,6.308507151961551,-0.029259714567377453,-0.032821099816667025,0.3832903299802092,8,trajectory,0.1945682769816106,0.3633987306259334,False,long_straight,-0.01856213982389421,0.55,0.55,0.5792597145673775,0.5207402854326226,0.5207402854326226,right,-0.04064900290152185,0.10810195300480943,6.31047272071089,-0.09782108949051649,0.3516971777626622,0.011389288334144394
B,0.96,5.7624403867577145,-0.4443500160124586,0.09652682478229335,0.2009181034936609,6.337200665634885,-0.02572802566206708,-0.032821099816667025,0.3832903299802092,9,trajectory,0.1927173018658473,0.3513104488388255,False,long_straight,-0.018482250326804162,0.55,0.55,0.5757280256620672,0.5242719743379329,0.5242719743379329,right,-0.02587851329210753,0.19922181459100702,6.337237408612123,-0.1465911134747139,0.10219723072796197,0.0001504876300404516
B,0.965,5.764197311701885,-0.43340090306038703,0.049127835989599994,0.20181006829872095,6.36588651927302,-0.022114408105466173,-0.032821099816667025,0.3832903299802092,9,trajectory,0.18974928315078354,0.33869147904250885,False,long_straight,-0.018402456124974317,0.55,0.55,0.5721144081054662,0.5278855918945339,0.5278855918945339,right,-0.0223987776941156,0.19333511657382144,6.365955794167713,-0.1465911134747139,0.10219723072796197,0.0002843695886494274
B,0.97,5.766056665422579,-0.4215341843815837,0.00454232209581365,0.20246971458889806,6.39456498289634,-0.018420838367501073,-0.032821099816667025,0.3832903299802092,9,trajectory,0.1857737002724259,0.32560379387388555,False,long_straight,-0.01832275632386948,0.55,0.55,0.5684208383675011,0.531579161632499,0.531579161632499,right,-0.01891904209612368,0.18744841855663588,6.394674179723303,-0.1465911134747139,0.10219723072796197,0.0004982037286226058
B,0.975,5.7680074367814935,-0.40886285854893767,-0.03738212740114563,0.2029107336932059,6.423236384703618,-0.014649472004860824,-0.04282109981666703,0.10321965793388313,9,trajectory,0.13227231858465224,0.30984576052199914,False,long_straight,-0.018243149866443733,0.55,0.55,0.5646494720048608,0.5353505279951393,0.5353505279951393,right,-0.015439306498131748,0.1815617205394503,6.423392565278894,-0.1465911134747139,0.10219723072796197,0.0007898344932709238
B,0.98,5.768650518144504,-0.39642030271628853,-0.08847430061281164,0.20311651177001,6.451898234063611,-0.010806037312788693,-0.04282109981666703,0.10321965793388313,9,trajectory,0.1285318098074304,0.2953638904633906,False,long_straight,-0.018163643510890153,0.55,0.55,0.5608060373127888,0.5391939626872113,0.5391939626872113,right,-0.011959570900139821,0.17567502252226475,6.452110950834484,-0.1465911134747139,0.10219723072796197,0.0011535335873511278
B,0.985,5.769386051370501,-0.3830171462155268,-0.1364813745653248,0.2030721209261106,6.480548070834429,-0.006896292245454931,-0.04282109981666703,0.10321965793388313,9,trajectory,0.12367880532520942,0.28037516078735325,False,long_straight,-0.018084243901676587,0.55,0.55,0.556896292245455,0.5431037077545451,0.5431037077545451,right,-0.008479835302147895,0.1697883245050792,6.480829336390075,-0.1465911134747139,0.10219723072796197,0.0015835430566929643
B,0.99,5.770201268698975,-0.3687770387653627,-0.18157464205660134,0.20279256620322972,6.5091863504883545,-0.0029227007603747036,-0.04282109981666703,0.10321965793388313,9,trajectory,0.11782740454811161,0.26494886933249323,False,long_straight,-0.01800494958537824,0.55,0.55,0.5529227007603748,0.5470772992396253,0.5470772992396253,right,-0.005000099704155965,0.16390162648789358,6.509547721945664,-0.1465911134747139,0.10219723072796197,0.0020773989437812617
B,0.995,5.771083816011022,-0.3538145053713161,-0.22391345250743364,0.2022920275613429,6.537813578090656,0.0011121022572598196,-0.05282109981666703,0.10246068399689759,9,trajectory,0.06590761299788403,0.2491492172296385,False,long_straight,-0.01792575897256223,0.55,0.55,0.5488878977427403,0.5511121022572598,0.5488878977427403,left,-0.0015203641061640391,0.15801492847070803,6.538266107501255,-0.1465911134747139,0.10219723072796197,0.0026324663634238587
B,1.0,5.772029900203687,-0.3391416590873384,-0.276561609871674,0.2015512758304463,6.566430845362701,0.0052026346591284535,-0.05282109981666703,0.10246068399689759,9,trajectory,0.06059157113139703,0.23227532831524172,False,long_straight,-0.017846668854836937,0.55,0.55,0.5447973653408716,0.5552026346591284,0.5447973653408716,left,0.0019593714918278906,0.15212823045352244,6.566984493056845,-0.1465911134747139,0.10219723072796197,0.003243263167300563
B,1.005,5.773041503974427,-0.32356299914048103,-0.32590429742078636,0.20055320750738037,6.595039261871427,0.009343382844145888,-0.05282109981666703,0.10246068399689759,9,trajectory,0.05419853207182505,0.21494968793531527,False,long_straight,-0.01776767598219346,0.55,0.55,0.5406566171558541,0.559343382844146,0.5406566171558541,left,0.0054391070898197405,0.14624153243633703,6.595702878612435,-0.1465911134747139,0.10219723072796197,0.003904275754326147
B,1.0099999999999998,5.774104366886394,-0.3072065088535997,-0.37212730204439015,0.19931389512546227,6.623639425927666,0.013531411901975411,-0.05282109981666703,0.10246068399689759,9,trajectory,0.04686957856580395,0.19725303445773254,False,long_straight,-0.017688778522152965,0.55,0.55,0.5364685880980247,0.5635314119019754,0.5364685880980247,left,0.00891884268781159,0.1403548344191516,6.624421264168024,-0.1465911134747139,0.10219723072796197,0.004612569214163821
B,1.0149999999999997,5.775204905767715,-0.2901902022434626,-0.4154050342457977,0.19784851190426433,6.652231973829966,0.01776362340715112,-0.06282109981666703,0.10453245938751857,9,trajectory,0.013649879827947126,0.1792759619238368,False,long_straight,-0.017609974540206786,0.55,0.55,0.532236376592849,0.5677636234071511,0.532236376592849,left,0.012398578285803444,0.13446813640196614,6.653139649723615,-0.1465911134747139,0.10219723072796197,0.005365045121347677
B,1.0199999999999996,5.7763509247865255,-0.27353488731315956,-0.46890744199545137,0.19613850607616268,6.680818141342973,0.022034066544361623,-0.06282109981666703,0.10453245938751857,9,trajectory,0.01873830606565094,0.16026911957967455,False,long_straight,-0.017531260454946945,0.55,0.55,0.5279659334556385,0.5720340665443616,0.5279659334556385,left,0.015878313883795292,0.1285814383847807,6.681858035279204,-0.1465911134747139,0.10219723072796197,0.006155752660566331
B,1.0249999999999995,5.777527660958522,-0.25603745636537056,-0.5189143920920846,0.1941674749917257,6.709399164431013,0.026336772879397716,-0.06282109981666703,0.10453245938751857,9,trajectory,0.02568972917099409,0.14090767529115933,False,long_straight,-0.01745263269349038,0.55,0.55,0.5236632271206023,0.5763367728793978,0.5236632271206023,left,0.01935804948178714,0.12269474036759526,6.710576420834794,-0.1465911134747139,0.10219723072796197,0.006978723397610576
B,1.0299999999999994,5.778719968085392,-0.23782795221589337,-0.5656286007111371,0.1919523993622292,6.737975725269891,0.0306683809084425,-0.06282109981666703,0.10453245938751857,9,trajectory,0.033999903621947825,0.12128615769054345,False,long_straight,-0.017374089213414233,0.55,0.55,0.5193316190915576,0.5806683809084425,0.5193316190915576,left,0.02283778507977899,0.11680804235040983,6.739294806390383,-0.1465911134747139,0.10219723072796197,0.007830595828663512
B,1.0349999999999993,5.779913636597306,-0.21902561624294092,-0.609241721324566,0.18950927471081647,6.766548527993642,0.03502537969434414,-0.07282109981666703,0.10566259225448296,9,trajectory,0.08835675493503875,0.1015110063842678,False,long_straight,-0.01729562791549006,0.55,0.55,0.5149746203056559,0.5850253796943442,0.5149746203056559,left,0.026317520677770843,0.11092134433322437,6.768013191945974,-0.1465911134747139,0.10219723072796197,0.008707859016573297
B,1.0399999999999991,5.781109432697406,-0.2006476199611424,-0.6628756038267891,0.1868204408014118,6.795118822099704,0.039401426224040956,-0.07282109981666703,0.10566259225448296,9,trajectory,0.09645859852825414,0.08085265615186302,False,long_straight,-0.017217245208652688,0.55,0.55,0.5105985737759591,0.589401426224041,0.5105985737759591,left,0.029797256275762695,0.10503464631603893,6.796731577501562,-0.1465911134747139,0.10219723072796197,0.00960416994827826
B,1.044999999999999,5.78229499841622,-0.18149557839951505,-0.712876597723415,0.18387035358335924,6.823687836524824,0.043790179405929344,-0.07282109981666703,0.10566259225448296,9,trajectory,0.10558098517050617,0.06005410658633417,False,long_straight,-0.01713893756731149,0.55,0.55,0.5062098205940707,0.5937901794059294,0.5062098205940707,left,0.03327699187375455,0.09914794829885351,6.825449963057153,-0.1465911134747139,0.10219723072796197,0.010513187532174798
B,1.049999999999999,5.783454967457471,-0.16169885494770933,-0.7594647331047648,0.18067663669267553,6.852256263399919,0.04818792078852321,-0.07282109981666703,0.10566259225448296,9,trajectory,0.11559040199644158,0.03937877146277362,False,long_straight,-0.01706070294415593,0.55,0.55,0.5018120792114769,0.5981879207885232,0.5018120792114769,left,0.036756727471746395,0.09326125028166805,6.854168348612742,-0.1465911134747139,0.10219723072796197,0.011431193316776812
B,1.0549999999999988,5.784575134153595,-0.14137533712432385,-0.8028488526515338,0.1772558418261707,6.8808247975592245,0.052590803010862615,-0.08282109981666702,0.10635524179340597,9,trajectory,0.17110025841467627,0.019835188824331683,False,long_straight,-0.016982539288008244,0.55,0.55,0.49740919698913744,0.6025908030108627,0.49740919698913744,left,0.04023646306973824,0.08737455226448262,6.882886734168332,-0.1465911134747139,0.10219723072796197,0.012354339941124372
B,1.0599999999999987,5.7856520620016525,-0.12152351310122605,-0.8559280073520888,0.1735913787344061,6.909394611514064,0.05699220999511798,-0.08282109981666702,0.10635524179340597,10,trajectory,0.18023937080539013,0.01213132623923162,False,long_straight,-0.016904443246093588,0.55,0.55,0.49300779000488204,0.606992209995118,0.49300779000488204,left,0.056831619204593654,0.17182963610717128,6.909425785381445,-0.12774127870962387,0.15135732564468515,0.00016059079052432867
B,1.0649999999999986,5.786673636083137,-0.10096530601369368,-0.9053065179242513,0.16966868227199816,6.937966835246605,0.061385550938589925,-0.08282109981666702,0.10635524179340597,10,trajectory,0.19030652032944437,0.02965602380699239,False,long_straight,-0.016826411590014204,0.55,0.55,0.4886144490614101,0.6113855509385899,0.4886144490614101,left,0.060565257574125106,0.16428762146856352,6.938096631682621,-0.12774127870962387,0.15135732564468515,0.0008202933644648192
B,1.0699999999999985,5.787624892538522,-0.07982657767035119,-0.9512191810908931,0.16550567547379158,6.966542088338624,0.0657668410670824,-0.08282109981666702,0.10635524179340597,10,trajectory,0.20116644235486278,0.05094252022366486,False,long_straight,-0.01674844249122174,0.55,0.55,0.48423315893291763,0.6157668410670825,0.48423315893291763,left,0.06429889594365756,0.15674560682995375,6.966767477983806,-0.12774127870962387,0.15135732564468515,0.001467945123424838
B,1.0749999999999984,5.788492190479392,-0.058221338984764656,-0.9938890542175671,0.16111913650747312,6.9951209723748216,0.07013199229345889,-0.09282109981666702,0.15172058901709093,10,trajectory,0.2562330724105575,0.07351968179310334,False,long_straight,-0.01667053417295602,0.55,0.55,0.47986800770654114,0.620131992293459,0.47986800770654114,left,0.06803253431319002,0.149203592191344,6.995438324284989,-0.12774127870962387,0.15135732564468515,0.002099457980268865
B,1.0799999999999983,5.7894937559286195,-0.0371094519527142,-1.045680689466628,0.15649402001446333,7.02370503641317,0.07447435822428791,-0.09282109981666702,0.15172058901709093,10,trajectory,0.26608366288947327,0.09583407848183859,False,long_straight,-0.01659268228163892,0.55,0.55,0.4755256417757121,0.624474358224288,0.4755256417757121,left,0.07176617268272246,0.14166157755273423,7.024109170586175,-0.12774127870962387,0.15135732564468515,0.002708185541565447
B,1.0849999999999982,5.790392533972328,-0.015357396443594032,-1.0937816028857106,0.15161716230473754,7.052295766586173,0.07878733814402752,-0.09282109981666702,0.15172058901709093,10,trajectory,0.27674751097345135,0.11825615535590314,False,long_straight,-0.01651488264672369,0.55,0.55,0.47121266185597255,0.6287873381440275,0.47121266185597255,left,0.07549981105225492,0.13411956291412444,7.0527800168873584,-0.12774127870962387,0.15135732564468515,0.003287527091772602
B,1.089999999999998,5.791174501003081,0.006915264781482855,-1.1384358507078414,0.1465064096646964,7.080893627583863,0.08306677888117572,-0.09282109981666702,0.15172058901709093,10,trajectory,0.28809318572120235,0.14062742257350222,False,long_straight,-0.016437133884598214,0.55,0.55,0.4669332211188243,0.6330667788811758,0.4669332211188243,left,0.07923344942178737,0.12657754827551468,7.081450863188541,-0.12774127870962387,0.15135732564468515,0.003833329459388357
B,1.094999999999998,5.791827044922907,0.029600780035248634,-1.1798750105074114,0.14117841866615333,7.109499045843443,0.0873084532006216,-0.10282109981666701,0.1453883752391387,10,trajectory,0.3410821848605249,0.1627777699544702,False,long_straight,-0.016359434716642033,0.55,0.55,0.46269154679937846,0.6373084532006217,0.46269154679937846,left,0.08296708779131982,0.11903553363690492,7.110121709489727,-0.12774127870962387,0.15135732564468515,0.004341365409301773
B,1.0999999999999979,5.792308621899408,0.051785720020554586,-1.2299837302076142,0.13561920972671127,7.138112669854101,0.09150561381344834,-0.10282109981666701,0.1453883752391387,10,trajectory,0.35130187264357915,0.18546063800083495,False,long_straight,-0.016281783262658403,0.55,0.55,0.4584943861865517,0.6415056138134484,0.4584943861865517,left,0.08670072616085228,0.11149351899829514,7.138792555790911,-0.12774127870962387,0.15135732564468515,0.004804887652596054
B,1.1049999999999978,5.7926394706588455,0.07455449438614047,-1.2764917361582586,0.12981648537509338,7.166735066356556,0.0956515882772902,-0.10282109981666701,0.1453883752391387,10,trajectory,0.362209155343536,0.2079905138083848,False,long_straight,-0.01620417786691711,0.55,0.55,0.45434841172270984,0.6456515882772902,0.45434841172270984,left,0.09043436453038473,0.10395150435968538,7.167463402092096,-0.12774127870962387,0.15135732564468515,0.005217223746905475
B,1.1099999999999977,5.792806801211163,0.09779550890418666,-1.319644678591132,0.12378763326239461,7.195366467883642,0.09974217244114464,-0.10282109981666701,0.1453883752391387,10,trajectory,0.3736809043797133,0.23028429800899905,False,long_straight,-0.01612661778072748,0.55,0.55,0.4502578275588554,0.6497421724411447,0.4502578275588554,left,0.09416800289991718,0.0964094897210756,7.196134248393279,-0.12774127870962387,0.15135732564468515,0.0055741695412274556
B,1.1149999999999975,5.792799246724438,0.12140855242796768,-1.3596751030594318,0.1175488446480486,7.224007050913911,0.1037731173647049,-0.112821099816667,0.1400829894173625,10,trajectory,0.42391560460903915,0.2522401361316396,False,long_straight,-0.016049102405887465,0.55,0.55,0.44622688263529514,0.653773117364705,0.44622688263529514,left,0.09790164126944964,0.08886747508246583,7.224805094694464,-0.12774127870962387,0.15135732564468515,0.0058714760952552625
B,1.1199999999999974,5.792579360967499,0.1445431856986722,-1.4076853913599479,0.11108765465291759,7.252657131759655,0.10773784536116131,-0.112821099816667,0.1400829894173625,10,trajectory,0.43420273235471385,0.27449952037077224,False,long_straight,-0.01597163076455293,0.55,0.55,0.4422621546388387,0.6577378453611613,0.4422621546388387,left,0.10163527963898208,0.08132546044385607,7.2534759409956475,-0.12774127870962387,0.15135732564468515,0.0061025657221792234
B,1.1249999999999973,5.792161333099437,0.16821164554381937,-1.4522518516632077,0.1043930612013968,7.281316931203619,0.11162987455764639,-0.112821099816667,0.1400829894173625,10,trajectory,0.4450455059397274,0.29648291590494263,False,long_straight,-0.015894202136517425,0.55,0.55,0.43837012544235365,0.6616298745576464,0.43837012544235365,left,0.10536891800851454,0.07378344580524629,7.282146787296831,-0.12774127870962387,0.15135732564468515,0.006260956549131849
B,1.1299999999999972,5.79153377056665,0.19231159385153251,-1.493613798163263,0.097481678322624,7.309986386947976,0.11544505425871446,-0.112821099816667,0.1400829894173625,10,trajectory,0.4563329737822857,0.31812424832815495,False,long_straight,-0.015816816564078295,0.55,0.55,0.4345549457412856,0.6654450542587145,0.4345549457412856,left,0.10910255637804699,0.06624143116663654,7.310817633598016,-0.12774127870962387,0.15135732564468515,0.006342497880667472
B,1.1349999999999971,5.790686656391786,0.21675129669322826,-1.531997230975034,0.0903689557108538,7.338665366369182,0.11917921740057263,-0.122821099816667,0.13732173049828564,10,trajectory,0.5029985451714545,0.33935632792310616,False,long_straight,-0.015739474275131695,0.55,0.55,0.4308207825994274,0.6691792174005726,0.4308207825994274,left,0.11283619474757943,0.05869941652802676,7.339488479899201,-0.12774127870962387,0.15135732564468515,0.006343022652993205
B,1.139999999999997,5.789594539693318,0.24075364486640677,-1.5775639078578247,0.08304408810694897,7.367353814831383,0.12282609091469548,-0.122821099816667,0.13732173049828564,10,trajectory,0.5130860855284837,0.3607037150109895,False,long_straight,-0.015662175282908353,0.55,0.55,0.42717390908530456,0.6728260909146955,0.42717390908530456,left,0.1165698331171119,0.05115740188941698,7.368159326200384,-0.12774127870962387,0.15135732564468515,0.006256257797583584
B,1.144999999999997,5.7882582955338195,0.2652445910061119,-1.6198956842109045,0.07549749975204234,7.396051573352503,0.12637951479463572,-0.122821099816667,0.13732173049828564,10,trajectory,0.5235985041681166,0.3816879080768166,False,long_straight,-0.015584919877562518,0.55,0.55,0.4236204852053643,0.6763795147946358,0.4236204852053643,left,0.12030347148664434,0.04361538725080723,7.396830172501568,-0.12774127870962387,0.15135732564468515,0.006076043307991372
B,1.1499999999999968,5.786667974752203,0.290131710154184,-1.6592185476924652,0.06774478831564235,7.424758239041935,0.12983548753852928,-0.122821099816667,0.13732173049828564,10,trajectory,0.5344395332047427,0.4022570493286668,False,long_straight,-0.015507709000156465,0.55,0.55,0.4201645124614708,0.6798354875385293,0.4201645124614708,left,0.1240371098561768,0.03607337261219745,7.425501018802753,-0.12774127870962387,0.15135732564468515,0.0057983776823524735
B,1.1549999999999967,5.784814915809287,0.315332148661618,-1.6957454967449574,0.05980045291982883,7.453473328667675,0.13319001769824784,-0.132821099816667,0.13781603192148026,10,trajectory,0.5769325698968745,0.42237036755285945,False,long_straight,-0.015430543800434997,0.55,0.55,0.4168099823017522,0.6831900176982479,0.4168099823017522,left,0.12777074822570925,0.028531357973587693,7.4541718651039375,-0.12774127870962387,0.15135732564468515,0.005419269472538596
B,1.1599999999999966,5.782689559809371,0.34014892901201516,-1.738582581903621,0.051655446320169496,7.482196391576003,0.1364372499485885,-0.132821099816667,0.13781603192148026,11,trajectory,0.5865929900064445,0.4424408044369084,False,long_straight,-0.015353425332873944,0.55,0.55,0.4135627500514115,0.6864372499485886,0.4135627500514115,left,0.1363141783859468,0.05030681345193252,7.4822038655032355,-0.048876471102315584,0.619725023444614,0.00012307156264168562
B,1.1649999999999965,5.780276261875083,0.3654116255519919,-1.7784287491492743,0.04330171977375041,7.510926869032175,0.13957145545484154,-0.132821099816667,0.13781603192148026,11,trajectory,0.5965552918079404,0.46208877864193654,False,long_straight,-0.015276354934272833,0.55,0.55,0.41042854454515854,0.6895714554548416,0.41042854454515854,left,0.13845126981641256,0.04352640877181938,7.511061002498633,-0.048876471102315584,0.619725023444614,0.0011201856384289721
B,1.1699999999999964,5.77756649352514,0.39103782179271107,-1.8154915235944467,0.03475369248988791,7.539663990332852,0.14258886623312184,-0.132821099816667,0.13781603192148026,11,trajectory,0.6067389727852414,0.4812755643395306,False,long_straight,-0.015199334500846026,0.55,0.55,0.4074111337668782,0.6925888662331219,0.4074111337668782,left,0.14058836124687887,0.03674600409170444,7.539918139494039,-0.048876471102315584,0.619725023444614,0.0020005049862429625
B,1.1749999999999963,5.7745529041482655,0.4169534977035757,-1.8499662579725977,0.026024775462422767,7.568406898942355,0.14548574802355022,-0.12282109981666701,0.6193781631952938,11,trajectory,0.5908004180410769,0.5035797256217502,False,long_straight,-0.015122366148170677,0.55,0.55,0.40451425197644986,0.6954857480235502,0.40451425197644986,left,0.14272545267734518,0.029965599411589494,7.5687752764894425,-0.048876471102315584,0.619725023444614,0.002760295346205033
B,1.1799999999999962,5.773647756968941,0.4436634072717088,-1.8695966339539236,0.01715890651726859,7.597160613998442,0.14826041623907701,-0.12282109981666701,0.6193781631952938,11,trajectory,0.6029376015103655,0.5207007735202033,False,long_straight,-0.015045436267363186,0.55,0.55,0.401739583760923,0.6982604162390771,0.401739583760923,left,0.14486254410781155,0.023185194731474554,7.597632413484848,-0.048876471102315584,0.619725023444614,0.003397872131265467
B,1.184999999999996,5.7724520193458355,0.4701935317161938,-1.8876571812576437,0.008196885763546824,7.625930095444081,0.1509111161941153,-0.12282109981666701,0.6193781631952938,11,trajectory,0.6148375974776972,0.5371960909349845,False,long_straight,-0.014968531451523581,0.55,0.55,0.39908888380588475,0.7009111161941153,0.39908888380588475,left,0.14699963553827786,0.016404790051359606,7.626489550480253,-0.048876471102315584,0.619725023444614,0.003911480655837435
B,1.189999999999996,5.770966152674344,0.49651917009029417,-1.9042643948935278,-0.0008537504641656923,7.654714275812236,0.15343412959496194,-0.12282109981666701,0.6193781631952938,11,trajectory,0.62647970680957,0.5530760427776162,False,long_straight,-0.014891654427727842,0.55,0.55,0.3965658704050381,0.703434129594962,0.3965658704050381,left,0.14913672696874417,0.00962438537124466,7.655346687475658,-0.048876471102315584,0.619725023444614,0.004297402626217778
B,1.1949999999999958,5.769191202415171,0.5226189247295632,-1.919525571069029,-0.009986025821031141,7.683512012864716,0.1558258560406194,-0.11282109981666702,0.6250399005318864,11,trajectory,0.6099262921615488,0.5684129802254413,False,long_straight,-0.014814808109149154,0.55,0.55,0.39417414395938066,0.7058258560406194,0.39417414395938066,left,0.1512738183992105,0.0028439806911297223,7.684203824471063,-0.048876471102315584,0.619725023444614,0.004552037641408907
B,1.1999999999999957,5.767165004845286,0.5490228276234398,-1.9256205089535552,-0.0191734578670264,7.712322184686658,0.15808448472722714,-0.11282109981666702,0.6250399005318864,11,trajectory,0.6225021247151308,0.5827691972163711,False,long_straight,-0.014737995340851854,0.55,0.55,0.3919155152727729,0.7080844847272272,0.3919155152727729,left,0.1534109098296768,-0.003936423988985225,7.713060961466468,-0.048876471102315584,0.619725023444614,0.0046735748975503255
B,1.2049999999999956,5.7648712096083425,0.5749214446598916,-1.931074975407142,-0.02839178968692302,7.74114362038531,0.16020823611705134,-0.11282109981666702,0.6250399005318864,11,trajectory,0.6345832246698696,0.5964848020350756,False,long_straight,-0.014661219084649756,0.55,0.55,0.38979176388294867,0.7102082361170514,0.38979176388294867,left,0.15554800126014315,-0.010716828669100165,7.741918098461873,-0.048876471102315584,0.619725023444614,0.004660234856908196
B,1.2099999999999955,5.762314970272991,0.6003219590999781,-1.9359362240279234,-0.03763795875404208,7.769975004805906,0.16219376024694637,-0.11282109981666702,0.6250399005318864,11,trajectory,0.6461860037211241,0.6095899112130669,False,long_straight,-0.014584482672135527,0.55,0.55,0.38780623975305367,0.7121937602469464,0.38780623975305367,left,0.15768509269060946,-0.017497233349215113,7.770775235457278,-0.048876471102315584,0.619725023444614,0.004508667556336915
B,1.2149999999999954,5.759501507642521,0.625231734590624,-1.9402473109712308,-0.046909128576613224,7.7988149655132215,0.16403785525147463,-0.10282109981666702,0.6281425871517045,11,trajectory,0.6305370874943546,0.6221425765466855,False,long_straight,-0.014507789571925988,0.55,0.55,0.3859621447485254,0.7140378552514747,0.3859621447485254,left,0.1598221841210758,-0.024277638029330056,7.799632372452683,-0.048876471102315584,0.619725023444614,0.004215671130398835
B,1.2199999999999953,5.756461139604388,0.6501837515314908,-1.9364734142244533,-0.0561835230670642,7.827662194633108,0.16573905902393749,-0.10282109981666702,0.6281425871517045,11,trajectory,0.6426577518821465,0.6338269436532221,False,long_straight,-0.014431143065536476,0.55,0.55,0.38426094097606256,0.7157390590239375,0.38426094097606256,left,0.1619592755515421,-0.031058042709444993,7.828489509448088,-0.048876471102315584,0.619725023444614,0.0037797834723953816
B,1.2249999999999952,5.753194893386839,0.6744251678777299,-1.9327059137635372,-0.06544119066981757,7.856515350051077,0.16729596024636603,-0.10282109981666702,0.6281425871517045,11,trajectory,0.6541571428590879,0.6449236165800228,False,long_straight,-0.01435454651041864,0.55,0.55,0.382704039753634,0.7172959602463661,0.382704039753634,left,0.1640963669820084,-0.037838447389559944,7.857346646443494,-0.048876471102315584,0.619725023444614,0.0031995932643576197
B,1.229999999999995,5.7497104088527795,0.6979830307475997,-1.928941195601856,-0.07468217499414331,7.885372936756885,0.1687056633452402,-0.10282109981666702,0.6281425871517045,11,trajectory,0.6650742465497291,0.6554690556573087,False,long_straight,-0.014278003654290765,0.55,0.55,0.38129433665475987,0.7187056633452402,0.38129433665475987,left,0.16623345841247475,-0.04461885206967488,7.886203783438898,-0.048876471102315584,0.619725023444614,0.002472204932765454
B,1.234999999999995,5.746015045331344,0.7208825639842471,-1.925176000772182,-0.08390650256207266,7.914233421875125,0.16996542826924377,-0.09282109981666703,0.6354663868887654,11,trajectory,0.6498023947100594,0.6655589452245577,False,long_straight,-0.014201518328825146,0.55,0.55,0.3800345717307563,0.7199654282692438,0.3800345717307563,left,0.16837054984294106,-0.05139925674978983,7.915060920434303,-0.048876471102315584,0.619725023444614,0.0015948784263027094
B,1.2399999999999949,5.7421635098967725,0.7436509288229396,-1.9140945405461662,-0.09309570603043094,7.943095461701445,0.17107418308098551,-0.09282109981666703,0.6354663868887654,11,trajectory,0.6609919410693235,0.6748459465506448,False,long_straight,-0.014125093848453688,0.55,0.55,0.3789258169190145,0.7210741830809856,0.3789258169190145,left,0.1705076412734074,-0.05817966142990478,7.943918057429708,-0.048876471102315584,0.619725023444614,0.0005665418075781192
B,1.2449999999999948,5.738138467674957,0.7655807304809013,-1.9034517830763966,-0.10223281744855672,7.971957693195241,0.17203091143624205,-0.09282109981666703,0.6354663868887654,11,trajectory,0.67151643331727,0.6836202759228076,False,long_straight,-0.014048733564053366,0.55,0.55,0.377969088563758,0.7220309114362421,0.377969088563758,left,0.1726447327038737,-0.06496006611001971,7.972775194425113,-0.048876471102315584,0.619725023444614,-0.0006138212676316535
B,1.2499999999999947,5.733948487762108,0.786710773189242,-1.8932104694748442,-0.11131995615941292,8.00081851184996,0.1728331875448332,-0.09282109981666703,0.6354663868887654,11,trajectory,0.6814262160562311,0.6919177693516465,False,long_straight,-0.013972441449817163,0.55,0.55,0.3771668124551668,0.7228331875448333,0.3771668124551668,left,0.17478182413434004,-0.07174047079013467,8.001632331420518,-0.048876471102315584,0.619725023444614,-0.0019486365895068358
B,1.2549999999999946,5.729601664260776,0.8070768931702647,-1.8833370211159361,-0.12035906437573818,8.029676293656491,0.1734787362251596,-0.08282109981666703,0.6463839510925434,11,trajectory,0.6661195470899417,0.6998564968465292,False,long_straight,-0.013896221514716764,0.55,0.55,0.3765212637748404,0.7234787362251597,0.3765212637748404,left,0.17691891556480632,-0.0785208754702496,8.030489468415922,-0.048876471102315584,0.619725023444614,-0.003440179339646715
B,1.2599999999999945,5.7251724855083195,0.8271970880147193,-1.8667110661765056,-0.12933401748888862,8.058529713939233,0.17396687300428987,-0.08282109981666703,0.6463839510925434,12,trajectory,0.6761621828305073,0.7070654748561381,False,long_straight,-0.013820076961404049,0.55,0.55,0.3760331269957102,0.7239668730042899,0.3760331269957102,left,0.17406534794798081,-0.12821536201708605,8.058543595059975,0.03217889408975033,1.0989597343934088,-9.8474943690946e-05
B,1.2649999999999944,5.720627054195781,0.84639977238895,-1.850803541493493,-0.13822993652513205,8.087377442187881,0.1742969667698727,-0.08282109981666703,0.6463839510925434,12,trajectory,0.6855423973255478,0.7138356082376922,False,long_straight,-0.013744010994020428,0.55,0.55,0.3757030332301273,0.7242969667698728,0.3757030332301273,left,0.17325211358711232,-0.13217487294757657,8.087448355379303,0.03217889408975033,1.0989597343934088,0.0010448531827603746
B,1.2699999999999942,5.71597386020289,0.8647303484611102,-1.8355569229711162,-0.14705028668543996,8.116217828946178,0.17446704094625456,-0.08282109981666703,0.6463839510925434,12,trajectory,0.6943144699481343,0.7201990989584636,False,long_straight,-0.01366802764287646,0.55,0.55,0.3755329590537455,0.7244670409462546,0.3755329590537455,left,0.17243887922624362,-0.13613438387806817,8.116353115698638,0.03217889408975033,1.0989597343934088,0.0020281617200109403
B,1.2749999999999941,5.711220830102746,0.8822306891638395,-1.8209194644820312,-0.1557982598407026,8.145049221375833,0.17447525898866853,-0.07282109981666704,1.1001542972297338,12,trajectory,0.6836407118813198,0.7306468545008098,False,long_straight,-0.013592130930782464,0.55,0.55,0.3755247410113315,0.7244752589886686,0.3755247410113315,left,0.1716256448653749,-0.14009389480855974,8.145257876017974,0.03217889408975033,1.0989597343934088,0.0028496141232936256
B,1.279999999999994,5.708668241266334,0.8993936464018425,-1.7951562388223967,-0.1644472850839085,8.173875794884516,0.17432053559774333,-0.07282109981666704,1.1001542972297338,12,trajectory,0.6925398351061794,0.735581181789601,False,long_straight,-0.013516309540825645,0.55,0.55,0.37567946440225675,0.7243205355977433,0.37567946440225675,left,0.1708124105045062,-0.14405340573905132,8.17416263633731,0.03217889408975033,1.0989597343934088,0.0035081250932371133
B,1.284999999999994,5.706079925498197,0.9154858436957393,-1.7704135831045276,-0.17297227262349102,8.202701730109016,0.1740018076700771,-0.07282109981666704,1.1001542972297338,12,trajectory,0.700744494739195,0.7401216752972206,False,long_straight,-0.013440552176620466,0.55,0.55,0.37599819232992293,0.7240018076700772,0.37599819232992293,left,0.1699991761436375,-0.1480129166695429,8.203067396656646,0.03217889408975033,1.0989597343934088,0.004002631526439621
B,1.2899999999999938,5.703464718354114,0.9305614246272143,-1.7466151840192161,-0.1813781508228045,8.231525392367606,0.17351748079126336,-0.07282109981666704,1.1001542972297338,12,trajectory,0.7083148892309392,0.744297360955713,False,long_straight,-0.013364862840158937,0.55,0.55,0.37648251920873665,0.7235174807912634,0.37648251920873665,left,0.16918594178276877,-0.1519724276000345,8.231972156975981,0.03217889408975033,1.0989597343934088,0.004331539008494589
B,1.2949999999999937,5.7008307327043415,0.9446704288784307,-1.7236928641210265,-0.18966948654460314,8.260345163518432,0.17286609770937936,-0.06282109981666704,1.1231256844647504,12,trajectory,0.6924847700485335,0.7484054440585138,False,long_straight,-0.013289245473843901,0.55,0.55,0.3771339022906207,0.7228660977093794,0.3771339022906207,left,0.16837270742190008,-0.15593193853052606,8.260876917295317,0.03217889408975033,1.0989597343934088,0.004493390287479276
B,1.2999999999999936,5.698314474159818,0.958312825464529,-1.6948189077324871,-0.19783345203668024,8.289159987990775,0.1720476313898786,-0.06282109981666704,1.1231256844647504,12,trajectory,0.69995057454315,0.7517267044780679,False,long_straight,-0.013213702529922289,0.55,0.55,0.37795236861012144,0.7220476313898787,0.37795236861012144,left,0.16755947306103136,-0.15989144946101763,8.289781677614652,0.03217889408975033,1.0989597343934088,0.004488158328847247
B,1.3049999999999935,5.695822857177682,0.970874594352852,-1.6670438965591403,-0.2058580833547392,8.31796883231054,0.17106210714433623,-0.06282109981666704,1.1231256844647504,12,trajectory,0.7067744034862381,0.7547056354243341,False,long_straight,-0.013138236391858524,0.55,0.55,0.3789378928556638,0.7210621071443363,0.3789378928556638,left,0.1667462387001627,-0.1638509603915092,8.318686437933987,0.03217889408975033,1.0989597343934088,0.004315868444173532
B,1.3099999999999934,5.693363117614322,0.9824101563048632,-1.6402911977961074,-0.21374869714514544,8.346770145484047,0.16990834061066085,-0.06282109981666704,1.1231256844647504,12,trajectory,0.713010885741523,0.7573656146345146,False,long_straight,-0.013062850786546792,0.55,0.55,0.3800916593893392,0.7199083406106609,0.3800916593893392,left,0.16593300433929395,-0.1678104713220008,8.347591198253323,0.03217889408975033,1.0989597343934088,0.003975336271366897
B,1.3149999999999933,5.690941800046301,0.9929700536930858,-1.6144923930701647,-0.22151024704019173,8.375562404763901,0.16858526977815727,-0.05282109981666704,1.1399465945642981,12,trajectory,0.696029829886955,0.7599223239667606,False,long_straight,-0.012987549352236106,0.55,0.55,0.3814147302218428,0.7185852697781573,0.3814147302218428,left,0.16511976997842526,-0.1717699822524924,8.37649595857266,0.03217889408975033,1.0989597343934088,0.0034654997997320136
B,1.3199999999999932,5.688663744875659,1.0030514541192403,-1.5829376474305916,-0.22913059939142366,8.40434462408375,0.16709323475999574,-0.05282109981666704,1.1399465945642981,12,trajectory,0.7021499771905134,0.7618198791661811,False,long_straight,-0.012912334310883438,0.55,0.55,0.38290676524000433,0.7170932347599958,0.38290676524000433,left,0.16430653561755654,-0.17572949318298395,8.405400718891995,0.03217889408975033,1.0989597343934088,0.002786699142439203
B,1.324999999999993,5.68646551275184,1.012049438549272,-1.5525302797853922,-0.23659838430980962,8.433115848372209,0.16543262248951676,-0.05282109981666704,1.1399465945642981,12,trajectory,0.7076699359312747,0.7634065801699266,False,long_straight,-0.012837207793818398,0.55,0.55,0.3845673775104833,0.7154326224895168,0.3845673775104833,left,0.16349330125668785,-0.17968900411347555,8.43430547921133,0.03217889408975033,1.0989597343934088,0.0019393212328289167
B,1.329999999999993,5.684352534130302,1.0200184794374483,-1.5231961743701732,-0.24391916383646084,8.461874651539231,0.16360261578987637,-0.05282109981666704,1.1399465945642981,12,trajectory,0.7126386716277593,0.7647010167001309,False,long_straight,-0.012762173151487779,0.55,0.55,0.3863973842101237,0.7136026157898764,0.3863973842101237,left,0.16268006689581913,-0.1836485150439671,8.463210239530666,0.03217889408975033,1.0989597343934088,0.0009225488940572402
B,1.3349999999999929,5.682329586259424,1.027009453354505,-1.494869248911486,-0.25109814904315364,8.490619645702095,0.16160250832463963,-0.04282109981666704,1.1560644668414894,12,trajectory,0.6943094015397736,0.7659054096640285,False,long_straight,-0.012687233621709435,0.55,0.55,0.3883974916753604,0.7116025083246397,0.3883974916753604,left,0.16186683253495043,-0.1876080259744587,8.492114999850003,0.03217889408975033,1.0989597343934088,-0.0002643242103108068
B,1.3399999999999928,5.680497004001887,1.0335231186415388,-1.4608080683237952,-0.2581233994380874,8.519350020205792,0.15943297957339556,-0.04282109981666704,1.1560644668414894,12,trajectory,0.6991459541304436,0.7664815625350875,False,long_straight,-0.012612390926652787,0.55,0.55,0.3905670204266045,0.7094329795733956,0.3905670204266045,left,0.1610535981740817,-0.1915675369049503,8.521019760169338,0.03217889408975033,1.0989597343934088,-0.0016206186006861578
B,1.3449999999999926,5.678793708189694,1.0389529671029327,-1.427930772105766,-0.2649836770454579,8.548065003334623,0.1570947524947884,-0.04282109981666704,1.1560644668414894,12,trajectory,0.7034094288101392,0.766759649114996,False,long_straight,-0.012537646679480563,0.55,0.55,0.3929052475052116,0.7070947524947885,0.3929052475052116,left,0.16024036381321302,-0.19552704783544184,8.549924520488673,0.03217889408975033,1.0989597343934088,-0.0031456113184246126
B,1.3499999999999925,5.677223170082963,1.0433538401107512,-1.3961671779664955,-0.2716847330243217,8.57676332992747,0.15458734613622774,-0.04282109981666704,1.1560644668414894,12,trajectory,0.7071436210559614,0.7667542105376883,False,long_straight,-0.012463003769034881,0.55,0.55,0.39541265386377233,0.7045873461362278,0.39541265386377233,left,0.15942712945234427,-0.19948655876593344,8.578829280808009,0.03217889408975033,1.0989597343934088,-0.004839783316116536
B,1.3549999999999924,5.675788243212959,1.0467772773712434,-1.3654548875296806,-0.27823198654309644,8.605443782025105,0.15191038262248158,-0.03282109981666704,1.170698350708293,12,trajectory,0.6871433932717511,0.7666485764348946,False,long_straight,-0.012388464950446909,0.55,0.55,0.39808961737751847,0.7019103826224816,0.39808961737751847,left,0.15861389509147558,-0.203446069696425,8.607734041127346,0.03217889408975033,1.0989597343934088,-0.006703512468994005
B,1.3599999999999923,5.674580673036188,1.049734557358486,-1.3289372292277137,-0.2846134326587828,8.634105751674355,0.14906487959879566,-0.03282109981666704,1.170698350708293,13,trajectory,0.6907189772405888,0.7659297350772348,False,long_straight,-0.01231403138477512,0.55,0.55,0.4009351204012044,0.6990648795987957,0.4009351204012044,left,0.14914876195675714,-0.2835795295690479,8.634138691245568,0.08217889814362499,0.9862785725300766,-8.388235796147336e-05
B,1.3649999999999922,5.673545468012193,1.0516087175267739,-1.2936394878728146,-0.29081773497164587,8.66274867741792,0.14605189770236773,-0.03282109981666704,1.170698350708293,13,trajectory,0.6937324853338064,0.7649079325723418,False,long_straight,-0.012239704106945111,0.55,0.55,0.40394810229763234,0.6960518977023678,0.40394810229763234,left,0.14504968715933592,-0.28413146527094035,8.662680635708258,0.08217889814362499,0.9862785725300766,0.0010022105430318173
B,1.3699999999999921,5.672683980620202,1.0524556132141765,-1.2594961716116855,-0.2968508331415194,8.691371488495498,0.14287127503266372,-0.03282109981666704,1.170698350708293,13,trajectory,0.6962232327796642,0.7635942409007878,False,long_straight,-0.012165485466944521,0.55,0.55,0.4071287249673363,0.6928712750326638,0.4071287249673363,left,0.14095061236191364,-0.2846834009728329,8.691222580170956,0.08217889814362499,0.9862785725300766,0.001920662670750084
B,1.374999999999992,5.671996976419156,1.0523280876290582,-1.2264493506866028,-0.3027183576919965,8.719973169938603,0.1395229489215652,-0.022821099816667037,0.9878951079792427,13,trajectory,0.6713841638209749,0.759989285713436,False,long_straight,-0.01209137766132055,0.55,0.55,0.41047705107843485,0.6895229489215653,0.41047705107843485,left,0.1368515375644913,-0.2852353366747254,8.719764524633655,0.08217889814362499,0.9862785725300766,0.002671411357073883
B,1.379999999999992,5.6705821492197614,1.0517619162615188,-1.189530508520298,-0.3084133070576436,8.748551005304916,0.1360089733983913,-0.022821099816667037,0.9878951079792427,13,trajectory,0.6736274686228361,0.7580893440393436,False,long_straight,-0.012017387281885686,0.55,0.55,0.41399102660160875,0.6860089733983914,0.41399102660160875,left,0.132752462767069,-0.285787272376618,8.748306469096352,0.08217889814362499,0.9862785725300766,0.0032565106313222902
B,1.3849999999999918,5.669364717522007,1.050163022622643,-1.1538086965199088,-0.31392911127414047,8.777102331632484,0.1323314521490912,-0.022821099816667037,0.9878951079792427,13,trajectory,0.6753258210005634,0.7558776949447454,False,long_straight,-0.01194352076083514,0.55,0.55,0.41766854785090884,0.6823314521490913,0.41766854785090884,left,0.1286533879696467,-0.28633920807851054,8.776848413559051,0.08217889814362499,0.9862785725300766,0.0036780641794444957
B,1.3899999999999917,5.668343872111265,1.0475866333991088,-1.1192248726166643,-0.3192716074150592,8.805626301811584,0.12849054202781193,-0.022821099816667037,0.9878951079792427,13,trajectory,0.676513180920627,0.7533624920307388,False,long_straight,-0.011869779817189658,0.55,0.55,0.4215094579721881,0.678490542027812,0.4215094579721881,left,0.12455431317222439,-0.28689114378040304,8.80539035802175,0.08217889814362499,0.9862785725300766,0.003936228855587545
B,1.3949999999999916,5.66751830370495,1.0440853047604857,-1.0857269540065577,-0.3244463541506226,8.834122129602806,0.12448649453060878,-0.012821099816667037,1.0070094958947045,13,trajectory,0.6519107415637206,0.7507516250149439,False,long_straight,-0.011796166006447839,0.55,0.55,0.42551350546939126,0.6744864945306088,0.42551350546939126,left,0.1204552383748021,-0.28744307948229564,8.833932302484447,0.08217889814362499,0.9862785725300766,0.004031256155806684
B,1.3999999999999915,5.666999951960869,1.0402151116086067,-1.0457981770647498,-0.3294398611939462,8.86258980577913,0.12032102882550255,-0.012821099816667037,1.0070094958947045,13,trajectory,0.6529072945193456,0.7474338256245451,False,long_straight,-0.011722678873310605,0.55,0.55,0.4296789711744975,0.6703210288255026,0.4296789711744975,left,0.1163561635773798,-0.2879950151841882,8.862474246947146,0.08217889814362499,0.9862785725300766,0.003964865248122756
B,1.4049999999999914,5.66670888852194,1.0353014056134244,-1.0071407001603132,-0.334239345897966,8.891029379140758,0.11599590948922876,-0.012821099816667037,1.0070094958947045,13,trajectory,0.6533280665241508,0.7437634998427797,False,long_straight,-0.011649317813079037,0.55,0.55,0.43400409051077127,0.6659959094892288,0.43400409051077127,left,0.11225708877995749,-0.28854695088608073,8.891016191409843,0.08217889814362499,0.9862785725300766,0.0037388207092712705
B,1.4099999999999913,5.666641974903585,1.0294030897263766,-0.9696991903748189,-0.33885102253014976,8.919440249009838,0.11151160205585721,-0.012821099816667037,1.0070094958947045,13,trajectory,0.6532052405433378,0.7397465664313547,False,long_straight,-0.011576083895283865,0.55,0.55,0.43848839794414285,0.6615116020558572,0.43848839794414285,left,0.10815801398253519,-0.28909888658797334,8.919558135872542,0.08217889814362499,0.9862785725300766,0.0033535880733220197
B,1.4149999999999912,5.666795585811931,1.0225765799300812,-0.9334254274105467,-0.34328084588259866,8.947821884922643,0.10686867209401425,-0.0028210998166670366,1.0257075572526317,13,trajectory,0.6257875840712269,0.7355981146871046,False,long_straight,-0.01150297800457213,0.55,0.55,0.4431313279059858,0.6568686720940143,0.4431313279059858,left,0.10405893918511286,-0.28965082228986583,8.94810008033524,0.08217889814362499,0.9862785725300766,0.002809732908901394
B,1.419999999999991,5.6672780482010126,1.0154123030361748,-0.8903842898084643,-0.3475146811168055,8.97617459386733,0.10206923235561705,-0.0028210998166670366,1.0257075572526317,13,trajectory,0.6254120582866783,0.7306636883759072,False,long_straight,-0.011429998867313017,0.55,0.55,0.447930767644383,0.6520692323556171,0.447930767644383,left,0.09995986438769057,-0.2902027579917584,8.97664202479794,0.08217889814362499,0.9862785725300766,0.002109367967926476
B,1.424999999999991,5.668009742816139,1.0071982303804634,-0.8487142158490465,-0.3515391538651773,9.004498748802762,0.09711544994373764,-0.0028210998166670366,1.0257075572526317,13,trajectory,0.6244147247664191,0.7253188583635759,False,long_straight,-0.01135714504298728,0.55,0.55,0.4528845500562624,0.6471154499437377,0.4528845500562624,left,0.09586078959026825,-0.2907546936936509,9.005183969260637,0.08217889814362499,0.9862785725300766,0.0012546603534693834
B,1.4299999999999908,5.668984878172031,0.9979983140465619,-0.808364407779232,-0.3553609851021302,9.032794031038348,0.09200812910571493,-0.0028210998166670366,1.0257075572526317,13,trajectory,0.6228269616933312,0.7195680948506187,False,long_straight,-0.011284416871418953,0.55,0.55,0.4579918708942851,0.6420081291057149,0.4579918708942851,left,0.09176171479284596,-0.2913066293955435,9.033725913723334,0.08217889814362499,0.9862785725300766,0.0002464143128689672
B,1.4349999999999907,5.670197198612273,0.9878741910799935,-0.769291362440695,-0.3589866594825959,9.06106020173151,0.08674818361632049,0.007178900183332964,1.0405453251115229,13,trajectory,0.5920398507332106,0.7135963695634968,False,long_straight,-0.011211814485622248,0.55,0.55,0.46325181638367957,0.6367481836163206,0.46325181638367957,left,0.08766263999542365,-0.291858565097436,9.062267858186033,0.08217889814362499,0.9862785725300766,-0.0009144563791031596
B,1.4399999999999906,5.671733757619652,0.9774591224231655,-0.7230797493271454,-0.36240137560500374,9.089297885304688,0.08133819345857059,0.007178900183332964,1.0405453251115229,13,trajectory,0.5901372317490275,0.7067770306953396,False,long_straight,-0.011139335802455262,0.55,0.55,0.46866180654142947,0.6313381934585707,0.46866180654142947,left,0.08356356519800134,-0.29241050079932857,9.090809802648732,0.08217889814362499,0.9862785725300766,-0.0022253717394307565
B,1.4449999999999905,5.6735319926110845,0.9659956270845672,-0.6783765962425018,-0.36559117900066473,9.117507779647918,0.0757808046911567,0.007178900183332964,1.0405453251115229,13,trajectory,0.5875527055930125,0.6994738173779091,False,long_straight,-0.011066978555416739,0.55,0.55,0.4742191953088434,0.6257808046911567,0.4742191953088434,left,0.07946449040057905,-0.2929624365012211,9.11935174711143,0.08217889814362499,0.9862785725300766,-0.00368368570942236
B,1.4499999999999904,5.675583122144742,0.9535543877994591,-0.6351362617732522,-0.3685634871243533,9.14568988336784,0.07007720473833379,0.007178900183332964,1.0405453251115229,13,trajectory,0.5843184378210333,0.6916914111750505,False,long_straight,-0.010994742275269026,0.55,0.55,0.47992279526166626,0.6200772047383338,0.47992279526166626,left,0.07536541560315674,-0.2935143722031137,9.14789369157413,0.08217889814362499,0.9862785725300766,-0.005288210864822951
B,1.4549999999999903,5.677877947464709,0.9402038929292477,-0.5933205115618395,-0.3713255072400168,9.17384428435058,0.06422870404473416,0.017178900183332964,1.051205479791919,13,trajectory,0.5496480838623636,0.6835779057820541,False,long_straight,-0.010922626264700286,0.55,0.55,0.4857712959552659,0.6142287040447342,0.4857712959552659,left,0.07126634080573443,-0.29406630790500626,9.176435636036825,0.08217889814362499,0.9862785725300766,-0.007037636761000277
B,1.4599999999999902,5.6804802629539255,0.9266285174617293,-0.5439416324088315,-0.37386172981814436,9.20197196080381,0.058238425128260315,0.017178900183332964,1.051205479791919,14,trajectory,0.5460510041155439,0.6745431578128509,False,long_straight,-0.01085062754937775,0.55,0.55,0.4917615748717397,0.6082384251282603,0.4917615748717397,left,0.058339101649031985,-0.3725962193450055,9.202020501480451,0.13217889889351236,-0.39966576152332667,-0.00010067652077166978
B,1.46499999999999,5.683345722526702,0.9120170369947741,-0.49626067318211253,-0.3761576225651768,9.230073970373626,0.05210957023315728,0.017178900183332964,1.051205479791919,14,trajectory,0.5417012287982663,0.664940640915804,False,long_straight,-0.010778742959135147,0.55,0.55,0.4978904297668428,0.6021095702331574,0.4978904297668428,left,0.051781380953376276,-0.368312099172513,9.229845156757266,0.13217889889351236,-0.39966576152332667,0.0003281892797810035
B,1.46999999999999,5.686462252567151,0.8964487876983442,-0.4502370096400755,-0.37822155960718185,9.258150660798622,0.04584376691614169,0.017178900183332964,1.051205479791919,14,trajectory,0.5366343000214243,0.6547784365822203,False,long_straight,-0.010706971145659296,0.55,0.55,0.5041562330838584,0.5958437669161417,0.5041562330838584,left,0.045223660257718824,-0.36402797900001943,9.257669812034086,0.13217889889351236,-0.39966576152332667,0.000620106658422867
B,1.4749999999999899,5.689817455374693,0.8800009021764588,-0.4058372750234759,-0.38006172971688956,9.286202477292766,0.03944278252934156,0.027178900183332966,-0.39802630647577153,14,trajectory,0.4879229085743498,0.6373208468739828,False,long_straight,-0.010635310514530733,0.55,0.55,0.5105572174706585,0.5894427825293416,0.5105572174706585,left,0.038665939562061366,-0.3597438588275258,9.285494467310908,0.13217889889351236,-0.39966576152332667,0.0007768429672801933
B,1.4799999999999898,5.686145208970387,0.8636844696531393,-0.36593786648660015,-0.3816937504915008,9.314213987738261,0.03291735530457573,0.027178900183332966,-0.39802630647577153,14,trajectory,0.4820071046146638,0.6270928434367495,False,long_straight,-0.010563799994686696,0.55,0.55,0.5170826446954243,0.5829173553045758,0.5170826446954243,left,0.032108218866403915,-0.3554597386550322,9.31331912258773,0.13217889889351236,-0.39966576152332667,0.0008091364381718133
B,1.4849999999999897,5.682673166834473,0.8466542090372295,-0.3272395707779959,-0.38313187727232956,9.342169796995671,0.02627822704322401,0.027178900183332966,-0.39802630647577153,14,trajectory,0.47547332748974475,0.6163424411026371,False,long_straight,-0.010492478318592454,0.55,0.55,0.523721772956776,0.5762782270432241,0.523721772956776,left,0.025550498170746457,-0.35117561848253853,9.34114377786455,0.13217889889351236,-0.39966576152332667,0.0007277288724775524
B,1.4899999999999896,5.679390855397173,0.8289731624029947,-0.2897131700589115,-0.38438202048252634,9.370070536251491,0.019527360337944277,0.027178900183332966,-0.39802630647577153,14,trajectory,0.46834946528115207,0.6050791966476533,False,long_straight,-0.010421343271904615,0.55,0.55,0.5304726396620558,0.5695273603379443,0.5304726396620558,left,0.018992777475089,-0.34689149831004495,9.368968433141372,0.13217889889351236,-0.39966576152332667,0.000534582862855279
B,1.4949999999999894,5.676287744645424,0.8107025032273236,-0.25333454895665913,-0.3854499569910641,9.397916913501799,0.012666831838856318,0.03717890018333297,-0.4035330824573221,14,trajectory,0.42392166949654225,0.5933498012965417,False,long_straight,-0.010350392451864927,0.55,0.55,0.5373331681611437,0.5626668318388564,0.5373331681611437,left,0.01243505677943155,-0.3426073781375514,9.396793088418192,0.13217889889351236,-0.39966576152332667,0.00023177505942476723
B,1.4999999999999893,5.673346820321487,0.7926549810887966,-0.2073848747061945,-0.3863143934846751,9.425710501920243,0.005700961010112796,0.03717890018333297,-0.4035330824573221,14,trajectory,0.41691336772479093,0.5806525541031734,False,long_straight,-0.010279621261051213,0.55,0.55,0.5442990389898873,0.5557009610101128,0.5442990389898873,left,0.005877336083774089,-0.3383232579650578,9.424617743695014,0.13217889889351236,-0.39966576152332667,-0.00017637507366129266
B,1.5049999999999892,5.670603965670835,0.7738241300186283,-0.16302329074639263,-0.38695555802336035,9.453452927755983,-0.0013658801406890523,0.03717890018333297,-0.4035330824573221,14,trajectory,0.4091544502649783,0.5673302518983672,False,long_straight,-0.010209024980129667,0.55,0.55,0.5513658801406891,0.548634119859311,0.548634119859311,right,-0.0006803846118833626,-0.33403913779256417,9.452442398971836,0.13217889889351236,-0.39966576152332667,-0.0006854955288056897
B,1.5099999999999891,5.668045382643117,0.7542890541810101,-0.12021126704997742,-0.3873812706480324,9.481145101034631,-0.008531345109318349,0.03717890018333297,-0.4035330824573221,14,trajectory,0.40068631354908496,0.5534022013397096,False,long_straight,-0.01013860072386624,0.55,0.55,0.5585313451093183,0.5414686548906817,0.5414686548906817,right,-0.007238105307540817,-0.32975501762007053,9.480267054248657,0.13217889889351236,-0.39966576152332667,-0.0012932398017775314
B,1.514999999999989,5.665657331382667,0.734126159343924,-0.0789163234187562,-0.38759917384714093,9.508788016675817,-0.015792948572596433,0.04717890018333297,-0.39057652377350915,14,trajectory,0.3520573099542758,0.5387975312305353,False,long_straight,-0.010068345399840811,0.55,0.55,0.5657929485725964,0.5342070514274037,0.5342070514274037,right,-0.013795826003198276,-0.32547089744757696,9.508091709525479,0.13217889889351236,-0.39966576152332667,-0.0019971225693981576
B,1.519999999999989,5.663511899127376,0.7142114767280674,-0.027538971963299852,-0.3875875725314524,9.536383817163806,-0.02314588569442168,0.04717890018333297,-0.39057652377350915,14,trajectory,0.3437363896401122,0.5231793789591686,False,long_straight,-0.009998253010673976,0.55,0.55,0.5731458856944217,0.5268541143055784,0.5268541143055784,right,-0.02035354669885572,-0.3211867772750833,9.5359163648023,0.13217889889351236,-0.39966576152332667,-0.0027923389955659614
B,1.5249999999999888,5.66154907745622,0.6934779920964965,0.02179726198134862,-0.3873265898200926,9.563934695981992,-0.030585286477824537,0.04717890018333297,-0.39057652377350915,14,trajectory,0.33454457771867685,0.5068560206901113,False,long_straight,-0.009928317445450521,0.55,0.55,0.5805852864778246,0.5194147135221755,0.5194147135221755,right,-0.026911267394513185,-0.31690265710258975,9.56374102007912,0.13217889889351236,-0.39966576152332667,-0.0036740190833113515
B,1.5299999999999887,5.659751568943092,0.6720216168216672,0.06914362909724894,-0.3868262777902043,9.591441855039234,-0.03810834113674196,0.04717890018333297,-0.39057652377350915,14,trajectory,0.32454107863099435,0.48986346187895463,False,long_straight,-0.009858535123906671,0.55,0.55,0.588108341136742,0.511891658863258,0.511891658863258,right,-0.033468988090170626,-0.3126185369300961,9.591565675355943,0.13217889889351236,-0.39966576152332667,-0.004639353046571336
B,1.5349999999999886,5.658102356927972,0.6499343909722385,0.11454522375290688,-0.3860964479035043,9.618906583265,-0.04571207914232709,0.05717890018333297,-0.3805834325444869,14,trajectory,0.27203694498678654,0.47216027963281115,False,long_straight,-0.009788902254816613,0.55,0.55,0.5957120791423272,0.5042879208576729,0.5042879208576729,right,-0.04002670878582809,-0.30833441675760254,9.619390330632765,0.13217889889351236,-0.39966576152332667,-0.005685370356498999
B,1.5399999999999885,5.656654655124826,0.6281553625923628,0.17024426714860055,-0.3851158960337293,9.64633133337588,-0.05339104122599074,0.05717890018333297,-0.3805834325444869,14,trajectory,0.2622803924375073,0.4533242081469847,False,long_straight,-0.009719412108937725,0.55,0.55,0.6033910412259907,0.4966089587740093,0.4966089587740093,right,-0.046584429481485556,-0.3040502965851089,9.647214985909585,0.13217889889351236,-0.39966576152332667,-0.006806611744505184
B,1.5449999999999884,5.655359012023808,0.6055626397330418,0.2234077455405541,-0.38386548578037294,9.673718598042651,-0.06113969786109029,0.05717890018333297,-0.3805834325444869,14,trajectory,0.25156888670820526,0.4337569805215301,False,long_straight,-0.009650057872609093,0.55,0.55,0.6111396978610903,0.48886030213890974,0.48886030213890974,right,-0.053142150177142994,-0.2997661764126153,9.675039641186407,0.13217889889351236,-0.39966576152332667,-0.007997547683947295
B,1.5499999999999883,5.654194975581812,0.5822678786778758,0.2741066320777362,-0.38235769184393753,9.701069853193497,-0.06895471894679099,0.05717890018333297,-0.3805834325444869,14,trajectory,0.23998472063616036,0.41351911658246243,False,long_straight,-0.009580835321309761,0.55,0.55,0.618954718946791,0.48104528105320904,0.48104528105320904,right,-0.05969987087280046,-0.2954820562401217,9.702864296463227,0.13217889889351236,-0.39966576152332667,-0.009254848073990532
B,1.5549999999999882,5.653142720839842,0.5583772541818115,0.32240665033983096,-0.3806046477300198,9.728386654650981,-0.07683259991510605,0.06717890018333297,-0.3735680185070248,14,trajectory,0.18427296853714767,0.3926074298254295,False,long_straight,-0.009511740038869147,0.55,0.55,0.6268325999151061,0.473167400084894,0.473167400084894,right,-0.0662575915684579,-0.2911979360676281,9.73068895174005,0.13217889889351236,-0.39966576152332667,-0.010575008346648151
B,1.559999999999988,5.652236506521194,0.5348822565941325,0.38108430959837325,-0.37858604441546895,9.755671708331835,-0.08476720683169726,0.06717890018333297,-0.3735680185070248,15,trajectory,0.17317787490637276,0.370519112729939,False,long_straight,-0.00944276471321783,0.55,0.55,0.6347672068316973,0.4652327931683028,0.4652327931683028,right,-0.08462257842134974,-0.3768465044347815,9.755738688487249,0.18217889832630546,-1.5465558961085397,-0.0001446284103475276
B,1.564999999999988,5.651437646336882,0.5106154398030313,0.43672369144255896,-0.37628384544669213,9.782927738541385,-0.09275234134693912,0.06717890018333297,-0.3735680185070248,15,trajectory,0.16112256602925498,0.3477601892874657,False,long_straight,-0.009373902002892048,0.55,0.55,0.6427523413469391,0.45724765865306094,0.45724765865306094,right,-0.09198660742114931,-0.36736628246431974,9.782811292224125,0.18217889832630546,-1.5465558961085397,-0.0007657339257898105
B,1.5699999999999878,5.650723395917284,0.48570126672402564,0.4894262649719907,-0.3737129636828129,9.810156436821462,-0.10078413664523304,0.06717890018333297,-0.3735680185070248,15,trajectory,0.1482283815489121,0.3244220364264907,False,long_straight,-0.009305147190321238,0.55,0.55,0.650784136645233,0.449215863354767,0.449215863354767,right,-0.09935063642095085,-0.35788606049385546,9.809883895961006,0.18217889832630546,-1.5465558961085397,-0.0014335002242821943
B,1.5749999999999877,5.650072082036911,0.4602566870968946,0.5392896519337875,-0.3708878150375061,9.837359556402209,-0.10885855065617119,0.07717890018333297,-1.5452221052730024,15,trajectory,0.17840842049669706,0.33703583430897244,False,long_straight,-0.009236495412947436,0.55,0.55,0.6588585506561713,0.4411414493438289,0.4411414493438289,right,-0.10671466542075236,-0.3484058385233912,9.836956499697887,0.18217889832630546,-1.5465558961085397,-0.0021438852354188215
B,1.5799999999999876,5.643617416481886,0.4355222016414386,0.5960791958202701,-0.3677981331555129,9.864526377695297,-0.11696312925928276,0.07717890018333297,-1.5452221052730024,15,trajectory,0.17289605302630795,0.31572320818691846,False,long_straight,-0.009167973270174283,0.55,0.55,0.6669631292592828,0.4330368707407173,0.4330368707407173,right,-0.1140786944205539,-0.33892561655292697,9.86402910343477,0.18217889832630546,-1.5465558961085397,-0.0028844348387288554
B,1.5849999999999875,5.637208518356278,0.41015669502220103,0.6498968317764371,-0.3644342730736203,9.89164609343886,-0.12508555007050925,0.07717890018333297,-1.5452221052730024,15,trajectory,0.16781010314189124,0.29438694130307913,False,long_straight,-0.009099607524098018,0.55,0.55,0.6750855500705093,0.4249144499294908,0.4249144499294908,right,-0.12144272342035543,-0.32944539458246264,9.891101707171652,0.18217889832630546,-1.5465558961085397,-0.0036428266501538215
B,1.5899999999999874,5.630823813869072,0.38428047002342347,0.7008600148616098,-0.36081077267141515,9.918720395455255,-0.13322172238249888,0.07717890018333297,-1.5452221052730024,15,trajectory,0.1634480938921765,0.27326355023541743,False,long_straight,-0.009031393396462648,0.55,0.55,0.6832217223824989,0.4167782776175012,0.4167782776175012,right,-0.12880675242015696,-0.31996517261199836,9.918174310908533,0.18217889832630546,-1.5465558961085397,-0.004414969962341919
B,1.5949999999999873,5.624443034922254,0.3580052411070825,0.7490821496140786,-0.35694159361821765,9.945751006721062,-0.14136740426043443,0.08717890018333296,-1.563308960515801,15,trajectory,0.16028123941224778,0.2537841666245583,False,long_straight,-0.008963326042410283,0.55,0.55,0.6913674042604345,0.4086325957395656,0.4086325957395656,right,-0.1361707814199585,-0.31048495064153414,9.945246914645416,0.18217889832630546,-1.5465558961085397,-0.005196622840475923
B,1.5999999999999872,5.617970535800865,0.3323939466900989,0.8082169205427842,-0.35280586579471906,9.97274046480314,-0.1495154286336493,0.08717890018333296,-1.563308960515801,15,trajectory,0.16221423604642923,0.23345565876952118,False,long_straight,-0.008895398579222245,0.55,0.55,0.6995154286336493,0.40048457136635074,0.40048457136635074,right,-0.14353481041976004,-0.3010047286710698,9.972319518382298,0.18217889832630546,-1.5465558961085397,-0.0059806182138892605
B,1.604999999999987,5.611488724166687,0.30618157336597607,0.8638851139934978,-0.3483853768556897,9.99969124952358,-0.15765863619769216,0.08717890018333296,-1.563308960515801,15,trajectory,0.16541975968679412,0.21430985779197573,False,long_straight,-0.008827604285247172,0.55,0.55,0.7076586361976922,0.3923413638023079,0.3923413638023079,right,-0.15089883941956156,-0.2915245067006056,9.99939212211918,0.18217889832630546,-1.5465558961085397,-0.0067597967781306
B,1.609999999999987,5.604975380979191,0.279496983569069,0.9162565083599787,-0.34369700945078563,10.026605023166367,-0.16579257958117,0.08717890018333296,-1.563308960515801,15,trajectory,0.17001206529719304,0.19693228240122712,False,long_straight,-0.008759938508936516,0.55,0.55,0.71579257958117,0.38420742041883005,0.38420742041883005,right,-0.1582628684193631,-0.28204428473014126,10.026464725856062,0.18217889832630546,-1.5465558961085397,-0.007529711161806896
B,1.614999999999987,5.598409996937558,0.2524580681615198,0.965495805632495,-0.3387568110253354,10.053483449716648,-0.17391267766514598,0.09717890018333296,-1.5643680251168879,15,trajectory,0.19969381934427452,0.18211062730145303,False,long_straight,-0.008692396605112142,0.55,0.55,0.723912677665146,0.3760873223348541,0.3760873223348541,right,-0.16562689741916464,-0.272564062759677,10.053537329592945,0.18217889832630546,-1.5465558961085397,-0.008285780245981339
B,1.6199999999999868,5.591779016231165,0.2261199322966595,1.0251810354969124,-0.3335460392074796,10.080329114817289,-0.18201153502354972,0.09717890018333296,-1.5643680251168879,15,trajectory,0.2081509143390324,0.17012543227669508,False,long_straight,-0.008624971624809257,0.55,0.55,0.7320115350235498,0.3679884649764503,0.3679884649764503,right,-0.17299092641896616,-0.2630838407892127,10.080609933329827,0.18217889832630546,-1.5465558961085397,-0.009020608604583563
B,1.6249999999999867,5.585076966445475,0.19923503445659252,1.0810657639641439,-0.3280485050125055,10.107144511193761,-0.1900817938464837,0.09717890018333296,-1.5643680251168879,15,trajectory,0.2177237760835167,0.16234607971623966,False,long_straight,-0.008557656867157792,0.55,0.55,0.7400817938464838,0.35991820615351633,0.35991820615351633,right,-0.1803549554187677,-0.25360361881874843,10.107682537066708,0.18217889832630546,-1.5465558961085397,-0.00972683842771599
B,1.6299999999999866,5.578282375745288,0.17193325353299346,1.1333711189415272,-0.3222826350733299,10.133931140562284,-0.19811875013087277,0.09717890018333296,-1.5643680251168879,15,trajectory,0.22833510132516038,0.1594745469731901,False,long_straight,-0.008490448131251216,0.55,0.55,0.7481187501308728,0.3518812498691273,0.3518812498691273,right,-0.1877189844185692,-0.24412339684828416,10.134755140803591,0.18217889832630546,-1.5465558961085397,-0.010399765712303555
B,1.6349999999999865,5.571375767952931,0.14433173659611126,1.1823107248207803,-0.3162657701100047,10.160690471900356,-0.20611759773524183,0.10717890018333295,-1.5648824508292962,15,trajectory,0.2743160785622284,0.161817328858799,False,long_straight,-0.008423341307123784,0.55,0.55,0.7561175977352419,0.3438824022647582,0.3438824022647582,right,-0.19508301341837075,-0.23464317487781988,10.161827744540473,0.18217889832630546,-1.5465558961085397,-0.011034584316871071
B,1.6399999999999864,5.564344202545205,0.11745287425408878,1.2410651472903735,-0.309981335922739,10.187424777439922,-0.21407082062503882,0.10717890018333295,-1.5648824508292962,15,trajectory,0.2855928742951178,0.16925478093358087,False,long_straight,-0.008356330280412518,0.55,0.55,0.7640708206250388,0.33592917937496125,0.33592917937496125,right,-0.2024470424181723,-0.2251629529073556,10.188900348277354,0.18217889832630546,-1.5465558961085397,-0.011623778206866525
B,1.6449999999999863,5.557177706304276,0.09008908106927009,1.295880661858729,-0.3034150691633348,10.214136201817718,-0.22197097857341205,0.10717890018333295,-1.5648824508292962,15,trajectory,0.2977219255576669,0.18115854387696054,False,long_straight,-0.008289409268583946,0.55,0.55,0.7719709785734121,0.32802902142658796,0.32802902142658796,right,-0.20981107141797384,-0.21568273093689133,10.215972952014237,0.18217889832630546,-1.5465558961085397,-0.012159907155438215
B,1.6499999999999861,5.549856633378731,0.06236458127130953,1.3470191874514155,-0.296585989572109,10.24082594781647,-0.22981325457697735,0.10717890018333295,-1.5648824508292962,15,trajectory,0.3105846800658712,0.1965975747875375,False,long_straight,-0.00822257485839757,0.55,0.55,0.7798132545769774,0.3201867454230227,0.3201867454230227,right,-0.21717510041777538,-0.20620250896642706,10.24304555575112,0.18217889832630546,-1.5465558961085397,-0.01263815415920197
B,1.654999999999986,5.542363442206889,0.034390060260884356,1.3947315920309145,-0.28951183586740914,10.26749515192348,-0.23759276913298247,0.11717890018333295,-1.5641535824254447,15,trajectory,0.3607738450179878,0.21458840981045602,False,long_straight,-0.008155823809095354,0.55,0.55,0.7875927691329825,0.3124072308670176,0.3124072308670176,right,-0.2245391294175769,-0.19672228699596278,10.270118159488002,0.18217889832630546,-1.5465558961085397,-0.013053639715405574
B,1.659999999999986,5.5346900784866255,0.007130692798133834,1.4515123664535212,-0.28217807518866156,10.29414562223769,-0.24530210161426244,0.11717890018333295,-1.5641535824254447,16,trajectory,0.37295058038158724,0.23502267119878495,False,long_straight,-0.008089151206248113,0.55,0.55,0.7953021016142625,0.3046978983857376,0.3046978983857376,right,-0.24514421714229834,-0.28040596473631413,10.294198310254075,0.17705141150076234,-0.22490319899720376,-0.0001578844719641037
B,1.6649999999999858,5.526819309268822,-0.020556962139975626,1.5044035391696204,-0.2745721700502495,10.320779011674883,-0.2529339443469579,0.11717890018333295,-1.5641535824254447,16,trajectory,0.3857870599689303,0.25684075973729653,False,long_straight,-0.00802255253251075,0.55,0.55,0.8029339443469579,0.29706605565304217,0.29706605565304217,right,-0.2514905157881521,-0.26900694051521645,10.32107979412364,0.17705141150076234,-0.22490319899720376,-0.0014434285588057483
B,1.6699999999999857,5.518733880107513,-0.04855898290038049,1.5536902893505138,-0.2667128389616824,10.347396102525902,-0.26048352430987204,0.11717890018333295,-1.5641535824254447,16,trajectory,0.3991589792956154,0.27952784795001484,False,long_straight,-0.007956025454280577,0.55,0.55,0.810483524309872,0.289516475690128,0.289516475690128,right,-0.2578368144340077,-0.2576079162941157,10.347961277993214,0.17705141150076234,-0.22490319899720376,-0.0026467098758643504
B,1.6749999999999856,5.510418574970433,-0.0767748021721029,1.5996432015361155,-0.2586174119898046,10.373997583028295,-0.267946046942997,0.12717890018333294,-0.2246974965244258,16,trajectory,0.4205322198968251,0.25845446131210476,False,long_straight,-0.007889567876895922,0.55,0.55,0.8179460469429971,0.28205395305700304,0.28205395305700304,right,-0.2641831130798632,-0.24620889207301505,10.374842761862787,0.17705141150076234,-0.22490319899720376,-0.0037629338631338105
B,1.6799999999999855,5.508559526754537,-0.10436485336199469,1.646803269375901,-0.25029075101175025,10.400600806828448,-0.2753189140251911,0.12717890018333294,-0.2246974965244258,16,trajectory,0.4344331538063883,0.2850888792344864,False,long_straight,-0.00782313610284688,0.55,0.55,0.8253189140251911,0.27468108597480895,0.27468108597480895,right,-0.2705294117257187,-0.23480986785191435,10.401724245732362,0.17705141150076234,-0.22490319899720376,-0.004789502299472392
B,1.6849999999999854,5.506448683112943,-0.13219639480341233,1.6904096008927452,-0.24173891149993576,10.427223019085648,-0.28259945328792985,0.12717890018333294,-0.2246974965244258,16,trajectory,0.4486543108513462,0.3110980545072377,False,long_straight,-0.007756686783134277,0.55,0.55,0.83259945328793,0.2674005467120702,0.2674005467120702,right,-0.2768757103715742,-0.22341084363081362,10.428605729601937,0.17705141150076234,-0.22490319899720376,-0.005723742916355634
B,1.6899999999999853,5.504074278475829,-0.16018215669705768,1.7307362374641113,-0.23297896998783507,10.453864583391216,-0.28978277603862507,0.12717890018333294,-0.2246974965244258,16,trajectory,0.4630855655016618,0.3364252939915756,False,long_straight,-0.007690218752555397,0.55,0.55,0.8397827760386252,0.260217223961375,0.260217223961375,right,-0.2832220090174297,-0.2120118194097129,10.45548721347151,0.17705141150076234,-0.22490319899720376,-0.006560767021195346
B,1.6949999999999852,5.501426337088416,-0.18824570278169328,1.7680399483748883,-0.22402667708302193,10.4805257450111,-0.296864033646179,0.13717890018333295,-0.21831053879785842,16,trajectory,0.5122079694439782,0.36098749389172485,False,long_straight,-0.007623731140397753,0.55,0.55,0.846864033646179,0.253135966353821,0.253135966353821,right,-0.2895683076632853,-0.20061279518861222,10.482368697341084,0.17705141150076234,-0.22490319899720376,-0.0072957259828937415
B,1.699999999999985,5.498526678417523,-0.21562170396856317,1.8123971452923848,-0.21487163715635038,10.507207166913538,-0.3038364000119643,0.13717890018333295,-0.21831053879785842,16,trajectory,0.5248152603053138,0.3853821067016914,False,long_straight,-0.007557222033883062,0.55,0.55,0.8538364000119644,0.24616359998803572,0.24616359998803572,right,-0.2959146063091408,-0.1892137709675115,10.509250181210657,0.17705141150076234,-0.22490319899720376,-0.007921793702823532
B,1.704999999999985,5.495331838402316,-0.24324204962481022,1.853474783525922,-0.2055047394637679,10.533909335491884,-0.3106932224614062,0.13717890018333295,-0.21831053879785842,16,trajectory,0.5376466245619776,0.4091025516349963,False,long_straight,-0.007490689960778992,0.55,0.55,0.8606932224614062,0.23930677753859386,0.23930677753859386,right,-0.30226090495499636,-0.1778147467464108,10.536131665080232,0.17705141150076234,-0.22490319899720376,-0.008432317506409825
B,1.7099999999999849,5.4918322038373155,-0.27102876491703987,1.8915292935220922,-0.19594173824740535,10.560632049784834,-0.31742998764732483,0.13717890018333295,-0.21831053879785842,16,trajectory,0.5506096545413954,0.43211433257614257,False,long_straight,-0.007424135160249204,0.55,0.55,0.8674299876473248,0.23257001235267521,0.23257001235267521,right,-0.3086072036008518,-0.1664157225253101,10.563013148949805,0.17705141150076234,-0.22490319899720376,-0.00882278404647302
B,1.7149999999999848,5.488019694328453,-0.29891339280809653,1.9267997032850959,-0.1861971501482227,10.58737498675725,-0.3240422411060606,0.14717890018333296,-0.22802128446636857,16,trajectory,0.5941405588163945,0.4544414623321767,False,long_straight,-0.007357558172213448,0.55,0.55,0.8740422411060607,0.22595775889393943,0.22595775889393943,right,-0.3149535022467073,-0.1550166983042094,10.589894632819378,0.17705141150076234,-0.22490319899720376,-0.009088738859353296
B,1.7199999999999847,5.483835244289443,-0.3262206173590293,1.968299238607908,-0.176262096339463,10.614137918256805,-0.3305237548397684,0.14717890018333296,-0.22802128446636857,16,trajectory,0.6054323928567507,0.4764228705081457,False,long_straight,-0.007290959296957464,0.55,0.55,0.8805237548397684,0.21947624516023162,0.21947624516023162,right,-0.3212998008925628,-0.1436176740831087,10.616776116688953,0.17705141150076234,-0.22490319899720376,-0.009223953947205599
B,1.7249999999999845,5.479315639369348,-0.3537727054307231,2.0068288094423155,-0.16612870972479232,10.640920447186419,-0.3368684793148839,0.14717890018333296,-0.22802128446636857,16,trajectory,0.616861883346996,0.49772999217417757,False,long_straight,-0.007224339251776167,0.55,0.55,0.886868479314884,0.21313152068511615,0.21313152068511615,right,-0.3276460995384184,-0.13221864986200796,10.643657600558527,0.17705141150076234,-0.22490319899720376,-0.009222379776465506
B,1.7299999999999844,5.474453024773638,-0.3815006552535386,2.0426190235434136,-0.155811265397634,10.667721814373579,-0.34307232836493035,0.14717890018333296,-0.22802128446636857,16,trajectory,0.6283545847931334,0.5183429404455264,False,long_straight,-0.007157699650250487,0.55,0.55,0.8930723283649304,0.2069276716350697,0.2069276716350697,right,-0.3339923981842739,-0.12081962564090727,10.6705390844281,0.17705141150076234,-0.22490319899720376,-0.009079930180656448
B,1.7349999999999843,5.469240839922223,-0.4093435815812717,2.0758843776478972,-0.14532292658093748,10.694541140252698,-0.34913128983273445,0.15717890018333297,-0.23307344434381058,16,trajectory,0.6661600964815756,0.5382709876008432,False,long_straight,-0.007091042399919314,0.55,0.55,0.8991312898327345,0.2008687101672656,0.2008687101672656,right,-0.3403386968301294,-0.10942060141980656,10.697420568297675,0.17705141150076234,-0.22490319899720376,-0.008792593002605043
B,1.7399999999999842,5.463643242571752,-0.43671667739377673,2.1144003749851334,-0.13465666316273062,10.721377589204915,-0.355039843640263,0.15717890018333297,-0.23307344434381058,16,trajectory,0.6761649839801098,0.5578117701125725,False,long_straight,-0.007024369293564386,0.55,0.55,0.905039843640263,0.19496015635973707,0.19496015635973707,right,-0.34668499547598497,-0.09802157719870583,10.724302052167248,0.17705141150076234,-0.22490319899720376,-0.008354848164278006
B,1.7449999999999841,5.457673851390018,-0.4643274636836345,2.1502670998084223,-0.12380620657747032,10.748230169699143,-0.36079264661032573,0.15717890018333297,-0.23307344434381058,16,trajectory,0.6862314199369913,0.5767028551824325,False,long_straight,-0.006957682505769673,0.55,0.55,0.9107926466103258,0.18920735338967432,0.18920735338967432,right,-0.3530312941218404,-0.08662255297760516,10.751183536036823,0.17705141150076234,-0.22490319899720376,-0.007761352488485307
B,1.749999999999984,5.451326290238331,-0.4921154643086352,2.1836860255567725,-0.112784304926004,10.775097591506478,-0.3663860733111458,0.15717890018333297,-0.23307344434381058,16,trajectory,0.6963017682379424,0.594934797625552,False,long_straight,-0.006890984946661553,0.55,0.55,0.9163860733111459,0.18361392668885423,0.18361392668885423,right,-0.359377592767696,-0.07522352875650443,10.778065019906396,0.17705141150076234,-0.22490319899720376,-0.007008480543449824
B,1.754999999999984,5.444595269399959,-0.5200269500981481,2.214844514375729,-0.10160273489565519,10.801978449982327,-0.3718165849170834,0.16717890018333298,-0.23262503663164388,16,trajectory,0.7285752214869677,0.612502576098431,False,long_straight,-0.006824279803395732,0.55,0.55,0.9218165849170834,0.17818341508291663,0.17818341508291663,right,-0.3657238914135515,-0.06382450453540374,10.80494650377597,0.17705141150076234,-0.22490319899720376,-0.006092693503531921
B,1.7599999999999838,5.437472755225032,-0.547564318817083,2.2502917376254863,-0.0902562555530051,10.828871366020868,-0.37707939161626247,0.16717890018333298,-0.23262503663164388,17,trajectory,0.7373340495099169,0.6296625774969403,False,long_straight,-0.006757570192677166,0.55,0.55,0.9270793916162625,0.17292060838373757,0.17292060838373757,right,-0.3769837797958988,-0.08920038660971899,10.828885640742111,0.10250290919672947,1.6140992175762112,-9.561182036366134e-05
B,1.7649999999999837,5.4299453676677585,-0.5753234308842113,2.283402773677139,-0.07874017815042134,10.855774820771932,-0.38216987699943333,0.16717890018333298,-0.23262503663164388,17,trajectory,0.7460917077704032,0.646211538790209,False,long_straight,-0.006690859570817348,0.55,0.55,0.9321698769994333,0.1678301230005667,0.1678301230005667,right,-0.38042501217485014,-0.07880176316172738,10.856227043274949,0.10250290919672947,1.6140992175762112,-0.0017448648245831921
B,1.7699999999999836,5.422008014136829,-0.6032515982274498,2.314350130352793,-0.0670657605108147,10.882687034921387,-0.3870849007415012,0.16717890018333298,-0.23262503663164388,17,trajectory,0.7548053029707423,0.6621474831870874,False,long_straight,-0.006624152032441217,0.55,0.55,0.9370849007415012,0.16291509925849884,0.16291509925849884,right,-0.3838662445538024,-0.068403139713733,10.883568445807796,0.10250290919672947,1.6140992175762112,-0.0032186561876987874
B,1.7749999999999835,5.413656514795331,-0.631301628696376,2.343294398396161,-0.05524342814226335,10.909606124180886,-0.3918214192889118,0.15717890018333297,1.6136083596708564,17,trajectory,0.7570717785856094,0.6937117941153023,False,long_straight,-0.00655745192430134,0.55,0.55,0.9418214192889118,0.15817858071108826,0.15817858071108826,right,-0.38730747693275464,-0.058004516265738625,10.910909848340642,0.10250290919672947,1.6140992175762112,-0.004513942356157152
B,1.7799999999999834,5.414158986384548,-0.6598792717726878,2.343769158052136,-0.04334960869167093,10.936553114052268,-0.3963795543894064,0.15717890018333297,1.6136083596708564,17,trajectory,0.7671910943673642,0.7056439372172759,False,long_straight,-0.00649070684992136,0.55,0.55,0.9463795543894065,0.15362044561059363,0.15362044561059363,right,-0.39074870931170697,-0.04760589281774425,10.93825125087349,0.10250290919672947,1.6140992175762112,-0.005630845077699453
B,1.7849999999999833,5.41432955136265,-0.6879198583805177,2.343418507055953,-0.031456987578152074,10.963548990293715,-0.40075921171504825,0.15717890018333297,1.6136083596708564,17,trajectory,0.776808923271776,0.7169388612671452,False,long_straight,-0.006423864583871601,0.55,0.55,0.9507592117150483,0.1492407882849518,0.1492407882849518,right,-0.3941899416906592,-0.03720726936974987,10.965592653406336,0.10250290919672947,1.6140992175762112,-0.006569270024389062
B,1.7899999999999832,5.414177264761739,-0.7154264359800184,2.3422983042330676,-0.019569572382621025,10.990591675071196,-0.40495722621970276,0.15717890018333297,1.6136083596708564,17,trajectory,0.7859477297780981,0.7276325606856492,False,long_straight,-0.006356930046494455,0.55,0.55,0.9549572262197028,0.14504277378029728,0.14504277378029728,right,-0.3976311740696114,-0.026808645921755483,10.992934055939182,0.10250290919672947,1.6140992175762112,-0.007326052150091356
B,1.794999999999983,5.413711277623255,-0.7424020722380812,2.3404594281468,-0.007691103989896586,11.017679019439063,-0.40897059563895904,0.14717890018333296,1.6371941467986715,17,trajectory,0.7773771642644006,0.7381827452513405,False,long_straight,-0.0062899083226535864,0.55,0.55,0.9589705956389591,0.141029404361041,0.141029404361041,right,-0.4010724064485637,-0.016410022473761117,11.020275458472028,0.10250290919672947,1.6140992175762112,-0.007898189190395366
B,1.799999999999983,5.413066507691732,-0.7691994591262209,2.3327614699732164,0.004161816672275442,11.044809101409298,-0.41279753311924694,0.14717890018333296,1.6371941467986715,17,trajectory,0.786587839542853,0.74759865532838,False,long_straight,-0.006222803924525526,0.55,0.55,0.962797533119247,0.1372024668807531,0.1372024668807531,right,-0.404513638827516,-0.006011399025766723,11.047616861004876,0.10250290919672947,1.6140992175762112,-0.008283894291730931
B,1.8049999999999828,5.412143351949598,-0.7953202226115754,2.324752737015439,0.01597389443117736,11.071979959078028,-0.4164363377870694,0.14717890018333296,1.6371941467986715,17,trajectory,0.7952723355673094,0.7564831419358523,False,long_straight,-0.00615562145253683,0.55,0.55,0.9664363377870695,0.13356366221293065,0.13356366221293065,right,-0.40795487120646823,0.004387224422227644,11.074958263537722,0.10250290919672947,1.6140992175762112,-0.008481466580601171
B,1.8099999999999827,5.410952876900457,-0.8207790370987404,2.316449262771303,0.027743594418098816,11.099189296612096,-0.4198843757491296,0.14717890018333296,1.6371941467986715,17,trajectory,0.803464057756526,0.7648702216183637,False,long_straight,-0.006088366322024083,0.55,0.55,0.9698843757491297,0.13011562425087042,0.13011562425087042,right,-0.4113961035854205,0.014785847870222031,11.102299666070568,0.10250290919672947,1.6140992175762112,-0.00848827216370912
B,1.8149999999999826,5.409505956669994,-0.8455894790360126,2.3078659497551004,0.039469459370296445,11.126434772673953,-0.42313916805055396,0.13717890018333295,1.638558643778818,17,trajectory,0.794829059413831,0.772813452715732,False,long_straight,-0.00602104404953749,0.55,0.55,0.973139168050554,0.12686083194944608,0.12686083194944608,right,-0.4148373359643728,0.025184471318216425,11.129641068603414,0.10250290919672947,1.6140992175762112,-0.008301832086181182
B,1.8199999999999825,5.407828093060982,-0.8700854658642208,2.294434277677202,0.0511385295324116,11.153714064988149,-0.4261993486125191,0.13717890018333295,1.638558643778818,17,trajectory,0.8029858972542145,0.7801800496941778,False,long_straight,-0.005953660093463077,0.55,0.55,0.9761993486125191,0.12380065138748092,0.12380065138748092,right,-0.418278568343325,0.035583094766210785,11.15698247113626,0.10250290919672947,1.6140992175762112,-0.007920780269194128
B,1.8249999999999824,5.405931956938952,-0.8938213379833387,2.2810248655039516,0.06273884789536499,11.181024830416158,-0.4290636348416045,0.13717890018333295,1.638558643778818,17,trajectory,0.8106388560484655,0.787113328723448,False,long_straight,-0.005886219952948791,0.55,0.55,0.9790636348416045,0.12093636515839556,0.12093636515839556,right,-0.4217198007222772,0.04598171821420517,11.184323873669108,0.10250290919672947,1.6140992175762112,-0.007343834119327264
B,1.8299999999999823,5.403829224293871,-0.9168181670434195,2.267629880525259,0.07427048573649442,11.208364645078259,-0.4317298953150667,0.13717890018333295,1.638558643778818,17,trajectory,0.8178244007018931,0.7936424257836131,False,long_straight,-0.005818729315895503,0.55,0.55,0.9817298953150668,0.11827010468493332,0.11827010468493332,right,-0.42516103310122955,0.05638034166219953,11.211665276201954,0.10250290919672947,1.6140992175762112,-0.006568862213837179
B,1.8349999999999822,5.401531218526473,-0.9390954056572345,2.2542427440466146,0.0857334788700519,11.23573106148747,-0.43419613957222675,0.12717890018333294,1.644069076696899,17,trajectory,0.809295029183752,0.7998749195212936,False,long_straight,-0.005751193917964118,0.55,0.55,0.9841961395722267,0.1158038604277733,0.1158038604277733,right,-0.42860226548018177,0.06677896511019393,11.2390066787348,0.10250290919672947,1.6140992175762112,-0.005593874092044981
B,1.839999999999982,5.399085141048526,-0.9609734164794979,2.236504785229321,0.09711684646720764,11.263121763198454,-0.4364614109710631,0.12717890018333294,1.644069076696899,17,trajectory,0.816403012612036,0.8055697798201165,False,long_straight,-0.005683619161318399,0.55,0.55,0.9864614109710632,0.11353858902893693,0.11353858902893693,right,-0.4320434978591341,0.07717758855818832,11.266348081267648,0.10250290919672947,1.6140992175762112,-0.004417913111929017
B,1.844999999999982,5.396483598562924,-0.9820385993334882,2.2190071261046262,0.10841040720691453,11.290534429104616,-0.438524827335176,0.12717890018333294,1.644069076696899,17,trajectory,0.8230476046365082,0.8109128959512663,False,long_straight,-0.005616010450053862,0.55,0.55,0.9885248273351761,0.11147517266482404,0.11147517266482404,right,-0.43548473023808626,0.08757621200618268,11.293689483800492,0.10250290919672947,1.6140992175762112,-0.0030400970970897445
B,1.8499999999999819,5.393738079919864,-1.0023155845934792,2.201728425825807,0.11961529044467323,11.317966583408749,-0.44038470976341804,0.12717890018333294,1.644069076696899,17,trajectory,0.8292643563533364,0.8159281348316686,False,long_straight,-0.0055483735603385565,0.55,0.55,0.9903847097634181,0.10961529023658201,0.10961529023658201,right,-0.43892596261703853,0.09797483545417707,11.32103088633334,0.10250290919672947,1.6140992175762112,-0.001458747146379502
B,1.8549999999999818,5.390859635376401,-1.0218271898204407,2.1846499414233547,0.1307325260848491,11.345415744746358,-0.4420395048315573,0.11717890018333295,1.653084046996685,17,trajectory,0.8206690625807725,0.8207592679832114,False,long_straight,-0.005480714272649671,0.55,0.55,0.9920395048315573,0.10796049516844275,0.10796049516844275,right,-0.4423671949959908,0.10837345890217144,11.348372288866184,0.10250290919672947,1.6140992175762112,0.00032769016443351395
B,1.8599999999999817,5.387913197565666,-1.0408821888082407,2.1635797621439665,0.14175252686341855,11.372879657624896,-0.443488620299026,0.11717890018333295,1.653084046996685,18,trajectory,0.8267937371992163,0.8250891090874583,False,long_straight,-0.0054130378018497505,0.55,0.55,0.9934886202990261,0.10651137970097402,0.10651137970097402,right,-0.4435448821113462,0.1410821252038689,11.372896122280837,0.002178912905613435,1.9999996821751878,5.626181232015748e-05
B,1.8649999999999816,5.384873841441934,-1.0590914059830892,2.142892637357213,0.15266635529600725,11.400356075119465,-0.4447315288628278,0.11717890018333295,1.653084046996685,18,trajectory,0.832500071529835,0.8291311655884636,False,long_straight,-0.005345349333542755,0.55,0.55,0.9947315288628278,0.10526847113717225,0.10526847113717225,right,-0.4430405996610416,0.1481435449186746,11.400510812577377,0.002178912905613435,1.9999996821751878,-0.0016909292017862065
B,1.8699999999999815,5.381752362497076,-1.076481408344836,2.1225603963189617,0.16347583974651547,11.427842531772633,-0.44576695129986454,0.11717890018333295,1.653084046996685,18,trajectory,0.8378208187392899,0.8329045193346704,False,long_straight,-0.00527765458364405,0.55,0.55,0.9957669512998646,0.1042330487001355,0.1042330487001355,right,-0.44253631721073694,0.1552049646334822,11.428125502873925,0.002178912905613435,1.9999996821751878,-0.003230634089127604
B,1.8749999999999813,5.378559074663393,-1.093076937749893,2.102558129623524,0.17418267674601662,11.455336571121387,-0.44659371881698223,0.10717890018333295,2.0,18,trajectory,0.8338377650186861,0.841236652448895,False,long_straight,-0.005209959237837379,0.55,0.55,0.9965937188169822,0.10340628118301781,0.10340628118301781,right,-0.4420320347604322,0.16226638434828977,11.455740193170474,0.002178912905613435,1.9999996821751878,-0.004561684056550053
B,1.8799999999999812,5.377059183499884,-1.1092773813875643,2.0746075857189097,0.18476771443882978,11.48284023860404,-0.44721117979572245,0.10717890018333295,2.0,18,trajectory,0.8390686693149864,0.8441402290675067,False,long_straight,-0.005142257893905146,0.55,0.55,0.9972111797957225,0.1027888202042776,0.1027888202042776,right,-0.44152775231012753,0.1693278040630974,11.483354883467022,0.002178912905613435,1.9999996821751878,-0.005683427485594916
B,1.8849999999999811,5.37554964662794,-1.1245240621380255,2.047210739831937,0.19521259650539147,11.510355598961278,-0.4476186997969003,0.10717890018333295,2.0,18,trajectory,0.8438965790340623,0.8467959893726723,False,long_straight,-0.0050745451059715715,0.55,0.55,0.9976186997969003,0.10238130020309977,0.10238130020309977,right,-0.44102346985982277,0.17638922377790495,11.510969573763571,0.002178912905613435,1.9999996821751878,-0.006595229937077507
B,1.889999999999981,5.374041320755385,-1.1388474480353195,2.0203331510572173,0.2055199895332156,11.537880251173657,-0.44781529539821924,0.10717890018333295,2.0,18,trajectory,0.8483540404676366,0.8492193126230672,False,long_straight,-0.005006826417485122,0.55,0.55,0.9978152953982193,0.10218470460178081,0.10218470460178081,right,-0.440519187409518,0.18345064349271253,11.538584264060116,0.002178912905613435,1.9999996821751878,-0.007296107988701228
B,1.894999999999981,5.372544450592038,-1.152276096921002,1.9939446162102137,0.21569239948111152,11.56541182003695,-0.44780008528290033,0.09717890018333296,2.0,18,trajectory,0.8392621029037368,0.8514240549812326,False,long_straight,-0.004939107301094518,0.55,0.55,0.9978000852829003,0.10219991471709972,0.10219991471709972,right,-0.44001490495921336,0.19051206320752012,11.566198954356665,0.002178912905613435,1.9999996821751878,-0.007785180323686969
B,1.8999999999999808,5.3710781535893695,-1.1650970337715345,1.9643157854499982,0.22572286565926403,11.592948127577236,-0.447573045062617,0.09717890018333296,2.0,18,trajectory,0.8435685966965984,0.8533575027875534,False,long_straight,-0.004871392737569623,0.55,0.55,0.997573045062617,0.10242695493738302,0.10242695493738302,right,-0.4395106225089086,0.19757348292232774,11.593813644653213,0.002178912905613435,1.9999996821751878,-0.008062422553708426
B,1.9049999999999807,5.369661414740797,-1.176968978043822,1.9352869040859844,0.23560484987833696,11.620487029027872,-0.4471342055334438,0.09717890018333296,2.0,18,trajectory,0.8475203007264602,0.8550786571668074,False,long_straight,-0.004803687619912665,0.55,0.55,0.9971342055334438,0.10286579446655625,0.10286579446655625,right,-0.43900634005860395,0.20463490263713532,11.621428334949762,0.002178912905613435,1.9999996821751878,-0.008127865474839846
B,1.9099999999999806,5.368303370041201,-1.1879222149626523,1.9068259402278902,0.245341259142124,11.64802624501629,-0.446482910469404,0.09717890018333296,2.0,18,trajectory,0.8511445729822166,0.8565989664844293,False,long_straight,-0.004735997166190532,0.55,0.55,0.9964829104694041,0.10351708953059602,0.10351708953059602,right,-0.4385020576082992,0.2116963223519429,11.64904302524631,0.002178912905613435,1.9999996821751878,-0.007980852861104837
B,1.9149999999999805,5.367012553275864,-1.1979853573617392,1.8789048749765007,0.2549348512926892,11.675563531272042,-0.44561859179930524,0.08717890018333296,2.0,18,trajectory,0.841419129052847,0.8579286954294736,False,long_straight,-0.004668326502480275,0.55,0.55,0.9956185917993052,0.1043814082006948,0.1043814082006948,right,-0.43799777515799454,0.21875774206675047,11.676657715542857,0.002178912905613435,1.9999996821751878,-0.0076208166413107015
B,1.9199999999999804,5.365806756924937,-1.2074431409366957,1.8478331234049132,0.26437902822545656,11.703096876906537,-0.4445415100202345,0.08717890018333296,2.0,18,trajectory,0.8448999125023327,0.859014826953389,False,long_straight,-0.004600680176190084,0.55,0.55,0.9945415100202346,0.10545848997976554,0.10545848997976554,right,-0.4374934927076898,0.22581916178155806,11.704272405839404,0.002178912905613435,1.9999996821751878,-0.00704801731254473
B,1.9249999999999803,5.364703560624505,-1.2159595468366264,1.8173969840266384,0.2736675591469635,11.730624311615058,-0.44325197349610324,0.08717890018333296,2.0,18,trajectory,0.8480613266611765,0.8599100629698622,False,long_straight,-0.004533062630514003,0.55,0.55,0.9932519734961033,0.10674802650389681,0.10674802650389681,right,-0.43698921025738513,0.23288058149636565,11.731887096135953,0.002178912905613435,1.9999996821751878,-0.006262763238718105
B,1.9299999999999802,5.363710284567968,-1.2235648802174657,1.7875676669972513,0.28280354058080537,11.758143710599667,-0.44174960956423276,0.08717890018333296,2.0,18,trajectory,0.8509263301953088,0.8606227013693912,False,long_straight,-0.0044654786838604545,0.55,0.55,0.9917496095642329,0.10825039043576729,0.10825039043576729,right,-0.43648492780708037,0.23994200121117323,11.759501786432502,0.002178912905613435,1.9999996821751878,-0.00526468175715239
B,1.93499999999998,5.362833658011855,-1.230287997819627,1.758320152952832,0.29178993545285437,11.785652991763294,-0.4400341226611614,0.07717890018333297,2.0,18,trajectory,0.8403917822770132,0.8611601082718479,False,long_straight,-0.0043979330456295675,0.55,0.55,0.9900341226611614,0.10996587733883867,0.10996587733883867,right,-0.43598064535677566,0.24700342092598082,11.78711647672905,0.002178912905613435,1.9999996821751878,-0.004053477304385711
B,1.93999999999998,5.362090115324463,-1.2364162649864656,1.7259362232069633,0.30062029586272576,11.81315034246688,-0.43810603337966264,0.07717890018333297,2.0,18,trajectory,0.8431091088791002,0.8614670866980688,False,long_straight,-0.004330429760010767,0.55,0.55,0.9881060333796627,0.1118939666203374,0.1118939666203374,right,-0.43547636290647096,0.25406484064078844,11.814731167025597,0.002178912905613435,1.9999996821751878,-0.002629670473191681
B,1.9449999999999799,5.361495812751683,-1.241612421285853,1.694219840977191,0.30928850238912453,11.840633997114718,-0.43596590493058973,0.07717890018333297,2.0,18,trajectory,0.8455304204940823,0.8615924631081152,False,long_straight,-0.004262972752753178,0.55,0.55,0.9859659049305898,0.11403409506941031,0.11403409506941031,right,-0.43497208045616625,0.261126260355596,11.842345857322146,0.002178912905613435,1.9999996821751878,-0.000993824474423477
B,1.9499999999999797,5.361056184355373,-1.2459071120775533,1.663145875983348,0.317797823344395,11.868102013330828,-0.4336136147857226,0.07717890018333297,2.0,18,trajectory,0.847674971248044,0.8615419100808279,False,long_straight,-0.00419556638074987,0.55,0.55,0.9836136147857226,0.11638638521427747,0.11638638521427747,right,-0.43446779800586155,0.26818768007040356,11.869960547618694,0.002178912905613435,1.9999996821751878,0.000854183220138971
B,1.9549999999999796,5.360776084065713,-1.2493297448033442,1.6326927589970939,0.3261514111628099,11.89555249801203,-0.4310491091856029,0.06717890018333297,2.0,18,trajectory,0.8361174301383784,0.8613203562163187,False,long_straight,-0.00412821487733661,0.55,0.55,0.981049109185603,0.11895089081439714,0.11895089081439714,right,-0.4339635155555568,0.27524909978521117,11.897575237915241,0.002178912905613435,1.9999996821751878,0.0029144063699538814
B,1.9599999999999795,5.360670598149141,-1.2521754440313897,1.5990465146954749,0.3343427820110083,11.922983865623786,-0.42827315397494214,0.06717890018333297,2.0,19,trajectory,0.8380976869876352,0.8608683964850133,False,long_straight,-0.0040609217190953,0.55,0.55,0.9782731539749422,0.1217268460250579,0.1217268460250579,right,-0.42831946121862396,0.3337700095461515,11.923003882156378,-0.047821098604469287,1.9999997846765956,4.6307243681820154e-05
B,1.9649999999999794,5.360754475967858,-1.2540992184867705,1.5661009918674174,0.3423657547902694,11.95039458372835,-0.42528655444130475,0.06717890018333297,2.0,19,trajectory,0.839793706714666,0.8602330631847492,False,long_straight,-0.003993690250846705,0.55,0.55,0.9752865544413047,0.12471344555869529,0.12471344555869529,right,-0.42363740159640995,0.3374516800560438,11.95026281386232,-0.047821098604469287,1.9999997846765956,-0.0016491528448948078
B,1.9699999999999793,5.361031203054142,-1.2551324819592884,1.5338349607041544,0.35022377618962475,11.977782917477448,-0.4220894146181754,0.06717890018333297,2.0,19,trajectory,0.8412216041889541,0.8594177287344806,False,long_straight,-0.003926524312533837,0.55,0.55,0.9720894146181754,0.12791058538182465,0.12791058538182465,right,-0.4189553419741947,0.34113335056593713,11.97752174556827,-0.047821098604469287,1.9999997846765956,-0.00313407264398069
B,1.9749999999999792,5.361503694417098,-1.2553056123221964,1.5022306006812114,0.35792019607961745,12.005147187399823,-0.418681901628853,0.05717890018333297,2.0,19,trajectory,0.8283805426157076,0.8584251678294648,False,long_straight,-0.0038594276070357796,0.55,0.55,0.968681901628853,0.13131809837114705,0.13131809837114705,right,-0.4142732823519794,0.3448150210758304,12.004780677274217,-0.047821098604469287,1.9999997846765956,-0.004408619276873582
B,1.979999999999979,5.362185721711095,-1.2549270027875385,1.4673061449999019,0.3654483220232416,12.03248606374785,-0.41506502195585276,0.05717890018333297,2.0,19,trajectory,0.8296144104032286,0.8571893945875391,False,long_straight,-0.0037924029789465677,0.55,0.55,0.9650650219558528,0.13493497804414728,0.13493497804414728,right,-0.40959122272976417,0.3484966915857237,12.03203960898017,-0.047821098604469287,1.9999997846765956,-0.005473799226088594
B,1.984999999999979,5.363090659793933,-1.2536372161924136,1.433120974982417,0.3728017501934606,12.05979827595798,-0.4112398205061806,0.05717890018333297,2.0,19,trajectory,0.8305643345219778,0.8557576241652048,False,long_straight,-0.003725453127558377,0.55,0.55,0.9612398205061806,0.13876017949381947,0.13876017949381947,right,-0.4049091631075489,0.35217836209561704,12.059298540686118,-0.047821098604469287,1.9999997846765956,-0.0063306573986317005
B,1.989999999999979,5.364219978597952,-1.2514689858048973,1.3996579697550469,0.3799841328707467,12.087082321074472,-0.407206614184653,0.05717890018333297,2.0,19,trajectory,0.8312437371964552,0.8541311124556918,False,long_straight,-0.0036585813217464083,0.55,0.55,0.957206614184653,0.14279338581534706,0.14279338581534706,right,-0.40022710348533364,0.3558600326055103,12.086557472392066,-0.047821098604469287,1.9999997846765956,-0.006979510699319347
B,1.9949999999999788,5.365574586068526,-1.2484542090626478,1.3669033334413245,0.3869990457830297,12.114336757641519,-0.4029657799973886,0.04717890018333297,2.0,19,trajectory,0.816803245800828,0.8523106466737953,False,long_straight,-0.0035917906796222505,0.55,0.55,0.9529657799973886,0.14703422000261146,0.14703422000261146,right,-0.3955450438631184,0.3595417031154037,12.113816404098017,-0.047821098604469287,1.9999997846765956,-0.007420736134270189
