A_time,A_s_abs,A_e_y,A_plan_id,A_left_width,A_right_width,A_boundary,A_clearance,A_nominal_ey,A_tracking_ey,B_time,B_s_abs,B_e_y,B_plan_id,B_left_width,B_right_width,B_boundary,B_clearance,B_nominal_ey,B_tracking_ey,left_width_contribution,left_nominal_contribution,left_tracking_contribution,left_clearance_B_minus_A,right_width_contribution,right_nominal_contribution,right_tracking_contribution,right_clearance_B_minus_A,clearance_B_minus_A
0.0,1.0,-0.11268618155631815,0,0.55,0.55,right,0.4373138184436819,-0.11268618155631815,0.0,0.0,1.0,-0.11268618155631815,0,0.55,0.55,right,0.4373138184436819,-0.11268618155631815,0.0,0.0,-0.0,-0.0,0.0,0.0,0.0,0.0,0.0,0.0
0.005,1.026022597904767,-0.11178933738566722,0,0.55,0.55,right,0.43821066261433284,-0.11181195624700732,2.2618861340098495e-05,0.005,1.026022597904767,-0.11178933738566722,0,0.55,0.55,right,0.43821066261433284,-0.11181195624700732,2.2618861340098495e-05,0.0,-0.0,-0.0,0.0,0.0,0.0,0.0,0.0,0.0
0.01,1.052069272623353,-0.11091330273120314,0,0.55,0.55,right,0.4390866972687969,-0.1109377309376965,2.4428206493357085e-05,0.01,1.052069272623353,-0.11091330273120314,0,0.55,0.55,right,0.4390866972687969,-0.1109377309376965,2.4428206493357085e-05,0.0,-0.0,-0.0,0.0,0.0,0.0,0.0,0.0,0.0
0.015,1.0781396794802087,-0.11005388586704057,0,0.55,0.55,right,0.4399461141329595,-0.11006350562838565,9.619761345086575e-06,0.015,1.0781396794802087,-0.11005388586704057,0,0.55,0.55,right,0.4399461141329595,-0.11006350562838565,9.619761345086575e-06,0.0,-0.0,-0.0,0.0,0.0,0.0,0.0,0.0,0.0
0.02,1.1042334782985987,-0.10920709029639622,0,0.55,0.55,right,0.44079290970360385,-0.10918928031907484,-1.780997732138412e-05,0.02,1.1042334782985987,-0.10920709029639622,0,0.55,0.55,right,0.44079290970360385,-0.10918928031907484,-1.780997732138412e-05,0.0,-0.0,-0.0,0.0,0.0,0.0,0.0,0.0,0.0
0.025,1.1303503335641003,-0.10836910439241937,0,0.55,0.55,right,0.4416308956075807,-0.108315055009764,-5.4049382655366185e-05,0.025,1.1303503335641003,-0.10836910439241937,0,0.55,0.55,right,0.4416308956075807,-0.108315055009764,-5.4049382655366185e-05,0.0,-0.0,-0.0,0.0,0.0,0.0,0.0,0.0,0.0
0.03,1.1564899145174652,-0.10753629136979785,0,0.55,0.55,right,0.4424637086302022,-0.10744082970045317,-9.546166934468192e-05,0.03,1.1564899145174652,-0.10753629136979785,0,0.55,0.55,right,0.4424637086302022,-0.10744082970045317,-9.546166934468192e-05,0.0,-0.0,-0.0,0.0,0.0,0.0,0.0,0.0,0.0
0.034999999999999996,1.1826518951849878,-0.10670517963358263,0,0.55,0.55,right,0.44329482036641743,-0.10656660439114235,-0.00013857524244027808,0.034999999999999996,1.1826518951849878,-0.10670517963358263,0,0.55,0.55,right,0.44329482036641743,-0.10656660439114235,-0.00013857524244027808,0.0,-0.0,-0.0,0.0,0.0,0.0,0.0,0.0,0.0
0.039999999999999994,1.2088359060856286,-0.10587204871028222,0,0.55,0.55,right,0.4441279512897178,-0.10569237908183152,-0.00017966962845070156,0.039999999999999994,1.2088359060856286,-0.10587204871028222,0,0.55,0.55,right,0.4441279512897178,-0.10569237908183152,-0.00017966962845070156,0.0,-0.0,-0.0,0.0,0.0,0.0,0.0,0.0,0.0
0.04499999999999999,1.2350415838635538,-0.10503334377737046,0,0.55,0.55,right,0.4449666562226296,-0.10481815377252068,-0.00021519000484977735,0.04499999999999999,1.2350415838635538,-0.10503334377737046,0,0.55,0.55,right,0.4449666562226296,-0.10481815377252068,-0.00021519000484977735,0.0,-0.0,-0.0,0.0,0.0,0.0,0.0,0.0,0.0
0.04999999999999999,1.2612686177935042,-0.10418605469785303,0,0.55,0.55,right,0.445813945302147,-0.10394392846320985,-0.00024212623464317518,0.04999999999999999,1.2612686177935042,-0.10418605469785303,0,0.55,0.55,right,0.445813945302147,-0.10394392846320985,-0.00024212623464317518,0.0,-0.0,-0.0,0.0,0.0,0.0,0.0,0.0,0.0
0.054999999999999986,1.2875167003555519,-0.10332729234293705,0,0.55,0.55,right,0.446672707657063,-0.10306970315389903,-0.00025758918903802386,0.054999999999999986,1.2875167003555519,-0.10332729234293705,0,0.55,0.55,right,0.446672707657063,-0.10306970315389903,-0.00025758918903802386,0.0,-0.0,-0.0,0.0,0.0,0.0,0.0,0.0,0.0
0.059999999999999984,1.31378552262099,-0.10245437588852001,0,0.55,0.55,right,0.44754562411148,-0.10219547784458821,-0.00025889804393179616,0.059999999999999984,1.31378552262099,-0.10245437588852001,0,0.55,0.55,right,0.44754562411148,-0.10219547784458821,-0.00025889804393179616,0.0,-0.0,-0.0,0.0,0.0,0.0,0.0,0.0,0.0
0.06499999999999999,1.340074778162883,-0.1015647289246009,0,0.55,0.55,right,0.44843527107539916,-0.10132125253527738,-0.00024347638932352422,0.06499999999999999,1.340074778162883,-0.1015647289246009,0,0.55,0.55,right,0.44843527107539916,-0.10132125253527738,-0.00024347638932352422,0.0,-0.0,-0.0,0.0,0.0,0.0,0.0,0.0,0.0
0.06999999999999999,1.3663841677267643,-0.10065578398029137,0,0.55,0.55,right,0.44934421601970864,-0.10044702722596655,-0.0002087567543248292,0.06999999999999999,1.3663841677267643,-0.10065578398029137,0,0.55,0.55,right,0.44934421601970864,-0.10044702722596655,-0.0002087567543248292,0.0,-0.0,-0.0,0.0,0.0,0.0,0.0,0.0,0.0
0.07499999999999998,1.39271339481656,-0.09972507317553148,0,0.55,0.55,right,0.45027492682446857,-0.09957280191665571,-0.00015227125887576354,0.07499999999999998,1.39271339481656,-0.09972507317553148,0,0.55,0.55,right,0.45027492682446857,-0.09957280191665571,-0.00015227125887576354,0.0,-0.0,-0.0,0.0,0.0,0.0,0.0,0.0,0.0
0.07999999999999999,1.4190622249496068,-0.09877096534583792,0,0.55,0.55,right,0.45122903465416214,-0.09869857660734489,-7.23887384930233e-05,0.07999999999999999,1.4190622249496068,-0.09877096534583792,0,0.55,0.55,right,0.45122903465416214,-0.09869857660734489,-7.23887384930233e-05,0.0,-0.0,-0.0,0.0,0.0,0.0,0.0,0.0,0.0
0.08499999999999999,1.4454304230216681,-0.09779188584092996,0,0.55,0.55,right,0.4522081141590701,-0.09782435129803405,3.2465457104086104e-05,0.08499999999999999,1.4454304230216681,-0.09779188584092996,0,0.55,0.55,right,0.4522081141590701,-0.09782435129803405,3.2465457104086104e-05,0.0,-0.0,-0.0,0.0,0.0,0.0,0.0,0.0,0.0
0.09,1.4718176971911594,-0.09678559969187753,0,0.55,0.55,right,0.45321440030812254,-0.09695012598872321,0.0001645262968456851,0.09,1.4718176971911594,-0.09678559969187753,0,0.55,0.55,right,0.45321440030812254,-0.09695012598872321,0.0001645262968456851,0.0,-0.0,-0.0,0.0,0.0,0.0,0.0,0.0,0.0
0.09499999999999999,1.4982237601733632,-0.09574996879518605,0,0.55,0.55,right,0.454250031204814,-0.0960759006794124,0.00032593188422634645,0.09499999999999999,1.4982237601733632,-0.09574996879518605,0,0.55,0.55,right,0.454250031204814,-0.0960759006794124,0.00032593188422634645,0.0,-0.0,-0.0,0.0,0.0,0.0,0.0,0.0,0.0
0.09999999999999999,1.5246484270031058,-0.09468390738535787,0,0.55,0.55,right,0.4553160926146422,-0.09520167537010156,0.0005177679847436917,0.09999999999999999,1.5246484270031058,-0.09468390738535787,0,0.55,0.55,right,0.4553160926146422,-0.09520167537010156,0.0005177679847436917,0.0,-0.0,-0.0,0.0,0.0,0.0,0.0,0.0,0.0
0.105,1.5510915125096263,-0.09358637308865231,0,0.55,0.55,right,0.45641362691134774,-0.0940906597349396,0.0005042866462872941,0.105,1.5510915125096263,-0.09358637308865231,0,0.55,0.55,right,0.45641362691134774,-0.0940906597349396,0.0005042866462872941,0.0,-0.0,-0.0,0.0,0.0,0.0,0.0,0.0,0.0
0.11,1.5775527378703207,-0.09245543870918678,0,0.55,0.55,right,0.4575445612908133,-0.09297964409977766,0.0005242053905908789,0.11,1.5775527378703207,-0.09245543870918678,0,0.55,0.55,right,0.4575445612908133,-0.09297964409977766,0.0005242053905908789,0.0,-0.0,-0.0,0.0,0.0,0.0,0.0,0.0,0.0
0.11499999999999999,1.6040318312080963,-0.09128927342905814,0,0.55,0.55,right,0.4587107265709419,-0.0918686284646157,0.0005793550355575605,0.11499999999999999,1.6040318312080963,-0.09128927342905814,0,0.55,0.55,right,0.4587107265709419,-0.0918686284646157,0.0005793550355575605,0.0,-0.0,-0.0,0.0,0.0,0.0,0.0,0.0,0.0
0.12,1.6305296442588624,-0.09008846423089736,0,0.55,0.55,right,0.4599115357691027,-0.09075761282945376,0.0006691485985563933,0.12,1.6305296442588624,-0.09008846423089736,0,0.55,0.55,right,0.4599115357691027,-0.09075761282945376,0.0006691485985563933,0.0,-0.0,-0.0,0.0,0.0,0.0,0.0,0.0,0.0
0.125,1.6570470245436633,-0.0888535824996962,0,0.55,0.55,right,0.46114641750030383,-0.08964659719429181,0.0007930146945956118,0.125,1.6570470245436633,-0.0888535824996962,0,0.55,0.55,right,0.46114641750030383,-0.08964659719429181,0.0007930146945956118,0.0,-0.0,-0.0,0.0,0.0,0.0,0.0,0.0,0.0
0.13,1.683583711038958,-0.08758294560709351,0,0.55,0.55,right,0.46241705439290653,-0.08853558155912986,0.0009526359520363459,0.13,1.683583711038958,-0.08758294560709351,0,0.55,0.55,right,0.46241705439290653,-0.08853558155912986,0.0009526359520363459,0.0,-0.0,-0.0,0.0,0.0,0.0,0.0,0.0,0.0
0.135,1.7101394581323552,-0.08627499893437872,0,0.55,0.55,right,0.4637250010656213,-0.08742456592396791,0.001149566989589193,0.135,1.7101394581323552,-0.08627499893437872,0,0.55,0.55,right,0.4637250010656213,-0.08742456592396791,0.001149566989589193,0.0,-0.0,-0.0,0.0,0.0,0.0,0.0,0.0,0.0
0.14,1.7367143422795654,-0.08493073277404743,0,0.55,0.55,right,0.4650692672259526,-0.08631355028880597,0.0013828175147585359,0.14,1.7367143422795654,-0.08493073277404743,0,0.55,0.55,right,0.4650692672259526,-0.08631355028880597,0.0013828175147585359,0.0,-0.0,-0.0,0.0,0.0,0.0,0.0,0.0,0.0
0.14500000000000002,1.7633084404604875,-0.08355114054281054,0,0.55,0.55,right,0.4664488594571895,-0.08520253465364402,0.0016513941108334818,0.14500000000000002,1.7633084404604875,-0.08355114054281054,0,0.55,0.55,right,0.4664488594571895,-0.08520253465364402,0.0016513941108334818,0.0,-0.0,-0.0,0.0,0.0,0.0,0.0,0.0,0.0
0.15,1.7899215363532488,-0.08213487950901469,0,0.55,0.55,right,0.4678651204909854,-0.08409151901848208,0.001956639509467395,0.15,1.7899215363532488,-0.08213487950901469,0,0.55,0.55,right,0.4678651204909854,-0.08409151901848208,0.001956639509467395,0.0,-0.0,-0.0,0.0,0.0,0.0,0.0,0.0,0.0
0.155,1.8165534356305522,-0.08068075208684754,0,0.55,0.55,right,0.4693192479131525,-0.08298050338332014,0.002299751296472599,0.155,1.8165534356305522,-0.08068075208684754,0,0.55,0.55,right,0.4693192479131525,-0.08298050338332014,0.002299751296472599,0.0,-0.0,-0.0,0.0,0.0,0.0,0.0,0.0,0.0
0.15999999999999998,1.8432042849676837,-0.07919014524141377,1,0.55,0.55,right,0.4708098547585863,-0.07996305827509605,0.0007729130336822793,0.15999999999999998,1.8432042849676837,-0.07919014524141377,1,0.55,0.55,right,0.4708098547585863,-0.07993524294451433,0.000745097703100564,0.0,-2.781533058171526e-05,2.781533058171526e-05,0.0,0.0,2.781533058171526e-05,-2.781533058171526e-05,0.0,0.0
0.16499999999999998,1.869874235138001,-0.07766446212440532,1,0.55,0.55,right,0.47233553787559474,-0.07870083248928207,0.0010363703648767486,0.16499999999999998,1.869874235138001,-0.07766446212440532,1,0.55,0.55,right,0.47233553787559474,-0.07867027005610408,0.0010058079316987573,0.0,-3.0562433177991344e-05,3.0562433177991344e-05,0.0,0.0,3.0562433177991344e-05,-3.0562433177991344e-05,0.0,0.0
0.16999999999999998,1.896563135013253,-0.07610275623112635,1,0.55,0.55,right,0.4738972437688737,-0.0774386067034681,0.0013358504723417486,0.16999999999999998,1.896563135013253,-0.07610275623112635,1,0.55,0.55,right,0.4738972437688737,-0.07740529716769382,0.0013025409365674673,0.0,-3.330953577428131e-05,3.330953577428131e-05,0.0,0.0,3.330953577428131e-05,-3.330953577428131e-05,0.0,0.0
0.175,1.9232708602289015,-0.07450423587680757,1,0.55,0.55,right,0.4754957641231925,-0.07617638091765414,0.0016721450408465621,0.175,1.9232708602289015,-0.07450423587680757,1,0.55,0.55,right,0.4754957641231925,-0.07614032427928356,0.0016360884024759909,0.0,-3.605663837057127e-05,3.605663837057127e-05,0.0,0.0,3.605663837057127e-05,-3.605663837057127e-05,0.0,0.0
0.18,1.9499982156955276,-0.07287065536510175,1,0.55,0.55,right,0.4771293446348983,-0.07491415513184016,0.002043499766738413,0.18,1.9499982178860658,-0.0728706550657219,1,0.55,0.55,right,0.47712934493427817,-0.0748753513908733,0.002004696325151392,0.0,-3.880374096686123e-05,3.880344158702087e-05,-2.993798542405557e-10,0.0,3.880374096686123e-05,-3.880344158702087e-05,2.993798542405557e-10,2.993798542405557e-10
0.185,1.9767460130003256,-0.07120379771502088,1,0.55,0.55,right,0.47879620228497916,-0.07365192934602618,0.0024481316310053097,0.185,1.9767460217663277,-0.07120379653615797,1,0.55,0.55,right,0.4787962034638421,-0.07361037850246305,0.0024065819663050825,0.0,-4.155084356313732e-05,4.154966470022725e-05,-1.1788628961895142e-09,0.0,4.155084356313732e-05,-4.154966470022725e-05,1.1788629517006655e-09,1.1788629517006655e-09
0.19,2.003514180635446,-0.06950315270031641,1,0.55,0.55,right,0.4804968472996836,-0.07238970356021224,0.002886550859895823,0.19,2.003514200368089,-0.06950315009199892,1,0.55,0.55,right,0.4804968499080011,-0.0723454056140528,0.0028422555220538742,0.0,-4.429794615944116e-05,4.429533784194861e-05,-2.608317450913944e-09,0.0,4.429794615944116e-05,-4.429533784194861e-05,2.608317506425095e-09,2.608317506425095e-09
0.195,2.030302676759735,-0.06776837094960589,1,0.55,0.55,right,0.4822316290503942,-0.07112747777439826,0.003359106824792374,0.195,2.03030271185701,-0.06776836639451353,1,0.55,0.55,right,0.4822316336054865,-0.07108043272564253,0.0033120663311290016,0.0,-4.704504875573112e-05,4.704049366337226e-05,-4.555092303348829e-09,0.0,4.704504875573112e-05,-4.704049366337226e-05,4.555092303348829e-09,4.555092303348829e-09
0.2,2.057111851381409,-0.06600176331720481,1,0.55,0.55,right,0.48399823668279524,-0.06986525198858429,0.003863488671379478,0.2,2.05711190623494,-0.06600175632171443,1,0.55,0.55,right,0.4839982436782856,-0.06981545983723228,0.0038137035155178522,0.0,-4.979215135200721e-05,4.9785155861625796e-05,-6.995490298145057e-09,0.0,4.979215135200721e-05,-4.9785155861625796e-05,6.9954903536562085e-09,6.9954903536562085e-09
0.20500000000000002,2.0839420598066734,-0.0642056697655961,1,0.55,0.55,right,0.48579433023440394,-0.06860302620277033,0.004397356437174232,0.20500000000000002,2.0839421388023003,-0.06420565986336209,1,0.55,0.55,right,0.48579434013663797,-0.06855048694882203,0.00434482708545994,0.0,-5.253925394829717e-05,5.252935171429218e-05,-9.902233921721404e-09,0.0,5.253925394829717e-05,-5.252935171429218e-05,9.902234032743706e-09,9.902234032743706e-09
0.21,2.1107933135100327,-0.062380029068318,1,0.55,0.55,right,0.487619970931682,-0.06734080041695636,0.004960771348638364,0.21,2.1107934210418318,-0.06238001583357037,1,0.55,0.55,right,0.48761998416642965,-0.06728551406041178,0.004905498226841408,0.0,-5.5286356544587134e-05,5.527312179695598e-05,-1.3234747631152288e-08,0.0,5.5286356544587134e-05,-5.527312179695598e-05,1.3234747631152288e-08,1.3234747631152288e-08
0.215,2.137665654099502,-0.06052494318347257,1,0.55,0.55,right,0.4894750568165275,-0.06607857463114239,0.005553631447669821,0.215,2.137665794569953,-0.06052492623200778,1,0.55,0.55,right,0.48947507376799226,-0.06602054117200151,0.0054956149399937315,0.0,-5.80334591408771e-05,5.801650767608968e-05,-1.6951464787418047e-08,0.0,5.80334591408771e-05,-5.801650767608968e-05,1.6951464787418047e-08,1.6951464787418047e-08
0.22,2.1645595069189167,-0.05864321980599922,1,0.55,0.55,right,0.4913567801940008,-0.06483954368468718,0.006196323878687959,0.22,2.1645596846921182,-0.05864319879005366,1,0.55,0.55,right,0.4913568012099464,-0.06477940198036522,0.006136203190311558,0.0,-6.014170432196153e-05,6.012068837640133e-05,-2.101594553938213e-08,0.0,6.014170432196153e-05,-6.012068837640133e-05,2.101594559489328e-08,2.101594559489328e-08
0.225,2.1914752996312727,-0.05673769662221424,1,0.55,0.55,right,0.4932623033777858,-0.06361597596447116,0.006878279342256918,0.225,2.191475519033081,-0.05673767123260536,1,0.55,0.55,right,0.4932623287673947,-0.06355415191991155,0.006816480687306191,0.0,-6.1824044559608e-05,6.17986549507274e-05,-2.5389608970805e-08,0.0,6.1824044559608e-05,-6.17986549507274e-05,2.5389608859782697e-08,2.5389608859782697e-08
0.23,2.218413121628195,-0.054808767022345016,1,0.55,0.55,right,0.49519123297765505,-0.06239240824425514,0.007583641221910124,0.23,2.218413386993052,-0.05480873699525106,1,0.55,0.55,right,0.49519126300474897,-0.062328901859457886,0.007520164864206827,0.0,-6.350638479725446e-05,6.347635770329735e-05,-3.002709403343573e-08,0.0,6.350638479725446e-05,-6.347635770329735e-05,3.002709392241343e-08,3.002709392241343e-08
0.235,2.2453730905466656,-0.052856987838061475,1,0.55,0.55,right,0.49714301216193857,-0.06116884052403912,0.008311852685977644,0.235,2.2453734062174,-0.05285695295488409,1,0.55,0.55,right,0.49714304704511597,-0.061103651799004226,0.008246698844120139,0.0,-6.518872503489398e-05,6.515384185750567e-05,-3.488317734667845e-08,0.0,6.518872503489398e-05,-6.515384185750567e-05,3.48831774021896e-08,3.48831774021896e-08
0.24,2.2723546563401227,-0.05088582034789065,1,0.55,0.55,right,0.4991141796521094,-0.05994527280382309,0.00905945245593244,0.24,2.2723550259596745,-0.05088578052744828,1,0.55,0.55,right,0.49911421947255175,-0.05987840173855056,0.00899262121110228,0.0,-6.68710652725335e-05,6.683124483015945e-05,-3.982044238792781e-08,0.0,6.68710652725335e-05,-6.683124483015945e-05,3.982044233241666e-08,3.982044233241666e-08
0.245,2.2993572637808293,-0.04889874280420051,1,0.55,0.55,right,0.5011012571957996,-0.05872170508360707,0.009822962279406565,0.245,2.2993576902906803,-0.04889869809682993,1,0.55,0.55,right,0.5011013019031701,-0.058653151678096885,0.009754453581266954,0.0,-6.85534055101869e-05,6.850869813961047e-05,-4.4707370583374484e-08,0.0,6.85534055101869e-05,-6.850869813961047e-05,4.4707370583374484e-08,4.4707370583374484e-08
0.25,2.326381062266325,-0.04689658204214311,1,0.55,0.55,right,0.503103417957857,-0.057498137363391044,0.010601555321247937,0.25,2.326381548613415,-0.0468965325332862,1,0.55,0.55,right,0.5031034674667139,-0.057427901617643225,0.010531369084357027,0.0,-7.023574574781949e-05,7.018623689090953e-05,-4.950885690302442e-08,0.0,7.023574574781949e-05,-7.018623689090953e-05,4.950885690302442e-08,4.950885690302442e-08
0.255,2.35342622502569,-0.044880325593095106,1,0.55,0.55,right,0.505119674406905,-0.05627456964317502,0.01139424405007991,0.255,2.3534267741618815,-0.0448802714018895,1,0.55,0.55,right,0.5051197285981105,-0.05620265155718956,0.011322380155300057,0.0,-7.191808598545901e-05,7.186389477985278e-05,-5.4191205522968744e-08,0.0,7.191808598545901e-05,-7.186389477985278e-05,5.4191205522968744e-08,5.4191205522968744e-08
0.26,2.3804932872918334,-0.042853752745338716,2,0.55,0.55,right,0.5071462472546613,-0.04316571527185269,0.0003119625265139772,0.26,2.380493902356088,-0.04285369398848129,2,0.55,0.55,right,0.5071463060115188,-0.043034820150806834,0.00018112616232554557,0.0,-0.00013089512104585976,0.00013083636418843164,-5.875685749057169e-08,0.0,0.00013089512104585976,-0.00013083636418843164,5.875685749057169e-08,5.875685749057169e-08
0.265,2.4075827735446693,-0.040820664869158356,2,0.55,0.55,right,0.5091793351308417,-0.04144474406824757,0.0006240791990892169,0.265,2.40758345786302,-0.04082060166321479,2,0.55,0.55,right,0.5091793983367853,-0.041293001908661565,0.0004724002454467788,0.0,-0.00015174215958600745,0.00015167895364243816,-6.320594359010556e-08,0.0,0.00015174215958600745,-0.00015167895364243816,6.320594359010556e-08,6.320594359010556e-08
0.27,2.434694872142323,-0.03878232221543629,2,0.55,0.55,right,0.5112176777845637,-0.039723772864642445,0.0009414506492061575,0.27,2.434695629044802,-0.038782254711995263,2,0.55,0.55,right,0.5112177452880048,-0.0395511836665163,0.0007689289545210337,0.0,-0.0001725891981261482,0.0001725216946851238,-6.750344105910244e-08,0.0,0.0001725891981261482,-0.0001725216946851238,6.750344105910244e-08,6.750344105910244e-08
0.275,2.4618297886742617,-0.03674014160697751,2,0.55,0.55,right,0.5132598583930226,-0.038002801661037325,0.001262660054059818,0.275,2.461830621494264,-0.036740069991203425,2,0.55,0.55,right,0.5132599300087967,-0.03780936542437102,0.001069295433167597,0.0,-0.00019343623666630283,0.000193364620892221,-7.161577408876241e-08,0.0,0.00019343623666630283,-0.000193364620892221,7.161577408876241e-08,7.161577408876241e-08
0.28,2.4889880581190043,-0.03469835815387264,2,0.55,0.55,right,0.5153016418461274,-0.0362818304574322,0.001583472303559555,0.28,2.4889889611983844,-0.034698283909208885,2,0.55,0.55,right,0.5153017160907911,-0.036067547182225754,0.0013692632730168686,0.0,-0.00021428327520644358,0.00021420903054268636,-7.424466375027805e-08,0.0,0.00021428327520644358,-0.00021420903054268636,7.424466375027805e-08,7.424466375027805e-08
0.28500000000000003,2.516170195164225,-0.0326612214814264,2,0.55,0.55,right,0.5173387785185737,-0.03456085925382708,0.0018996377724006738,0.28500000000000003,2.5161711538343816,-0.03266114728275507,2,0.55,0.55,right,0.517338852717245,-0.034325728940080485,0.0016645816573254146,0.0,-0.00023513031374659127,0.0002350561150752592,-7.419867131819302e-08,0.0,0.00023513031374659127,-0.0002350561150752592,7.419867131819302e-08,7.419867131819302e-08
0.29,2.5433763945212755,-0.030630400943633857,2,0.55,0.55,right,0.5193695990563661,-0.03283988805022196,0.002209487106588106,0.29,2.543377394088097,-0.03063032933512918,2,0.55,0.55,right,0.5193696706648708,-0.03258391069793523,0.001953581362806052,0.0,-0.000255977352286732,0.000255905743782054,-7.160850468146407e-08,0.0,0.000255977352286732,-0.000255905743782054,7.160850468146407e-08,7.160850468146407e-08
0.295,2.5706068592512357,-0.02860771480254863,2,0.55,0.55,right,0.5213922851974514,-0.031118916846616843,0.0025112020440682115,0.295,2.5706078849953045,-0.028607648194727244,2,0.55,0.55,right,0.5213923518052728,-0.03084209245578996,0.002234444261062715,0.0,-0.0002768243908268832,0.00027675778300549625,-6.660782136957977e-08,0.0,0.0002768243908268832,-0.00027675778300549625,6.660782136957977e-08,6.660782136957977e-08
0.3,2.5978621088808125,-0.026597803074323047,2,0.55,0.55,right,0.523402196925677,-0.02939794564301172,0.002800142568688671,0.3,2.5978631463785113,-0.026597743743825456,2,0.55,0.55,right,0.5234022562561745,-0.02910027421364469,0.002502530469819235,0.0,-0.0002976714293670274,0.0002976120988694361,-5.933049751494224e-08,0.0,0.0002976714293670274,-0.0002976120988694361,5.933049751494224e-08,5.933049751494224e-08
0.305,2.6251426315806303,-0.024605309728517842,2,0.55,0.55,right,0.5253946902714822,-0.027676974439406594,0.0030716647108887524,0.305,2.6251436667045365,-0.024605259814919546,2,0.55,0.55,right,0.5253947401850805,-0.02735845597149942,0.0027531961565798735,0.0,-0.0003185184679071751,0.0003184685543088789,-4.9913598254569536e-08,0.0,0.0003185184679071751,-0.0003184685543088789,4.9913598254569536e-08,4.9913598254569536e-08
0.31,2.652448588117859,-0.022632275277237268,2,0.55,0.55,right,0.5273677247227628,-0.025956003235801474,0.0033237279585642057,0.31,2.6524496067169396,-0.022632236780836264,2,0.55,0.55,right,0.5273677632191638,-0.02561663772935415,0.0029844009485178874,0.0,-0.0003393655064473228,0.0003393270100463183,-3.8496400955878585e-08,0.0,0.0003393655064473228,-0.0003393270100463183,3.8496400955878585e-08,3.8496400955878585e-08
0.315,2.6797801369088496,-0.02068087766562797,2,0.55,0.55,right,0.5293191223343721,-0.02423503203219635,0.00355415436656838,0.315,2.679781124809624,-0.020680852448924078,2,0.55,0.55,right,0.529319147551076,-0.023874819487208883,0.003193967038284805,0.0,-0.000360212544987467,0.00036018732828357533,-2.5216703947172903e-08,0.0,0.000360212544987467,-0.00036018732828357533,2.5216703947172903e-08,2.5216703947172903e-08
0.32,2.7071376994414647,-0.018756099133892527,2,0.55,0.55,right,0.5312439008661075,-0.022514060828591226,0.0037579616946986985,0.32,2.7071386429038897,-0.01875608891050724,2,0.55,0.55,right,0.5312439110894928,-0.02213300124506361,0.0033769123345563715,0.0,-0.0003810595835276147,0.00038104936014232704,-1.0223385249474859e-08,0.0,0.0003810595835276147,-0.00038104936014232704,1.0223385249474859e-08,1.0223385249474859e-08
0.325,2.734521653911452,-0.016862912059806865,2,0.55,0.55,right,0.5331370879401932,-0.020793089624986102,0.003930177565179237,0.325,2.7345225396302872,-0.016862918396672835,2,0.55,0.55,right,0.5331370816033272,-0.020391183002918343,0.0035282646062455084,0.0,-0.0004019066220677589,0.00040191295893372836,6.336866031908528e-09,0.0,0.0004019066220677589,-0.00040191295893372836,-6.336866031908528e-09,-6.336866031908528e-09
0.33,2.7619320814928137,-0.015003675723961496,2,0.55,0.55,right,0.5349963242760385,-0.019072118421380978,0.004068442697419482,0.33,2.7619328961444793,-0.0150037000578025,2,0.55,0.55,right,0.5349962999421976,-0.01864936476077307,0.0036456647029705705,0.0,-0.0004227536606079066,0.0004227779944489113,2.4333840942247775e-08,0.0,0.0004227536606079066,-0.0004227779944489113,-2.4333840942247775e-08,-2.4333840942247775e-08
0.335,2.7893690492036747,-0.013180871650679151,2,0.55,0.55,right,0.5368191283493209,-0.01735114721777585,0.004170275567096699,0.335,2.7893697794477514,-0.01318091529198257,2,0.55,0.55,right,0.5368190847080174,-0.0169075465186278,0.0037266312266452297,0.0,-0.0004436006991480508,0.0004436443404514691,4.364130345990702e-08,0.0,0.0004436006991480508,-0.0004436443404514691,-4.364130345990702e-08,-4.364130345990702e-08
0.34,2.8168328261467552,-0.011399738136869503,2,0.55,0.55,right,0.5386002618631306,-0.01563017601417073,0.0042304378773012265,0.34,2.81683345907536,-0.01139980226580174,2,0.55,0.55,right,0.5386001977341983,-0.015165728276482531,0.0037659260106807906,0.0,-0.0004644477376881985,0.0004645118666204359,6.412893227558669e-08,0.0,0.0004644477376881985,-0.0004645118666204359,-6.412893227558669e-08,-6.412893227558669e-08
0.34500000000000003,2.844323626349827,-0.009665487749905242,2,0.55,0.55,right,0.5403345122500948,-0.013909204810565604,0.004243717060660361,0.34500000000000003,2.8443241494890708,-0.009665573420531847,2,0.55,0.55,right,0.5403344265794682,-0.01342391003433726,0.003758336613805412,0.0,-0.00048529477622834445,0.0004853804468549494,8.567062659281532e-08,0.0,0.00048529477622834445,-0.0004853804468549494,-8.567062659281532e-08,-8.567062659281532e-08
0.35000000000000003,2.8718414038637055,-0.007980734084329038,2,0.55,0.55,right,0.542019265915671,-0.012188233606960482,0.004207499522631443,0.35000000000000003,2.8718418047272403,-0.007980842237622406,2,0.55,0.55,right,0.5420191577623776,-0.011682091792191991,0.003701249554569585,0.0,-0.0005061418147684904,0.0005062499680618584,1.0815329332114487e-07,0.0,0.0005061418147684904,-0.0005062499680618584,-1.0815329332114487e-07,-1.0815329332114487e-07
0.35500000000000004,2.8993860865587924,-0.0063481945973623026,2,0.55,0.55,right,0.5436518054026377,-0.010467262403355356,0.004119067805993053,0.35500000000000004,2.899386352649175,-0.006348326066102718,2,0.55,0.55,right,0.5436516739338974,-0.009940273550046721,0.0035919474839440028,0.0,-0.0005269888533086346,0.0005271203220490505,1.314687403386472e-07,0.0,0.0005269888533086346,-0.0005271203220490505,-1.314687403386472e-07,-1.314687403386472e-07
0.36,2.9269577393853283,-0.0047732628630321045,3,0.55,0.55,right,0.5452267371369679,-0.005065907083497141,0.00029264422046503674,0.36,2.92695785863421,-0.004773418375111902,3,0.55,0.55,right,0.5452265816248881,-0.004944334122465031,0.00017091574735312882,0.0,-0.00012157296103211014,0.00012172847311190792,1.5551207976916004e-07,0.0,0.00012157296103211014,-0.00012172847311190792,-1.5551207976916004e-07,-1.5551207976916004e-07
0.365,2.954556361591192,-0.003261289929425944,3,0.55,0.55,right,0.5467387100705741,-0.003979683447760465,0.0007183935183345215,0.365,2.954556322360443,-0.0032614701126770307,3,0.55,0.55,right,0.546738529887323,-0.0038445176026842913,0.0005830474900072606,0.0,-0.000135165845076174,0.00013534602832726084,1.8018325109725453e-07,0.0,0.000135165845076174,-0.00013534602832726084,-1.8018325109725453e-07,-1.8018325109725453e-07
0.37,2.982181734468355,-0.0018150704255950076,3,0.55,0.55,right,0.548184929574405,-0.0028934598120237904,0.0010783893864287828,0.37,2.9821815251121926,-0.0018152758142097015,3,0.55,0.55,right,0.5481847241857903,-0.0027447010829035516,0.0009294252686938502,0.0,-0.00014875872912023871,0.0001489641177349326,2.053886146713424e-07,0.0,0.00014875872912023871,-0.0001489641177349326,-2.053886146713424e-07,-2.053886146713424e-07
0.375,3.009833601816533,-0.0004374820839845655,3,0.55,0.55,right,0.5495625179160155,-0.001807236176287115,0.0013697540923025494,0.375,3.0098332106824692,-0.00043771312323018924,3,0.55,0.55,right,0.5495622868767699,-0.0016448845631228124,0.0012071714398926231,0.0,-0.00016235161316430257,0.0001625826524099263,2.3103924562395406e-07,0.0,0.00016235161316430257,-0.0001625826524099263,-2.3103924562395406e-07,-2.3103924562395406e-07
0.38,3.037510643048004,0.0008710462654526799,3,0.55,0.55,left,0.5491289537345474,-0.0007210125405504391,0.001592058806003119,0.38,3.0375100636697536,0.0008707895409134478,3,0.55,0.55,left,0.5491292104590866,-0.0005450680433420718,0.0014158575842555196,0.0,-0.0001759444972083673,0.0001762012217475994,2.5672453918268445e-07,0.0,0.0001759444972083673,-0.0001762012217475994,-2.5672453918268445e-07,2.5672453918268445e-07
0.385,3.0652115252256884,0.002109950447500271,3,0.55,0.55,left,0.5478900495524998,0.0003652110951862359,0.001744739352314035,0.385,3.0652107563283315,0.0021096683488169964,3,0.55,0.55,left,0.5478903316511831,0.000554748476438667,0.0015549198723783294,0.0,-0.00018953738125243114,0.00018981947993570569,2.8209868330186794e-07,0.0,0.00018953738125243114,-0.00018981947993570569,-2.8209868330186794e-07,2.8209868330186794e-07
0.39,3.092935908718579,0.003276136848468141,3,0.55,0.55,left,0.5467238631515319,0.0014514347309229113,0.0018247021175452297,0.39,3.092934949028712,0.0032758296782434055,3,0.55,0.55,left,0.5467241703217567,0.0016545649962194072,0.0016212646820239983,0.0,-0.00020313026529649586,0.00020343743552123138,3.07170224811415e-07,0.0,0.00020313026529649586,-0.00020343743552123138,-3.07170224811415e-07,3.07170224811415e-07
0.395,3.12068340804786,0.004366565777462763,3,0.55,0.55,left,0.5456334342225373,0.0025376583666595867,0.001828907410803176,0.395,3.12068225629346,0.004366233833564852,3,0.55,0.55,left,0.5456337661664352,0.0027543815160001464,0.0016118523175647059,0.0,-0.0002167231493405597,0.00021705509323847018,3.319438979243472e-07,0.0,0.0002167231493405597,-0.00021705509323847018,-3.319438979243472e-07,3.319438979243472e-07
0.4,3.1484535168883325,0.005380819993262684,3,0.55,0.55,left,0.5446191800067374,0.003623882002396263,0.0017569379908664211,0.4,3.148452172059142,0.0053804635834422705,3,0.55,0.55,left,0.5446195364165578,0.0038541980357808875,0.001526265547661383,0.0,-0.00023031603338462443,0.00023067244320503812,3.564098204345001e-07,0.0,0.00023031603338462443,-0.00023067244320503812,-3.564098204345001e-07,3.564098204345001e-07
0.405,3.1762457149922776,0.006318438535826946,3,0.55,0.55,left,0.5436815614641731,0.004710105638132938,0.0016083328976940082,0.405,3.1762441763399245,0.0063180579769766786,3,0.55,0.55,left,0.5436819420230233,0.004954014555561627,0.0013640434214150518,0.0,-0.00024390891742868872,0.00024428947627895634,3.805588502103774e-07,0.0,0.00024390891742868872,-0.00024428947627895634,-3.805588502103774e-07,3.805588502103774e-07
0.41000000000000003,3.2040595310852877,0.00717646684333045,3,0.55,0.55,left,0.5428235331566696,0.005796329273869613,0.001380137569460837,0.41000000000000003,3.204057797863009,0.007176062451466544,3,0.55,0.55,left,0.5428239375485335,0.006053831075342365,0.0011222313761241791,0.0,-0.00025750180147275214,0.0002579061933366579,4.0439186388407933e-07,0.0,0.00025750180147275214,-0.0002579061933366579,-4.0439186388407933e-07,4.0439186388407933e-07
0.41500000000000004,3.23189445508143,0.007952087915215804,3,0.55,0.55,left,0.5420479120847842,0.00688255290960629,0.0010695350056095145,0.41500000000000004,3.231892526544242,0.007951660008287443,3,0.55,0.55,left,0.5420483399917126,0.007153647595123104,0.0007980124131643385,0.0,-0.0002710946855168147,0.000271522592445176,4.2790692844629774e-07,0.0,0.0002710946855168147,-0.000271522592445176,-4.2790692844629774e-07,4.2790692844629774e-07
0.42,3.259749958036863,0.008645167424523655,3,0.55,0.55,left,0.5413548325754763,0.007968776545342953,0.0006763908791807011,0.42,3.2597478336230328,0.008644716327225528,3,0.55,0.55,left,0.5413552836727745,0.008253464114903833,0.00039125221232169487,0.0,-0.00028468756956087984,0.00028513866685900627,4.51097298181935e-07,0.0,0.00028468756956087984,-0.00028513866685900627,-4.51097298181935e-07,4.51097298181935e-07
0.425,3.28762550493451,0.009255586597724472,3,0.55,0.55,left,0.5407444134022755,0.009055000181079628,0.0002005864166448445,0.425,3.2876231842657426,0.009255112641124469,3,0.55,0.55,left,0.5407448873588756,0.009353280634684573,-9.816799356010368e-05,0.0,-0.000298280453604945,0.00029875441020494817,4.7395660007776286e-07,0.0,0.000298280453604945,-0.00029875441020494817,-4.7395660007776286e-07,4.7395660007776286e-07
0.43,3.3155205293977517,0.009780796411379071,3,0.55,0.55,left,0.540219203588621,0.010141223816816302,-0.00036042740543723063,0.43,3.315518012098216,0.009780299931400541,3,0.55,0.55,left,0.5402197000685995,0.010453097154465312,-0.0006727972230647708,0.0,-0.00031187333764901015,0.00031236981762754017,4.964799785733831e-07,0.0,0.00031187333764901015,-0.00031236981762754017,-4.964799785733831e-07,4.964799785733831e-07
0.435,3.3434344416099777,0.010218429736199406,3,0.55,0.55,left,0.5397815702638007,0.011227447452552981,-0.0010090177163535746,0.435,3.343431727306642,0.010217911075485081,3,0.55,0.55,left,0.539782088924515,0.011552913674246053,-0.0013350025987609714,0.0,-0.00032546622169307184,0.0003259848824073968,5.186607142659838e-07,0.0,0.00032546622169307184,-0.0003259848824073968,-5.186607142659838e-07,5.186607142659838e-07
0.44,3.371366727028993,0.010568824212463886,3,0.55,0.55,left,0.5394311757875362,0.012313671088289655,-0.001744846875825769,0.44,3.371363815528135,0.010568283718655983,3,0.55,0.55,left,0.539431716281344,0.012652730194026792,-0.002084446475370809,0.0,-0.000339059105737137,0.0003395995995450398,5.404938078212851e-07,0.0,0.000339059105737137,-0.0003395995995450398,-5.404938078212851e-07,5.404938078212851e-07
0.445,3.39931687724081,0.010832363351278188,3,0.55,0.55,left,0.5391676366487218,0.013399894724026331,-0.0025675313727481427,0.445,3.3993137685282098,0.01083180137638539,3,0.55,0.55,left,0.5391681986236146,0.013752546713807531,-0.002920745337422141,0.0,-0.0003526519897812004,0.00035321396467399846,5.619748928431534e-07,0.0,0.0003526519897812004,-0.00035321396467399846,-5.619748928431534e-07,5.619748928431534e-07
0.45,3.427284290042917,0.011007039666385813,3,0.55,0.55,left,0.5389929603336142,0.014486118359763007,-0.0034790786933771942,0.45,3.4272809841079823,0.011006456570460715,3,0.55,0.55,left,0.5389935434295393,0.01485236323358827,-0.003845906663127556,0.0,-0.00036624487382526383,0.00036682796975036173,5.830959250996415e-07,0.0,0.00036624487382526383,-0.00036682796975036173,-5.830959250996415e-07,5.830959250996415e-07
0.455,3.455268357734489,0.01109104701011668,3,0.55,0.55,left,0.5389089529898834,0.015572341995499681,-0.004481294985383001,0.455,3.4552648545706175,0.011090443162455147,3,0.55,0.55,left,0.5389095568375449,0.015952179753369013,-0.004861736590913867,0.0,-0.00037983775786933245,0.0003804416055308655,6.038476615399802e-07,0.0,0.00037983775786933245,-0.0003804416055308655,-6.038476615399802e-07,6.038476615399802e-07
0.46,3.4832686357655396,0.011085287944515942,4,0.55,0.55,left,0.5389147120554841,0.011349502403065589,-0.00026421445854964663,0.46,3.4832649355425014,0.01108466371648322,4,0.55,0.55,left,0.5389153362835168,0.01121884050303776,-0.00013417678655454,0.0,0.00013066190002782897,-0.00013003767199510664,6.242280327084515e-07,0.0,-0.00013066190002782897,0.00013003767199510664,-6.242280327084515e-07,6.242280327084515e-07
0.465,3.5112846982016883,0.010990724072706006,4,0.55,0.55,left,0.5390092759272941,0.011035487651259042,-4.476357855303509e-05,0.465,3.511280801265757,0.010990079837049489,4,0.55,0.55,left,0.5390099201629506,0.010884289451911935,0.0001057903851375535,0.0,0.0001511981993471065,-0.00015055396369058859,6.442356564884122e-07,0.0,-0.0001511981993471065,0.00015055396369058859,-6.442356564884122e-07,6.442356564884122e-07
0.47000000000000003,3.5393159702335955,0.010805946164508426,4,0.55,0.55,left,0.5391940538354916,0.010721472899452494,8.44732650559319e-05,0.47000000000000003,3.539311876935753,0.010805282303650725,4,0.55,0.55,left,0.5391947176963493,0.01054973840078611,0.0002555439028646151,0.0,0.000171734498666384,-0.0001710706378086832,6.638608577302918e-07,0.0,-0.000171734498666384,0.0001710706378086832,-6.638608577302918e-07,6.638608577302918e-07
0.47500000000000003,3.5673618885553764,0.010529751763751245,4,0.55,0.55,left,0.5394702482362488,0.010407458147645947,0.00012229361610529774,0.47500000000000003,3.567357599251626,0.0105290686705605,4,0.55,0.55,left,0.5394709313294396,0.010215187349660286,0.0003138813209002146,0.0,0.00019227079798566152,-0.00019158770479491688,6.830931907897408e-07,0.0,-0.00019227079798566152,0.00019158770479491688,-6.830931907897408e-07,6.830931907897408e-07
0.48,3.5954205108138924,0.010163775487678642,4,0.55,0.55,left,0.5398362245123214,0.010093443395839405,7.033209183923694e-05,0.48,3.595416014165309,0.010163074497277118,4,0.55,0.55,left,0.5398369255027229,0.009880636298534466,0.000282438198742652,0.0,0.00021280709730493903,-0.00021210610690341504,7.009904015031765e-07,0.0,-0.00021280709730493903,0.00021210610690341504,-7.009904015031765e-07,7.009904015031765e-07
0.485,3.6234899241549607,0.009709718557860023,4,0.55,0.55,left,0.54029028144214,0.009779428644032856,-6.971008617283336e-05,0.485,3.623485197130304,0.009709001972159887,4,0.55,0.55,left,0.5402909980278402,0.009546085247408643,0.0001629167247512442,0.0,0.00023334339662421308,-0.00023262681092407755,7.165857002222609e-07,0.0,-0.00023334339662421308,0.00023262681092407755,-7.165857002222609e-07,7.165857002222609e-07
0.49,3.6515696377507614,0.00916678696162539,4,0.55,0.55,left,0.5408332130383746,0.00946541389222631,-0.00029862693060092073,0.49,3.6515646573255243,0.009166057114834206,4,0.55,0.55,left,0.5408339428851658,0.009211534196282817,-4.5477081448610374e-05,0.0,0.00025387969594349406,-0.00025314984915231036,7.298467912253415e-07,0.0,-0.00025387969594349406,0.00025314984915231036,-7.298467912253415e-07,7.298467912253415e-07
0.495,3.6796591860747356,0.00853438942133346,4,0.55,0.55,left,0.5414656105786666,0.009151399140419764,-0.0006170097190863044,0.495,3.679653929227839,0.008533648660916318,4,0.55,0.55,left,0.5414663513390837,0.008876983145156992,-0.0003433344842406743,0.0,0.0002744159952627716,-0.00027367523484563006,7.407604171172366e-07,0.0,-0.0002744159952627716,0.00027367523484563006,-7.407604171172366e-07,7.407604171172366e-07
0.5,3.7077583977446547,0.007814655998385765,4,0.55,0.55,left,0.5421853440016143,0.008837384388613215,-0.0010227283902274498,0.5,3.7077528416256507,0.007813906720082657,4,0.55,0.55,left,0.5421860932799174,0.008542432094031169,-0.0007285253739485117,0.0,0.0002949522945820456,-0.0002942030162789381,7.492783030693673e-07,0.0,-0.0002949522945820456,0.0002942030162789381,-7.492783030693673e-07,7.492783030693673e-07
0.505,3.7358671375569363,0.007009776461313814,4,0.55,0.55,left,0.5429902235386862,0.00852336963680667,-0.0015135931754928552,0.505,3.7358612594822893,0.00700902108273988,4,0.55,0.55,left,0.5429909789172601,0.008207881042905343,-0.0011988599601654628,0.0,0.0003154885939013266,-0.0003147332153273924,7.5537857391339e-07,0.0,-0.0003154885939013266,0.0003147332153273924,-7.5537857391339e-07,7.5537857391339e-07
0.51,3.7639850409821984,0.006119552234945983,4,0.55,0.55,left,0.5438804477650541,0.008209354885000122,-0.002089802650054139,0.51,3.7639788182612874,0.006118793124548237,4,0.55,0.55,left,0.5438812068754518,0.00787332999177952,-0.0017545368672312826,0.0,0.0003360248932206024,-0.0003352657828228564,7.591103977633296e-07,0.0,-0.0003360248932206024,0.0003352657828228564,-7.591103977633296e-07,7.591103977633296e-07
0.515,3.7921117795990336,0.005143984500878979,4,0.55,0.55,left,0.5448560154991211,0.007895340133193575,-0.002751355632314596,0.515,3.7921051895309965,0.005143223965969371,4,0.55,0.55,left,0.5448567760340307,0.007538778940653695,-0.002395554974684324,0.0,0.0003565611925398799,-0.00035580065763027215,7.605349096051484e-07,0.0,-0.0003565611925398799,0.00035580065763027215,-7.605349096051484e-07,7.605349096051484e-07
0.52,3.8202473883442667,0.004085808104716052,4,0.55,0.55,left,0.545914191895284,0.007581325381387029,-0.003495517276670977,0.52,3.8202404085619333,0.004085048407937311,4,0.55,0.55,left,0.5459149515920627,0.007204227889527871,-0.0031191794815905605,0.0,0.0003770974918591574,-0.00037633779508041646,7.596967787071307e-07,0.0,-0.0003770974918591574,0.00037633779508041646,-7.596967787071307e-07,7.596967787071307e-07
0.525,3.8483919424130635,0.00294781662609563,4,0.55,0.55,left,0.5470521833739044,0.0072673106295804805,-0.0043194940034848505,0.525,3.8483845508795524,0.0029470599642930154,4,0.55,0.55,left,0.547052940035707,0.006869676838402047,-0.003922616874109032,0.0,0.0003976337911784332,-0.00039687712937581856,7.566618026588756e-07,0.0,-0.0003976337911784332,0.00039687712937581856,-7.566618026588756e-07,7.566618026588756e-07
0.53,3.876545233932995,0.0017303972936973514,4,0.55,0.55,left,0.5482696027063027,0.006953295877773933,-0.005222898584076582,0.53,3.8765374085919078,0.0017296457570113199,4,0.55,0.55,left,0.5482703542429888,0.006535125787276223,-0.0048054800302649026,0.0,0.0004181700904977107,-0.0004174185538116798,7.515366861055028e-07,0.0,-0.0004181700904977107,0.0004174185538116798,-7.515366861055028e-07,7.515366861055028e-07
0.535,3.904707098201459,0.0004341333326563048,4,0.55,0.55,left,0.5495658666673437,0.006639281125967387,-0.006205147793311082,0.535,3.9046988169745305,0.00043338889757978897,4,0.55,0.55,left,0.5495666111024202,0.006200574736150398,-0.005767185838570609,0.0,0.0004387063898169891,-0.00043796195474047304,7.444350764718166e-07,0.0,-0.0004387063898169891,0.00043796195474047304,-7.444350764718166e-07,7.444350764718166e-07
0.54,3.932877763264715,-0.0009376345929793305,4,0.55,0.55,right,0.5490623654070207,0.006325266374160839,-0.007262900967140169,0.54,3.932869004395009,-0.0009383700505132932,4,0.55,0.55,right,0.5490616299494867,0.005866023685024573,-0.0068043937355378665,0.0,0.00045924268913626574,-0.0004585072316023028,7.354575339846292e-07,0.0,-0.00045924268913626574,0.0004585072316023028,-7.354575339846292e-07,-7.354575339846292e-07
0.545,3.961057497808774,-0.002381508986897426,4,0.55,0.55,right,0.5476184910131027,0.006011251622354293,-0.008392760609251718,0.545,3.9610482398581293,-0.0023822337084000045,4,0.55,0.55,right,0.5476177662916001,0.005531472633898749,-0.007913706342298755,0.0,0.00047977898845554326,-0.0004790542669529628,7.247215025873999e-07,0.0,-0.00047977898845554326,0.0004790542669529628,-7.247215025873999e-07,-7.247215025873999e-07
0.55,3.9892462658760897,-0.0038965291315853426,4,0.55,0.55,right,0.5461034708684147,0.005697236870547746,-0.009593766002133089,0.55,3.989236487377947,-0.0038972415051576233,4,0.55,0.55,right,0.5461027584948425,0.005196921582772925,-0.009094163087930547,0.0,0.0005003152877748216,-0.0004996029142025418,7.123735722425195e-07,0.0,-0.0005003152877748216,0.0004996029142025418,-7.123735722425195e-07,-7.123735722425195e-07
0.555,4.01744407776142,-0.0054815421754986545,4,0.55,0.55,right,0.5445184578245014,0.005383222118741199,-0.010864764294239854,0.555,4.017433757219592,-0.005482240739314502,4,0.55,0.55,right,0.5445177592606856,0.004862370531647101,-0.010344611270961604,0.0,0.0005208515870940983,-0.0005201530232782497,6.985638157930296e-07,0.0,-0.0005208515870940983,0.0005201530232782497,-6.985638157930296e-07,-6.985638157930296e-07
0.56,4.045651350150554,-0.007132607466813586,5,0.55,0.55,right,0.5428673925331865,-0.0068665717154043,-0.0002660357514092859,0.56,4.04564046637926,-0.007133290899158454,5,0.55,0.55,right,0.5428667091008416,-0.0069978376782277195,-0.00013545322093073443,0.0,0.00013126596282341928,-0.00013058253047855146,6.834323449389501e-07,0.0,-0.00013126596282341928,0.00013058253047855146,-6.834323449389501e-07,-6.834323449389501e-07
0.5650000000000001,4.073868536800279,-0.008845730459893703,5,0.55,0.55,right,0.5411542695401064,-0.008509585603013244,-0.000336144856880459,0.5650000000000001,4.073857068922665,-0.008846397592801088,5,0.55,0.55,right,0.541153602407199,-0.008669469872031143,-0.0001769277207699458,0.0,0.000159884269017899,-0.00015921713611051318,6.67132907361534e-07,0.0,-0.000159884269017899,0.00015921713611051318,-6.67132907361534e-07,-6.67132907361534e-07
0.5700000000000001,4.102095772897708,-0.010619391187993424,5,0.55,0.55,right,0.5393806088120067,-0.010152599490622187,-0.00046679169737123653,0.5700000000000001,4.1020837000041865,-0.010620041027242493,5,0.55,0.55,right,0.5393799589727576,-0.010341102065834565,-0.00027893896140792837,0.0,0.00018850257521237784,-0.00018785273596330816,6.498392490783544e-07,0.0,-0.00018850257521237784,0.00018785273596330816,-6.498392490783544e-07,-6.498392490783544e-07
0.5750000000000001,4.130333238792725,-0.012451881792957689,5,0.55,0.55,right,0.5375481182070424,-0.01179561337823113,-0.0006562684147265584,0.5750000000000001,4.130320539940988,-0.012452513519074296,5,0.55,0.55,right,0.5375474864809258,-0.012012734259637987,-0.00043977925943630876,0.0,0.0002171208814068567,-0.00021648915529024967,6.317261166399746e-07,0.0,-0.0002171208814068567,0.00021648915529024967,-6.317261166399746e-07,-6.317261166399746e-07
0.58,4.158579656532556,-0.014338407208755422,5,0.55,0.55,right,0.5356615927912446,-0.013438627265840039,-0.0008997799429153828,0.58,4.15856628044656,-0.014339015756403126,5,0.55,0.55,right,0.5356609842435969,-0.013684366453441375,-0.0006546493029617514,0.0,0.00024573918760133553,-0.0002451306399536314,6.085476477180052e-07,0.0,-0.00024573918760133553,0.0002451306399536314,-6.085476477180052e-07,-6.085476477180052e-07
0.585,4.186833776224569,-0.01627413289932552,5,0.55,0.55,right,0.5337258671006745,-0.015081641153448979,-0.0011924917458765415,0.585,4.186819641272626,-0.01627470912969108,5,0.55,0.55,right,0.533725290870309,-0.015355998647244795,-0.000918710482446284,0.0,0.0002743574937958161,-0.0002737812634302575,5.762303655343359e-07,0.0,-0.0002743574937958161,0.0002737812634302575,-5.762303655343359e-07,-5.762303655343359e-07
0.59,4.215095884345435,-0.01825701443183505,5,0.55,0.55,right,0.531742985568165,-0.016724655041057922,-0.0015323593907771264,0.59,4.215080908825263,-0.01825754966798017,5,0.55,0.55,right,0.5317424503320198,-0.01702763084104822,-0.00122991882693195,0.0,0.0003029757999902967,-0.00030244056384517645,5.352361451826937e-07,0.0,-0.0003029757999902967,0.00030244056384517645,-5.352361451826937e-07,-5.352361451826937e-07
0.595,4.243366306697531,-0.02028482706978642,5,0.55,0.55,right,0.5297151729302136,-0.018367668928666866,-0.0019171581411195557,0.595,4.2433504088304135,-0.020285313130017964,5,0.55,0.55,right,0.5297146868699821,-0.01869926303485164,-0.0015860500951663248,0.0,0.0003315941061847738,-0.0003311080459532309,4.860602315082119e-07,0.0,-0.0003315941061847738,0.0003311080459532309,-4.860602315082119e-07,-4.860602315082119e-07
0.6,4.271645751640778,-0.02235249054359329,5,0.55,0.55,right,0.5276475094564067,-0.02001068281627581,-0.002341807727317482,0.6,4.2716288498097414,-0.022352919567165376,5,0.55,0.55,right,0.5276470804328347,-0.020370895228655064,-0.0019820243385103124,0.0,0.0003602124123792544,-0.0003597833888071694,4.290235720016966e-07,0.0,-0.0003602124123792544,0.0003597833888071694,-4.290235720016966e-07,-4.290235720016966e-07
0.605,4.299934944576828,-0.024454885627629847,5,0.55,0.55,right,0.5255451143723702,-0.02165369670388475,-0.0028011889237450974,0.605,4.299916957319434,-0.024455250137187124,5,0.55,0.55,right,0.525544749862813,-0.022042527422458484,-0.00241272271472864,0.0,0.00038883071857373497,-0.0003884662090164574,3.6450955720468414e-07,0.0,-0.00038883071857373497,0.0003884662090164574,-3.6450955720468414e-07,-3.6450955720468414e-07
0.61,4.32823428943765,-0.026589462229479534,5,0.55,0.55,right,0.5234105377705205,-0.023296710591493696,-0.0032927516379858378,0.61,4.3282151351998595,-0.026589755370891116,5,0.55,0.55,right,0.5234102446291089,-0.023714159616261908,-0.002875595754629208,0.0,0.0004174490247682121,-0.0004171558833566298,2.931414115892039e-07,0.0,-0.0004174490247682121,0.0004171558833566298,-2.931414115892039e-07,-2.931414115892039e-07
0.615,4.356544220034034,-0.02875349675312764,5,0.55,0.55,right,0.5212465032468724,-0.02493972447910264,-0.0038137722740250006,0.615,4.356523817170089,-0.028753712309151185,5,0.55,0.55,right,0.5212462876908489,-0.025385791810065332,-0.0033679204990858524,0.0,0.00044606733096269266,-0.00044585177493914815,2.1555602347511638e-07,0.0,-0.00044606733096269266,0.00044585177493914815,-2.1555602347511638e-07,-2.1555602347511638e-07
0.62,4.384865549462574,-0.030941401055949478,5,0.55,0.55,right,0.5190585989440506,-0.02658273836671158,-0.004358662689237899,0.62,4.384843816936838,-0.030941533318097156,5,0.55,0.55,right,0.5190584666819029,-0.027057424003868753,-0.003884109314228404,0.0,0.00047468563715717324,-0.00047455337500949477,1.3226214767847466e-07,0.0,-0.00047468563715717324,0.00047455337500949477,-1.3226214767847466e-07,-1.3226214767847466e-07
0.625,4.4131990924028015,-0.033147557267003504,5,0.55,0.55,right,0.5168524427329966,-0.028225752254320523,-0.004921805012682981,0.625,4.413175949788107,-0.03314760107867079,5,0.55,0.55,right,0.5168523989213293,-0.028729056197672177,-0.004418544880998614,0.0,0.0005033039433516538,-0.0005032601316843667,4.3811667294058054e-08,0.0,-0.0005033039433516538,0.0005032601316843667,-4.3811667294058054e-08,-4.3811667294058054e-08
0.63,4.44154532027063,-0.03536894323347283,5,0.55,0.55,right,0.5146310567665272,-0.029868766141929466,-0.005500177091543365,0.63,4.441520687049222,-0.03536889414846532,5,0.55,0.55,right,0.5146311058515347,-0.030400688391475597,-0.004968205756989724,0.0,0.0005319222495461309,-0.0005319713345536409,-4.908500750300249e-08,0.0,-0.0005319222495461309,0.0005319713345536409,4.908500750300249e-08,4.908500750300249e-08
0.635,4.4699047208249825,-0.037602373815802136,5,0.55,0.55,right,0.5123976261841979,-0.03151178002953841,-0.006090593786263726,0.635,4.469878516393183,-0.03760222809762608,5,0.55,0.55,right,0.512397771902374,-0.03207232058527902,-0.005529907512347061,0.0,0.0005605405557406115,-0.0005606862739166649,-1.4571817608111104e-07,0.0,-0.0005605405557406115,0.0005606862739166649,1.4571817608111104e-07,1.4571817608111104e-07
0.64,4.498278115676375,-0.03984180874518447,5,0.55,0.55,right,0.5101581912548155,-0.03315479391714736,-0.006687014828037109,0.64,4.498250260047715,-0.039841563219094885,5,0.55,0.55,right,0.5101584367809051,-0.033743952779082445,-0.0060976104400124395,0.0,0.0005891588619350852,-0.0005894043880246697,-2.455260895706246e-07,0.0,-0.0005891588619350852,0.0005894043880246697,2.455260895706246e-07,2.455260895706246e-07
0.645,4.5266663092427235,-0.04208119113656561,5,0.55,0.55,right,0.5079188088634344,-0.0347978078047563,-0.007283383331809307,0.645,4.526636723050186,-0.04208084322056787,5,0.55,0.55,right,0.5079191567794322,-0.03541558497288587,-0.006665258247682,0.0,0.0006177771681295657,-0.0006181250841273064,-3.4791599778927207e-07,0.0,-0.0006177771681295657,0.0006181250841273064,3.4791599778927207e-07,3.4791599778927207e-07
0.65,4.555069775655242,-0.044317076071950484,5,0.55,0.55,right,0.5056829239280496,-0.03644082169236524,-0.007876254379585244,0.65,4.555038379458891,-0.044316623931611336,5,0.55,0.55,right,0.5056833760683888,-0.03708721716668929,-0.007229406764922043,0.0,0.0006463954743240533,-0.0006468476146632013,-4.5214033916884944e-07,0.0,-0.0006463954743240533,0.0006468476146632013,4.5214033916884944e-07,4.5214033916884944e-07
0.655,4.583488988379376,-0.046545870490055034,5,0.55,0.55,right,0.5034541295099451,-0.03808383557997418,-0.008462034910080851,0.655,4.583455702674227,-0.04654531302879511,5,0.55,0.55,right,0.5034546869712049,-0.03875884936049271,-0.0077864636683024,0.0,0.0006750137805185269,-0.0006755712417784512,-5.574612598202577e-07,0.0,-0.0006750137805185269,0.0006755712417784512,5.574612598202577e-07,5.574612598202577e-07
0.6599999999999999,4.611924696426529,-0.04876116513059006,6,0.55,0.55,right,0.50123883486941,-0.04848372990449757,-0.00027743522609249144,0.6599999999999999,4.611889442336339,-0.04876050181872485,6,0.55,0.55,right,0.5012394981812752,-0.048619400020798655,-0.00014110179792619498,0.0,0.00013567011630108428,-0.00013633342816629646,-6.633118652121794e-07,0.0,-0.00013567011630108428,0.00013633342816629646,6.633118652121794e-07,6.633118652121794e-07
0.6649999999999999,4.640377610600165,-0.05095655067001919,6,0.55,0.55,right,0.49904344932998085,-0.050166917376772265,-0.0007896332932469247,0.6649999999999999,4.6403403098819185,-0.05095578156861851,6,0.55,0.55,right,0.4990442184313815,-0.05032431814573851,-0.0006314634228800006,0.0,0.00015740076896624683,-0.00015816987036692404,-7.691014006772079e-07,0.0,-0.00015740076896624683,0.00015816987036692404,7.691014006772079e-07,7.691014006772079e-07
0.6699999999999999,4.6688481316561665,-0.05312822482980399,6,0.55,0.55,right,0.49687177517019604,-0.051850104849046966,-0.0012781199807570254,0.6699999999999999,4.668808706021758,-0.05312735075512211,6,0.55,0.55,right,0.49687264924487795,-0.052029236270678375,-0.0010981144844437324,0.0,0.00017913142163140938,-0.000180005496313293,-8.74074681855852e-07,0.0,-0.00017913142163140938,0.000180005496313293,8.740746819113632e-07,8.740746819113632e-07
0.6749999999999999,4.697336640230389,-0.05527225635851215,6,0.55,0.55,right,0.4947277436414879,-0.05353329232132167,-0.0017389640371904824,0.6749999999999999,4.697295011356084,-0.0552712788680915,6,0.55,0.55,right,0.4947287211319085,-0.05373415439561824,-0.0015371244724732627,0.0,0.00020086207429657194,-0.0002018395647172197,-9.77490420717153e-07,0.0,-0.00020086207429657194,0.0002018395647172197,9.774904206061308e-07,9.774904206061308e-07
0.6799999999999999,4.725843328913812,-0.05738192766952918,6,0.55,0.55,right,0.49261807233047084,-0.05521647979359637,-0.0021654478759328133,0.6799999999999999,4.725799436967033,-0.057380850841398795,6,0.55,0.55,right,0.4926191491586013,-0.0554390725205581,-0.0019417783208406925,0.0,0.0002225927269617345,-0.00022366955509212083,-1.0768281304418537e-06,0.0,-0.0002225927269617345,0.00022366955509212083,1.0768281304418537e-06,1.0768281304418537e-06
0.6849999999999999,4.754368329698215,-0.05945054430153004,6,0.55,0.55,right,0.49054945569847,-0.05689966726587106,-0.0025508770356589758,0.6849999999999999,4.754322133367077,-0.05944937457204933,6,0.55,0.55,right,0.4905506254279507,-0.057143990645497966,-0.0023053839265513645,0.0,0.000244323379626904,-0.00024549310910761124,-1.1697294807211378e-06,0.0,-0.000244323379626904,0.00024549310910761124,1.1697294806656267e-06,1.1697294806656267e-06
0.69,4.782911886690969,-0.06147403228529695,6,0.55,0.55,right,0.4885259677147031,-0.05858285473814577,-0.0028911775471511802,0.69,4.78286334468592,-0.06147277657578937,6,0.55,0.55,right,0.4885272234242107,-0.058848908770437816,-0.0026238678053515513,0.0,0.0002660540322920457,-0.00026730974179962896,-1.2557095074861024e-06,0.0,-0.0002660540322920457,0.00026730974179962896,1.2557095075971247e-06,1.2557095075971247e-06
0.695,4.811474203334278,-0.06344821136780636,6,0.55,0.55,right,0.48655178863219367,-0.060266042210420465,-0.0031821691573858946,0.695,4.81142327439686,-0.06344687708130305,6,0.55,0.55,right,0.486553122918697,-0.06055382689537769,-0.0028930501859253596,0.0,0.00028778468495722215,-0.00028911897146053495,-1.3342865032850426e-06,0.0,-0.00028778468495722215,0.00028911897146053495,1.3342865033405538e-06,1.3342865033405538e-06
0.7,4.840055569791738,-0.06536626292584063,6,0.55,0.55,right,0.4846337370741594,-0.06194922968269516,-0.003417033243145476,0.7,4.840002213895151,-0.06536485788951246,6,0.55,0.55,right,0.4846351421104876,-0.062258745020317544,-0.0031061128691949186,0.0,0.0003095153376223847,-0.00031092037395055727,-1.4050363281725708e-06,0.0,-0.0003095153376223847,0.00031092037395055727,1.4050363281725708e-06,1.4050363281725708e-06
0.705,4.868656194931512,-0.06722140848127652,6,0.55,0.55,right,0.48277859151872354,-0.06363241715496985,-0.003588991326306662,0.705,4.86860037328799,-0.06721994095798817,6,0.55,0.55,right,0.4827800590420119,-0.06396366314525741,-0.0032562778127307596,0.0,0.0003312459902875542,-0.0003327135135759024,-1.4675232884453493e-06,0.0,-0.0003312459902875542,0.0003327135135759024,1.467523288334327e-06,1.467523288334327e-06
0.71,4.897276083803872,-0.0690093872905134,6,0.55,0.55,right,0.4809906127094866,-0.06531560462724456,-0.0036937826632688353,0.71,4.897217757681505,-0.06900786603794751,6,0.55,0.55,right,0.48099213396205254,-0.06566858127019727,-0.0033392847677502363,0.0,0.0003529766429527098,-0.000354497895518599,-1.521252565916953e-06,0.0,-0.0003529766429527098,0.000354497895518599,1.521252565916953e-06,1.521252565916953e-06
0.715,4.925915180552808,-0.07072585804564081,6,0.55,0.55,right,0.47927414195435925,-0.06699879209951926,-0.0037270659461215577,0.715,4.925854311285031,-0.0707242923140933,6,0.55,0.55,right,0.47927570768590677,-0.06737349939513712,-0.0033507929189561803,0.0,0.0003747072956178654,-0.00037627302716537747,-1.5657315475259281e-06,0.0,-0.0003747072956178654,0.00037627302716537747,1.5657315475259281e-06,1.5657315475259281e-06
0.72,4.954573347703663,-0.0723662175130551,6,0.55,0.55,right,0.47763378248694494,-0.06868197957179395,-0.0036842379412611453,0.72,4.95450986633809,-0.07236530277870756,6,0.55,0.55,right,0.4776346972212925,-0.06907841752007698,-0.0032868852586305786,0.0,0.0003964379482830349,-0.0003973526826305668,-9.147343474902314e-07,0.0,-0.0003964379482830349,0.0003973526826305668,9.147343475457426e-07,9.147343475457426e-07
0.725,4.98325037520119,-0.0739258345479218,6,0.55,0.55,right,0.47607416545207826,-0.07036516704406864,-0.003560667503853157,0.725,4.9831841910188714,-0.07392692431505245,6,0.55,0.55,right,0.4760730756849476,-0.07078333564501685,-0.003143588670035599,0.0,0.0004181686009482044,-0.00041707883381755795,1.0897671306464574e-06,0.0,-0.0004181686009482044,0.00041707883381755795,-1.0897671306464574e-06,-1.0897671306464574e-06
0.73,5.0119459938672835,-0.07540026543020469,6,0.55,0.55,right,0.4745997345697954,-0.07204835451634335,-0.0033519109138613334,0.73,5.0118770293010115,-0.07540468401325481,6,0.55,0.55,right,0.4745953159867452,-0.07248825376995671,-0.0029164302432981015,0.0,0.00043989925361336,-0.0004354806705632319,4.418583050114222e-06,0.0,-0.00043989925361336,0.0004354806705632319,-4.418583050169733e-06,-4.418583050169733e-06
0.735,5.040658909645452,-0.0767851783878772,6,0.55,0.55,right,0.47321482161212286,-0.07373154198861806,-0.003053636399259138,0.735,5.040587105042055,-0.07679423542327327,6,0.55,0.55,right,0.4732057645767268,-0.07419317189489658,-0.0026010635283766903,0.0,0.00046162990627851563,-0.0004525728708824478,9.057035395998447e-06,0.0,-0.00046162990627851563,0.0004525728708824478,-9.057035396053958e-06,-9.057035396053958e-06
0.74,5.069387571355161,-0.07807915525688573,6,0.55,0.55,right,0.4719208447431143,-0.07541472946089274,-0.002664425795992992,0.74,5.069312879056389,-0.07809417626642559,6,0.55,0.55,right,0.4719058237335745,-0.07589809001983644,-0.0021960862465891517,0.0,0.000483360558943699,-0.00046833954940384004,1.5021009539872843e-05,0.0,-0.000483360558943699,0.00046833954940384004,-1.5021009539817332e-05,-1.5021009539817332e-05
0.745,5.0981313557657195,-0.07928082914428179,6,0.55,0.55,right,0.47071917085571824,-0.07709791693316743,-0.0021829122111143573,0.745,5.098053743467157,-0.07930316679993876,6,0.55,0.55,right,0.4706968332000613,-0.0776030081447763,-0.0017001586551624592,0.0,0.0005050912116088685,-0.00048275355595189806,2.2337655656956557e-05,0.0,-0.0005050912116088685,0.00048275355595189806,-2.2337655656956557e-05,-2.2337655656956557e-05
0.75,5.126889649939905,-0.08038644299993081,6,0.55,0.55,right,0.46961355700006924,-0.07878110440544214,-0.0016053385944886644,0.75,5.126809102884455,-0.08041746895636716,6,0.55,0.55,right,0.4695825310436329,-0.07930792626971615,-0.001109542686651005,0.0,0.0005268218642740102,-0.0004957959078376595,3.102595643633688e-05,0.0,-0.0005268218642740102,0.0004957959078376595,-3.102595643633688e-05,-3.102595643633688e-05
0.755,5.155661779173662,-0.08139234097777265,6,0.55,0.55,right,0.4686076590222274,-0.08046429187771685,-0.0009280491000557972,0.755,5.1555783019342645,-0.08143345512260922,6,0.55,0.55,right,0.4685665448773908,-0.08101284439465602,-0.00042061072795319954,0.0,0.0005485525169391658,-0.0005074383721025977,4.1114144836651434e-05,0.0,-0.0005485525169391658,0.0005074383721025977,-4.111414483659592e-05,-4.111414483659592e-05
0.76,5.18444705004277,-0.0822973652556696,7,0.55,0.55,right,0.46770263474433044,-0.08269438670905967,0.0003970214533900729,0.76,5.184360668124076,-0.08235002148893455,7,0.55,0.55,right,0.4676499785110655,-0.0825176557204677,0.00016763423153313972,0.0,-0.00017673098859197212,0.00022938722185693317,5.265623326500268e-05,0.0,0.00017673098859197212,-0.00022938722185693317,-5.265623326494717e-05,-5.265623326494717e-05
0.765,5.213244739083007,-0.08310035117572658,7,0.55,0.55,right,0.4668996488242735,-0.08302475729942536,-7.559387630121095e-05,0.765,5.213155500974725,-0.0831660632557994,7,0.55,0.55,right,0.46683393674420065,-0.0828295225523633,-0.0003365407034360973,0.0,-0.00019523474706206745,0.00026094682713488637,6.571208007277729e-05,0.0,0.00019523474706206745,-0.00026094682713488637,-6.57120800728328e-05,-6.57120800728328e-05
0.77,5.242054043101049,-0.08379783352024625,7,0.55,0.55,right,0.46620216647975377,-0.08335512788979108,-0.00044270563045517575,0.77,5.241962022856059,-0.08387816282320211,7,0.55,0.55,right,0.46612183717679795,-0.08314138938425888,-0.0007367734389432251,0.0,-0.00021373850553219054,0.00029406780848804936,8.03293029558727e-05,0.0,0.00021373850553219054,-0.00029406780848804936,-8.03293029558172e-05,-8.03293029558172e-05
0.775,5.270874110597465,-0.08438650591354176,7,0.55,0.55,right,0.4656134940864583,-0.08368549848015677,-0.0007010074333849842,0.775,5.27077941014092,-0.08448306664424424,7,0.55,0.55,right,0.46551693335575584,-0.08345325621615449,-0.0010298104280897502,0.0,-0.00023224226400228587,0.00032880299470476604,9.656073070241078e-05,0.0,0.00023224226400228587,-0.00032880299470476604,-9.656073070246629e-05,-9.656073070246629e-05
0.78,5.2997039179751,-0.0848655851400424,7,0.55,0.55,right,0.46513441485995766,-0.08401586907052248,-0.000849716069519918,0.78,5.2996066942500075,-0.08498006690186212,7,0.55,0.55,right,0.46501993309813794,-0.08376512304805009,-0.001214943853812031,0.0,-0.0002507460224723951,0.0003652277842921131,0.00011448176181971803,0.0,0.0002507460224723951,-0.0003652277842921131,-0.00011448176181971803,-0.00011448176181971803
0.785,5.328542423959193,-0.08523432220659344,7,0.55,0.55,right,0.4647656777934066,-0.0843462396608882,-0.0008880825457052433,0.785,5.328442891163704,-0.0853684928414756,7,0.55,0.55,right,0.4646315071585244,-0.08407698987994569,-0.0012915029615299112,0.0,-0.0002692497809425043,0.0004034204158246679,0.00013417063488219139,0.0,0.0002692497809425043,-0.0004034204158246679,-0.00013417063488219139,-0.00013417063488219139
0.79,5.357388691898018,-0.0854897236287287,7,0.55,0.55,right,0.46451027637127135,-0.08467661025125389,-0.0008131133774748056,0.79,5.357287098983106,-0.08564541398386173,7,0.55,0.55,right,0.4643545860161383,-0.08438885671184128,-0.0012565572720204532,0.0,-0.0002877535394126135,0.0004434438945456476,0.00015569035513307572,0.0,0.0002877535394126135,-0.0004434438945456476,-0.0001556903551330202,-0.0001556903551330202
0.795,5.3862417554288475,-0.08562898065281452,7,0.55,0.55,right,0.4643710193471855,-0.08500698084161959,-0.0006219998111949288,0.795,5.386138388423128,-0.08580808748361148,7,0.55,0.55,right,0.4641919125163886,-0.08470072354373687,-0.0011073639398746088,0.0,-0.0003062572978827227,0.00048536412867968004,0.0001791068307969157,0.0,0.0003062572978827227,-0.00048536412867968004,-0.0001791068307969157,-0.0001791068307969157
0.8,5.415100837227232,-0.0856517866955521,7,0.55,0.55,right,0.464348213304448,-0.08533735143198529,-0.00031443526356680906,0.8,5.414996017397493,-0.0858562967121927,7,0.55,0.55,right,0.46414370328780735,-0.08501259037563247,-0.0008437063365602376,0.0,-0.00032476105635281804,0.0005292710729934286,0.00020451001664067991,0.0,0.00032476105635281804,-0.0005292710729934286,-0.0002045100166406244,-0.0002045100166406244
0.805,5.443965156812751,-0.08555788493882929,7,0.55,0.55,right,0.4644421150611707,-0.08566772202235098,0.00010983708352169108,0.805,5.443859242762216,-0.08578987642872347,7,0.55,0.55,right,0.46421012357127656,-0.08532445720752807,-0.0004654192211954039,0.0,-0.0003432648148229134,0.000575256304717095,0.00023199148989416774,0.0,0.0003432648148229134,-0.000575256304717095,-0.00023199148989416774,-0.00023199148989416774
0.81,5.472833713466987,-0.08534482696919245,7,0.55,0.55,right,0.4646551730308076,-0.0859980926127167,0.0006532656435242479,0.81,5.472727107327272,-0.08560644994941886,7,0.55,0.55,right,0.4643935500505812,-0.08563632403942366,2.9874090004794462e-05,0.0,-0.00036176857329303647,0.0006233915535194534,0.00026162298022647246,0.0,0.00036176857329303647,-0.0006233915535194534,-0.00026162298022641695,-0.00026162298022641695
0.8150000000000001,5.501705496289665,-0.08501035725544258,7,0.55,0.55,right,0.46498964274455745,-0.0863284632030824,0.0013181059476398277,0.8150000000000001,5.5015986457695485,-0.08530383523175715,7,0.55,0.55,right,0.4646961647682429,-0.08594819087131926,0.0006443556395621108,0.0,-0.0003802723317631457,0.0006737503080777169,0.00029347797631451567,0.0,0.0003802723317631457,-0.0006737503080777169,-0.0002934779763145712,-0.0002934779763145712
0.8200000000000001,5.530579786314626,-0.08455470135061374,7,0.55,0.55,right,0.46544529864938633,-0.0866588337934481,0.002104132442834361,0.8200000000000001,5.530473179785542,-0.08488235770339633,7,0.55,0.55,right,0.4651176422966037,-0.08626005770321485,0.0013776999998185158,0.0,-0.0003987760902332549,0.0007264324430158453,0.00032765635278264593,0.0,0.0003987760902332549,-0.0007264324430158453,-0.00032765635278264593,-0.00032765635278264593
0.8250000000000001,5.559455875634495,-0.08397814090189382,7,0.55,0.55,right,0.46602185909810623,-0.08698920438381381,0.0030110634819199983,0.8250000000000001,5.559350043898474,-0.08434239982762488,7,0.55,0.55,right,0.4656576001723752,-0.08657192453511045,0.0022295247074855667,0.0,-0.0004172798487033641,0.0007815387744344315,0.0003642589257311091,0.0,0.0004172798487033641,-0.0007815387744344315,-0.00036425892573105356,-0.00036425892573105356
0.8300000000000001,5.588332768804403,-0.08327879454336196,7,0.55,0.55,right,0.4667212054566381,-0.08731957497417951,0.004040780430817556,0.8300000000000001,5.588228293668138,-0.08368215746849406,7,0.55,0.55,right,0.466317842531506,-0.08688379136700605,0.0032016338985119963,0.0,-0.00043578360717345943,0.0008391465323055597,0.00040336292513210026,0.0,0.00043578360717345943,-0.0008391465323055597,-0.00040336292513210026,-0.00040336292513210026
0.8350000000000001,5.6172094783867985,-0.08245497267065514,7,0.55,0.55,right,0.4675450273293449,-0.08764994556454521,0.005194972893890065,0.8350000000000001,5.617106994302605,-0.08290001966891777,7,0.55,0.55,right,0.46709998033108224,-0.08719565819890165,0.004295638529983881,0.0,-0.00045428736564355476,0.0008993343639061846,0.0004450469982626437,0.0,0.00045428736564355476,-0.0008993343639061846,-0.0004450469982626437,-0.0004450469982626437
0.84,5.64608539419495,-0.08150745070662883,7,0.55,0.55,right,0.4684925492933712,-0.0879803161549109,0.0064728654482820724,0.84,5.645985580511982,-0.08199687022777466,7,0.55,0.55,right,0.46800312977222536,-0.08750752503079724,0.005510654803022583,0.0,-0.000472791124113664,0.0009622106452594897,0.0004894195211458952,0.0,0.000472791124113664,-0.0009622106452594897,-0.0004894195211458396,-0.0004894195211458396
0.845,5.674959929672852,-0.0804370612452731,7,0.55,0.55,right,0.46956293875472693,-0.08831068674527662,0.00787362550000352,0.845,5.674863511982182,-0.08097365086468275,7,0.55,0.55,right,0.46902634913531727,-0.08781939186269283,0.00684574099801008,0.0,-0.0004912948825837871,0.0010278845019934396,0.0005365896194097219,0.0,0.0004912948825837871,-0.0010278845019934396,-0.0005365896194096664,-0.0005365896194096664
0.85,5.703832157365202,-0.07924248562667041,7,0.55,0.55,right,0.47075751437332963,-0.08864105733564231,0.009398571708971903,0.85,5.703739918033504,-0.07982912489106214,7,0.55,0.55,right,0.4701708751089379,-0.08813125869458843,0.00830213380352629,0.0,-0.0005097986410538824,0.001096437905445613,0.0005866392643916196,0.0,0.0005097986410538824,-0.001096437905445613,-0.0005866392643917306,-0.0005866392643917306
0.855,5.732701173764383,-0.07792259235210387,7,0.55,0.55,right,0.4720774076478962,-0.08897142792600801,0.01104883557390414,0.855,5.732613953104978,-0.07856224431018541,7,0.55,0.55,right,0.4714377556898146,-0.08844312552648402,0.009880881216298612,0.0,-0.0005283023995239916,0.0011679543576055273,0.0006396519580815774,0.0,0.0005283023995239916,-0.0011679543576055273,-0.0006396519580815774,-0.0006396519580815774
0.86,5.761566523348233,-0.07647871207344935,8,0.55,0.55,right,0.4735212879265507,-0.0767364973980233,0.00025778532457394754,0.86,5.761485209029623,-0.077174456697312,8,0.55,0.55,right,0.47282554330268806,-0.07731520257805065,0.00014074588073864636,0.0,0.0005787051800273529,0.00011703944383530118,0.0006957446238626819,0.0,-0.0005787051800273529,-0.00011703944383530118,-0.0006957446238626264,-0.0006957446238626264
0.865,5.790427784694632,-0.07491223205287145,8,0.55,0.55,right,0.4750877679471286,-0.07477071183077656,-0.00014152022209489024,0.865,5.790353312591728,-0.07566726702217007,8,0.55,0.55,right,0.47433273297782996,-0.07538540259507548,-0.0002818644270945886,0.0,0.0006146907642989169,0.00014034420499969835,0.0007550349692986291,0.0,-0.0006146907642989169,-0.00014034420499969835,-0.0007550349692986291,-0.0007550349692986291
0.87,5.819284152044461,-0.07322238362336876,8,0.55,0.55,right,0.4767776163766313,-0.0728049262635298,-0.00041745735983896026,0.87,5.819217518622233,-0.07403999384434676,8,0.55,0.55,right,0.47596000615565326,-0.07345560261210028,-0.0005843912322464756,0.0,0.0006506763485704808,0.00016693387240751534,0.0008176102209780378,0.0,-0.0006506763485704808,-0.00016693387240751534,-0.0008176102209780378,-0.0008176102209780378
0.875,5.848134857036662,-0.07140858053567183,8,0.55,0.55,right,0.4785914194643282,-0.07083914069628303,-0.0005694398393887995,0.875,5.848077119995072,-0.07229213998163511,8,0.55,0.55,right,0.47770786001836496,-0.07152580262912508,-0.000766337352510027,0.0,0.0006866619328420587,0.0001968975131212275,0.0008835594459633,0.0,-0.0006866619328420587,-0.0001968975131212275,-0.0008835594459632445,-0.0008835594459632445
0.88,5.87697749713868,-0.06947308510739096,8,0.55,0.55,right,0.48052691489260907,-0.06887335512903625,-0.00059972997835471,0.88,5.87692981291659,-0.07042607560883293,8,0.55,0.55,right,0.4795739243911671,-0.06959600264614989,-0.0008300729626830455,0.0,0.0007226475171136365,0.00023034298432833555,0.0009529905014420414,0.0,-0.0007226475171136365,-0.00023034298432833555,-0.0009529905014419859,-0.0009529905014419859
0.885,5.905809712848847,-0.06741821855675796,8,0.55,0.55,right,0.4825817814432421,-0.06690756956178949,-0.0005106489949684712,0.885,5.905773336760243,-0.0684442298829725,8,0.55,0.55,right,0.48155577011702755,-0.06766620266317468,-0.0007780272197978194,0.0,0.0007586331013851866,0.00026737822482934825,0.0010260113262144932,0.0,-0.0007586331013851866,-0.00026737822482934825,-0.0010260113262145487,-0.0010260113262145487
0.89,5.934630864213578,-0.06524375150387648,8,0.55,0.55,right,0.48475624849612353,-0.06494178399454271,-0.0003019675093337698,0.89,5.934607113610238,-0.06634646579595443,8,0.55,0.55,right,0.4836535342040456,-0.06573640268019948,-0.0006100631157549552,0.0,0.0007946186856567644,0.0003080956064211854,0.0011027142920779776,0.0,-0.0007946186856567644,-0.0003080956064211854,-0.001102714292077922,-0.001102714292077922
0.895,5.963440358275241,-0.06294962964844117,8,0.55,0.55,right,0.48705037035155885,-0.06297599842729594,2.636877885477118e-05,0.895,5.963430612688339,-0.06413282374984144,8,0.55,0.55,right,0.48586717625015863,-0.06380660269722428,-0.00032622105261716217,0.0,0.0008306042699283422,0.00035258983147193335,0.00118319410140022,0.0,-0.0008306042699283422,-0.00035258983147193335,-0.00118319410140022,-0.00118319410140022
0.9,5.9922381842059655,-0.06053831037275715,8,0.55,0.55,right,0.4894616896272429,-0.06101021286004916,0.00047190248729200857,0.9,5.992243867403855,-0.06180589572078354,8,0.55,0.55,right,0.4881941042792165,-0.06187680271424907,7.090699346553458e-05,0.0,0.0008665898541999131,0.000400995493826474,0.001267585348026401,0.0,-0.0008665898541999131,-0.000400995493826474,-0.001267585348026401,-0.001267585348026401
0.905,6.021024377889583,-0.05801230261703669,8,0.55,0.55,right,0.49198769738296333,-0.05904442729280239,0.0010321246757657027,0.905,6.021046957546499,-0.059368326212000104,8,0.55,0.55,right,0.49063167378799993,-0.059947002731273874,0.00057867651927377,0.0,0.000902575438471484,0.00045344815649193265,0.0013560235949633404,0.0,-0.000902575438471484,-0.00045344815649193265,-0.0013560235949633959,-0.0013560235949633959
0.91,6.049798494020931,-0.05537189304255155,8,0.55,0.55,right,0.4946281069574485,-0.057078641725555615,0.001706748683004064,0.91,6.049839499155134,-0.056820501667286055,8,0.55,0.55,right,0.493179498332714,-0.05801720274829866,0.0011967010810126077,0.0,0.000938561022743048,0.0005100476019914563,0.0014486086247345042,0.0,-0.000938561022743048,-0.0005100476019914563,-0.0014486086247345042,-0.0014486086247345042
0.915,6.0785601429158405,-0.05261754364296395,8,0.55,0.55,right,0.4973824563570361,-0.05511285615830885,0.0024953125153448982,0.915,6.078621163279106,-0.054162986286327736,8,0.55,0.55,right,0.4958370137136723,-0.056087402765323466,0.0019244164789957302,0.0,0.0009745466070146189,0.000570896036349168,0.0015454426433638702,0.0,-0.0009745466070146189,-0.000570896036349168,-0.0015454426433638146,-0.0015454426433638146
0.92,6.107309582264322,-0.04975227176804463,8,0.55,0.55,right,0.5002477282319554,-0.05314707059106208,0.0033947988230174503,0.92,6.107392246345728,-0.05139894107352146,8,0.55,0.55,right,0.4986010589264786,-0.05415760278234826,0.0027586617088267984,0.0,0.0010105321912861828,0.0006361371141906519,0.0016466693054768555,0.0,-0.0010105321912861828,-0.0006361371141906519,-0.0016466693054768,-0.0016466693054768
0.925,6.136047119782184,-0.04677914828205395,8,0.55,0.55,right,0.5032208517179461,-0.051181285023815304,0.004402136741761355,0.925,6.136153093596658,-0.04853158118628702,8,0.55,0.55,right,0.5014684188137131,-0.05222780279937306,0.00369622161308604,0.0,0.0010465177755577537,0.0007059151286753149,0.0017524329042329923,0.0,-0.0010465177755577537,-0.0007059151286753149,-0.0017524329042329923,-0.0017524329042329923
0.93,6.164772529292263,-0.04369898051532898,8,0.55,0.55,right,0.5063010194846711,-0.049215499456568536,0.0055165189412395566,0.93,6.164903536166229,-0.04556182066496019,8,0.55,0.55,right,0.5044381793350399,-0.05029800281639786,0.004736182151437673,0.0,0.0010825033598293246,0.0007803367898018831,0.0018628401496312286,0.0,-0.0010825033598293246,-0.0007803367898018831,-0.0018628401496312286,-0.0018628401496312286
0.935,6.193485646040002,-0.04051275259895073,8,0.55,0.55,right,0.5094872474010493,-0.04724971388932176,0.006736961290371032,0.935,6.193643465063344,-0.04249075255079431,8,0.55,0.55,right,0.5075092474492058,-0.048368202833422656,0.005877450282628344,0.0,0.0011184889441008955,0.0008595110077426887,0.0019779999518435565,0.0,-0.0011184889441008955,-0.0008595110077426887,-0.0019779999518435565,-0.0019779999518435565
0.9400000000000001,6.222186973893655,-0.03722406610273032,8,0.55,0.55,right,0.5127759338972697,-0.045283928322074986,0.008059862219344668,0.9400000000000001,6.222373414193814,-0.03932212796774891,8,0.55,0.55,right,0.5106778720322511,-0.04643840285044745,0.007116274882698545,0.0,0.0011544745283724664,0.0009435873366461234,0.0020980618650185967,0.0,-0.0011544745283724664,-0.0009435873366461234,-0.0020980618650185967,-0.0020980618650185967
0.9450000000000001,6.2508770668518,-0.03383657751215425,8,0.55,0.55,right,0.5161634224878457,-0.04331814275482821,0.009481565242673962,0.9450000000000001,6.251093965314925,-0.03605975288497715,8,0.55,0.55,right,0.513940247115023,-0.044508602867472255,0.008448849982495107,0.0,0.0011904601126440442,0.0010327152601788542,0.0022231753728227943,0.0,-0.0011904601126440442,-0.0010327152601788542,-0.0022231753728227943,-0.0022231753728227943
0.9500000000000001,6.279555930055477,-0.03035162098485371,8,0.55,0.55,right,0.5196483790151464,-0.04135235718758144,0.011000736202727734,0.9500000000000001,6.279805172749298,-0.032705073141887066,8,0.55,0.55,right,0.517294926858113,-0.04257880288449705,0.009873729742609985,0.0,0.0012264456969156082,0.0011270064601177493,0.00235345215703342,0.0,-0.0012264456969156082,-0.0011270064601177493,-0.00235345215703342,-0.00235345215703342
0.9550000000000001,6.30822363246877,-0.02677070914668518,8,0.55,0.55,right,0.5232292908533148,-0.03938657162033467,0.012615862473649486,0.9550000000000001,6.308507151961551,-0.029259714567377453,8,0.55,0.55,right,0.5207402854326226,-0.04064900290152185,0.011389288334144394,0.0,0.001262431281187179,0.0012265741395050926,0.002489005420692192,0.0,-0.001262431281187179,-0.0012265741395050926,-0.002489005420692192,-0.002489005420692192
0.96,6.336880920240147,-0.023098040109114704,9,0.55,0.55,right,0.5269019598908853,-0.02337032271559911,0.0002722826064844065,0.96,6.337200665634885,-0.02572802566206708,9,0.55,0.55,right,0.5242719743379329,-0.02587851329210753,0.0001504876300404516,0.0,0.0025081905765084213,0.00012179497644395493,0.002629985552952352,0.0,-0.0025081905765084213,-0.00012179497644395493,-0.002629985552952352,-0.002629985552952352
0.965,6.365528585826691,-0.019337866362608553,9,0.55,0.55,right,0.5306621336373915,-0.019758871290571675,0.00042100492796312214,0.965,6.36588651927302,-0.022114408105466173,9,0.55,0.55,right,0.5278855918945339,-0.0223987776941156,0.0002843695886494274,0.0,0.002639906403543925,0.00013663533931369473,0.0027765417428575745,0.0,-0.002639906403543925,-0.00013663533931369473,-0.0027765417428575745,-0.0027765417428575745
0.97,6.394166862971402,-0.015492051520183034,9,0.55,0.55,right,0.534507948479817,-0.01614741986554425,0.000655368345361217,0.97,6.39456498289634,-0.018420838367501073,9,0.55,0.55,right,0.531579161632499,-0.01891904209612368,0.0004982037286226058,0.0,0.0027716222305794284,0.00015716461673861114,0.00292878684731801,0.0,-0.0027716222305794284,-0.00015716461673861114,-0.00292878684731801,-0.00292878684731801
0.975,6.422796047558936,-0.011562637966474314,9,0.55,0.55,right,0.5384373620335258,-0.012535968440516819,0.0009733304740425046,0.975,6.423236384703618,-0.014649472004860824,9,0.55,0.55,right,0.5353505279951393,-0.015439306498131748,0.0007898344932709238,0.0,0.0029033380576149286,0.0001834959807715808,0.003086834038386499,0.0,-0.0029033380576149286,-0.0001834959807715808,-0.003086834038386499,-0.003086834038386499
0.98,6.451413198821542,-0.007555355191835758,9,0.55,0.55,right,0.5424446448081642,-0.008924517015489387,0.0013691618236536295,0.98,6.451898234063611,-0.010806037312788693,9,0.55,0.55,right,0.5391939626872113,-0.011959570900139821,0.0011535335873511278,0.0,0.003035053884650434,0.0002156282363025017,0.003250682120952919,0.0,-0.003035053884650434,-0.0002156282363025017,-0.003250682120952919,-0.003250682120952919
0.985,6.480015410876518,-0.0034759636720896343,9,0.55,0.55,right,0.5465240363279104,-0.005313065590461959,0.001837101918372325,0.985,6.480548070834429,-0.006896292245454931,9,0.55,0.55,right,0.5431037077545451,-0.008479835302147895,0.0015835430566929643,0.0,0.0031667697116859357,0.00025355886167936076,0.003420328573365272,0.0,-0.0031667697116859357,-0.00025355886167936076,-0.003420328573365272,-0.003420328573365272
0.99,6.508603120126842,0.0006731839306883605,9,0.55,0.55,left,0.5493268160693117,-0.0017016141654345278,0.0023747980961228883,0.99,6.5091863504883545,-0.0029227007603747036,9,0.55,0.55,right,0.5470772992396253,-0.005000099704155965,0.0020773989437812617,0.0,0.0032984855387214376,0.00029739915234162657,0.0035958846910630893,0.0,-0.0032984855387214376,-0.00029739915234162657,-0.0035958846910630893,-0.0022495168296863266
0.995,6.537176817467701,0.004889563707994286,9,0.55,0.55,left,0.5451104362920057,0.0019098372595928986,0.0029797264484013875,0.995,6.537813578090656,0.0011121022572598196,9,0.55,0.55,left,0.5488878977427403,-0.0015203641061640391,0.0026324663634238587,0.0,0.0034302013657569377,0.00034726008497752876,0.0037774614507345428,0.0,-0.0034302013657569377,-0.00034726008497752876,-0.0037774614507345428,0.0037774614507345428
1.0,6.5657376175135695,0.009167822744503413,9,0.55,0.55,left,0.5408321772554966,0.005521288684620335,0.0036465340598830775,1.0,6.566430845362701,0.0052026346591284535,9,0.55,0.55,left,0.5447973653408716,0.0019593714918278906,0.003243263167300563,0.0,0.0035619171927924447,0.0004032708925825147,0.003965188085375049,0.0,-0.0035619171927924447,-0.0004032708925825147,-0.003965188085375049,0.003965188085375049
1.005,6.594286658145879,0.013502573542568532,9,0.55,0.55,left,0.5364974264574315,0.009132740109647682,0.00436983343292085,1.005,6.595039261871427,0.009343382844145888,9,0.55,0.55,left,0.5406566171558541,0.0054391070898197405,0.003904275754326147,0.0,0.0036936330198279414,0.0004655576785947031,0.004159190698422632,0.0,-0.0036936330198279414,-0.0004655576785947031,-0.004159190698422632,0.004159190698422632
1.0099999999999998,6.622824540065714,0.017890985173880367,9,0.55,0.55,left,0.5321090148261197,0.012744191534675034,0.005146793639205333,1.0099999999999998,6.623639425927666,0.013531411901975411,9,0.55,0.55,left,0.5364685880980247,0.00891884268781159,0.004612569214163821,0.0,0.003825348846863443,0.0005342244250415122,0.0043595732719049485,0.0,-0.003825348846863443,-0.0005342244250415122,-0.0043595732719049485,0.0043595732719049485
1.0149999999999997,6.651351908209796,0.022330060474155432,9,0.55,0.55,left,0.5276699395258446,0.016355642959702384,0.005974417514453049,1.0149999999999997,6.652231973829966,0.01776362340715112,9,0.55,0.55,left,0.532236376592849,0.012398578285803444,0.005365045121347677,0.0,0.00395706467389894,0.0006093723931053716,0.004566437067004325,0.0,-0.00395706467389894,-0.0006093723931053716,-0.004566437067004325,0.004566437067004325
1.0199999999999996,6.6798700558494035,0.026813957470964694,9,0.55,0.55,left,0.5231860425290353,0.019967094384729732,0.006846863086234962,1.0199999999999996,6.680818141342973,0.022034066544361623,9,0.55,0.55,left,0.5279659334556385,0.015878313883795292,0.006155752660566331,0.0,0.00408878050093444,0.0006911104256686305,0.004779890926603136,0.0,-0.00408878050093444,-0.0006911104256686305,-0.004779890926603136,0.004779890926603136
1.0249999999999995,6.708380282758535,0.03133681151051439,9,0.55,0.55,left,0.5186631884894857,0.023578545809757087,0.0077582657007573,1.0249999999999995,6.709399164431013,0.026336772879397716,9,0.55,0.55,left,0.5236632271206023,0.01935804948178714,0.006978723397610576,0.0,0.004220496327969947,0.0007795423031467241,0.005000038631116643,0.0,-0.004220496327969947,-0.0007795423031467241,-0.005000038631116643,0.005000038631116643
1.0299999999999994,6.73688329940008,0.03589534882513625,9,0.55,0.55,left,0.5141046511748638,0.027189997234784432,0.00870535159035182,1.0299999999999994,6.737975725269891,0.0306683809084425,9,0.55,0.55,left,0.5193316190915576,0.02283778507977899,0.007830595828663512,0.0,0.004352212155005444,0.0008747557616883075,0.005226967916693748,0.0,-0.004352212155005444,-0.0008747557616883075,-0.005226967916693748,0.005226967916693748
1.0349999999999993,6.765379845403017,0.04048614114667333,9,0.55,0.55,left,0.5095138588533267,0.030801448659811784,0.009684692486861546,1.0349999999999993,6.766548527993642,0.03502537969434414,9,0.55,0.55,left,0.5149746203056559,0.026317520677770843,0.008707859016573297,0.0,0.00448392798204094,0.0009768334702882492,0.00546076145232921,0.0,-0.00448392798204094,-0.0009768334702882492,-0.00546076145232921,0.00546076145232921
1.0399999999999991,6.793871258787563,0.045102920793239576,9,0.55,0.55,left,0.5048970792067604,0.03441290008483914,0.010690020708400437,1.0399999999999991,6.795118822099704,0.039401426224040956,9,0.55,0.55,left,0.5105985737759591,0.029797256275762695,0.00960416994827826,0.0,0.004615643809076444,0.0010858507601221763,0.005701494569198662,0.0,-0.004615643809076444,-0.0010858507601221763,-0.005701494569198662,0.005701494569198662
1.044999999999999,6.82235886359279,0.04973941551388946,9,0.55,0.55,left,0.5002605844861105,0.03802435150986648,0.01171506400402298,1.044999999999999,6.823687836524824,0.043790179405929344,9,0.55,0.55,left,0.5062098205940707,0.03327699187375455,0.010513187532174798,0.0,0.004747359636111934,0.001201876471848183,0.005949236107960165,0.0,-0.004747359636111934,-0.001201876471848183,-0.005949236107960165,0.005949236107960165
1.049999999999999,6.8508434085223975,0.054391970593663554,9,0.55,0.55,left,0.49560802940633647,0.041635802934893835,0.012756167658769718,1.049999999999999,6.852256263399919,0.04818792078852321,9,0.55,0.55,left,0.5018120792114769,0.036756727471746395,0.011431193316776812,0.0,0.004879075463147441,0.0013249743419929058,0.006204049805140388,0.0,-0.004879075463147441,-0.0013249743419929058,-0.0062040498051403326,0.006204049805140388
1.0549999999999988,6.879325652557403,0.0590567954190553,9,0.55,0.55,left,0.49094320458094476,0.04524725435992118,0.013809541059134123,1.0549999999999988,6.8808247975592245,0.052590803010862615,9,0.55,0.55,left,0.49740919698913744,0.04023646306973824,0.012354339941124372,0.0,0.005010791290182934,0.001455201118009751,0.006465992408192678,0.0,-0.005010791290182934,-0.001455201118009751,-0.006465992408192678,0.006465992408192678
1.0599999999999987,6.907806887851235,0.06372730745991906,10,0.55,0.55,left,0.486272692540081,0.06343087129598675,0.0002964361639323093,1.0599999999999987,6.909394611514064,0.05699220999511798,10,0.55,0.55,left,0.49300779000488204,0.056831619204593654,0.00016059079052432867,0.0,0.006599252091393094,0.00013584537340798064,0.006735097464801054,0.0,-0.006599252091393094,-0.00013584537340798064,-0.006735097464801054,0.006735097464801054
1.0649999999999986,6.936288370174561,0.06839694231217566,10,0.55,0.55,left,0.4816030576878244,0.06740729619663856,0.0009896461155371045,1.0649999999999986,6.937966835246605,0.061385550938589925,10,0.55,0.55,left,0.4886144490614101,0.060565257574125106,0.0008202933644648192,0.0,0.006842038622513452,0.0001693527510722853,0.007011391373585696,0.0,-0.006842038622513452,-0.0001693527510722853,-0.007011391373585751,0.007011391373585696
1.0699999999999985,6.964770803727142,0.07306174961346117,10,0.55,0.55,left,0.47693825038653886,0.07138372109729142,0.001678028516169744,1.0699999999999985,6.966542088338624,0.0657668410670824,10,0.55,0.55,left,0.48423315893291763,0.06429889594365756,0.001467945123424838,0.0,0.0070848251536338586,0.00021008339274490584,0.007294908546378764,0.0,-0.0070848251536338586,-0.00021008339274490584,-0.007294908546378709,0.007294908546378764
1.0749999999999984,6.993254881981487,0.07771766745085351,10,0.55,0.55,left,0.47228233254914653,0.07536014599794427,0.002357521452909239,1.0749999999999984,6.9951209723748216,0.07013199229345889,10,0.55,0.55,left,0.47986800770654114,0.06803253431319002,0.002099457980268865,0.0,0.007327611684754251,0.0002580634726403741,0.007585675157394611,0.0,-0.007327611684754251,-0.0002580634726403741,-0.007585675157394611,0.007585675157394611
1.0799999999999983,7.021742104037506,0.08235800602921171,10,0.55,0.55,left,0.4676419939707883,0.07933657089859715,0.0030214351306145637,1.0799999999999983,7.02370503641317,0.07447435822428791,10,0.55,0.55,left,0.4755256417757121,0.07176617268272246,0.002708185541565447,0.0,0.007570398215874685,0.0003132495890491166,0.007883647804923788,0.0,-0.007570398215874685,-0.0003132495890491166,-0.007883647804923788,0.007883647804923788
1.0849999999999982,7.0502339109457575,0.08697611579538357,10,0.55,0.55,left,0.4630238842046165,0.08331299579925001,0.003663119996133557,1.0849999999999982,7.052295766586173,0.07878733814402752,10,0.55,0.55,left,0.47121266185597255,0.07549981105225492,0.003287527091772602,0.0,0.007813184746995092,0.00037559290436095516,0.00818877765135606,0.0,-0.007813184746995092,-0.00037559290436095516,-0.00818877765135606,0.00818877765135606
1.089999999999998,7.078730876938392,0.09156784844899912,10,0.55,0.55,left,0.4584321515510009,0.08728942069990288,0.004278427749096245,1.089999999999998,7.080893627583863,0.08306677888117572,10,0.55,0.55,left,0.4669332211188243,0.07923344942178737,0.003833329459388357,0.0,0.008055971278115512,0.00044509828970788756,0.008501069567823372,0.0,-0.008055971278115512,-0.00044509828970788756,-0.008501069567823372,0.008501069567823372
1.094999999999998,7.107233544378402,0.09612897260708703,10,0.55,0.55,left,0.453871027392913,0.09126584560055576,0.00486312700653127,1.094999999999998,7.109499045843443,0.0873084532006216,10,0.55,0.55,left,0.46269154679937846,0.08296708779131982,0.004341365409301773,0.0,0.008298757809235932,0.0005217615972294976,0.008820519406465444,0.0,-0.008298757809235932,-0.0005217615972294976,-0.008820519406465444,0.008820519406465444
1.0999999999999979,7.1357427273328025,0.100652680372302,10,0.55,0.55,left,0.449347319627698,0.09524227050120862,0.005410409871093383,1.0999999999999979,7.138112669854101,0.09150561381344834,10,0.55,0.55,left,0.4584943861865517,0.08670072616085228,0.004804887652596054,0.0,0.008541544340356338,0.0006055222184973286,0.009147066558853667,0.0,-0.008541544340356338,-0.0006055222184973286,-0.009147066558853667,0.009147066558853667
1.1049999999999978,7.164259161599418,0.10513223247968634,10,0.55,0.55,left,0.4448677675203137,0.09921869540186148,0.005913537077824854,1.1049999999999978,7.166735066356556,0.0956515882772902,10,0.55,0.55,left,0.45434841172270984,0.09043436453038473,0.005217223746905475,0.0,0.008784330871476759,0.0006963133309193792,0.009480644202396138,0.0,-0.008784330871476759,-0.0006963133309193792,-0.009480644202396249,0.009480644202396138
1.1099999999999977,7.192783209453014,0.10956339775184934,10,0.55,0.55,left,0.44043660224815073,0.10319512030251433,0.006368277449335005,1.1099999999999977,7.195366467883642,0.09974217244114464,10,0.55,0.55,left,0.4502578275588554,0.09416800289991718,0.0055741695412274556,0.0,0.009027117402597151,0.0007941079081075497,0.009821225310704673,0.0,-0.009027117402597151,-0.0007941079081075497,-0.009821225310704618,0.009821225310704673
1.1149999999999975,7.221315182118943,0.11394189138281736,10,0.55,0.55,left,0.4360581086171827,0.10717154520316721,0.006770346179650152,1.1149999999999975,7.224007050913911,0.1037731173647049,10,0.55,0.55,left,0.44622688263529514,0.09790164126944964,0.0058714760952552625,0.0,0.009269903933717571,0.0008988700843948899,0.010168774018112448,0.0,-0.009269903933717571,-0.0008988700843948899,-0.010168774018112448,0.010168774018112448
1.1199999999999974,7.249855578762173,0.11826103247717135,10,0.55,0.55,left,0.4317389675228287,0.11114797010382008,0.00711306237335127,1.1199999999999974,7.252657131759655,0.10773784536116131,10,0.55,0.55,left,0.4422621546388387,0.10163527963898208,0.0061025657221792234,0.0,0.009512690464837992,0.0010104966511720465,0.010523187116010024,0.0,-0.009512690464837992,-0.0010104966511720465,-0.01052318711601008,0.010523187116010024
1.1249999999999973,7.278404804711109,0.12251423095350748,10,0.55,0.55,left,0.42748576904649255,0.11512439500447294,0.007389835949034543,1.1249999999999973,7.281316931203619,0.11162987455764639,10,0.55,0.55,left,0.43837012544235365,0.10536891800851454,0.006260956549131849,0.0,0.009755476995958398,0.0011288793999026936,0.010884356395861106,0.0,-0.009755476995958398,-0.0011288793999026936,-0.01088435639586105,0.010884356395861106
1.1299999999999972,7.306962941273251,0.1266972798181826,10,0.55,0.55,left,0.42330272018181747,0.1191008199051258,0.007596459913056797,1.1299999999999972,7.309986386947976,0.11544505425871446,10,0.55,0.55,left,0.4345549457412856,0.10910255637804699,0.006342497880667472,0.0,0.009998263527078818,0.0012539620323893247,0.011252225559468143,0.0,-0.009998263527078818,-0.0012539620323893247,-0.011252225559468143,0.011252225559468143
1.1349999999999971,7.335530002827542,0.1308059474632652,10,0.55,0.55,left,0.4191940525367348,0.12307724480577867,0.007728702657486541,1.1349999999999971,7.338665366369182,0.11917921740057263,10,0.55,0.55,left,0.4308207825994274,0.11283619474757943,0.006343022652993205,0.0,0.010241050058199239,0.0013856800044933365,0.011626730062692603,0.0,-0.010241050058199239,-0.0013856800044933365,-0.011626730062692658,0.011626730062692603
1.139999999999997,7.3641061232220215,0.13483382101550428,10,0.55,0.55,left,0.41516617898449576,0.12705366970643153,0.0077801513090727525,1.139999999999997,7.367353814831383,0.12282609091469548,10,0.55,0.55,left,0.42717390908530456,0.1165698331171119,0.006256257797583584,0.0,0.010483836589319631,0.0015238935114891689,0.0120077301008088,0.0,-0.010483836589319631,-0.0015238935114891689,-0.0120077301008088,0.0120077301008088
1.144999999999997,7.392691331874092,0.1387745969486553,10,0.55,0.55,left,0.41122540305134475,0.1310300946070844,0.007744502341570897,1.144999999999997,7.396051573352503,0.12637951479463572,10,0.55,0.55,left,0.4236204852053643,0.12030347148664434,0.006076043307991372,0.0,0.010726623120440051,0.0016684590335795252,0.012395082154019577,0.0,-0.010726623120440051,-0.0016684590335795252,-0.012395082154019632,0.012395082154019577
1.1499999999999968,7.421285376602328,0.14262419181854522,10,0.55,0.55,left,0.4073758081814548,0.1350065195077373,0.007617672310807927,1.1499999999999968,7.424758239041935,0.12983548753852928,10,0.55,0.55,left,0.4201645124614708,0.1240371098561768,0.0057983776823524735,0.0,0.010969409651560486,0.0018192946284554534,0.012788704280015994,0.0,-0.010969409651560486,-0.0018192946284554534,-0.012788704280015994,0.012788704280015994
1.1549999999999967,7.449887926615364,0.14637852481286556,10,0.55,0.55,left,0.4036214751871345,0.13898294440839012,0.007395580404475438,1.1549999999999967,7.453473328667675,0.13319001769824784,10,0.55,0.55,left,0.4168099823017522,0.12777074822570925,0.005419269472538596,0.0,0.011212196182680878,0.001976310931936842,0.01318850711461772,0.0,-0.011212196182680878,-0.001976310931936842,-0.01318850711461761,0.01318850711461772
1.1599999999999966,7.478498716819856,0.1500315717639579,11,0.55,0.55,left,0.3999684282360422,0.14979149087141427,0.00024008089254362597,1.1599999999999966,7.482196391576003,0.1364372499485885,11,0.55,0.55,left,0.4135627500514115,0.1363141783859468,0.00012307156264168562,0.0,0.013477312485467463,0.00011700932990194035,0.013594321815369348,0.0,-0.013477312485467463,-0.00011700932990194035,-0.013594321815369348,0.013594321815369348
1.1649999999999965,7.507117372330421,0.15357743244935554,11,0.55,0.55,left,0.39642256755064453,0.15225286867251753,0.0013245637768380114,1.1649999999999965,7.510926869032175,0.13957145545484154,11,0.55,0.55,left,0.41042854454515854,0.13845126981641256,0.0011201856384289721,0.0,0.013801598856104963,0.0002043781384090393,0.014005976994514002,0.0,-0.013801598856104963,-0.0002043781384090393,-0.014005976994514002,0.014005976994514002
1.1699999999999964,7.535743273679404,0.15701223524653954,11,0.55,0.55,left,0.39298776475346053,0.15471424647362142,0.002297988772918119,1.1699999999999964,7.539663990332852,0.14258886623312184,11,0.55,0.55,left,0.4074111337668782,0.14058836124687887,0.0020005049862429625,0.0,0.014125885226742546,0.00029748378667515674,0.014423369013417675,0.0,-0.014125885226742546,-0.00029748378667515674,-0.014423369013417675,0.014423369013417675
1.1749999999999963,7.564375715696161,0.1603321357887662,11,0.55,0.55,left,0.38966786421123384,0.15717562427472534,0.003156511514040866,1.1749999999999963,7.568406898942355,0.14548574802355022,11,0.55,0.55,left,0.40451425197644986,0.14272545267734518,0.002760295346205033,0.0,0.014450171597380157,0.00039621616783583335,0.014846387765216018,0.0,-0.014450171597380157,-0.00039621616783583335,-0.014846387765215963,0.014846387765216018
1.1799999999999962,7.5930207955307685,0.16353558808311072,11,0.55,0.55,left,0.3864644119168893,0.15963700207582926,0.0038985860072814627,1.1799999999999962,7.597160613998442,0.14826041623907701,11,0.55,0.55,left,0.401739583760923,0.14486254410781155,0.003397872131265467,0.0,0.014774457968017712,0.0005007138760159957,0.015275171844033708,0.0,-0.014774457968017712,-0.0005007138760159957,-0.015275171844033708,0.015275171844033708
1.184999999999996,7.621684553577758,0.16662096133916282,11,0.55,0.55,left,0.3833790386608372,0.16209837987693315,0.004522581462229669,1.184999999999996,7.625930095444081,0.1509111161941153,11,0.55,0.55,left,0.39908888380588475,0.14699963553827786,0.003911480655837435,0.0,0.015098744338655296,0.0006111008063922341,0.01570984514504753,0.0,-0.015098744338655296,-0.0006111008063922341,-0.015709845145047585,0.01570984514504753
1.189999999999996,7.650366075354279,0.16958440152254542,11,0.55,0.55,left,0.38041559847745465,0.16455975767803704,0.005024643844508375,1.189999999999996,7.654714275812236,0.15343412959496194,11,0.55,0.55,left,0.3965658704050381,0.14913672696874417,0.004297402626217778,0.0,0.015423030709292879,0.0007272412182905974,0.01615027192758345,0.0,-0.015423030709292879,-0.0007272412182905974,-0.01615027192758345,0.01615027192758345
1.1949999999999958,7.6790643691678255,0.17242217345665134,11,0.55,0.55,left,0.3775778265433487,0.16702113547914094,0.005401037977510403,1.1949999999999958,7.683512012864716,0.1558258560406194,11,0.55,0.55,left,0.39417414395938066,0.1512738183992105,0.004552037641408907,0.0,0.015747317079930434,0.0008490003361014964,0.016596317416031958,0.0,-0.015747317079930434,-0.0008490003361014964,-0.016596317416031958,0.016596317416031958
1.1999999999999957,7.707778400656802,0.17513240525023732,11,0.55,0.55,left,0.3748675947497627,0.16948251328024483,0.005649891969992493,1.1999999999999957,7.712322184686658,0.15808448472722714,11,0.55,0.55,left,0.3919155152727729,0.1534109098296768,0.0046735748975503255,0.0,0.016071603450568017,0.0009763170724421677,0.017047920523010185,0.0,-0.016071603450568017,-0.0009763170724421677,-0.017047920523010185,0.017047920523010185
1.2049999999999956,7.736507086208837,0.1777132545127358,11,0.55,0.55,left,0.37228674548726426,0.17194389108134878,0.005769363431387037,1.2049999999999956,7.74114362038531,0.16020823611705134,11,0.55,0.55,left,0.38979176388294867,0.15554800126014315,0.004660234856908196,0.0,0.016395889821205628,0.0011091285744788404,0.017505018395684413,0.0,-0.016395889821205628,-0.0011091285744788404,-0.017505018395684413,0.017505018395684413
1.2099999999999955,7.7652492564896525,0.18016123733200376,11,0.55,0.55,left,0.3698387626679963,0.17440526888245267,0.005755968449551091,1.2099999999999955,7.769975004805906,0.16219376024694637,11,0.55,0.55,left,0.38780623975305367,0.15768509269060946,0.004508667556336915,0.0,0.01672017619184321,0.001247300893214176,0.01796747708505736,0.0,-0.01672017619184321,-0.001247300893214176,-0.017967477085057415,0.01796747708505736
1.2149999999999954,7.794003681739994,0.1824730212435957,11,0.55,0.55,left,0.36752697875640433,0.17686664668355656,0.005606374560039151,1.2149999999999954,7.7988149655132215,0.16403785525147463,11,0.55,0.55,left,0.3859621447485254,0.1598221841210758,0.004215671130398835,0.0,0.017044462562480767,0.0013907034296403165,0.018435165992121083,0.0,-0.017044462562480767,-0.0013907034296403165,-0.018435165992121028,0.018435165992121083
1.2199999999999953,7.822769119706207,0.18464709142388824,11,0.55,0.55,left,0.3653529085761118,0.17932802448466045,0.00531906693922779,1.2199999999999953,7.827662194633108,0.16573905902393749,11,0.55,0.55,left,0.38426094097606256,0.1619592755515421,0.0037797834723953816,0.0,0.01736874893311835,0.0015392834668324085,0.018908032399950758,0.0,-0.01736874893311835,-0.0015392834668324085,-0.018908032399950758,0.018908032399950758
1.2249999999999952,7.851544293238044,0.18668198377343523,11,0.55,0.55,left,0.3633180162265648,0.18178940228576437,0.004892581487670855,1.2249999999999952,7.856515350051077,0.16729596024636603,11,0.55,0.55,left,0.382704039753634,0.1640963669820084,0.0031995932643576197,0.0,0.01769303530375596,0.0016929882233132354,0.019386023527069196,0.0,-0.01769303530375596,-0.0016929882233132354,-0.019386023527069196,0.019386023527069196
1.229999999999995,7.880327844264566,0.18857467805492253,11,0.55,0.55,left,0.3614253219450775,0.1842507800868683,0.004323897968054241,1.229999999999995,7.885372936756885,0.1687056633452402,11,0.55,0.55,left,0.38129433665475987,0.16623345841247475,0.002472204932765454,0.0,0.018017321674393544,0.0018516930352887873,0.019869014709682387,0.0,-0.018017321674393544,-0.0018516930352887873,-0.019869014709682387,0.019869014709682387
1.234999999999995,7.909118373739738,0.19032231404781014,11,0.55,0.55,left,0.3596776859521899,0.18671215788797219,0.0036101561598379517,1.234999999999995,7.914233421875125,0.16996542826924377,11,0.55,0.55,left,0.3800345717307563,0.16837054984294106,0.0015948784263027094,0.0,0.018341608045031127,0.0020152777335352423,0.02035688577856637,0.0,-0.018341608045031127,-0.0020152777335352423,-0.020356885778566314,0.02035688577856637
1.2399999999999949,7.937914596681196,0.19192378305279134,11,0.55,0.55,left,0.3580762169472087,0.18917353568907608,0.0027502473637152636,1.2399999999999949,7.943095461701445,0.17107418308098551,11,0.55,0.55,left,0.3789258169190145,0.1705076412734074,0.0005665418075781192,0.0,0.018665894415668682,0.0021837055561371443,0.0208495999718058,0.0,-0.018665894415668682,-0.0021837055561371443,-0.0208495999718058,0.0208495999718058
1.2449999999999948,7.966715208176899,0.1933780326754105,11,0.55,0.55,left,0.3566219673245895,0.19163491349018,0.0017431191852305128,1.2449999999999948,7.971957693195241,0.17203091143624205,11,0.55,0.55,left,0.377969088563758,0.1726447327038737,-0.0006138212676316535,0.0,0.018990180786306293,0.0023569404528621662,0.021347121239168487,0.0,-0.018990180786306293,-0.0023569404528621662,-0.021347121239168487,0.021347121239168487
1.2499999999999947,7.995518732258735,0.19468252524260135,11,0.55,0.55,left,0.3553174747573987,0.19409629129128392,0.0005862339513174331,1.2499999999999947,8.00081851184996,0.1728331875448332,11,0.55,0.55,left,0.3771668124551668,0.17478182413434004,-0.0019486365895068358,0.0,0.019314467156943876,0.002534870540824269,0.02184933769776809,0.0,-0.019314467156943876,-0.002534870540824269,-0.02184933769776809,0.02184933769776809
1.2549999999999946,8.024323670726986,0.19583487870201247,11,0.55,0.55,left,0.3541651212979876,0.1965576690923878,-0.0007227903903753441,1.2549999999999946,8.029676293656491,0.1734787362251596,11,0.55,0.55,left,0.3765212637748404,0.17691891556480632,-0.003440179339646715,0.0,0.019638753527581487,0.002717388949271371,0.022356142476852803,0.0,-0.019638753527581487,-0.002717388949271371,-0.022356142476852803,0.022356142476852803
1.2599999999999945,8.053128752167023,0.19683439031380456,12,0.55,0.55,left,0.3531656096861955,0.19702470984277454,-0.00019031952896997328,1.2599999999999945,8.058529713939233,0.17396687300428987,12,0.55,0.55,left,0.3760331269957102,0.17406534794798081,-9.8474943690946e-05,0.0,0.022959361894793723,-9.184458527902728e-05,0.022867517309514696,0.0,-0.022959361894793723,9.184458527902728e-05,-0.02286751730951475,0.022867517309514696
1.2649999999999944,8.081932698976114,0.19768041181361676,12,0.55,0.55,left,0.3523195881863833,0.1968476045128925,0.0008328073007242698,1.2649999999999944,8.087377442187881,0.1742969667698727,12,0.55,0.55,left,0.3757030332301273,0.17325211358711232,0.0010448531827603746,0.0,0.02359549092578017,-0.00021204588203610486,0.02338344504374401,0.0,-0.02359549092578017,0.00021204588203610486,-0.02338344504374401,0.02338344504374401
1.2699999999999942,8.110733983264007,0.19837086919178742,12,0.55,0.55,left,0.3516291308082126,0.19667049918301047,0.001700370008776958,1.2699999999999942,8.116217828946178,0.17446704094625456,12,0.55,0.55,left,0.3755329590537455,0.17243887922624362,0.0020281617200109403,0.0,0.024231619956766842,-0.0003277917112339823,0.023903828245532888,0.0,-0.024231619956766842,0.0003277917112339823,-0.023903828245532832,0.023903828245532888
1.2749999999999941,8.139531071537114,0.19890383374002582,12,0.55,0.55,left,0.3510961662599742,0.1964933938531284,0.002410439886897431,1.2749999999999941,8.145049221375833,0.17447525898866853,12,0.55,0.55,left,0.3755247410113315,0.1716256448653749,0.0028496141232936256,0.0,0.024867748987753485,-0.0004391742363961948,0.02442857475135729,0.0,-0.024867748987753485,0.0004391742363961948,-0.02442857475135729,0.02442857475135729
1.279999999999994,8.16832609473993,0.19927858756282213,12,0.55,0.55,left,0.3507214124371779,0.1963162885232463,0.0029622990395758164,1.279999999999994,8.173875794884516,0.17432053559774333,12,0.55,0.55,left,0.37567946440225675,0.1708124105045062,0.0035081250932371133,0.0,0.0255038780187401,-0.0005458260536612969,0.02495805196507883,0.0,-0.0255038780187401,0.0005458260536612969,-0.02495805196507883,0.02495805196507883
1.284999999999994,8.197121189474917,0.19949444766489538,12,0.55,0.55,left,0.35050555233510466,0.19613918319336424,0.003355264471531144,1.284999999999994,8.202701730109016,0.1740018076700771,12,0.55,0.55,left,0.37599819232992293,0.1699991761436375,0.004002631526439621,0.0,0.026140007049726743,-0.0006473670549084765,0.025492639994818267,0.0,-0.026140007049726743,0.0006473670549084765,-0.025492639994818322,0.025492639994818267
1.2899999999999938,8.22591483613757,0.19954975182949344,12,0.55,0.55,left,0.35045024817050663,0.19596207786348216,0.0035876739660112844,1.2899999999999938,8.231525392367606,0.17351748079126336,12,0.55,0.55,left,0.37648251920873665,0.16918594178276877,0.004331539008494589,0.0,0.026776136080713386,-0.0007438650424833049,0.026032271038230026,0.0,-0.026776136080713386,0.0007438650424833049,-0.026032271038230026,0.026032271038230026
1.2949999999999937,8.254705527336355,0.1994429771322449,12,0.55,0.55,left,0.35055702286775514,0.1957849725336001,0.003658004598644793,1.2949999999999937,8.260345163518432,0.17286609770937936,12,0.55,0.55,left,0.3771339022906207,0.16837270742190008,0.004493390287479276,0.0,0.02741226511170003,-0.0008353856888344835,0.026576879422865574,0.0,-0.02741226511170003,0.0008353856888344835,-0.026576879422865574,0.026576879422865574
1.2999999999999936,8.283492271773913,0.19917413374330767,12,0.55,0.55,left,0.3508258662566924,0.19560786720371803,0.0035662665395896354,1.2999999999999936,8.289159987990775,0.1720476313898786,12,0.55,0.55,left,0.37795236861012144,0.16755947306103136,0.004488158328847247,0.0,0.028048394142686672,-0.0009218917892576117,0.02712650235342906,0.0,-0.028048394142686672,0.0009218917892576117,-0.02712650235342906,0.02712650235342906
1.3049999999999935,8.312274097804188,0.1987432823272388,12,0.55,0.55,left,0.35125671767276123,0.19543076187383596,0.0033125204534028563,1.3049999999999935,8.31796883231054,0.17106210714433623,12,0.55,0.55,left,0.3789378928556638,0.1667462387001627,0.004315868444173532,0.0,0.02868452317367326,-0.0010033479907706755,0.027681175182902584,0.0,-0.02868452317367326,0.0010033479907706755,-0.027681175182902584,0.027681175182902584
1.3099999999999934,8.341049555478428,0.1981491745853755,12,0.55,0.55,left,0.35185082541462454,0.19525365654395388,0.0028955180414216297,1.3099999999999934,8.346770145484047,0.16990834061066085,12,0.55,0.55,left,0.3800916593893392,0.16593300433929395,0.003975336271366897,0.0,0.02932065220465993,-0.0010798182299452674,0.028240833974714663,0.0,-0.02932065220465993,0.0010798182299452674,-0.028240833974714663,0.028240833974714663
1.3149999999999933,8.369817219361734,0.1973906882887101,12,0.55,0.55,left,0.35260931171128995,0.19507655121407183,0.0023141370746382617,1.3149999999999933,8.375562404763901,0.16858526977815727,12,0.55,0.55,left,0.3814147302218428,0.16511976997842526,0.0034654997997320136,0.0,0.029956781235646573,-0.001151362725093752,0.02880541851055285,0.0,-0.029956781235646573,0.001151362725093752,-0.02880541851055285,0.02880541851055285
1.3199999999999932,8.398576189205345,0.19646820416502503,12,0.55,0.55,left,0.353531795834975,0.19489944588418975,0.0015687582808352751,1.3199999999999932,8.40434462408375,0.16709323475999574,12,0.55,0.55,left,0.38290676524000433,0.16430653561755654,0.002786699142439203,0.0,0.030592910266633216,-0.0012179408616039278,0.029374969405029316,0.0,-0.030592910266633216,0.0012179408616039278,-0.02937496940502926,0.029374969405029316
1.324999999999993,8.427325593561584,0.19538214878472826,12,0.55,0.55,left,0.3546178512152718,0.1947223405543077,0.0006598082304205555,1.324999999999993,8.433115848372209,0.16543262248951676,12,0.55,0.55,left,0.3845673775104833,0.16349330125668785,0.0019393212328289167,0.0,0.03122903929761986,-0.0012795130024083612,0.029949526295211526,0.0,-0.03122903929761986,0.0012795130024083612,-0.029949526295211526,0.029949526295211526
1.329999999999993,8.45606409524342,0.19413164983212658,12,0.55,0.55,left,0.35586835016787344,0.19454523522442563,-0.00041358539229904845,1.329999999999993,8.461874651539231,0.16360261578987637,12,0.55,0.55,left,0.3863973842101237,0.16268006689581913,0.0009225488940572402,0.0,0.0318651683286065,-0.0013361342863562886,0.03052903404225027,0.0,-0.0318651683286065,0.0013361342863562886,-0.03052903404225027,0.03052903404225027
1.3349999999999929,8.484790392154862,0.19271595071674866,12,0.55,0.55,left,0.3572840492832514,0.19436812989454355,-0.0016521791777948935,1.3349999999999929,8.490619645702095,0.16160250832463963,12,0.55,0.55,left,0.3883974916753604,0.16186683253495043,-0.0002643242103108068,0.0,0.03250129735959312,-0.0013878549674840868,0.031113442392109003,0.0,-0.03250129735959312,0.0013878549674840868,-0.031113442392109003,0.031113442392109003
1.3399999999999928,8.513503751414648,0.19113578467164316,12,0.55,0.55,left,0.3588642153283569,0.19419102456466147,-0.0030552398930183133,1.3399999999999928,8.519350020205792,0.15943297957339556,12,0.55,0.55,left,0.3905670204266045,0.1610535981740817,-0.0016206186006861578,0.0,0.03313742639057976,-0.0014346212923321555,0.03170280509824763,0.0,-0.03313742639057976,0.0014346212923321555,-0.03170280509824763,0.03170280509824763
1.3449999999999926,8.542203477124037,0.18939192823275244,12,0.55,0.55,left,0.36060807176724763,0.19401391923477943,-0.004621991002026982,1.3449999999999926,8.548065003334623,0.1570947524947884,12,0.55,0.55,left,0.3929052475052116,0.16024036381321302,-0.0031456113184246126,0.0,0.033773555421566404,-0.001476379683602369,0.03229717573796398,0.0,-0.033773555421566404,0.001476379683602369,-0.03229717573796398,0.03229717573796398
1.3499999999999925,8.570888382722716,0.18748385800927353,12,0.55,0.55,left,0.3625161419907265,0.19383681390489735,-0.006352955895623819,1.3499999999999925,8.57676332992747,0.15458734613622774,12,0.55,0.55,left,0.39541265386377233,0.15942712945234427,-0.004839783316116536,0.0,0.034409684452553074,-0.0015131725795072826,0.03289651187304582,0.0,-0.034409684452553074,0.0015131725795072826,-0.032896511873045764,0.03289651187304582
1.3549999999999924,8.599557326268698,0.1854111594821521,12,0.55,0.55,left,0.36458884051784796,0.19365970857501527,-0.008248549092863183,1.3549999999999924,8.605443782025105,0.15191038262248158,12,0.55,0.55,left,0.39808961737751847,0.15861389509147558,-0.006703512468994005,0.0,0.03504581348353969,-0.0015450366238691782,0.03350077685967051,0.0,-0.03504581348353969,0.0015450366238691782,-0.03350077685967057,0.03350077685967051
1.3599999999999923,8.62820977030344,0.18317492051678966,13,0.55,0.55,left,0.3668250794832104,0.18333914105836116,-0.00016422054157150257,1.3599999999999923,8.634105751674355,0.14906487959879566,13,0.55,0.55,left,0.4009351204012044,0.14914876195675714,-8.388235796147336e-05,0.0,0.034190379101604024,-8.03381836100292e-05,0.03411004091799397,0.0,-0.034190379101604024,8.03381836100292e-05,-0.03411004091799397,0.03411004091799397
1.3649999999999922,8.656845222034645,0.18077627243635705,13,0.55,0.55,left,0.36922372756364297,0.17997261598045314,0.0008036564559039117,1.3649999999999922,8.66274867741792,0.14605189770236773,13,0.55,0.55,left,0.40394810229763234,0.14504968715933592,0.0010022105430318173,0.0,0.03492292882111722,-0.00019855408712790568,0.03472437473398937,0.0,-0.03492292882111722,0.00019855408712790568,-0.03472437473398937,0.03472437473398937
1.3699999999999921,8.685462680431888,0.17821502674639356,13,0.55,0.55,left,0.3717849732536065,0.17660609090254425,0.0016089358438493018,1.3699999999999921,8.691371488495498,0.14287127503266372,13,0.55,0.55,left,0.4071287249673363,0.14095061236191364,0.001920662670750084,0.0,0.035655478540630614,-0.00031172682690078224,0.03534375171372983,0.0,-0.035655478540630614,0.00031172682690078224,-0.03534375171372983,0.03534375171372983
1.374999999999992,8.714061198077095,0.17549110077864238,13,0.55,0.55,left,0.37450889922135766,0.17323956582463532,0.0022515349540070673,1.374999999999992,8.719973169938603,0.1395229489215652,13,0.55,0.55,left,0.41047705107843485,0.1368515375644913,0.002671411357073883,0.0,0.036388028260144006,-0.0004198764030668156,0.03596815185707719,0.0,-0.036388028260144006,0.0004198764030668156,-0.035968151857077135,0.03596815185707719
1.379999999999992,8.742639314843638,0.1726062616200449,13,0.55,0.55,left,0.37739373837995516,0.16987304074672643,0.0027332208733184538,1.379999999999992,8.748551005304916,0.1360089733983913,13,0.55,0.55,left,0.41399102660160875,0.132752462767069,0.0032565106313222902,0.0,0.037120577979657426,-0.0005232897580038365,0.03659728822165359,0.0,-0.037120577979657426,0.0005232897580038365,-0.036597288221653534,0.03659728822165359
1.3849999999999918,8.771195622349756,0.16956232425731566,13,0.55,0.55,left,0.3804376757426844,0.16650651566881752,0.0030558085884981323,1.3849999999999918,8.777102331632484,0.1323314521490912,13,0.55,0.55,left,0.41766854785090884,0.1286533879696467,0.0036780641794444957,0.0,0.03785312769917082,-0.0006222555909463634,0.037230872108224455,0.0,-0.03785312769917082,0.0006222555909463634,-0.0372308721082244,0.037230872108224455
1.3899999999999917,8.799729336819208,0.16635943528383645,13,0.55,0.55,left,0.3836405647161636,0.1631399905909086,0.003219444692927842,1.3899999999999917,8.805626301811584,0.12849054202781193,13,0.55,0.55,left,0.4215094579721881,0.12455431317222439,0.003936228855587545,0.0,0.038585677418684225,-0.0007167841626597032,0.037868893256024494,0.0,-0.038585677418684225,0.0007167841626597032,-0.037868893256024494,0.037868893256024494
1.3949999999999916,8.82823973529386,0.1629978456639417,13,0.55,0.55,left,0.38700215433605833,0.1597734655129997,0.003224380150942008,1.3949999999999916,8.834122129602806,0.12448649453060878,13,0.55,0.55,left,0.42551350546939126,0.1204552383748021,0.004031256155806684,0.0,0.0393182271381976,-0.0008068760048646761,0.03851135113333293,0.0,-0.0393182271381976,0.0008068760048646761,-0.03851135113333293,0.03851135113333293
1.3999999999999915,8.856726881000789,0.159479382094416,13,0.55,0.55,left,0.390520617905584,0.1564069404350908,0.0030724416593252146,1.3999999999999915,8.86258980577913,0.12032102882550255,13,0.55,0.55,left,0.4296789711744975,0.1163561635773798,0.003964865248122756,0.0,0.040050776857710996,-0.0008924235887975418,0.03915835326891348,0.0,-0.040050776857710996,0.0008924235887975418,-0.03915835326891348,0.03915835326891348
1.4049999999999914,8.885190895031542,0.15580592091434517,13,0.55,0.55,left,0.39419407908565485,0.15304041535718188,0.002765505557163289,1.4049999999999914,8.891029379140758,0.11599590948922876,13,0.55,0.55,left,0.43400409051077127,0.11225708877995749,0.0037388207092712705,0.0,0.04078332657722439,-0.0009733151521079814,0.03981001142511642,0.0,-0.04078332657722439,0.0009733151521079814,-0.03981001142511642,0.03981001142511642
1.4099999999999913,8.91363123959108,0.15197794850045077,13,0.55,0.55,left,0.3980220514995493,0.149673890279273,0.0023040582211777683,1.4099999999999913,8.919440249009838,0.11151160205585721,13,0.55,0.55,left,0.43848839794414285,0.10815801398253519,0.0033535880733220197,0.0,0.04151587629673781,-0.0010495298521442514,0.04046634644459357,0.0,-0.04151587629673781,0.0010495298521442514,-0.04046634644459357,0.04046634644459357
1.4149999999999912,8.942047446884242,0.14799606151799172,13,0.55,0.55,left,0.4020039384820083,0.14630736520136406,0.001688696316627658,1.4149999999999912,8.947821884922643,0.10686867209401425,13,0.55,0.55,left,0.4431313279059858,0.10405893918511286,0.002809732908901394,0.0,0.0422484260162512,-0.0011210365922737359,0.04112738942397748,0.0,-0.0422484260162512,0.0011210365922737359,-0.04112738942397742,0.04112738942397748
1.419999999999991,8.97043987623845,0.14386252066953387,13,0.55,0.55,left,0.4061374793304662,0.14294084012345518,0.0009216805460786903,1.419999999999991,8.97617459386733,0.10206923235561705,13,0.55,0.55,left,0.447930767644383,0.09995986438769057,0.002109367967926476,0.0,0.04298097573576461,-0.0011876874218477856,0.04179328831391682,0.0,-0.04298097573576461,0.0011876874218477856,-0.04179328831391682,0.04179328831391682
1.424999999999991,8.998808952146566,0.13957964569934073,13,0.55,0.55,left,0.4104203543006593,0.13957431504554624,5.3306537944886045e-06,1.424999999999991,9.004498748802762,0.09711544994373764,13,0.55,0.55,left,0.4528845500562624,0.09586078959026825,0.0012546603534693834,0.0,0.043713525455277985,-0.0012493296996748948,0.04246419575560306,0.0,-0.043713525455277985,0.0012493296996748948,-0.04246419575560312,0.04246419575560306
1.4299999999999908,9.027154416698519,0.1351482948627768,13,0.55,0.55,left,0.41485170513722325,0.13620778996763735,-0.0010594951048605583,1.4299999999999908,9.032794031038348,0.09200812910571493,13,0.55,0.55,left,0.4579918708942851,0.09176171479284596,0.0002464143128689672,0.0,0.04444607517479139,-0.0013059094177295255,0.043140165757061866,0.0,-0.04444607517479139,0.0013059094177295255,-0.04314016575706192,0.043140165757061866
1.4349999999999907,9.055476091058608,0.1305694467593302,13,0.55,0.55,left,0.41943055324066986,0.13284126488972844,-0.0022718181303982565,1.4349999999999907,9.06106020173151,0.08674818361632049,13,0.55,0.55,left,0.46325181638367957,0.08766263999542365,-0.0009144563791031596,0.0,0.0451786248943048,-0.001357361751295097,0.043821263143009714,0.0,-0.0451786248943048,0.001357361751295097,-0.0438212631430096,0.043821263143009714
1.4399999999999906,9.083774645557115,0.12584586561138897,13,0.55,0.55,left,0.42415413438861105,0.12947473981181953,-0.003628874200430565,1.4399999999999906,9.089297885304688,0.08133819345857059,13,0.55,0.55,left,0.46866180654142947,0.08356356519800134,-0.0022253717394307565,0.0,0.04591117461381819,-0.0014035024609998087,0.04450767215281842,0.0,-0.04591117461381819,0.0014035024609998087,-0.04450767215281837,0.04450767215281842
1.4449999999999905,9.112050822050586,0.12098038654571204,13,0.55,0.55,left,0.429019613454288,0.12610821473391062,-0.005127828188198583,1.4449999999999905,9.117507779647918,0.0757808046911567,13,0.55,0.55,left,0.4742191953088434,0.07946449040057905,-0.00368368570942236,0.0,0.04664372433333157,-0.0014441424787762225,0.04519958185455536,0.0,-0.04664372433333157,0.0014441424787762225,-0.045199581854555415,0.04519958185455536
1.4499999999999904,9.140304674346897,0.11597428567263866,13,0.55,0.55,left,0.43402571432736137,0.12274168965600173,-0.006767403983363063,1.4499999999999904,9.14568988336784,0.07007720473833379,13,0.55,0.55,left,0.47992279526166626,0.07536541560315674,-0.005288210864822951,0.0,0.04737627405284499,-0.001479193118540112,0.04589708093430489,0.0,-0.04737627405284499,0.001479193118540112,-0.04589708093430489,0.04589708093430489
1.4549999999999903,9.168536343675711,0.11082897329490228,13,0.55,0.55,left,0.4391710267050978,0.11937516457809282,-0.008546191283190535,1.4549999999999903,9.17384428435058,0.06422870404473416,13,0.55,0.55,left,0.4857712959552659,0.07126634080573443,-0.007037636761000277,0.0,0.04810882377235838,-0.0015085545221902585,0.046600269250168136,0.0,-0.04810882377235838,0.0015085545221902585,-0.046600269250168136,0.046600269250168136
1.4599999999999902,9.196746842002687,0.10554779235279951,14,0.55,0.55,left,0.4444522076472005,0.10574035305355686,-0.00019256070075734932,1.4599999999999902,9.20197196080381,0.058238425128260315,14,0.55,0.55,left,0.4917615748717397,0.058339101649031985,-0.00010067652077166978,0.0,0.04740125140452488,-9.188417998567955e-05,0.04730936722453921,0.0,-0.04740125140452488,9.188417998567955e-05,-0.04730936722453927,0.04730936722453921
1.46499999999999,9.224937257032547,0.10013416987447707,14,0.55,0.55,left,0.44986583012552295,0.10000023822347032,0.0001339316510067523,1.46499999999999,9.230073970373626,0.05210957023315728,14,0.55,0.55,left,0.4978904297668428,0.051781380953376276,0.0003281892797810035,0.0,0.04821885727009404,-0.00019425762877425118,0.04802459964131983,0.0,-0.04821885727009404,0.00019425762877425118,-0.048024599641319776,0.04802459964131983
1.46999999999999,9.25310798027004,0.09458985656307292,14,0.55,0.55,left,0.4554101434369271,0.09426012339338224,0.0003297331696906769,1.46999999999999,9.258150660798622,0.04584376691614169,14,0.55,0.55,left,0.5041562330838584,0.045223660257718824,0.000620106658422867,0.0,0.04903646313566342,-0.00029037348873219015,0.04874608964693128,0.0,-0.04903646313566342,0.00029037348873219015,-0.04874608964693128,0.04874608964693128
1.4749999999999899,9.281259497055315,0.08891675381077853,14,0.55,0.55,left,0.46108324618922153,0.08852000856329417,0.00039674524748435636,1.4749999999999899,9.286202477292766,0.03944278252934156,14,0.55,0.55,left,0.5105572174706585,0.038665939562061366,0.0007768429672801933,0.0,0.049854069001232806,-0.0003800977197958369,0.04947397128143699,0.0,-0.049854069001232806,0.0003800977197958369,-0.049473971281437046,0.04947397128143699
1.4799999999999898,9.309381798377359,0.08312314624016624,14,0.55,0.55,left,0.4668768537598338,0.08277989373320609,0.00034325250696015663,1.4799999999999898,9.314213987738261,0.03291735530457573,14,0.55,0.55,left,0.5170826446954243,0.032108218866403915,0.0008091364381718133,0.0,0.05067167486680217,-0.00046588393121165667,0.05020579093559052,0.0,-0.05067167486680217,0.00046588393121165667,-0.05020579093559052,0.05020579093559052
1.4849999999999897,9.337464921360974,0.07721734794423107,14,0.55,0.55,left,0.47278265205576897,0.077039778903118,0.0001775690411130737,1.4849999999999897,9.342169796995671,0.02627822704322401,14,0.55,0.55,left,0.523721772956776,0.025550498170746457,0.0007277288724775524,0.0,0.051489280732371544,-0.0005501598313644787,0.05093912090100705,0.0,-0.051489280732371544,0.0005501598313644787,-0.05093912090100705,0.05093912090100705
1.4899999999999896,9.365509552046438,0.07120152122202936,14,0.55,0.55,left,0.47879847877797066,0.07129966407302993,-9.814285100057107e-05,1.4899999999999896,9.370070536251491,0.019527360337944277,14,0.55,0.55,left,0.5304726396620558,0.018992777475089,0.000534582862855279,0.0,0.05230688659794093,-0.0006327257138558501,0.05167416088408516,0.0,-0.05230688659794093,0.0006327257138558501,-0.05167416088408516,0.05167416088408516
1.4949999999999894,9.393516457652835,0.06507796653174162,14,0.55,0.55,left,0.4849220334682584,0.06555954924294186,-0.0004815827112002319,1.4949999999999894,9.397916913501799,0.012666831838856318,14,0.55,0.55,left,0.5373331681611437,0.01243505677943155,0.00023177505942476723,0.0,0.05312449246351031,-0.0007133577706249991,0.05241113469288533,0.0,-0.05312449246351031,0.0007133577706249991,-0.052411134692885275,0.05241113469288533
1.4999999999999893,9.421487292796389,0.05885130139598753,14,0.55,0.55,left,0.4911486986040125,0.05981943441285377,-0.0009681330168662405,1.4999999999999893,9.425710501920243,0.005700961010112796,14,0.55,0.55,left,0.5442990389898873,0.005877336083774089,-0.00017637507366129266,0.0,0.05394209832907968,-0.0007917579432049479,0.053150340385874795,0.0,-0.05394209832907968,0.0007917579432049479,-0.05315034038587474,0.053150340385874795
1.5049999999999892,9.449423766822633,0.0525262133815586,14,0.55,0.55,left,0.49747378661844144,0.054079319582765704,-0.001553106201207105,1.5049999999999892,9.453452927755983,-0.0013658801406890523,14,0.55,0.55,right,0.548634119859311,-0.0006803846118833626,-0.0006854955288056897,0.0,0.05475970419464907,-0.0008676106724014154,0.053892093522247664,0.0,-0.05475970419464907,0.0008676106724014154,-0.053892093522247664,0.05116033324086955
1.5099999999999891,9.477326853835045,0.04610533227799977,14,0.55,0.55,left,0.5038946677220003,0.048339204752677625,-0.0022338724746778574,1.5099999999999891,9.481145101034631,-0.008531345109318349,14,0.55,0.55,right,0.5414686548906817,-0.007238105307540817,-0.0012932398017775314,0.0,0.055577310060218446,-0.000940632672900326,0.05463667738731803,0.0,-0.055577310060218446,0.000940632672900326,-0.05463667738731803,0.03757398716868143
1.514999999999989,9.505197611437586,0.03959144640120656,14,0.55,0.55,left,0.5104085535987934,0.042599089922589546,-0.0030076435213829827,1.514999999999989,9.508788016675817,-0.015792948572596433,14,0.55,0.55,right,0.5342070514274037,-0.013795826003198276,-0.0019971225693981576,0.0,0.056394915925787825,-0.0010105209519848252,0.055384394973802986,0.0,-0.056394915925787825,0.0010105209519848252,-0.055384394973802986,0.02379849782861021
1.519999999999989,9.53303816692983,0.032989768939620176,14,0.55,0.55,left,0.5170102310603799,0.03685897509250148,-0.003869206152881305,1.519999999999989,9.536383817163806,-0.02314588569442168,14,0.55,0.55,right,0.5268541143055784,-0.02035354669885572,-0.0027923389955659614,0.0,0.057212521791357204,-0.0010768671573153435,0.0561356546340418,0.0,-0.057212521791357204,0.0010768671573153435,-0.0561356546340418,0.00984388324519847
1.5249999999999888,9.560850694065453,0.026305590169595553,14,0.55,0.55,left,0.5236944098304045,0.031118860262413395,-0.004813270092817842,1.5249999999999888,9.563934695981992,-0.030585286477824537,14,0.55,0.55,right,0.5194147135221755,-0.026911267394513185,-0.0036740190833113515,0.0,0.05803012765692658,-0.0011392510095064902,0.0568908766474201,0.0,-0.05803012765692658,0.0011392510095064902,-0.0568908766474201,-0.004279696308228997
1.5299999999999887,9.588636443206646,0.019542065143024822,14,0.55,0.55,left,0.5304579348569752,0.02537874543232533,-0.0058366802893005075,1.5299999999999887,9.591441855039234,-0.03810834113674196,14,0.55,0.55,right,0.511891658863258,-0.033468988090170626,-0.004639353046571336,0.0,0.058847733522495956,-0.0011973272427291716,0.05765040627976681,0.0,-0.058847733522495956,0.0011973272427291716,-0.05765040627976681,-0.018566275993717185
1.5349999999999886,9.616396743171439,0.012702521914645139,14,0.55,0.55,left,0.5372974780853549,0.019638630602237247,-0.006936108687592108,1.5349999999999886,9.618906583265,-0.04571207914232709,14,0.55,0.55,right,0.5042879208576729,-0.04002670878582809,-0.005685370356498999,0.0,0.05966533938806534,-0.001250738331093109,0.05841460105697227,0.0,-0.05966533938806534,0.001250738331093109,-0.05841460105697227,-0.03300955722768195
1.5399999999999885,9.644133985707978,0.0057928643859417326,14,0.55,0.55,left,0.5442071356140583,0.013898515772149164,-0.008105651386207433,1.5399999999999885,9.64633133337588,-0.05339104122599074,14,0.55,0.55,right,0.4966089587740093,-0.046584429481485556,-0.006806611744505184,0.0,0.06048294525363472,-0.0012990396417022487,0.05918390561193243,0.0,-0.06048294525363472,0.0012990396417022487,-0.059183905611932486,-0.04759817684004902
1.5449999999999884,9.671850591186473,-0.0011809298207252654,14,0.55,0.55,right,0.5488190701792748,0.008158400942061094,-0.009339330762786358,1.5449999999999884,9.673718598042651,-0.06113969786109029,14,0.55,0.55,right,0.48886030213890974,-0.053142150177142994,-0.007997547683947295,0.0,0.061300551119204086,-0.001341783078839063,0.05995876804036504,0.0,-0.061300551119204086,0.001341783078839063,-0.05995876804036504,-0.05995876804036504
1.5499999999999883,9.699548039830628,-0.008215156820457746,14,0.55,0.55,right,0.5417848431795423,0.002418286111973013,-0.01063344293243076,1.5499999999999883,9.701069853193497,-0.06895471894679099,14,0.55,0.55,right,0.48104528105320904,-0.05969987087280046,-0.009254848073990532,0.0,0.06211815698477347,-0.0013785948584402272,0.060739562126333246,0.0,-0.06211815698477347,0.0013785948584402272,-0.0607395621263333,-0.0607395621263333
1.5549999999999882,9.727227875707477,-0.015305936151657668,14,0.55,0.55,right,0.5346940638483424,-0.003321828718115056,-0.011984107433542612,1.5549999999999882,9.728386654650981,-0.07683259991510605,14,0.55,0.55,right,0.473167400084894,-0.0662575915684579,-0.010575008346648151,0.0,0.06293576285034284,-0.0014090990868944608,0.0615266637634484,0.0,-0.06293576285034284,0.0014090990868944608,-0.0615266637634484,-0.0615266637634484
1.559999999999988,9.754892670478919,-0.0224466989537604,15,0.55,0.55,right,0.5275533010462397,-0.022178057704530758,-0.0002686412492296439,1.559999999999988,9.755671708331835,-0.08476720683169726,15,0.55,0.55,right,0.4652327931683028,-0.08462257842134974,-0.0001446284103475276,0.0,0.06244452071681898,-0.00012401283888211628,0.06232050787793686,0.0,-0.06244452071681898,0.00012401283888211628,-0.06232050787793686,-0.06232050787793686
1.564999999999988,9.782544996834522,-0.029630818942037177,15,0.55,0.55,right,0.5203691810579628,-0.02870513573315054,-0.0009256832088866372,1.564999999999988,9.782927738541385,-0.09275234134693912,15,0.55,0.55,right,0.45724765865306094,-0.09198660742114931,-0.0007657339257898105,0.0,0.06328147168799877,-0.00015994928309682674,0.06312152240490188,0.0,-0.06328147168799877,0.00015994928309682674,-0.06312152240490188,-0.06312152240490188
1.5699999999999878,9.81018647943503,-0.03685406928871226,15,0.55,0.55,right,0.5131459307112878,-0.03523221376177206,-0.0016218555269401982,1.5699999999999878,9.810156436821462,-0.10078413664523304,15,0.55,0.55,right,0.449215863354767,-0.09935063642095085,-0.0014335002242821943,0.0,0.06411842265917879,-0.000188355302658004,0.06393006735652074,0.0,-0.06411842265917879,0.000188355302658004,-0.06393006735652079,-0.06393006735652079
1.5749999999999877,9.83781878242929,-0.04411205716015457,15,0.55,0.55,right,0.5058879428398455,-0.041759291790393574,-0.0023527653697609993,1.5749999999999877,9.837359556402209,-0.10885855065617119,15,0.55,0.55,right,0.4411414493438289,-0.10671466542075236,-0.0021438852354188215,0.0,0.06495537363035879,-0.00020888013434217784,0.06474649349601669,0.0,-0.06495537363035879,0.00020888013434217784,-0.06474649349601663,-0.06474649349601663
1.5799999999999876,9.865437136258949,-0.05139492757555641,15,0.55,0.55,right,0.49860507242444363,-0.0482863698190151,-0.0031085577565413067,1.5799999999999876,9.864526377695297,-0.11696312925928276,15,0.55,0.55,right,0.4330368707407173,-0.1140786944205539,-0.0028844348387288554,0.0,0.0657923246015388,-0.00022412291781245125,0.06556820168372635,0.0,-0.0657923246015388,0.00022412291781245125,-0.06556820168372635,-0.06556820168372635
1.5849999999999875,9.893036701749194,-0.05869289357324945,15,0.55,0.55,right,0.4913071064267506,-0.054813447847636615,-0.003879445725612836,1.5849999999999875,9.89164609343886,-0.12508555007050925,15,0.55,0.55,right,0.4249144499294908,-0.12144272342035543,-0.0036428266501538215,0.0,0.06662927557271882,-0.00023661907545901445,0.06639265649725978,0.0,-0.06662927557271882,0.00023661907545901445,-0.06639265649725978,-0.06639265649725978
1.5899999999999874,9.92061907484373,-0.06600143364394508,15,0.55,0.55,right,0.483998566356055,-0.06134052587625813,-0.004660907767686948,1.5899999999999874,9.918720395455255,-0.13322172238249888,15,0.55,0.55,right,0.4167782776175012,-0.12880675242015696,-0.004414969962341919,0.0,0.06746622654389883,-0.0002459378053450284,0.06722028873855379,0.0,-0.06746622654389883,0.0002459378053450284,-0.06722028873855379,-0.06722028873855379
1.5949999999999873,9.948185859571687,-0.07331588730422028,15,0.55,0.55,right,0.47668411269577976,-0.06786760390487964,-0.005448283399340642,1.5949999999999873,9.945751006721062,-0.14136740426043443,15,0.55,0.55,right,0.4086325957395656,-0.1361707814199585,-0.005196622840475923,0.0,0.06830317751507886,-0.00025166055886471916,0.06805151695621414,0.0,-0.06830317751507886,0.00025166055886471916,-0.06805151695621414,-0.06805151695621414
1.5999999999999872,9.975739365295912,-0.0806287508723719,15,0.55,0.55,right,0.4693712491276282,-0.07439468193350117,-0.0062340689388707266,1.5999999999999872,9.97274046480314,-0.1495154286336493,15,0.55,0.55,right,0.40048457136635074,-0.14353481041976004,-0.0059806182138892605,0.0,0.06914012848625888,-0.00025345072498146604,0.06888667776127744,0.0,-0.06914012848625888,0.00025345072498146604,-0.06888667776127744,-0.06888667776127744
1.604999999999987,10.003281826997148,-0.08793254090783853,15,0.55,0.55,right,0.4620674590921615,-0.0809217599621227,-0.007010780945715833,1.604999999999987,9.99969124952358,-0.15765863619769216,15,0.55,0.55,right,0.3923413638023079,-0.15089883941956156,-0.0067597967781306,0.0,0.06997707945743886,-0.0002509841675852331,0.06972609528985363,0.0,-0.06997707945743886,0.0002509841675852331,-0.06972609528985363,-0.06972609528985363
1.609999999999987,10.030814725450858,-0.09522243883610321,15,0.55,0.55,right,0.45477756116389684,-0.08744883799074421,-0.007773600845358997,1.609999999999987,10.026605023166367,-0.16579257958117,15,0.55,0.55,right,0.38420742041883005,-0.1582628684193631,-0.007529711161806896,0.0,0.07081403042861889,-0.00024388968355210094,0.07057014074506684,0.0,-0.07081403042861889,0.00024388968355210094,-0.07057014074506679,-0.07057014074506679
1.614999999999987,10.058339517208264,-0.1024935169403552,15,0.55,0.55,right,0.44750648305964486,-0.09397591601936572,-0.00851760092098948,1.614999999999987,10.053483449716648,-0.17391267766514598,15,0.55,0.55,right,0.3760873223348541,-0.16562689741916464,-0.008285780245981339,0.0,0.07165098139979892,-0.0002318206750081403,0.07141916072479071,0.0,-0.07165098139979892,0.0002318206750081403,-0.07141916072479076,-0.07141916072479076
1.6199999999999868,10.085858369037545,-0.10973811715400728,15,0.55,0.55,right,0.44026188284599277,-0.10050299404798724,-0.009235123106020038,1.6199999999999868,10.080329114817289,-0.18201153502354972,15,0.55,0.55,right,0.3679884649764503,-0.17299092641896616,-0.009020608604583563,0.0,0.07248793237097892,-0.00021451450143647466,0.07227341786954244,0.0,-0.07248793237097892,0.00021451450143647466,-0.07227341786954244,-0.07227341786954244
1.6249999999999867,10.113373339485172,-0.11694863892550285,15,0.55,0.55,right,0.4330513610744972,-0.10703007207660876,-0.009918566848894084,1.6249999999999867,10.107144511193761,-0.1900817938464837,15,0.55,0.55,right,0.35991820615351633,-0.1803549554187677,-0.00972683842771599,0.0,0.07332488334215893,-0.00019172842117809452,0.07313315492098083,0.0,-0.07332488334215893,0.00019172842117809452,-0.07313315492098088,-0.07313315492098088
1.6299999999999866,10.140885662128946,-0.1241201037874349,15,0.55,0.55,right,0.42587989621256517,-0.11355715010523028,-0.010562953682204626,1.6299999999999866,10.133931140562284,-0.19811875013087277,15,0.55,0.55,right,0.3518812498691273,-0.1877189844185692,-0.010399765712303555,0.0,0.07416183431333893,-0.00016318796990107132,0.07399864634343789,0.0,-0.07416183431333893,0.00016318796990107132,-0.07399864634343789,-0.07399864634343789
1.6349999999999865,10.168396514393667,-0.13124746139455873,15,0.55,0.55,right,0.4187525386054413,-0.1200842281338518,-0.011163233260706923,1.6349999999999865,10.160690471900356,-0.20611759773524183,15,0.55,0.55,right,0.3438824022647582,-0.19508301341837075,-0.011034584316871071,0.0,0.07499878528451895,-0.0001286489438358518,0.07487013634068318,0.0,-0.07499878528451895,0.0001286489438358518,-0.07487013634068312,-0.07487013634068312
1.6399999999999864,10.195907668177533,-0.13832307249218972,15,0.55,0.55,right,0.4116769275078103,-0.12661130616247335,-0.011711766329716378,1.6399999999999864,10.187424777439922,-0.21407082062503882,15,0.55,0.55,right,0.33592917937496125,-0.2024470424181723,-0.011623778206866525,0.0,0.07583573625569895,-8.798812284985247e-05,0.07574774813284901,0.0,-0.07583573625569895,8.798812284985247e-05,-0.07574774813284907,-0.07574774813284907
1.6449999999999863,10.22342075877277,-0.14533939306319946,15,0.55,0.55,right,0.4046606069368006,-0.13313838419109483,-0.012201008872104624,1.6449999999999863,10.214136201817718,-0.22197097857341205,15,0.55,0.55,right,0.32802902142658796,-0.20981107141797384,-0.012159907155438215,0.0,0.076672687226879,-4.1101716666408494e-05,0.07663158551021265,0.0,-0.076672687226879,4.1101716666408494e-05,-0.07663158551021265,-0.07663158551021265
1.6499999999999861,10.250936653087624,-0.15229143684483903,15,0.55,0.55,right,0.397708563155161,-0.13966546221971635,-0.012625974625122688,1.6499999999999861,10.24082594781647,-0.22981325457697735,15,0.55,0.55,right,0.3201867454230227,-0.21717510041777538,-0.01263815415920197,0.0,0.07750963819805903,1.217953407928185e-05,0.07752181773213829,0.0,-0.07750963819805903,-1.217953407928185e-05,-0.07752181773213829,-0.07752181773213829
1.654999999999986,10.278456134639814,-0.15917418465774621,15,0.55,0.55,right,0.3908258153422538,-0.1461925402483379,-0.012981644409408327,1.654999999999986,10.26749515192348,-0.23759276913298247,15,0.55,0.55,right,0.3124072308670176,-0.2245391294175769,-0.013053639715405574,0.0,0.078346589169239,7.199530599724668e-05,0.0784185844752362,0.0,-0.078346589169239,-7.199530599724668e-05,-0.0784185844752362,-0.0784185844752362
1.659999999999986,10.305980464658475,-0.16598022443508392,16,0.55,0.55,right,0.3840197755649161,-0.1656982633822171,-0.00028196105286681927,1.659999999999986,10.29414562223769,-0.24530210161426244,16,0.55,0.55,right,0.3046978983857376,-0.24514421714229834,-0.0001578844719641037,0.0,0.07944595376008123,-0.00012407658090271556,0.0793218771791786,0.0,-0.07944595376008123,0.00012407658090271556,-0.07932187717917855,-0.07932187717917855
1.6649999999999858,10.333510748494025,-0.1727022711898589,16,0.55,0.55,right,0.3772977288101411,-0.17114695716894918,-0.0015553140209097205,1.6649999999999858,10.320779011674883,-0.2529339443469579,16,0.55,0.55,right,0.29706605565304217,-0.2514905157881521,-0.0014434285588057483,0.0,0.08034355861920295,-0.00011188546210397221,0.08023167315709889,0.0,-0.08034355861920295,0.00011188546210397221,-0.08023167315709895,-0.08023167315709895
1.6699999999999857,10.361047394531415,-0.17933547483741757,16,0.55,0.55,right,0.37066452516258247,-0.17659565095568272,-0.002739823881734854,1.6699999999999857,10.347396102525902,-0.26048352430987204,16,0.55,0.55,right,0.289516475690128,-0.2578368144340077,-0.0026467098758643504,0.0,0.08124116347832497,-9.311400587050378e-05,0.08114804947245435,0.0,-0.08124116347832497,9.311400587050378e-05,-0.08114804947245446,-0.08114804947245446
1.6749999999999856,10.388590707787241,-0.18587498869513594,16,0.55,0.55,right,0.3641250113048641,-0.18204434474241624,-0.0038306439527197034,1.6749999999999856,10.373997583028295,-0.267946046942997,16,0.55,0.55,right,0.28205395305700304,-0.2641831130798632,-0.0037629338631338105,0.0,0.08213876833744696,-6.771008958589286e-05,0.0820710582478611,0.0,-0.08213876833744696,6.771008958589286e-05,-0.08207105824786104,-0.08207105824786104
1.6799999999999855,10.41615182638854,-0.19231618558089583,16,0.55,0.55,right,0.35768381441910424,-0.18749303852914978,-0.004823147051746052,1.6799999999999855,10.400600806828448,-0.2753189140251911,16,0.55,0.55,right,0.27468108597480895,-0.2705294117257187,-0.004789502299472392,0.0,0.08303637319656892,-3.364475227365937e-05,0.08300272844429524,0.0,-0.08303637319656892,3.364475227365937e-05,-0.08300272844429529,-0.08300272844429529
1.6849999999999854,10.443741755073273,-0.19865445985933802,16,0.55,0.55,right,0.351345540140662,-0.1929417323158833,-0.0057127275434547264,1.6849999999999854,10.427223019085648,-0.28259945328792985,16,0.55,0.55,right,0.2674005467120702,-0.2768757103715742,-0.005723742916355634,0.0,0.08393397805569092,1.1015372900907705e-05,0.08394499342859185,0.0,-0.08393397805569092,-1.1015372900907705e-05,-0.0839449934285918,-0.0839449934285918
1.6899999999999853,10.471360431449531,-0.20488504180466047,16,0.55,0.55,right,0.34511495819533955,-0.1983904261026168,-0.006494615702043655,1.6899999999999853,10.453864583391216,-0.28978277603862507,16,0.55,0.55,right,0.260217223961375,-0.2832220090174297,-0.006560767021195346,0.0,0.08483158291481291,6.615131915169159e-05,0.08489773423396463,0.0,-0.08483158291481291,-6.615131915169159e-05,-0.08489773423396457,-0.08489773423396457
1.6949999999999852,10.49900767615006,-0.21100321425980675,16,0.55,0.55,right,0.3389967857401933,-0.20383911988935033,-0.007164094370456425,1.6949999999999852,10.4805257450111,-0.296864033646179,16,0.55,0.55,right,0.253135966353821,-0.2895683076632853,-0.0072957259828937415,0.0,0.08572918777393496,0.00013163161243731625,0.08586081938637224,0.0,-0.08572918777393496,-0.00013163161243731625,-0.0858608193863723,-0.0858608193863723
1.699999999999985,10.526683519841294,-0.2170024150990312,16,0.55,0.55,right,0.33299758490096887,-0.2092878136760839,-0.007714601422947304,1.699999999999985,10.507207166913538,-0.3038364000119643,16,0.55,0.55,right,0.24616359998803572,-0.2959146063091408,-0.007921793702823532,0.0,0.08662679263305689,0.00020719227987622824,0.08683398491293315,0.0,-0.08662679263305689,-0.00020719227987622824,-0.08683398491293315,-0.08683398491293315
1.704999999999985,10.554387830286446,-0.22287625654342247,16,0.55,0.55,right,0.3271237434565776,-0.21473650746281742,-0.008139749080605052,1.704999999999985,10.533909335491884,-0.3106932224614062,16,0.55,0.55,right,0.23930677753859386,-0.30226090495499636,-0.008432317506409825,0.0,0.08752439749217894,0.0002925684258047734,0.08781696591798371,0.0,-0.08752439749217894,-0.0002925684258047734,-0.08781696591798371,-0.08781696591798371
1.7099999999999849,10.582120007277764,-0.22862037527181567,16,0.55,0.55,right,0.3213796247281844,-0.22018520124955093,-0.008435174022264735,1.7099999999999849,10.560632049784834,-0.31742998764732483,16,0.55,0.55,right,0.23257001235267521,-0.3086072036008518,-0.00882278404647302,0.0,0.08842200235130088,0.0003876100242082847,0.0888096123755091,0.0,-0.08842200235130088,-0.0003876100242082847,-0.08880961237550916,-0.08880961237550916
1.7149999999999848,10.60987933348775,-0.23423047720315046,16,0.55,0.55,right,0.31576952279684956,-0.22563389503628445,-0.008596582166866013,1.7149999999999848,10.58737498675725,-0.3240422411060606,16,0.55,0.55,right,0.22595775889393943,-0.3149535022467073,-0.009088738859353296,0.0,0.08931960721042287,0.0004921566924872833,0.08981176390291012,0.0,-0.08931960721042287,-0.0004921566924872833,-0.08981176390291012,-0.08981176390291012
1.7199999999999847,10.637665091312266,-0.23970066010100338,16,0.55,0.55,right,0.31029933989899666,-0.231082588823018,-0.00861807127798539,1.7199999999999847,10.614137918256805,-0.3305237548397684,16,0.55,0.55,right,0.21947624516023162,-0.3212998008925628,-0.009223953947205599,0.0,0.09021721206954483,0.0006058826692202091,0.09082309473876493,0.0,-0.09021721206954483,-0.0006058826692202091,-0.09082309473876504,-0.09082309473876504
1.7249999999999845,10.665476410516023,-0.24502519815511478,16,0.55,0.55,right,0.30497480184488523,-0.2365312826097515,-0.008493915545363273,1.7249999999999845,10.640920447186419,-0.3368684793148839,16,0.55,0.55,right,0.21313152068511615,-0.3276460995384184,-0.009222379776465506,0.0,0.09111481692866688,0.0007284642311022327,0.09184328115976914,0.0,-0.09111481692866688,-0.0007284642311022327,-0.09184328115976909,-0.09184328115976909
1.7299999999999844,10.69331217179792,-0.25020017681185713,16,0.55,0.55,right,0.2997998231881429,-0.24197997639648505,-0.008220200415372081,1.7299999999999844,10.667721814373579,-0.34307232836493035,16,0.55,0.55,right,0.2069276716350697,-0.3339923981842739,-0.009079930180656448,0.0,0.09201242178778885,0.0008597297652843672,0.09287215155307327,0.0,-0.09201242178778885,-0.0008597297652843672,-0.09287215155307321,-0.09287215155307321
1.7349999999999843,10.721171143249046,-0.25522176420552223,16,0.55,0.55,right,0.2947782357944778,-0.24742867018321857,-0.007793094022303659,1.7349999999999843,10.694541140252698,-0.34913128983273445,16,0.55,0.55,right,0.2008687101672656,-0.3403386968301294,-0.008792593002605043,0.0,0.09291002664691084,0.0009994989803013832,0.09390952562721222,0.0,-0.09291002664691084,-0.0009994989803013832,-0.09390952562721222,-0.09390952562721222
1.7399999999999842,10.749052069807968,-0.2600847822471753,16,0.55,0.55,right,0.28991521775282475,-0.25287736396995214,-0.007207418277223154,1.7399999999999842,10.721377589204915,-0.355039843640263,16,0.55,0.55,right,0.19496015635973707,-0.34668499547598497,-0.008354848164278006,0.0,0.09380763150603283,0.0011474298870548516,0.09495506139308774,0.0,-0.09380763150603283,-0.0011474298870548516,-0.09495506139308768,-0.09495506139308768
1.7449999999999841,10.776953558157375,-0.26478422672533286,16,0.55,0.55,right,0.2852157732746672,-0.2583260577566856,-0.00645816896864726,1.7449999999999841,10.748230169699143,-0.36079264661032573,16,0.55,0.55,right,0.18920735338967432,-0.3530312941218404,-0.007761352488485307,0.0,0.09470523636515482,0.001303183519838047,0.09600841988499287,0.0,-0.09470523636515482,-0.001303183519838047,-0.09600841988499287,-0.09600841988499287
1.749999999999984,10.804874005737386,-0.2693166596674394,16,0.55,0.55,right,0.28068334033256065,-0.2637747515434192,-0.005541908124020223,1.749999999999984,10.775097591506478,-0.3663860733111458,16,0.55,0.55,right,0.18361392668885423,-0.359377592767696,-0.007008480543449824,0.0,0.09560284122427681,0.0014665724194296015,0.09706941364370636,0.0,-0.09560284122427681,-0.0014665724194296015,-0.09706941364370641,-0.09706941364370641
1.754999999999984,10.8328117056504,-0.2736787366273457,16,0.55,0.55,right,0.27632126337265434,-0.2692234453301527,-0.00445529129719302,1.754999999999984,10.801978449982327,-0.3718165849170834,16,0.55,0.55,right,0.17818341508291663,-0.3657238914135515,-0.006092693503531921,0.0,0.0965004460833988,0.0016374022063389004,0.0981378482897377,0.0,-0.0965004460833988,-0.0016374022063389004,-0.0981378482897377,-0.0981378482897377
1.7599999999999838,10.860764935543378,-0.27786601279265466,17,0.55,0.55,right,0.2721339872073454,-0.2777014755956389,-0.0001645371970157572,1.7599999999999838,10.828871366020868,-0.37707939161626247,17,0.55,0.55,right,0.17292060838373757,-0.3769837797958988,-9.561182036366134e-05,0.0,0.09928230420025991,-6.892537665209586e-05,0.09921337882360781,0.0,-0.09928230420025991,6.892537665209586e-05,-0.09921337882360781,-0.09921337882360781
1.7649999999999837,10.888731851719065,-0.28187421281510255,17,0.55,0.55,right,0.2681257871848975,-0.2800007730715441,-0.0018734397435584693,1.7649999999999837,10.855774820771932,-0.38216987699943333,17,0.55,0.55,right,0.1678301230005667,-0.38042501217485014,-0.0017448648245831921,0.0,0.10042423910330606,-0.00012857491897527717,0.10029566418433067,0.0,-0.10042423910330606,0.00012857491897527717,-0.10029566418433078,-0.10029566418433078
1.7699999999999836,10.916710416790531,-0.2857003936717396,17,0.55,0.55,right,0.26429960632826044,-0.28230007054744993,-0.0034003231242896725,1.7699999999999836,10.882687034921387,-0.3870849007415012,17,0.55,0.55,right,0.16291509925849884,-0.3838662445538024,-0.0032186561876987874,0.0,0.10156617400635248,-0.00018166693659088518,0.10138450706976154,0.0,-0.10156617400635248,0.00018166693659088518,-0.1013845070697616,-0.1013845070697616
1.7749999999999835,10.944698500261225,-0.2893417139697717,17,0.55,0.55,right,0.26065828603022834,-0.2845993680233557,-0.004742345946415982,1.7749999999999835,10.909606124180886,-0.3918214192889118,17,0.55,0.55,right,0.15817858071108826,-0.38730747693275464,-0.004513942356157152,0.0,0.10270810890939891,-0.00022840359025882995,0.10247970531914008,0.0,-0.10270810890939891,0.00022840359025882995,-0.10247970531914008,-0.10247970531914008
1.7799999999999834,10.972715587367965,-0.29279743883470627,17,0.55,0.55,right,0.2572025611652938,-0.2868986654992615,-0.005898773335444751,1.7799999999999834,10.936553114052268,-0.3963795543894064,17,0.55,0.55,right,0.15362044561059363,-0.39074870931170697,-0.005630845077699453,0.0,0.10385004381244545,-0.00026792825774529794,0.1035821155547001,0.0,-0.10385004381244545,0.00026792825774529794,-0.10358211555470015,-0.10358211555470015
1.7849999999999833,11.000781121992427,-0.29606666042738367,17,0.55,0.55,right,0.2539333395726164,-0.2891979629751673,-0.006868697452216355,1.7849999999999833,10.963548990293715,-0.40075921171504825,17,0.55,0.55,right,0.1492407882849518,-0.3941899416906592,-0.006569270024389062,0.0,0.10499197871549187,-0.00029942742782729237,0.10469255128766464,0.0,-0.10499197871549187,0.00029942742782729237,-0.10469255128766458,-0.10469255128766458
1.7899999999999832,11.028892799668073,-0.29914647957917967,17,0.55,0.55,right,0.2508535204208204,-0.2914972604510731,-0.007649219128106566,1.7899999999999832,10.990591675071196,-0.40495722621970276,17,0.55,0.55,right,0.14504277378029728,-0.3976311740696114,-0.007326052150091356,0.0,0.1061339136185383,-0.0003231669780152102,0.10581074664052315,0.0,-0.1061339136185383,0.0003231669780152102,-0.10581074664052309,-0.10581074664052309
1.794999999999983,11.057048261393616,-0.30203415496299657,17,0.55,0.55,right,0.24796584503700347,-0.29379655792697895,-0.008237597036017619,1.794999999999983,11.017679019439063,-0.40897059563895904,17,0.55,0.55,right,0.141029404361041,-0.4010724064485637,-0.007898189190395366,0.0,0.10727584852158473,-0.0003394078456222527,0.10693644067596253,0.0,-0.10727584852158473,0.0003394078456222527,-0.10693644067596247,-0.10693644067596247
1.799999999999983,11.085245158054821,-0.30472799848364274,17,0.55,0.55,right,0.2452720015163573,-0.29609585540288474,-0.008632143080757992,1.799999999999983,11.044809101409298,-0.41279753311924694,17,0.55,0.55,right,0.1372024668807531,-0.404513638827516,-0.008283894291730931,0.0,0.10841778342463126,-0.00034824878902706136,0.1080695346356042,0.0,-0.10841778342463126,0.00034824878902706136,-0.1080695346356042,-0.1080695346356042
1.8049999999999828,11.113481110299388,-0.3072264140193065,17,0.55,0.55,right,0.24277358598069354,-0.29839515287879054,-0.008831261140515967,1.8049999999999828,11.071979959078028,-0.4164363377870694,17,0.55,0.55,right,0.13356366221293065,-0.40795487120646823,-0.008481466580601171,0.0,0.10955971832767769,-0.0003497945599147956,0.10920992376776295,0.0,-0.10955971832767769,0.0003497945599147956,-0.1092099237677629,-0.1092099237677629
1.8099999999999827,11.141753650375602,-0.30952702772613594,17,0.55,0.55,right,0.2404729722738641,-0.30069445035469633,-0.00883257737143961,1.8099999999999827,11.099189296612096,-0.4198843757491296,17,0.55,0.55,right,0.13011562425087042,-0.4113961035854205,-0.00848827216370912,0.0,0.11070165323072417,-0.00034430520773048867,0.11035734802299368,0.0,-0.11070165323072417,0.00034430520773048867,-0.11035734802299368,-0.11035734802299368
1.8149999999999826,11.170060279837033,-0.31162761286952406,17,0.55,0.55,right,0.23837238713047598,-0.3029937478306022,-0.008633865038921884,1.8149999999999826,11.126434772673953,-0.42313916805055396,17,0.55,0.55,right,0.12686083194944608,-0.4148373359643728,-0.008301832086181182,0.0,0.1118435881337706,-0.00033203295274070177,0.11151155518102984,0.0,-0.1118435881337706,0.00033203295274070177,-0.1115115551810299,-0.1115115551810299
1.8199999999999825,11.198398556929488,-0.3135269154518589,17,0.55,0.55,right,0.23647308454814114,-0.30529304530650797,-0.00823387014535093,1.8199999999999825,11.153714064988149,-0.4261993486125191,17,0.55,0.55,right,0.12380065138748092,-0.418278568343325,-0.007920780269194128,0.0,0.11298552303681703,-0.0003130898761568024,0.11267243316066011,0.0,-0.11298552303681703,0.0003130898761568024,-0.11267243316066022,-0.11267243316066022
1.8249999999999824,11.226766027995184,-0.3152237662100344,17,0.55,0.55,right,0.23477623378996565,-0.30759234278241376,-0.007631423427620632,1.8249999999999824,11.181024830416158,-0.4290636348416045,17,0.55,0.55,right,0.12093636515839556,-0.4217198007222772,-0.007343834119327264,0.0,0.11412745793986345,-0.0002875893082933678,0.11383986863157014,0.0,-0.11412745793986345,0.0002875893082933678,-0.11383986863157008,-0.11383986863157008
1.8299999999999823,11.255160146227315,-0.3167162752461278,17,0.55,0.55,right,0.23328372475387227,-0.30989164025831956,-0.00682463498780822,1.8299999999999823,11.208364645078259,-0.4317298953150667,17,0.55,0.55,right,0.11827010468493332,-0.42516103310122955,-0.006568862213837179,0.0,0.11526939284290999,-0.00025577277397104137,0.115013620068939,0.0,-0.11526939284290999,0.00025577277397104137,-0.11501362006893895,-0.11501362006893895
1.8349999999999822,11.283578354066544,-0.31800268487359673,17,0.55,0.55,right,0.23199731512640331,-0.31219093773422535,-0.0058117471393713815,1.8349999999999822,11.23573106148747,-0.43419613957222675,17,0.55,0.55,right,0.1158038604277733,-0.42860226548018177,-0.005593874092044981,0.0,0.11641132774595642,-0.00021787304732640012,0.11619345469862996,0.0,-0.11641132774595642,0.00021787304732640012,-0.11619345469863002,-0.11619345469863002
1.839999999999982,11.31201819966808,-0.319082137155576,17,0.55,0.55,right,0.23091786284442406,-0.31449023521013114,-0.004591901945444843,1.839999999999982,11.263121763198454,-0.4364614109710631,17,0.55,0.55,right,0.11353858902893693,-0.4320434978591341,-0.004417913111929017,0.0,0.11755326264900295,-0.00017398883351582572,0.11737927381548718,0.0,-0.11755326264900295,0.00017398883351582572,-0.11737927381548713,-0.11737927381548713
1.844999999999982,11.340477234376536,-0.3199538493839371,17,0.55,0.55,right,0.23004615061606293,-0.316789532686037,-0.003164316697900127,1.844999999999982,11.290534429104616,-0.438524827335176,17,0.55,0.55,right,0.11147517266482404,-0.43548473023808626,-0.0030400970970897445,0.0,0.11869519755204927,-0.0001242196008103824,0.11857097795123894,0.0,-0.11869519755204927,0.0001242196008103824,-0.11857097795123889,-0.11857097795123889
1.8499999999999819,11.368952901858934,-0.32061636313233277,17,0.55,0.55,right,0.22938363686766727,-0.3190888301619428,-0.0015275329703899887,1.8499999999999819,11.317966583408749,-0.44038470976341804,17,0.55,0.55,right,0.10961529023658201,-0.43892596261703853,-0.001458747146379502,0.0,0.11983713245509575,-6.878582401048661e-05,0.11976834663108527,0.0,-0.11983713245509575,6.878582401048661e-05,-0.11976834663108527,-0.11976834663108527
1.8549999999999818,11.397442651085626,-0.3210683363848011,17,0.55,0.55,right,0.22893166361519895,-0.32138812763784863,0.0003197912530475411,1.8549999999999818,11.345415744746358,-0.4420395048315573,17,0.55,0.55,right,0.10796049516844275,-0.4423671949959908,0.00032769016443351395,0.0,0.12097906735814218,-7.898911385972873e-06,0.12097116844675626,0.0,-0.12097906735814218,7.898911385972873e-06,-0.1209711684467562,-0.1209711684467562
1.8599999999999817,11.425944078115561,-0.32130926460091197,18,0.55,0.55,right,0.22869073539908807,-0.32140159655395667,9.233195304469977e-05,1.8599999999999817,11.372879657624896,-0.443488620299026,18,0.55,0.55,right,0.10651137970097402,-0.4435448821113462,5.626181232015748e-05,0.0,0.12214328555738951,3.607014072454229e-05,0.12217935569811411,0.0,-0.12214328555738951,-3.607014072454229e-05,-0.12217935569811406,-0.12217935569811406
1.8649999999999816,11.454454794338089,-0.3213387087158263,18,0.55,0.55,right,0.22866129128417373,-0.3196458595759124,-0.00169284913991391,1.8649999999999816,11.400356075119465,-0.4447315288628278,18,0.55,0.55,right,0.10526847113717225,-0.4430405996610416,-0.0016909292017862065,0.0,0.12339474008512918,-1.9199381277035243e-06,0.12339282014700137,0.0,-0.12339474008512918,1.9199381277035243e-06,-0.12339282014700148,-0.12339282014700148
1.8699999999999815,11.482972289637672,-0.3211555880791069,18,0.55,0.55,right,0.22884441192089316,-0.3178901225978677,-0.0032654654812391826,1.8699999999999815,11.427842531772633,-0.44576695129986454,18,0.55,0.55,right,0.1042330487001355,-0.44253631721073694,-0.003230634089127604,0.0,0.12464619461286924,-3.4831392111578374e-05,0.12461136322075772,0.0,-0.12464619461286924,3.4831392111578374e-05,-0.12461136322075766,-0.12461136322075766
1.8749999999999813,11.511494071896308,-0.3207589234130976,18,0.55,0.55,right,0.22924107658690246,-0.31613438561982293,-0.004624537793274652,1.8749999999999813,11.455336571121387,-0.44659371881698223,18,0.55,0.55,right,0.10340628118301781,-0.4420320347604322,-0.004561684056550053,0.0,0.12589764914060925,-6.28537367245996e-05,0.12583479540388454,0.0,-0.12589764914060925,6.28537367245996e-05,-0.12583479540388465,-0.12583479540388465
1.8799999999999812,11.540017831956302,-0.32014852284912804,18,0.55,0.55,right,0.229851477150872,-0.3143786486417783,-0.005769874207349757,1.8799999999999812,11.48284023860404,-0.44721117979572245,18,0.55,0.55,right,0.1027888202042776,-0.44152775231012753,-0.005683427485594916,0.0,0.12714910366834925,-8.644672175484036e-05,0.12706265694659435,0.0,-0.12714910366834925,8.644672175484036e-05,-0.1270626569465944,-0.1270626569465944
1.8849999999999811,11.568541285718714,-0.3193242509480444,18,0.55,0.55,right,0.23067574905195565,-0.3126229116637335,-0.006701339284310881,1.8849999999999811,11.510355598961278,-0.4476186997969003,18,0.55,0.55,right,0.10238130020309977,-0.44102346985982277,-0.006595229937077507,0.0,0.12840055819608925,-0.00010610934723337406,0.12829444884885588,0.0,-0.12840055819608925,0.00010610934723337406,-0.12829444884885588,-0.12829444884885588
1.889999999999981,11.597062013511747,-0.3182853547786472,18,0.55,0.55,right,0.23171464522135282,-0.3108671746856888,-0.007418180092958415,1.889999999999981,11.537880251173657,-0.44781529539821924,18,0.55,0.55,right,0.10218470460178081,-0.440519187409518,-0.007296107988701228,0.0,0.1296520127238292,-0.00012207210425718706,0.12952994061957201,0.0,-0.1296520127238292,0.00012207210425718706,-0.12952994061957201,-0.12952994061957201
1.894999999999981,11.625577623672125,-0.3170311692882211,18,0.55,0.55,right,0.23296883071177893,-0.3091114377076441,-0.007919731580577016,1.894999999999981,11.56541182003695,-0.44780008528290033,18,0.55,0.55,right,0.10219991471709972,-0.44001490495921336,-0.007785180323686969,0.0,0.13090346725156926,-0.00013455125689004754,0.1307689159946792,0.0,-0.13090346725156926,0.00013455125689004754,-0.1307689159946792,-0.1307689159946792
1.8999999999999808,11.654085940012079,-0.31556177941625435,18,0.55,0.55,right,0.2344382205837457,-0.30735570072959933,-0.008206078686655016,1.8999999999999808,11.592948127577236,-0.447573045062617,18,0.55,0.55,right,0.10242695493738302,-0.4395106225089086,-0.008062422553708426,0.0,0.13215492177930926,-0.0001436561329465902,0.13201126564636256,0.0,-0.13215492177930926,0.0001436561329465902,-0.13201126564636267,-0.13201126564636267
1.9049999999999807,11.682584819299828,-0.3138773186496289,18,0.55,0.55,right,0.23612268135037112,-0.3055999637515546,-0.008277354898074296,1.9049999999999807,11.620487029027872,-0.4471342055334438,18,0.55,0.55,right,0.10286579446655625,-0.43900634005860395,-0.008127865474839846,0.0,0.13340637630704932,-0.00014948942323445014,0.13325688688381487,0.0,-0.13340637630704932,0.00014948942323445014,-0.13325688688381487,-0.13325688688381487
1.9099999999999806,11.71107196759019,-0.31197731760522157,18,0.55,0.55,right,0.23802268239477847,-0.3038442267735099,-0.008133090831711653,1.9099999999999806,11.64802624501629,-0.446482910469404,18,0.55,0.55,right,0.10351708953059602,-0.4385020576082992,-0.007980852861104837,0.0,0.13465783083478927,-0.00015223797060681665,0.1345055928641824,0.0,-0.13465783083478927,0.00015223797060681665,-0.13450559286418245,-0.13450559286418245
1.9149999999999805,11.739545126943606,-0.30986138314700534,18,0.55,0.55,right,0.2401386168529947,-0.3020884897954652,-0.007772893351540133,1.9149999999999805,11.675563531272042,-0.44561859179930524,18,0.55,0.55,right,0.1043814082006948,-0.43799777515799454,-0.0076208166413107015,0.0,0.13590928536252933,-0.0001520767102294318,0.1357572086522998,0.0,-0.13590928536252933,0.0001520767102294318,-0.1357572086522999,-0.1357572086522999
1.9199999999999804,11.768002286070654,-0.3075298474106512,18,0.55,0.55,right,0.24247015258934884,-0.30033275281742045,-0.007197094593230757,1.9199999999999804,11.703096876906537,-0.4445415100202345,18,0.55,0.55,right,0.10545848997976554,-0.4374934927076898,-0.00704801731254473,0.0,0.13716073989026933,-0.00014907728068602744,0.13701166260958342,0.0,-0.13716073989026933,0.00014907728068602744,-0.1370116626095833,-0.1370116626095833
1.9249999999999803,11.796441473250525,-0.3049830845806239,18,0.55,0.55,right,0.24501691541937615,-0.29857701583937574,-0.006406068741248161,1.9249999999999803,11.730624311615058,-0.44325197349610324,18,0.55,0.55,right,0.10674802650389681,-0.43698921025738513,-0.006262763238718105,0.0,0.1384121944180094,-0.00014330550253005558,0.1382688889154794,0.0,-0.1384121944180094,0.00014330550253005558,-0.13826888891547934,-0.13826888891547934
1.9299999999999802,11.824860549052294,-0.30222087148255916,18,0.55,0.55,right,0.24777912851744088,-0.29682127886133103,-0.005399592621228133,1.9299999999999802,11.758143710599667,-0.44174960956423276,18,0.55,0.55,right,0.10825039043576729,-0.43648492780708037,-0.00526468175715239,0.0,0.13966364894574934,-0.00013491086407574349,0.13952873808167365,0.0,-0.13966364894574934,0.00013491086407574349,-0.1395287380816736,-0.1395287380816736
1.93499999999998,11.853257416639437,-0.29924305153021336,18,0.55,0.55,right,0.2507569484697867,-0.2950655418832863,-0.004177509646927036,1.93499999999998,11.785652991763294,-0.4400341226611614,18,0.55,0.55,right,0.10996587733883867,-0.43598064535677566,-0.004053477304385711,0.0,0.14091510347348934,-0.00012403234254132478,0.14079107113094802,0.0,-0.14091510347348934,0.00012403234254132478,-0.14079107113094802,-0.14079107113094802
1.93999999999998,11.881630257547316,-0.2960501814251068,18,0.55,0.55,right,0.25394981857489324,-0.2933098049052416,-0.0027403765198651953,1.93999999999998,11.81315034246688,-0.43810603337966264,18,0.55,0.55,right,0.1118939666203374,-0.43547636290647096,-0.002629670473191681,0.0,0.14216655800122935,-0.00011070604667351436,0.14205585195455583,0.0,-0.14216655800122935,0.00011070604667351436,-0.14205585195455583,-0.14205585195455583
1.9449999999999799,11.909977298702097,-0.2926428549310301,18,0.55,0.55,right,0.25735714506896995,-0.29155406792719685,-0.001088787003833247,1.9449999999999799,11.840633997114718,-0.43596590493058973,18,0.55,0.55,right,0.11403409506941031,-0.43497208045616625,-0.000993824474423477,0.0,0.1434180125289694,-9.496252940977001e-05,0.1433230499995597,0.0,-0.1434180125289694,9.496252940977001e-05,-0.14332304999955964,-0.14332304999955964
1.9499999999999797,11.938296579682444,-0.28902106497704827,18,0.55,0.55,right,0.2609789350229518,-0.28979833094915214,0.0007772659721038688,1.9499999999999797,11.868102013330828,-0.4336136147857226,18,0.55,0.55,right,0.11638638521427747,-0.43446779800586155,0.000854183220138971,0.0,0.1446694670567094,-7.691724803510214e-05,0.1445925498086743,0.0,-0.1446694670567094,7.691724803510214e-05,-0.1445925498086743,-0.1445925498086743
1.9549999999999796,11.96658618837905,-0.28518486343503924,18,0.55,0.55,right,0.2648151365649608,-0.28804259397110743,0.0028577305360681926,1.9549999999999796,11.89555249801203,-0.4310491091856029,18,0.55,0.55,right,0.11895089081439714,-0.4339635155555568,0.0029144063699538814,0.0,0.14592092158444936,-5.667583388568875e-05,0.14586424575056367,0.0,-0.14592092158444936,5.667583388568875e-05,-0.14586424575056367,-0.14586424575056367
1.9599999999999795,11.99484452514074,-0.2811350164794216,19,0.55,0.55,right,0.26886498352057847,-0.2812107558931398,7.573941371824544e-05,1.9599999999999795,11.922983865623786,-0.42827315397494214,19,0.55,0.55,right,0.1217268460250579,-0.42831946121862396,4.6307243681820154e-05,0.0,0.14710870532548415,2.9432170036425287e-05,0.14713813749552063,0.0,-0.14710870532548415,-2.9432170036425287e-05,-0.14713813749552057,-0.14713813749552057
1.9649999999999794,12.023070041187633,-0.2768723239903604,19,0.55,0.55,right,0.27312767600963966,-0.2752234202460762,-0.0016489037442841692,1.9649999999999794,11.95039458372835,-0.42528655444130475,19,0.55,0.55,right,0.12471344555869529,-0.42363740159640995,-0.0016491528448948078,0.0,0.14841398135033373,2.4910061063865285e-07,0.14841423045094437,0.0,-0.14841398135033373,-2.4910061063865285e-07,-0.14841423045094437,-0.14841423045094437
1.9699999999999793,12.05126097728493,-0.27239697241077304,19,0.55,0.55,right,0.277603027589227,-0.26923608459901105,-0.003160887811761992,1.9699999999999793,11.977782917477448,-0.4220894146181754,19,0.55,0.55,right,0.12791058538182465,-0.4189553419741947,-0.00313407264398069,0.0,0.14971925737518366,-2.6815167781302218e-05,0.1496924422074023,0.0,-0.14971925737518366,2.6815167781302218e-05,-0.14969244220740235,-0.14969244220740235
1.9749999999999792,12.079415627840175,-0.2677092015475425,19,0.55,0.55,right,0.2822907984524575,-0.2632487489519459,-0.004460452595596631,1.9749999999999792,12.005147187399823,-0.418681901628853,19,0.55,0.55,right,0.13131809837114705,-0.4142732823519794,-0.004408619276873582,0.0,0.15102453340003352,-5.183331872304908e-05,0.15097270008131047,0.0,-0.15102453340003352,5.183331872304908e-05,-0.15097270008131047,-0.15097270008131047
1.979999999999979,12.10753263799008,-0.2628099801425046,19,0.55,0.55,right,0.2871900198574954,-0.2572614133048807,-0.005548566837623892,1.979999999999979,12.03248606374785,-0.41506502195585276,19,0.55,0.55,right,0.13493497804414728,-0.40959122272976417,-0.005473799226088594,0.0,0.15232980942488344,-7.476761153529798e-05,0.15225504181334815,0.0,-0.15232980942488344,7.476761153529798e-05,-0.15225504181334815,-0.15225504181334815
1.984999999999979,12.135610709296968,-0.2577003090672797,19,0.55,0.55,right,0.29229969093272035,-0.2512740776578155,-0.006426231409464189,1.984999999999979,12.05979827595798,-0.4112398205061806,19,0.55,0.55,right,0.13876017949381947,-0.4049091631075489,-0.0063306573986317005,0.0,0.15363508544973337,-9.557401083248873e-05,0.15353951143890088,0.0,-0.15363508544973337,9.557401083248873e-05,-0.15353951143890088,-0.15353951143890088
1.989999999999979,12.163648305376183,-0.25238055360211264,19,0.55,0.55,right,0.2976194463978874,-0.24528674201075032,-0.007093811591362326,1.989999999999979,12.087082321074472,-0.407206614184653,19,0.55,0.55,right,0.14279338581534706,-0.40022710348533364,-0.006979510699319347,0.0,0.15494036147458332,-0.00011430089204297889,0.15482606058254034,0.0,-0.15494036147458332,0.00011430089204297889,-0.15482606058254034,-0.15482606058254034
1.9949999999999788,12.191643948877354,-0.24685112898856357,19,0.55,0.55,right,0.3031488710114365,-0.23929940636368516,-0.00755172262487841,1.9949999999999788,12.114336757641519,-0.4029657799973886,19,0.55,0.55,right,0.14703422000261146,-0.3955450438631184,-0.007420736134270189,0.0,0.15624563749943324,-0.00013098649060822032,0.15611465100882504,0.0,-0.15624563749943324,0.00013098649060822032,-0.15611465100882504,-0.15611465100882504
