A_time,A_s_abs,A_e_y,A_plan_id,A_left_width,A_right_width,A_boundary,A_clearance,A_nominal_ey,A_tracking_ey,B_time,B_s_abs,B_e_y,B_plan_id,B_left_width,B_right_width,B_boundary,B_clearance,B_nominal_ey,B_tracking_ey,left_width_contribution,left_nominal_contribution,left_tracking_contribution,left_clearance_B_minus_A,right_width_contribution,right_nominal_contribution,right_tracking_contribution,right_clearance_B_minus_A,clearance_B_minus_A,A_kind,A_bracket_start_time,A_bracket_end_time,B_kind,B_bracket_start_time,B_bracket_end_time
0.0,1.0,-0.11268618155631815,0,0.55,0.55,right,0.4373138184436819,-0.11268618155631815,0.0,0.0,1.0,-0.11268618155631815,0,0.55,0.55,right,0.4373138184436819,-0.11268618155631815,0.0,0.0,-0.0,-0.0,0.0,0.0,0.0,0.0,0.0,0.0,recorded_knot,0.0,0.0,recorded_knot,0.0,0.0
0.005,1.026022597904767,-0.11178933738566722,0,0.55,0.55,right,0.43821066261433284,-0.11181195624700732,2.2618861340098495e-05,0.005,1.026022597904767,-0.11178933738566722,0,0.55,0.55,right,0.43821066261433284,-0.11181195624700732,2.2618861340098495e-05,0.0,-0.0,-0.0,0.0,0.0,0.0,0.0,0.0,0.0,recorded_knot,0.005,0.005,recorded_knot,0.005,0.005
0.01,1.052069272623353,-0.11091330273120314,0,0.55,0.55,right,0.4390866972687969,-0.1109377309376965,2.4428206493357085e-05,0.01,1.052069272623353,-0.11091330273120314,0,0.55,0.55,right,0.4390866972687969,-0.1109377309376965,2.4428206493357085e-05,0.0,-0.0,-0.0,0.0,0.0,0.0,0.0,0.0,0.0,recorded_knot,0.01,0.01,recorded_knot,0.01,0.01
0.015,1.0781396794802087,-0.11005388586704057,0,0.55,0.55,right,0.4399461141329595,-0.11006350562838565,9.619761345086575e-06,0.015,1.0781396794802087,-0.11005388586704057,0,0.55,0.55,right,0.4399461141329595,-0.11006350562838565,9.619761345086575e-06,0.0,-0.0,-0.0,0.0,0.0,0.0,0.0,0.0,0.0,recorded_knot,0.015,0.015,recorded_knot,0.015,0.015
0.02,1.1042334782985987,-0.10920709029639622,0,0.55,0.55,right,0.44079290970360385,-0.10918928031907484,-1.780997732138412e-05,0.02,1.1042334782985987,-0.10920709029639622,0,0.55,0.55,right,0.44079290970360385,-0.10918928031907484,-1.780997732138412e-05,0.0,-0.0,-0.0,0.0,0.0,0.0,0.0,0.0,0.0,recorded_knot,0.02,0.02,recorded_knot,0.02,0.02
0.025,1.1303503335641003,-0.10836910439241937,0,0.55,0.55,right,0.4416308956075807,-0.108315055009764,-5.4049382655366185e-05,0.025,1.1303503335641003,-0.10836910439241937,0,0.55,0.55,right,0.4416308956075807,-0.108315055009764,-5.4049382655366185e-05,0.0,-0.0,-0.0,0.0,0.0,0.0,0.0,0.0,0.0,recorded_knot,0.025,0.025,recorded_knot,0.025,0.025
0.03,1.1564899145174652,-0.10753629136979785,0,0.55,0.55,right,0.4424637086302022,-0.10744082970045317,-9.546166934468192e-05,0.03,1.1564899145174652,-0.10753629136979785,0,0.55,0.55,right,0.4424637086302022,-0.10744082970045317,-9.546166934468192e-05,0.0,-0.0,-0.0,0.0,0.0,0.0,0.0,0.0,0.0,recorded_knot,0.03,0.03,recorded_knot,0.03,0.03
0.034999999999999996,1.1826518951849878,-0.10670517963358263,0,0.55,0.55,right,0.44329482036641743,-0.10656660439114235,-0.00013857524244027808,0.034999999999999996,1.1826518951849878,-0.10670517963358263,0,0.55,0.55,right,0.44329482036641743,-0.10656660439114235,-0.00013857524244027808,0.0,-0.0,-0.0,0.0,0.0,0.0,0.0,0.0,0.0,recorded_knot,0.034999999999999996,0.034999999999999996,recorded_knot,0.034999999999999996,0.034999999999999996
0.039999999999999994,1.2088359060856286,-0.10587204871028222,0,0.55,0.55,right,0.4441279512897178,-0.10569237908183152,-0.00017966962845070156,0.039999999999999994,1.2088359060856286,-0.10587204871028222,0,0.55,0.55,right,0.4441279512897178,-0.10569237908183152,-0.00017966962845070156,0.0,-0.0,-0.0,0.0,0.0,0.0,0.0,0.0,0.0,recorded_knot,0.039999999999999994,0.039999999999999994,recorded_knot,0.039999999999999994,0.039999999999999994
0.04499999999999999,1.2350415838635538,-0.10503334377737046,0,0.55,0.55,right,0.4449666562226296,-0.10481815377252068,-0.00021519000484977735,0.04499999999999999,1.2350415838635538,-0.10503334377737046,0,0.55,0.55,right,0.4449666562226296,-0.10481815377252068,-0.00021519000484977735,0.0,-0.0,-0.0,0.0,0.0,0.0,0.0,0.0,0.0,recorded_knot,0.04499999999999999,0.04499999999999999,recorded_knot,0.04499999999999999,0.04499999999999999
0.04999999999999999,1.2612686177935042,-0.10418605469785303,0,0.55,0.55,right,0.445813945302147,-0.10394392846320985,-0.00024212623464317518,0.04999999999999999,1.2612686177935042,-0.10418605469785303,0,0.55,0.55,right,0.445813945302147,-0.10394392846320985,-0.00024212623464317518,0.0,-0.0,-0.0,0.0,0.0,0.0,0.0,0.0,0.0,recorded_knot,0.04999999999999999,0.04999999999999999,recorded_knot,0.04999999999999999,0.04999999999999999
0.054999999999999986,1.2875167003555519,-0.10332729234293705,0,0.55,0.55,right,0.446672707657063,-0.10306970315389903,-0.00025758918903802386,0.054999999999999986,1.2875167003555519,-0.10332729234293705,0,0.55,0.55,right,0.446672707657063,-0.10306970315389903,-0.00025758918903802386,0.0,-0.0,-0.0,0.0,0.0,0.0,0.0,0.0,0.0,recorded_knot,0.054999999999999986,0.054999999999999986,recorded_knot,0.054999999999999986,0.054999999999999986
0.059999999999999984,1.31378552262099,-0.10245437588852001,0,0.55,0.55,right,0.44754562411148,-0.10219547784458821,-0.00025889804393179616,0.059999999999999984,1.31378552262099,-0.10245437588852001,0,0.55,0.55,right,0.44754562411148,-0.10219547784458821,-0.00025889804393179616,0.0,-0.0,-0.0,0.0,0.0,0.0,0.0,0.0,0.0,recorded_knot,0.059999999999999984,0.059999999999999984,recorded_knot,0.059999999999999984,0.059999999999999984
0.06499999999999999,1.340074778162883,-0.1015647289246009,0,0.55,0.55,right,0.44843527107539916,-0.10132125253527738,-0.00024347638932352422,0.06499999999999999,1.340074778162883,-0.1015647289246009,0,0.55,0.55,right,0.44843527107539916,-0.10132125253527738,-0.00024347638932352422,0.0,-0.0,-0.0,0.0,0.0,0.0,0.0,0.0,0.0,recorded_knot,0.06499999999999999,0.06499999999999999,recorded_knot,0.06499999999999999,0.06499999999999999
0.06999999999999999,1.3663841677267643,-0.10065578398029137,0,0.55,0.55,right,0.44934421601970864,-0.10044702722596655,-0.0002087567543248292,0.06999999999999999,1.3663841677267643,-0.10065578398029137,0,0.55,0.55,right,0.44934421601970864,-0.10044702722596655,-0.0002087567543248292,0.0,-0.0,-0.0,0.0,0.0,0.0,0.0,0.0,0.0,recorded_knot,0.06999999999999999,0.06999999999999999,recorded_knot,0.06999999999999999,0.06999999999999999
0.07499999999999998,1.39271339481656,-0.09972507317553148,0,0.55,0.55,right,0.45027492682446857,-0.09957280191665571,-0.00015227125887576354,0.07499999999999998,1.39271339481656,-0.09972507317553148,0,0.55,0.55,right,0.45027492682446857,-0.09957280191665571,-0.00015227125887576354,0.0,-0.0,-0.0,0.0,0.0,0.0,0.0,0.0,0.0,recorded_knot,0.07499999999999998,0.07499999999999998,recorded_knot,0.07499999999999998,0.07499999999999998
0.07999999999999999,1.4190622249496068,-0.09877096534583792,0,0.55,0.55,right,0.45122903465416214,-0.09869857660734489,-7.23887384930233e-05,0.07999999999999999,1.4190622249496068,-0.09877096534583792,0,0.55,0.55,right,0.45122903465416214,-0.09869857660734489,-7.23887384930233e-05,0.0,-0.0,-0.0,0.0,0.0,0.0,0.0,0.0,0.0,recorded_knot,0.07999999999999999,0.07999999999999999,recorded_knot,0.07999999999999999,0.07999999999999999
0.08499999999999999,1.4454304230216681,-0.09779188584092996,0,0.55,0.55,right,0.4522081141590701,-0.09782435129803405,3.2465457104086104e-05,0.08499999999999999,1.4454304230216681,-0.09779188584092996,0,0.55,0.55,right,0.4522081141590701,-0.09782435129803405,3.2465457104086104e-05,0.0,-0.0,-0.0,0.0,0.0,0.0,0.0,0.0,0.0,recorded_knot,0.08499999999999999,0.08499999999999999,recorded_knot,0.08499999999999999,0.08499999999999999
0.09,1.4718176971911594,-0.09678559969187753,0,0.55,0.55,right,0.45321440030812254,-0.09695012598872321,0.0001645262968456851,0.09,1.4718176971911594,-0.09678559969187753,0,0.55,0.55,right,0.45321440030812254,-0.09695012598872321,0.0001645262968456851,0.0,-0.0,-0.0,0.0,0.0,0.0,0.0,0.0,0.0,recorded_knot,0.09,0.09,recorded_knot,0.09,0.09
0.09499999999999999,1.4982237601733632,-0.09574996879518605,0,0.55,0.55,right,0.454250031204814,-0.0960759006794124,0.00032593188422634645,0.09499999999999999,1.4982237601733632,-0.09574996879518605,0,0.55,0.55,right,0.454250031204814,-0.0960759006794124,0.00032593188422634645,0.0,-0.0,-0.0,0.0,0.0,0.0,0.0,0.0,0.0,recorded_knot,0.09499999999999999,0.09499999999999999,recorded_knot,0.09499999999999999,0.09499999999999999
0.09999999999999999,1.5246484270031058,-0.09468390738535787,0,0.55,0.55,right,0.4553160926146422,-0.09520167537010156,0.0005177679847436917,0.09999999999999999,1.5246484270031058,-0.09468390738535787,0,0.55,0.55,right,0.4553160926146422,-0.09520167537010156,0.0005177679847436917,0.0,-0.0,-0.0,0.0,0.0,0.0,0.0,0.0,0.0,recorded_knot,0.09999999999999999,0.09999999999999999,recorded_knot,0.09999999999999999,0.09999999999999999
0.105,1.5510915125096263,-0.09358637308865231,0,0.55,0.55,right,0.45641362691134774,-0.0940906597349396,0.0005042866462872941,0.105,1.5510915125096263,-0.09358637308865231,0,0.55,0.55,right,0.45641362691134774,-0.0940906597349396,0.0005042866462872941,0.0,-0.0,-0.0,0.0,0.0,0.0,0.0,0.0,0.0,recorded_knot,0.105,0.105,recorded_knot,0.105,0.105
0.11,1.5775527378703207,-0.09245543870918678,0,0.55,0.55,right,0.4575445612908133,-0.09297964409977766,0.0005242053905908789,0.11,1.5775527378703207,-0.09245543870918678,0,0.55,0.55,right,0.4575445612908133,-0.09297964409977766,0.0005242053905908789,0.0,-0.0,-0.0,0.0,0.0,0.0,0.0,0.0,0.0,recorded_knot,0.11,0.11,recorded_knot,0.11,0.11
0.11499999999999999,1.6040318312080963,-0.09128927342905814,0,0.55,0.55,right,0.4587107265709419,-0.0918686284646157,0.0005793550355575605,0.11499999999999999,1.6040318312080963,-0.09128927342905814,0,0.55,0.55,right,0.4587107265709419,-0.0918686284646157,0.0005793550355575605,0.0,-0.0,-0.0,0.0,0.0,0.0,0.0,0.0,0.0,recorded_knot,0.11499999999999999,0.11499999999999999,recorded_knot,0.11499999999999999,0.11499999999999999
0.12,1.6305296442588624,-0.09008846423089736,0,0.55,0.55,right,0.4599115357691027,-0.09075761282945376,0.0006691485985563933,0.12,1.6305296442588624,-0.09008846423089736,0,0.55,0.55,right,0.4599115357691027,-0.09075761282945376,0.0006691485985563933,0.0,-0.0,-0.0,0.0,0.0,0.0,0.0,0.0,0.0,recorded_knot,0.12,0.12,recorded_knot,0.12,0.12
0.125,1.6570470245436633,-0.0888535824996962,0,0.55,0.55,right,0.46114641750030383,-0.08964659719429181,0.0007930146945956118,0.125,1.6570470245436633,-0.0888535824996962,0,0.55,0.55,right,0.46114641750030383,-0.08964659719429181,0.0007930146945956118,0.0,-0.0,-0.0,0.0,0.0,0.0,0.0,0.0,0.0,recorded_knot,0.125,0.125,recorded_knot,0.125,0.125
0.13,1.683583711038958,-0.08758294560709351,0,0.55,0.55,right,0.46241705439290653,-0.08853558155912986,0.0009526359520363459,0.13,1.683583711038958,-0.08758294560709351,0,0.55,0.55,right,0.46241705439290653,-0.08853558155912986,0.0009526359520363459,0.0,-0.0,-0.0,0.0,0.0,0.0,0.0,0.0,0.0,recorded_knot,0.13,0.13,recorded_knot,0.13,0.13
0.135,1.7101394581323552,-0.08627499893437872,0,0.55,0.55,right,0.4637250010656213,-0.08742456592396791,0.001149566989589193,0.135,1.7101394581323552,-0.08627499893437872,0,0.55,0.55,right,0.4637250010656213,-0.08742456592396791,0.001149566989589193,0.0,-0.0,-0.0,0.0,0.0,0.0,0.0,0.0,0.0,recorded_knot,0.135,0.135,recorded_knot,0.135,0.135
0.14,1.7367143422795654,-0.08493073277404743,0,0.55,0.55,right,0.4650692672259526,-0.08631355028880597,0.0013828175147585359,0.14,1.7367143422795654,-0.08493073277404743,0,0.55,0.55,right,0.4650692672259526,-0.08631355028880597,0.0013828175147585359,0.0,-0.0,-0.0,0.0,0.0,0.0,0.0,0.0,0.0,recorded_knot,0.14,0.14,recorded_knot,0.14,0.14
0.14500000000000002,1.7633084404604875,-0.08355114054281054,0,0.55,0.55,right,0.4664488594571895,-0.08520253465364402,0.0016513941108334818,0.14500000000000002,1.7633084404604875,-0.08355114054281054,0,0.55,0.55,right,0.4664488594571895,-0.08520253465364402,0.0016513941108334818,0.0,-0.0,-0.0,0.0,0.0,0.0,0.0,0.0,0.0,recorded_knot,0.14500000000000002,0.14500000000000002,recorded_knot,0.14500000000000002,0.14500000000000002
0.15,1.7899215363532488,-0.08213487950901469,0,0.55,0.55,right,0.4678651204909854,-0.08409151901848208,0.001956639509467395,0.15,1.7899215363532488,-0.08213487950901469,0,0.55,0.55,right,0.4678651204909854,-0.08409151901848208,0.001956639509467395,0.0,-0.0,-0.0,0.0,0.0,0.0,0.0,0.0,0.0,recorded_knot,0.15,0.15,recorded_knot,0.15,0.15
0.155,1.8165534356305522,-0.08068075208684754,0,0.55,0.55,right,0.4693192479131525,-0.08298050338332014,0.002299751296472599,0.155,1.8165534356305522,-0.08068075208684754,0,0.55,0.55,right,0.4693192479131525,-0.08298050338332014,0.002299751296472599,0.0,-0.0,-0.0,0.0,0.0,0.0,0.0,0.0,0.0,recorded_knot,0.155,0.155,recorded_knot,0.155,0.155
0.15999999999999998,1.8432042849676837,-0.07919014524141377,1,0.55,0.55,right,0.4708098547585863,-0.07996305827509605,0.0007729130336822793,0.15999999999999998,1.8432042849676837,-0.07919014524141377,1,0.55,0.55,right,0.4708098547585863,-0.07993524294451433,0.000745097703100564,0.0,-2.781533058171526e-05,2.781533058171526e-05,0.0,0.0,2.781533058171526e-05,-2.781533058171526e-05,0.0,0.0,recorded_knot,0.15999999999999998,0.15999999999999998,recorded_knot,0.15999999999999998,0.15999999999999998
0.16499999999999998,1.869874235138001,-0.07766446212440532,1,0.55,0.55,right,0.47233553787559474,-0.07870083248928207,0.0010363703648767486,0.16499999999999998,1.869874235138001,-0.07766446212440532,1,0.55,0.55,right,0.47233553787559474,-0.07867027005610408,0.0010058079316987573,0.0,-3.0562433177991344e-05,3.0562433177991344e-05,0.0,0.0,3.0562433177991344e-05,-3.0562433177991344e-05,0.0,0.0,recorded_knot,0.16499999999999998,0.16499999999999998,recorded_knot,0.16499999999999998,0.16499999999999998
0.16999999999999998,1.896563135013253,-0.07610275623112635,1,0.55,0.55,right,0.4738972437688737,-0.0774386067034681,0.0013358504723417486,0.16999999999999998,1.896563135013253,-0.07610275623112635,1,0.55,0.55,right,0.4738972437688737,-0.07740529716769382,0.0013025409365674673,0.0,-3.330953577428131e-05,3.330953577428131e-05,0.0,0.0,3.330953577428131e-05,-3.330953577428131e-05,0.0,0.0,recorded_knot,0.16999999999999998,0.16999999999999998,recorded_knot,0.16999999999999998,0.16999999999999998
0.175,1.9232708602289015,-0.07450423587680757,1,0.55,0.55,right,0.4754957641231925,-0.07617638091765414,0.0016721450408465621,0.175,1.9232708602289015,-0.07450423587680757,1,0.55,0.55,right,0.4754957641231925,-0.07614032427928356,0.0016360884024759909,0.0,-3.605663837057127e-05,3.605663837057127e-05,0.0,0.0,3.605663837057127e-05,-3.605663837057127e-05,0.0,0.0,recorded_knot,0.175,0.175,recorded_knot,0.175,0.175
0.18,1.9499982156955276,-0.07287065536510175,1,0.55,0.55,right,0.4771293446348983,-0.07491415513184016,0.002043499766738413,0.17999999959020674,1.9499982156955276,-0.07287065519960799,1,0.55,0.55,right,0.47712934480039204,-0.07487535149454877,0.0020046962949407804,0.0,-3.880363729139025e-05,3.880347179763266e-05,-1.6549372983121202e-10,0.0,3.880363729139025e-05,-3.880347179763266e-05,1.6549372983121202e-10,1.6549372983121202e-10,recorded_knot,0.18,0.18,linear_progress_interpolation,0.175,0.18
0.1800000004094801,1.9499982178860658,-0.07287065522859273,1,0.55,0.55,right,0.47712934477140734,-0.07491415502846889,0.0020434997998761556,0.18,1.9499982178860658,-0.0728706550657219,1,0.55,0.55,right,0.47712934493427817,-0.0748753513908733,0.002004696325151392,0.0,-3.8803637595591356e-05,3.880347472476342e-05,-1.628708279355351e-10,0.0,3.8803637595591356e-05,-3.880347472476342e-05,1.628708279355351e-10,1.628708279355351e-10,linear_progress_interpolation,0.18,0.185,recorded_knot,0.18,0.18
0.185,1.9767460130003256,-0.07120379771502088,1,0.55,0.55,right,0.47879620228497916,-0.07365192934602618,0.0024481316310053097,0.18499999836136038,1.9767460130003256,-0.07120379708243404,1,0.55,0.55,right,0.47879620291756597,-0.07361037891702998,0.002406581834595939,0.0,-4.155042899620098e-05,4.154979640937084e-05,-6.325867607515079e-10,0.0,4.155042899620098e-05,-4.154979640937084e-05,6.325868162626591e-10,6.325868162626591e-10,recorded_knot,0.185,0.185,linear_progress_interpolation,0.18,0.185
0.18500000163739302,1.9767460217663277,-0.07120379715809602,1,0.55,0.55,right,0.47879620284190405,-0.07365192893267426,0.002448131774578241,0.185,1.9767460217663277,-0.07120379653615797,1,0.55,0.55,right,0.4787962034638421,-0.07361037850246305,0.0024065819663050825,0.0,-4.1550430211215184e-05,4.154980827315857e-05,-6.219380566108157e-10,0.0,4.1550430211215184e-05,-4.154980827315857e-05,6.219380566108157e-10,6.219380566108157e-10,linear_progress_interpolation,0.185,0.19,recorded_knot,0.185,0.185
0.19,2.003514180635446,-0.06950315270031641,1,0.55,0.55,right,0.4804968472996836,-0.07238970356021224,0.002886550859895823,0.1899999963141604,2.003514180635446,-0.06950315134566093,1,0.55,0.55,right,0.4804968486543391,-0.07234540654655022,0.002842255200889293,0.0,-4.429701366201466e-05,4.429565900652965e-05,-1.3546553878640566e-09,0.0,4.429701366201466e-05,-4.429565900652965e-05,1.354655498886359e-09,1.354655498886359e-09,recorded_knot,0.19,0.19,linear_progress_interpolation,0.185,0.19
0.19000000368304412,2.003514200368089,-0.06950315142246087,1,0.55,0.55,right,0.48049684857753916,-0.07238970263044558,0.002886551207984714,0.19,2.003514200368089,-0.06950315009199892,1,0.55,0.55,right,0.4804968499080011,-0.0723454056140528,0.0028422555220538742,0.0,-4.42970163927886e-05,4.429568593083966e-05,-1.3304619628229375e-09,0.0,4.42970163927886e-05,-4.429568593083966e-05,1.3304619628229375e-09,1.3304619628229375e-09,linear_progress_interpolation,0.19,0.195,recorded_knot,0.19,0.19
0.195,2.030302676759735,-0.06776837094960589,1,0.55,0.55,right,0.4822316290503942,-0.07112747777439826,0.003359106824792374,0.1949999934491928,2.030302676759735,-0.06776836866736025,1,0.55,0.55,right,0.4822316313326398,-0.07108043438296124,0.003312065715600998,0.0,-4.70433914370183e-05,4.704110919137583e-05,-2.2822456147153503e-09,0.0,4.70433914370183e-05,-4.704110919137583e-05,2.2822456147153503e-09,2.2822456147153503e-09,recorded_knot,0.195,0.195,linear_progress_interpolation,0.19,0.195
0.1950000065457582,2.03030271185701,-0.06776836863684861,1,0.55,0.55,right,0.48223163136315145,-0.0711274761219533,0.0033591074851046926,0.195,2.03030271185701,-0.06776836639451353,1,0.55,0.55,right,0.4822316336054865,-0.07108043272564253,0.0033120663311290016,0.0,-4.704339631077248e-05,4.7041153975690975e-05,-2.24233509538152e-09,0.0,4.704339631077248e-05,-4.7041153975690975e-05,2.242335039870369e-09,2.242335039870369e-09,linear_progress_interpolation,0.195,0.2,recorded_knot,0.195,0.195
0.2,2.057111851381409,-0.06600176331720481,1,0.55,0.55,right,0.48399823668279524,-0.06986525198858429,0.003863488671379478,0.19999998976964203,2.057111851381409,-0.06600175993632511,1,0.55,0.55,right,0.4839982400636749,-0.06981546242545737,0.0038137024891322646,0.0,-4.9789563126914627e-05,4.978618224721343e-05,-3.3808796873202596e-09,0.0,4.9789563126914627e-05,-4.978618224721343e-05,3.3808796873202596e-09,3.3808796873202596e-09,recorded_knot,0.2,0.2,linear_progress_interpolation,0.195,0.2
0.20000001022234531,2.05711190623494,-0.06600175964514711,1,0.55,0.55,right,0.48399824035485295,-0.06986524940800273,0.0038634897628556236,0.2,2.05711190623494,-0.06600175632171443,1,0.55,0.55,right,0.4839982436782856,-0.06981545983723228,0.0038137035155178522,0.0,-4.9789570770453206e-05,4.978624733777137e-05,-3.323432640200963e-09,0.0,4.9789570770453206e-05,-4.978624733777137e-05,3.323432640200963e-09,3.323432640200963e-09,linear_progress_interpolation,0.2,0.20500000000000002,recorded_knot,0.2,0.2
0.20500000000000002,2.0839420598066734,-0.0642056697655961,1,0.55,0.55,right,0.48579433023440394,-0.06860302620277033,0.004397356437174232,0.20499998527861682,2.0839420598066734,-0.06420566515156693,1,0.55,0.55,right,0.4857943348484331,-0.06855049067325215,0.004344825521685219,0.0,-5.253552951817175e-05,5.253091548901301e-05,-4.61402915874487e-09,0.0,5.253552951817175e-05,-5.253091548901301e-05,4.61402915874487e-09,4.61402915874487e-09,recorded_knot,0.20500000000000002,0.20500000000000002,linear_progress_interpolation,0.2,0.20500000000000002
0.20500001470985824,2.0839421388023003,-0.06420566439461294,1,0.55,0.55,right,0.4857943356053871,-0.06860302248933785,0.0043973580947249125,0.20500000000000002,2.0839421388023003,-0.06420565986336209,1,0.55,0.55,right,0.48579434013663797,-0.06855048694882203,0.00434482708545994,0.0,-5.253554051581899e-05,5.253100926497223e-05,-4.531250819006516e-09,0.0,5.253554051581899e-05,-5.253100926497223e-05,4.531250874517667e-09,4.531250874517667e-09,linear_progress_interpolation,0.20500000000000002,0.21,recorded_knot,0.20500000000000002,0.20500000000000002
0.21,2.1107933135100327,-0.062380029068318,1,0.55,0.55,right,0.487619970931682,-0.06734080041695636,0.004960771348638364,0.20999997997641265,2.1107933135100327,-0.062380023144758906,1,0.55,0.55,right,0.48761997685524117,-0.0672855191262708,0.004905495981511895,0.0,-5.52812906855632e-05,5.527536712646858e-05,-5.923559087683827e-09,0.0,5.52812906855632e-05,-5.527536712646858e-05,5.9235591431949786e-09,5.9235591431949786e-09,recorded_knot,0.21,0.21,linear_progress_interpolation,0.20500000000000002,0.21
0.21000002000789597,2.1107934210418318,-0.06238002164504492,1,0.55,0.55,right,0.48761997835495513,-0.06734079536605991,0.004960773721014992,0.21,2.1107934210418318,-0.06238001583357037,1,0.55,0.55,right,0.48761998416642965,-0.06728551406041178,0.004905498226841408,0.0,-5.528130564813605e-05,5.527549417358446e-05,-5.811474634853653e-09,0.0,5.528130564813605e-05,-5.527549417358446e-05,5.81147452383135e-09,5.81147452383135e-09,linear_progress_interpolation,0.21,0.215,recorded_knot,0.21,0.21
0.215,2.137665654099502,-0.06052494318347257,1,0.55,0.55,right,0.4894750568165275,-0.06607857463114239,0.005553631447669821,0.21499997386340824,2.137665654099502,-0.060524935929151695,1,0.55,0.55,right,0.48947506407084834,-0.06602054778441752,0.005495611855265821,0.0,-5.802684672487346e-05,5.8019592404000286e-05,-7.254320921745716e-09,0.0,5.802684672487346e-05,-5.8019592404000286e-05,7.254320866234565e-09,7.254320866234565e-09,recorded_knot,0.215,0.215,linear_progress_interpolation,0.21,0.215
0.21500002611571725,2.137665794569953,-0.06052493335496143,1,0.55,0.55,right,0.4894750666450386,-0.06607856803835604,0.0055536346833946135,0.215,2.137665794569953,-0.06052492623200778,1,0.55,0.55,right,0.48947507376799226,-0.06602054117200151,0.0054956149399937315,0.0,-5.802686635453247e-05,5.801974340088195e-05,-7.122953671334642e-09,0.0,5.802686635453247e-05,-5.801974340088195e-05,7.122953671334642e-09,7.122953671334642e-09,linear_progress_interpolation,0.215,0.22,recorded_knot,0.215,0.215
0.22,2.1645595069189167,-0.05864321980599922,1,0.55,0.55,right,0.4913567801940008,-0.06483954368468718,0.006196323878687959,0.21999996694914706,2.1645595069189167,-0.058643211228593055,1,0.55,0.55,right,0.491356788771407,-0.06477941007947713,0.006136198850884074,0.0,-6.013360521005262e-05,6.0125027803885345e-05,-8.577406118703834e-09,0.0,6.013360521005262e-05,-6.0125027803885345e-05,8.577406174214985e-09,8.577406174214985e-09,recorded_knot,0.22,0.22,linear_progress_interpolation,0.215,0.22
0.22000003302395799,2.1645596846921182,-0.058643207220415716,1,0.55,0.55,right,0.49135679277958433,-0.06483953560327738,0.00619632838286166,0.22,2.1645596846921182,-0.05864319879005366,1,0.55,0.55,right,0.4913568012099464,-0.06477940198036522,0.006136203190311558,0.0,-6.013362291215629e-05,6.0125192550102013e-05,-8.430362075095843e-09,0.0,6.013362291215629e-05,-6.0125192550102013e-05,8.430362075095843e-09,8.430362075095843e-09,linear_progress_interpolation,0.22,0.225,recorded_knot,0.22,0.22
0.225,2.1914752996312727,-0.05673769662221424,1,0.55,0.55,right,0.4932623033777858,-0.06361597596447116,0.006878279342256918,0.22499995924298585,2.1914752996312727,-0.05673768676532809,1,0.55,0.55,right,0.49326231323467196,-0.06355416190741836,0.0068164751420902725,0.0,-6.18140570528003e-05,6.180420016664578e-05,-9.856886196146775e-09,0.0,6.18140570528003e-05,-6.180420016664578e-05,9.856886140635623e-09,9.856886140635623e-09,recorded_knot,0.225,0.225,linear_progress_interpolation,0.22,0.225
0.22500004072374677,2.191475519033081,-0.056737680911566134,1,0.55,0.55,right,0.49326231908843393,-0.06361596599881877,0.0068782850872526405,0.225,2.191475519033081,-0.05673767123260536,1,0.55,0.55,right,0.4932623287673947,-0.06355415191991155,0.006816480687306191,0.0,-6.181407890722135e-05,6.18043999464496e-05,-9.678960855019625e-09,0.0,6.181407890722135e-05,-6.18043999464496e-05,9.678960743997322e-09,9.678960743997322e-09,linear_progress_interpolation,0.225,0.23,recorded_knot,0.225,0.225
0.23,2.218413121628195,-0.054808767022345016,1,0.55,0.55,right,0.49519123297765505,-0.06239240824425514,0.007583641221910124,0.22999995074501495,2.218413121628195,-0.05480875599717647,1,0.55,0.55,right,0.49519124400282355,-0.06232891392939257,0.0075201579322161025,0.0,-6.349431486257079e-05,6.348328969402184e-05,-1.1025168555889309e-08,0.0,6.349431486257079e-05,-6.348328969402184e-05,1.1025168500378157e-08,1.1025168500378157e-08,recorded_knot,0.23,0.23,linear_progress_interpolation,0.225,0.23
0.23000004921460734,2.218413386993052,-0.05480874781113579,1,0.55,0.55,right,0.4951912521888643,-0.062392396200774164,0.0075836483896383755,0.23,2.218413386993052,-0.05480873699525106,1,0.55,0.55,right,0.49519126300474897,-0.062328901859457886,0.007520164864206827,0.0,-6.349434131627807e-05,6.348352543154856e-05,-1.0815884743387016e-08,0.0,6.349434131627807e-05,-6.348352543154856e-05,1.0815884687875865e-08,1.0815884687875865e-08,linear_progress_interpolation,0.23,0.235,recorded_knot,0.23,0.23
0.235,2.2453730905466656,-0.052856987838061475,1,0.55,0.55,right,0.49714301216193857,-0.06116884052403912,0.008311852685977644,0.23499994145576605,2.2453730905466656,-0.05285697580802438,1,0.55,0.55,right,0.49714302419197565,-0.06110366614526946,0.00824669033724508,0.0,-6.517437876966264e-05,6.516234873256421e-05,-1.2030037077614963e-08,0.0,6.517437876966264e-05,-6.516234873256421e-05,1.2030037077614963e-08,1.2030037077614963e-08,recorded_knot,0.235,0.235,linear_progress_interpolation,0.23,0.235
0.23500005849748246,2.2453734062174,-0.05285696477639433,1,0.55,0.55,right,0.4971430352236057,-0.061168826208912876,0.008311861432518546,0.235,2.2453734062174,-0.05285695295488409,1,0.55,0.55,right,0.49714304704511597,-0.061103651799004226,0.008246698844120139,0.0,-6.517440990864987e-05,6.516258839840694e-05,-1.182151021517086e-08,0.0,6.517440990864987e-05,-6.516258839840694e-05,1.1821510270682012e-08,1.1821510270682012e-08,linear_progress_interpolation,0.235,0.24,recorded_knot,0.235,0.235
0.24,2.2723546563401227,-0.05088582034789065,1,0.55,0.55,right,0.4991141796521094,-0.05994527280382309,0.00905945245593244,0.23999993150530705,2.2723546563401227,-0.050885807530418305,1,0.55,0.55,right,0.4991141924695817,-0.059878418523175894,0.00899261099275759,0.0,-6.685428064719806e-05,6.684146317485068e-05,-1.281747241677067e-08,0.0,6.685428064719806e-05,-6.684146317485068e-05,1.2817472305748367e-08,1.2817472305748367e-08,recorded_knot,0.24,0.24,linear_progress_interpolation,0.235,0.24
0.24000006844145563,2.2723550259596745,-0.05088579314819474,1,0.55,0.55,right,0.4991142068518053,-0.05994525605527193,0.009059462907077188,0.24,2.2723550259596745,-0.05088578052744828,1,0.55,0.55,right,0.49911421947255175,-0.05987840173855056,0.00899262121110228,0.0,-6.685431672136949e-05,6.684169597490769e-05,-1.2620746447922215e-08,0.0,6.685431672136949e-05,-6.684169597490769e-05,1.2620746447922215e-08,1.2620746447922215e-08,linear_progress_interpolation,0.24,0.245,recorded_knot,0.24,0.24
0.245,2.2993572637808293,-0.04889874280420051,1,0.55,0.55,right,0.5011012571957996,-0.05872170508360707,0.009822962279406565,0.24499992102448748,2.2993572637808293,-0.04889872948300061,1,0.55,0.55,right,0.5011012705169995,-0.0586531710310472,0.00975444154804659,0.0,-6.853405255987516e-05,6.852073135997505e-05,-1.3321199920923732e-08,0.0,6.853405255987516e-05,-6.852073135997505e-05,1.3321199920923732e-08,1.3321199920923732e-08,recorded_knot,0.245,0.245,linear_progress_interpolation,0.24,0.245
0.24500007891374914,2.2993576902906803,-0.04889871120459808,1,0.55,0.55,right,0.501101288795402,-0.05872168577234385,0.009822974567745772,0.245,2.2993576902906803,-0.04889869809682993,1,0.55,0.55,right,0.5011013019031701,-0.058653151678096885,0.009754453581266954,0.0,-6.853409424696644e-05,6.852098647881777e-05,-1.3107768204179138e-08,0.0,6.853409424696644e-05,-6.852098647881777e-05,1.3107768204179138e-08,1.3107768204179138e-08,linear_progress_interpolation,0.245,0.25,recorded_knot,0.245,0.245
0.25,2.326381062266325,-0.04689658204214311,1,0.55,0.55,right,0.503103417957857,-0.057498137363391044,0.010601555321247937,0.24999991001523833,2.326381062266325,-0.046896568566164414,1,0.55,0.55,right,0.5031034314338356,-0.057427923668410166,0.010531355102245753,0.0,-7.021369498087793e-05,7.020021900218387e-05,-1.3475978666299682e-08,0.0,7.021369498087793e-05,-7.020021900218387e-05,1.3475978666299682e-08,1.3475978666299682e-08,recorded_knot,0.25,0.25,linear_progress_interpolation,0.245,0.25
0.25000008991387745,2.326381548613415,-0.04689654578425604,1,0.55,0.55,right,0.503103454215744,-0.05749811536024743,0.010601569575991392,0.25,2.326381548613415,-0.0468965325332862,1,0.55,0.55,right,0.5031034674667139,-0.057427901617643225,0.010531369084357027,0.0,-7.021374260420682e-05,7.020049163436459e-05,-1.3250969876921204e-08,0.0,7.021374260420682e-05,-7.020049163436459e-05,1.3250969876921204e-08,1.3250969876921204e-08,linear_progress_interpolation,0.25,0.255,recorded_knot,0.25,0.25
0.255,2.35342622502569,-0.044880325593095106,1,0.55,0.55,right,0.505119674406905,-0.05627456964317502,0.01139424405007991,0.2549998984781638,2.35342622502569,-0.044880312340795966,1,0.55,0.55,right,0.5051196876592041,-0.056202676435116755,0.011322364094320789,0.0,-7.189320805826155e-05,7.187995575912154e-05,-1.3252299146948587e-08,0.0,7.189320805826155e-05,-7.187995575912154e-05,1.3252299146948587e-08,1.3252299146948587e-08,recorded_knot,0.255,0.255,linear_progress_interpolation,0.25,0.255
0.25500010143993207,2.3534267741618815,-0.0448802844780127,1,0.55,0.55,right,0.5051197155219873,-0.05627454481944975,0.011394260341437049,0.255,2.3534267741618815,-0.0448802714018895,1,0.55,0.55,right,0.5051197285981105,-0.05620265155718956,0.011322380155300057,0.0,-7.189326226018922e-05,7.18801861369911e-05,-1.307612318424134e-08,0.0,7.189326226018922e-05,-7.18801861369911e-05,1.307612318424134e-08,1.307612318424134e-08,linear_progress_interpolation,0.255,0.26,recorded_knot,0.255,0.255
0.26,2.3804932872918334,-0.042853752745338716,2,0.55,0.55,right,0.5071462472546613,-0.04316571527185269,0.0003119625265139772,0.2599998863816933,2.3804932872918334,-0.042853740039740115,1,0.55,0.55,right,0.50714625996026,-0.05497742933890333,0.012123689299163215,0.0,0.011811714067050637,-0.011811726772649238,-1.270559868427057e-08,0.0,-0.011811714067050637,0.011811726772649238,1.270559868427057e-08,1.270559868427057e-08,recorded_knot,0.26,0.26,linear_progress_interpolation,0.255,0.26
0.2600001135245329,2.380493902356088,-0.042853706584268424,2,0.55,0.55,right,0.5071462934157316,-0.04316567619736229,0.00031196961309386956,0.26,2.380493902356088,-0.04285369398848129,2,0.55,0.55,right,0.5071463060115188,-0.043034820150806834,0.00018112616232554557,0.0,-0.00013085604655545952,0.000130843450768324,-1.259578719103871e-08,0.0,0.00013085604655545952,-0.000130843450768324,1.259578719103871e-08,1.259578719103871e-08,linear_progress_interpolation,0.26,0.265,recorded_knot,0.26,0.26
0.265,2.4075827735446693,-0.040820664869158356,2,0.55,0.55,right,0.5091793351308417,-0.04144474406824757,0.0006240791990892169,0.2649998736933224,2.4075827735446693,-0.040820653021842165,2,0.55,0.55,right,0.5091793469781579,-0.0412930459093166,0.00047239288747443625,0.0,-0.00015169815893097127,0.0001516863116147807,-1.1847316239155248e-08,0.0,0.00015169815893097127,-0.0001516863116147807,1.1847316239155248e-08,1.1847316239155248e-08,recorded_knot,0.265,0.265,linear_progress_interpolation,0.26,0.265
0.2650001262016565,2.40758345786302,-0.04082061342071447,2,0.55,0.55,right,0.5091793865792855,-0.04144470063036423,0.0006240872096497582,0.265,2.40758345786302,-0.04082060166321479,2,0.55,0.55,right,0.5091793983367853,-0.041293001908661565,0.0004724002454467788,0.0,-0.00015169872170266163,0.00015168696420297945,-1.1757499751574585e-08,0.0,0.00015169872170266163,-0.00015168696420297945,1.1757499751574585e-08,1.1757499751574585e-08,linear_progress_interpolation,0.265,0.27,recorded_knot,0.265,0.265
0.27,2.434694872142323,-0.03878232221543629,2,0.55,0.55,right,0.5112176777845637,-0.039723772864642445,0.0009414506492061575,0.26999986041278773,2.434694872142323,-0.03878231161742898,2,0.55,0.55,right,0.5112176883825711,-0.03955123229362684,0.000768920676197854,0.0,-0.0001725405710156086,0.00017252997300830353,-1.0598007360584916e-08,0.0,0.0001725405710156086,-0.00017252997300830353,1.0598007360584916e-08,1.0598007360584916e-08,recorded_knot,0.27,0.27,linear_progress_interpolation,0.265,0.27
0.27000013947020585,2.434695629044802,-0.038782265250766314,2,0.55,0.55,right,0.5112177347492337,-0.039723724859800844,0.0009414596090345298,0.27,2.434695629044802,-0.038782254711995263,2,0.55,0.55,right,0.5112177452880048,-0.0395511836665163,0.0007689289545210337,0.0,-0.00017254119328454637,0.00017253065451349608,-1.0538771078039133e-08,0.0,0.00017254119328454637,-0.00017253065451349608,1.0538771078039133e-08,1.0538771078039133e-08,linear_progress_interpolation,0.27,0.275,recorded_knot,0.27,0.27
0.275,2.4618297886742617,-0.03674014160697751,2,0.55,0.55,right,0.5132598583930226,-0.038002801661037325,0.001262660054059818,0.27499984654132414,2.4618297886742617,-0.03674013266939606,2,0.55,0.55,right,0.513259867330604,-0.037809418883795236,0.0010692862143991747,0.0,-0.00019338277724208902,0.00019337383966064325,-8.937581452705956e-09,0.0,0.00019338277724208902,-0.00019337383966064325,8.937581452705956e-09,8.937581452705956e-09,recorded_knot,0.275,0.275,linear_progress_interpolation,0.27,0.275
0.2750001533271485,2.461830621494264,-0.03674007899481058,2,0.55,0.55,right,0.5132599210051895,-0.03800274888671587,0.0012626698919052937,0.275,2.461830621494264,-0.036740069991203425,2,0.55,0.55,right,0.5132599300087967,-0.03780936542437102,0.001069295433167597,0.0,-0.00019338346234484827,0.00019337445873769676,-9.003607193136531e-09,0.0,0.00019338346234484827,-0.00019337445873769676,9.003607193136531e-09,9.003607193136531e-09,linear_progress_interpolation,0.275,0.28,recorded_knot,0.275,0.275
0.28,2.4889880581190043,-0.03469835815387264,2,0.55,0.55,right,0.5153016418461274,-0.0362818304574322,0.001583472303559555,0.27999983373810955,2.4889880581190043,-0.03469835180345166,2,0.55,0.55,right,0.5153016481965483,-0.03606760510182452,0.001369253298372855,0.0,-0.00021422535560768063,0.0002142190051866999,-6.350420966860781e-09,0.0,0.00021422535560768063,-0.0002142190051866999,6.350420966860781e-09,6.350420966860781e-09,recorded_knot,0.28,0.28,linear_progress_interpolation,0.275,0.28
0.280000166116332,2.4889889611983844,-0.0346982904735383,2,0.55,0.55,right,0.5153017095264617,-0.03628177328114744,0.0015834828076091434,0.28,2.4889889611983844,-0.034698283909208885,2,0.55,0.55,right,0.5153017160907911,-0.036067547182225754,0.0013692632730168686,0.0,-0.0002142260989216882,0.00021421953459227483,-6.56432941337215e-09,0.0,0.0002142260989216882,-0.00021421953459227483,6.56432941337215e-09,6.56432941337215e-09,linear_progress_interpolation,0.28,0.28500000000000003,recorded_knot,0.28,0.28
0.28500000000000003,2.516170195164225,-0.0326612214814264,2,0.55,0.55,right,0.5173387785185737,-0.03456085925382708,0.0018996377724006738,0.2849998236584206,2.516170195164225,-0.03266121912913313,2,0.55,0.55,right,0.5173387808708669,-0.03432579037107648,0.001664571241943344,0.0,-0.00023506888275059978,0.0002350665304573299,-2.3522932490749326e-09,0.0,0.00023506888275059978,-0.0002350665304573299,2.3522932490749326e-09,2.3522932490749326e-09,recorded_knot,0.28500000000000003,0.28500000000000003,linear_progress_interpolation,0.28,0.28500000000000003
0.2850001761859759,2.5161711538343816,-0.03266114992100676,2,0.55,0.55,right,0.5173388500789933,-0.034560798611628876,0.0018996486906221188,0.28500000000000003,2.5161711538343816,-0.03266114728275507,2,0.55,0.55,right,0.517338852717245,-0.034325728940080485,0.0016645816573254146,0.0,-0.00023506967154839076,0.0002350670332967042,-2.6382517281930973e-09,0.0,0.00023506967154839076,-0.0002350670332967042,2.6382517281930973e-09,2.6382517281930973e-09,linear_progress_interpolation,0.28500000000000003,0.29,recorded_knot,0.28500000000000003,0.28500000000000003
0.29,2.5433763945212755,-0.030630400943633857,2,0.55,0.55,right,0.5193695990563661,-0.03283988805022196,0.002209487106588106,0.28999981629824406,2.5433763945212755,-0.030630403948093764,2,0.55,0.55,right,0.5193695960519062,-0.032583974692949144,0.0019535707448553805,0.0,-0.00025591335727281894,0.0002559163617327255,3.0044599030887298e-09,0.0,0.00025591335727281894,-0.0002559163617327255,-3.0044599030887298e-09,-3.0044599030887298e-09,recorded_knot,0.29,0.29,linear_progress_interpolation,0.28500000000000003,0.29
0.2900001835383331,2.543377394088097,-0.030630326695545305,2,0.55,0.55,right,0.5193696733044547,-0.03283982487738475,0.002209498181839447,0.29,2.543377394088097,-0.03063032933512918,2,0.55,0.55,right,0.5193696706648708,-0.03258391069793523,0.001953581362806052,0.0,-0.00025591417944952066,0.00025591681903339505,2.639583884800345e-09,0.0,0.00025591417944952066,-0.00025591681903339505,-2.639583884800345e-09,-2.639583884800345e-09,linear_progress_interpolation,0.29,0.295,recorded_knot,0.29,0.29
0.295,2.5706068592512357,-0.02860771480254863,2,0.55,0.55,right,0.5213922851974514,-0.031118916846616843,0.0025112020440682115,0.2949998116552374,2.5706068592512357,-0.028607724387007063,2,0.55,0.55,right,0.521392275612993,-0.030842158068258612,0.002234433681251549,0.0,-0.0002767587783582305,0.0002767683628166623,9.584458449118927e-09,0.0,0.0002767587783582305,-0.0002767683628166623,-9.584458449118927e-09,-9.584458449118927e-09,recorded_knot,0.295,0.295,linear_progress_interpolation,0.29,0.295
0.2950001881736698,2.5706078849953045,-0.02860763916005546,2,0.55,0.55,right,0.5213923608399446,-0.031118852078323444,0.0025112129182679847,0.295,2.5706078849953045,-0.028607648194727244,2,0.55,0.55,right,0.5213923518052728,-0.03084209245578996,0.002234444261062715,0.0,-0.0002767596225334845,0.0002767686572052695,9.034671788477056e-09,0.0,0.0002767596225334845,-0.0002767686572052695,-9.034671788477056e-09,-9.034671788477056e-09,linear_progress_interpolation,0.295,0.3,recorded_knot,0.295,0.295
0.3,2.5978621088808125,-0.026597803074323047,2,0.55,0.55,right,0.523402196925677,-0.02939794564301172,0.002800142568688671,0.2999998096701983,2.5978621088808125,-0.02659782025276857,2,0.55,0.55,right,0.5234021797472315,-0.029100340517628817,0.002502520264860246,0.0,-0.0002976051253829014,0.0002976223038284251,1.7178445554932864e-08,0.0,0.0002976051253829014,-0.0002976223038284251,-1.7178445554932864e-08,-1.7178445554932864e-08,recorded_knot,0.3,0.3,linear_progress_interpolation,0.295,0.3
0.3000001901535594,2.5978631463785113,-0.02659772729838268,2,0.55,0.55,right,0.5234022727016173,-0.029397880193251725,0.0028001528948690436,0.3,2.5978631463785113,-0.026597743743825456,2,0.55,0.55,right,0.5234022562561745,-0.02910027421364469,0.002502530469819235,0.0,-0.0002976059796070338,0.0002976224250498087,1.6445442785339992e-08,0.0,0.0002976059796070338,-0.0002976224250498087,-1.6445442785339992e-08,-1.6445442785339992e-08,linear_progress_interpolation,0.3,0.305,recorded_knot,0.3,0.3
0.305,2.6251426315806303,-0.024605309728517842,2,0.55,0.55,right,0.5253946902714822,-0.027676974439406594,0.0030716647108887524,0.30499981028149503,2.6251426315806303,-0.024605335417133976,2,0.55,0.55,right,0.5253946645828661,-0.027358522062529984,0.0027531866453960087,0.0,-0.0003184523768766101,0.0003184780654927437,2.568861612317619e-08,0.0,0.0003184523768766101,-0.0003184780654927437,-2.568861612317619e-08,-2.568861612317619e-08,recorded_knot,0.305,0.305,linear_progress_interpolation,0.3,0.305
0.3050001895417772,2.6251436667045365,-0.02460523493402656,2,0.55,0.55,right,0.5253947650659735,-0.0276769092002185,0.00307167426619194,0.305,2.6251436667045365,-0.024605259814919546,2,0.55,0.55,right,0.5253947401850805,-0.02735845597149942,0.0027531961565798735,0.0,-0.00031845322871908166,0.00031847810961206646,2.4880893012557692e-08,0.0,0.00031845322871908166,-0.00031847810961206646,-2.4880893012557692e-08,-2.4880893012557692e-08,linear_progress_interpolation,0.305,0.31,recorded_knot,0.305,0.305
0.31,2.652448588117859,-0.022632275277237268,2,0.55,0.55,right,0.5273677247227628,-0.025956003235801474,0.0033237279585642057,0.30999981348397454,2.652448588117859,-0.022632310380919164,2,0.55,0.55,right,0.5273676896190809,-0.02561670270475727,0.002984392323838108,0.0,-0.0003393005310442024,0.0003393356347260977,3.5103681961246025e-08,0.0,0.0003393005310442024,-0.0003393356347260977,-3.5103681961246025e-08,-3.5103681961246025e-08,recorded_knot,0.31,0.31,linear_progress_interpolation,0.305,0.31
0.31000018634126597,2.6524496067169396,-0.022632202552056987,2,0.55,0.55,right,0.527367797447943,-0.025955939098210916,0.0033237365461539284,0.31,2.6524496067169396,-0.022632236780836264,2,0.55,0.55,right,0.5273677632191638,-0.02561663772935415,0.0029844009485178874,0.0,-0.00033930136885676476,0.000339335597636041,3.422877925540746e-08,0.0,0.00033930136885676476,-0.000339335597636041,-3.422877925540746e-08,-3.422877925540746e-08,linear_progress_interpolation,0.31,0.315,recorded_knot,0.31,0.31
0.315,2.6797801369088496,-0.02068087766562797,2,0.55,0.55,right,0.5293191223343721,-0.02423503203219635,0.00355415436656838,0.3149998192744415,2.6797801369088496,-0.020680922981928734,2,0.55,0.55,right,0.5293190770180713,-0.023874882445423812,0.003193959463495079,0.0,-0.0003601495867725374,0.00036019490307330135,4.531630071191728e-08,0.0,0.0003601495867725374,-0.00036019490307330135,-4.531630071191728e-08,-4.531630071191728e-08,recorded_knot,0.315,0.315,linear_progress_interpolation,0.31,0.315
0.31500018055350754,2.679781124809624,-0.020680808160524946,2,0.55,0.55,right,0.5293191918394751,-0.024234969886718916,0.0035541617261939697,0.315,2.679781124809624,-0.020680852448924078,2,0.55,0.55,right,0.529319147551076,-0.023874819487208883,0.003193967038284805,0.0,-0.00036015039951003275,0.00036019468790916484,4.428839905923354e-08,0.0,0.00036015039951003275,-0.00036019468790916484,-4.428839905923354e-08,-4.428839905923354e-08,linear_progress_interpolation,0.315,0.32,recorded_knot,0.315,0.315
0.32,2.7071376994414647,-0.018756099133892527,2,0.55,0.55,right,0.5312439008661075,-0.022514060828591226,0.0037579616946986985,0.31999982756797934,2.7071376994414647,-0.018756155288680486,2,0.55,0.55,right,0.5312438447113196,-0.022133061314111437,0.0033769060254309514,0.0,-0.00038099951447978855,0.00038105566926774706,5.6154787930751127e-08,0.0,0.00038099951447978855,-0.00038105566926774706,-5.6154787930751127e-08,-5.6154787930751127e-08,recorded_knot,0.32,0.32,linear_progress_interpolation,0.315,0.32
0.3200001722655554,2.7071386429038897,-0.018756033907707977,2,0.55,0.55,right,0.5312439660922921,-0.02251400153577919,0.003757967628071214,0.32,2.7071386429038897,-0.01875608891050724,2,0.55,0.55,right,0.5312439110894928,-0.02213300124506361,0.0033769123345563715,0.0,-0.0003810002907155795,0.0003810552935148426,5.5002799315140294e-08,0.0,0.0003810002907155795,-0.0003810552935148426,-5.5002799315140294e-08,-5.5002799315140294e-08,linear_progress_interpolation,0.32,0.325,recorded_knot,0.32,0.32
0.325,2.734521653911452,-0.016862912059806865,2,0.55,0.55,right,0.5331370879401932,-0.020793089624986102,0.003930177565179237,0.32499983827742923,2.734521653911452,-0.016862979630353308,2,0.55,0.55,right,0.5331370203696467,-0.020391239341183132,0.0035282597108298244,0.0,-0.00040185028380296944,0.0004019178543494123,6.757054649142447e-08,0.0,0.00040185028380296944,-0.0004019178543494123,-6.757054649142447e-08,-6.757054649142447e-08,recorded_knot,0.325,0.325,linear_progress_interpolation,0.32,0.325
0.3250001615660377,2.7345225396302872,-0.016862851981917282,2,0.55,0.55,right,0.5331371480180828,-0.020793034014886427,0.003930182032969146,0.325,2.7345225396302872,-0.016862918396672835,2,0.55,0.55,right,0.5331370816033272,-0.020391183002918343,0.0035282646062455084,0.0,-0.00040185101196808445,0.00040191742672363723,6.64147555839989e-08,0.0,0.00040185101196808445,-0.00040191742672363723,-6.64147555839989e-08,-6.64147555839989e-08,linear_progress_interpolation,0.325,0.33,recorded_knot,0.325,0.325
0.33,2.7619320814928137,-0.015003675723961496,2,0.55,0.55,right,0.5349963242760385,-0.019072118421380978,0.004068442697419482,0.32999985139710514,2.7619320814928137,-0.015003755314847985,2,0.55,0.55,right,0.5349962446851521,-0.0186494165286197,0.0036456612137717136,0.0,-0.0004227018927612791,0.0004227814836477682,7.959088643705314e-08,0.0,0.0004227018927612791,-0.0004227814836477682,-7.959088643705314e-08,-7.959088643705314e-08,recorded_knot,0.33,0.33,linear_progress_interpolation,0.325,0.33
0.3300001484587645,2.7619328961444793,-0.015003621601713361,2,0.55,0.55,right,0.5349963783982867,-0.01907206732272925,0.00406844572101589,0.33,2.7619328961444793,-0.0150037000578025,2,0.55,0.55,right,0.5349962999421976,-0.01864936476077307,0.0036456647029705705,0.0,-0.00042270256195618,0.00042278101804531926,7.845608918088942e-08,0.0,0.00042270256195618,-0.00042278101804531926,-7.845608918088942e-08,-7.845608918088942e-08,linear_progress_interpolation,0.33,0.335,recorded_knot,0.33,0.33
0.335,2.7893690492036747,-0.013180871650679151,2,0.55,0.55,right,0.5368191283493209,-0.01735114721777585,0.004170275567096699,0.3349998669229175,2.7893690492036747,-0.013180963806158314,2,0.55,0.55,right,0.5368190361938417,-0.016907592877845795,0.003726629071687481,0.0,-0.0004435543399300551,0.0004436464954092178,9.215547913665745e-08,0.0,0.0004435543399300551,-0.0004436464954092178,-9.215547913665745e-08,-9.215547913665745e-08,recorded_knot,0.335,0.335,linear_progress_interpolation,0.33,0.335
0.3350001329467681,2.7893697794477514,-0.013180824291490315,2,0.55,0.55,right,0.5368191757085097,-0.017351101458263952,0.004170277166773637,0.335,2.7893697794477514,-0.01318091529198257,2,0.55,0.55,right,0.5368190847080174,-0.0169075465186278,0.0037266312266452297,0.0,-0.0004435549396361524,0.00044364594012840687,9.100049225274631e-08,0.0,0.0004435549396361524,-0.00044364594012840687,-9.100049225274631e-08,-9.100049225274631e-08,linear_progress_interpolation,0.335,0.34,recorded_knot,0.335,0.335
0.34,2.8168328261467552,-0.011399738136869503,2,0.55,0.55,right,0.5386002618631306,-0.01563017601417073,0.0042304378773012265,0.3399998847698828,2.8168328261467552,-0.011399843313374304,2,0.55,0.55,right,0.5386001566866258,-0.015165768418466574,0.00376592510509227,0.0,-0.00046440759570415616,0.00046451277220895676,1.051765048387665e-07,0.0,0.00046440759570415616,-0.00046451277220895676,-1.051765048387665e-07,-1.051765048387665e-07,recorded_knot,0.34,0.34,linear_progress_interpolation,0.335,0.34
0.34000011511643896,2.81683345907536,-0.011399698208723745,2,0.55,0.55,right,0.5386003017912763,-0.015630136391755433,0.004230438183031688,0.34,2.81683345907536,-0.01139980226580174,2,0.55,0.55,right,0.5386001977341983,-0.015165728276482531,0.0037659260106807906,0.0,-0.0004644081152729018,0.0004645121723508977,1.040570779542449e-07,0.0,0.0004644081152729018,-0.0004645121723508977,-1.040570779542449e-07,-1.040570779542449e-07,linear_progress_interpolation,0.34,0.34500000000000003,recorded_knot,0.34,0.34
0.34500000000000003,2.844323626349827,-0.009665487749905242,2,0.55,0.55,right,0.5403345122500948,-0.013909204810565604,0.004243717060660361,0.34499990485156323,2.844323626349827,-0.009665606422364586,2,0.55,0.55,right,0.5403343935776355,-0.013423943180593844,0.003758336758229258,0.0,-0.0004852616299717595,0.00048538030243110326,1.1867245930385906e-07,0.0,0.0004852616299717595,-0.00048538030243110326,-1.1867245930385906e-07,-1.1867245930385906e-07,recorded_knot,0.34500000000000003,0.34500000000000003,linear_progress_interpolation,0.34,0.34500000000000003
0.3450000950547776,2.8443241494890708,-0.009665455721128268,2,0.55,0.55,right,0.5403345442788717,-0.013909172093258619,0.004243716372130351,0.34500000000000003,2.8443241494890708,-0.009665573420531847,2,0.55,0.55,right,0.5403344265794682,-0.01342391003433726,0.003758336613805412,0.0,-0.0004852620589213593,0.0004853797583249386,1.1769940355677022e-07,0.0,0.0004852620589213593,-0.0004853797583249386,-1.1769940355677022e-07,-1.1769940355677022e-07,linear_progress_interpolation,0.34500000000000003,0.35000000000000003,recorded_knot,0.34500000000000003,0.34500000000000003
0.35000000000000003,2.8718414038637055,-0.007980734084329038,2,0.55,0.55,right,0.542019265915671,-0.012188233606960482,0.004207499522631443,0.3499999271624833,2.8718414038637055,-0.007980866779949554,2,0.55,0.55,right,0.5420191332200505,-0.011682117166135065,0.0037012503861855103,0.0,-0.000506116440825417,0.000506249136445933,1.3269562049167405e-07,0.0,0.000506116440825417,-0.000506249136445933,-1.3269562049167405e-07,-1.3269562049167405e-07,recorded_knot,0.35000000000000003,0.35000000000000003,linear_progress_interpolation,0.34500000000000003,0.35000000000000003
0.350000072766047,2.8718418047272403,-0.007980710325640048,2,0.55,0.55,right,0.54201928967436,-0.012188208561306195,0.004207498235666147,0.35000000000000003,2.8718418047272403,-0.007980842237622406,2,0.55,0.55,right,0.5420191577623776,-0.011682091792191991,0.003701249554569585,0.0,-0.0005061167691142038,0.0005062486810965619,1.3191198233730717e-07,0.0,0.0005061167691142038,-0.0005062486810965619,-1.3191198233730717e-07,-1.3191198233730717e-07,linear_progress_interpolation,0.35000000000000003,0.35500000000000004,recorded_knot,0.35000000000000003,0.35000000000000003
0.35500000000000004,2.8993860865587924,-0.0063481945973623026,2,0.55,0.55,right,0.5436518054026377,-0.010467262403355356,0.004119067805993053,0.3549999516981758,2.8993860865587924,-0.006348341836804563,2,0.55,0.55,right,0.5436516581631955,-0.009940290376646446,0.003591948539841883,0.0,-0.0005269720267089099,0.00052711926615117,1.4723944219419138e-07,0.0,0.0005269720267089099,-0.00052711926615117,-1.4723944219419138e-07,-1.4723944219419138e-07,recorded_knot,0.35500000000000004,0.35500000000000004,linear_progress_interpolation,0.35000000000000003,0.35500000000000004
0.3550000482543402,2.899386352649175,-0.006348179397903988,2,0.55,0.55,right,0.543651820602096,-0.010467245794489393,0.0041190663965854045,0.35500000000000004,2.899386352649175,-0.006348326066102718,2,0.55,0.55,right,0.5436516739338974,-0.009940273550046721,0.0035919474839440028,0.0,-0.0005269722444426715,0.0005271189126414017,1.466681986972418e-07,0.0,0.0005269722444426715,-0.0005271189126414017,-1.466681986972418e-07,-1.466681986972418e-07,linear_progress_interpolation,0.35500000000000004,0.36,recorded_knot,0.35500000000000004,0.35500000000000004
0.36,2.9269577393853283,-0.0047732628630321045,3,0.55,0.55,right,0.5452267371369679,-0.005065907083497141,0.00029264422046503674,0.3599999783746158,2.9269577393853283,-0.004773425186708676,2,0.55,0.55,right,0.5452265748132914,-0.00819846284139921,0.003425037654690535,0.0,0.0031325557579020696,-0.0031323934342254982,1.6232367650026447e-07,0.0,-0.0031325557579020696,0.0031323934342254982,-1.6232367650026447e-07,-1.6232367650026447e-07,recorded_knot,0.36,0.36,linear_progress_interpolation,0.35500000000000004,0.36
0.3600000216041368,2.92695785863421,-0.004773256330058088,3,0.55,0.55,right,0.545226743669942,-0.0050659023901123345,0.00029264606005424687,0.36,2.92695785863421,-0.004773418375111902,3,0.55,0.55,right,0.5452265816248881,-0.004944334122465031,0.00017091574735312882,0.0,-0.00012156826764730348,0.00012173031270111805,1.6204505381978151e-07,0.0,0.00012156826764730348,-0.00012173031270111805,-1.6204505381978151e-07,-1.6204505381978151e-07,linear_progress_interpolation,0.36,0.365,recorded_knot,0.36,0.36
0.36499999289262547,2.954556322360443,-0.0032612920786575256,3,0.55,0.55,right,0.5467387079213425,-0.0039796849918001045,0.0007183929131425789,0.365,2.954556322360443,-0.0032614701126770307,3,0.55,0.55,right,0.546738529887323,-0.0038445176026842913,0.0005830474900072606,0.0,-0.0001351673891158132,0.00013534542313531827,1.7803401952676268e-07,0.0,0.0001351673891158132,-0.00013534542313531827,-1.7803401952676268e-07,-1.7803401952676268e-07,linear_progress_interpolation,0.36,0.365,recorded_knot,0.365,0.365
0.365,2.954556361591192,-0.003261289929425944,3,0.55,0.55,right,0.5467387100705741,-0.003979683447760465,0.0007183935183345215,0.36500000710053593,2.954556361591192,-0.0032614680589261188,3,0.55,0.55,right,0.5467385319410739,-0.0038445160408269465,0.0005830479819008277,0.0,-0.00013516740693351884,0.00013534553643369373,1.7812950015017037e-07,0.0,0.00013516740693351884,-0.00013534553643369373,-1.7812950015017037e-07,-1.7812950015017037e-07,recorded_knot,0.365,0.365,linear_progress_interpolation,0.365,0.37
0.36999996210799335,2.9821815251121926,-0.0018150813856268229,3,0.55,0.55,right,0.5481849186143732,-0.0028934680438624343,0.0010783866582356114,0.37,2.9821815251121926,-0.0018152758142097015,3,0.55,0.55,right,0.5481847241857903,-0.0027447010829035516,0.0009294252686938502,0.0,-0.0001487669609588826,0.00014896138954176123,1.9442858290030784e-07,0.0,0.0001487669609588826,-0.00014896138954176123,-1.9442858290030784e-07,-1.9442858290030784e-07,linear_progress_interpolation,0.365,0.37,recorded_knot,0.37,0.37
0.37,2.982181734468355,-0.0018150704255950076,3,0.55,0.55,right,0.548184929574405,-0.0028934598120237904,0.0010783893864287828,0.37000003785594954,2.982181734468355,-0.0018152653844209629,3,0.55,0.55,right,0.548184734615579,-0.0027446927559838154,0.0009294273715628526,0.0,-0.00014876705603997491,0.0001489620148659302,1.9495882597198033e-07,0.0,0.00014876705603997491,-0.0001489620148659302,-1.9495882597198033e-07,-1.9495882597198033e-07,recorded_knot,0.37,0.37,linear_progress_interpolation,0.37,0.375
0.3749999292752893,3.0098332106824692,-0.0004375015698919553,3,0.55,0.55,right,0.5495624984301081,-0.0018072515408575937,0.0013697499709656384,0.375,3.0098332106824692,-0.00043771312323018924,3,0.55,0.55,right,0.5495622868767699,-0.0016448845631228124,0.0012071714398926231,0.0,-0.00016236697773478132,0.00016257853107301524,2.1155333818079214e-07,0.0,0.00016236697773478132,-0.00016257853107301524,-2.1155333818079214e-07,-2.1155333818079214e-07,linear_progress_interpolation,0.37,0.375,recorded_knot,0.375,0.375
0.375,3.009833601816533,-0.0004374820839845655,3,0.55,0.55,right,0.5495625179160155,-0.001807236176287115,0.0013697540923025494,0.37500007066086305,3.009833601816533,-0.00043769463124467483,3,0.55,0.55,right,0.5495623053687554,-0.0016448690203259156,0.0012071743890812408,0.0,-0.00016236715596119932,0.0001625797032213086,2.125472601255396e-07,0.0,0.00016236715596119932,-0.0001625797032213086,-2.125472601255396e-07,-2.125472601255396e-07,recorded_knot,0.375,0.375,linear_progress_interpolation,0.375,0.38
0.379999895332336,3.0375100636697536,0.0008710188733315649,3,0.55,0.55,left,0.5491289811266685,-0.0007210352790485417,0.0015920541523801067,0.38,3.0375100636697536,0.0008707895409134478,3,0.55,0.55,left,0.5491292104590866,-0.0005450680433420718,0.0014158575842555196,0.0,-0.00017596723570646993,0.00017619656812458708,2.293324180557832e-07,0.0,0.00017596723570646993,-0.00017619656812458708,-2.293324180557832e-07,2.293324180557832e-07,linear_progress_interpolation,0.375,0.38,recorded_knot,0.38,0.38
0.38,3.037510643048004,0.0008710462654526799,3,0.55,0.55,left,0.5491289537345474,-0.0007210125405504391,0.001592058806003119,0.3800001045782965,3.037510643048004,0.0008708154528805188,3,0.55,0.55,left,0.5491291845471196,-0.0005450450399544465,0.0014158604928349652,0.0,-0.00017596750059599257,0.00017619831316815376,2.3081257216617246e-07,0.0,0.00017596750059599257,-0.00017619831316815376,-2.3081257216617246e-07,2.3081257216617246e-07,recorded_knot,0.38,0.38,linear_progress_interpolation,0.38,0.385
0.38499986121428337,3.0652107563283315,0.0021099160590593215,3,0.55,0.55,left,0.5478900839409407,0.0003651809447210927,0.0017447351143382289,0.385,3.0652107563283315,0.0021096683488169964,3,0.55,0.55,left,0.5478903316511831,0.000554748476438667,0.0015549198723783294,0.0,-0.00018956753171757434,0.00018981524195989946,2.477102423181776e-07,0.0,0.00018956753171757434,-0.00018981524195989946,-2.477102423181776e-07,2.477102423181776e-07,linear_progress_interpolation,0.38,0.385,recorded_knot,0.385,0.385
0.385,3.0652115252256884,0.002109950447500271,3,0.55,0.55,left,0.5478900495524998,0.0003652110951862359,0.001744739352314035,0.3850001386690255,3.0652115252256884,0.0021097006909080213,3,0.55,0.55,left,0.547890299309092,0.0005547789785356693,0.001554921712372352,0.0,-0.0001895678833494334,0.0001898176399416831,2.49756592296535e-07,0.0,0.0001895678833494334,-0.0001898176399416831,-2.49756592296535e-07,2.49756592296535e-07,recorded_knot,0.385,0.385,linear_progress_interpolation,0.385,0.39
0.38999982692313667,3.092934949028712,0.0032760964804912675,3,0.55,0.55,left,0.5467239035195087,0.0014513971308869598,0.0018246993496043077,0.39,3.092934949028712,0.0032758296782434055,3,0.55,0.55,left,0.5467241703217567,0.0016545649962194072,0.0016212646820239983,0.0,-0.00020316786533244738,0.00020343466758030934,2.6680224796127305e-07,0.0,0.00020316786533244738,-0.00020343466758030934,-2.6680224796127305e-07,2.6680224796127305e-07,linear_progress_interpolation,0.385,0.39,recorded_knot,0.39,0.39
0.39,3.092935908718579,0.003276136848468141,3,0.55,0.55,left,0.5467238631515319,0.0014514347309229113,0.0018247021175452297,0.39000017293387385,3.092935908718579,0.003275867391806328,3,0.55,0.55,left,0.5467241326081937,0.001654603035325661,0.001621264356480667,0.0,-0.00020316830440274963,0.00020343776106456282,2.6945666187216943e-07,0.0,0.00020316830440274963,-0.00020343776106456282,-2.6945666187216943e-07,2.6945666187216943e-07,recorded_knot,0.39,0.39,linear_progress_interpolation,0.39,0.395
0.3949997924579822,3.12068225629346,0.0043665205154987275,3,0.55,0.55,left,0.5456334794845014,0.0025376132792505595,0.001828907236248168,0.395,3.12068225629346,0.004366233833564852,3,0.55,0.55,left,0.5456337661664352,0.0027543815160001464,0.0016118523175647059,0.0,-0.00021676823674958694,0.00021705491868346215,2.866819338587234e-07,0.0,0.00021676823674958694,-0.00021705491868346215,-2.866819338587234e-07,2.866819338587234e-07,linear_progress_interpolation,0.39,0.395,recorded_knot,0.395,0.395
0.395,3.12068340804786,0.004366565777462763,3,0.55,0.55,left,0.5456334342225373,0.0025376583666595867,0.001828907410803176,0.3950002073744857,3.12068340804786,0.004366275898639401,3,0.55,0.55,left,0.5456337241013607,0.0027544271307771754,0.0016118487678622256,0.0,-0.00021676876411758864,0.0002170586429409505,2.898788233895999e-07,0.0,0.00021676876411758864,-0.0002170586429409505,-2.898788233895999e-07,2.898788233895999e-07,recorded_knot,0.395,0.395,linear_progress_interpolation,0.395,0.4
0.39999975786389635,3.148452172059142,0.005380770875749894,3,0.55,0.55,left,0.5446192291242502,0.00362382939960449,0.0017569414761454036,0.4,3.148452172059142,0.0053804635834422705,3,0.55,0.55,left,0.5446195364165578,0.0038541980357808875,0.001526265547661383,0.0,-0.00023036863617639748,0.00023067592848402063,3.07292307599738e-07,0.0,0.00023036863617639748,-0.00023067592848402063,-3.07292307599738e-07,3.07292307599738e-07,linear_progress_interpolation,0.395,0.4,recorded_knot,0.4,0.4
0.4,3.1484535168883325,0.005380819993262684,3,0.55,0.55,left,0.5446191800067374,0.003623882002396263,0.0017569379908664211,0.40000024194534106,3.1484535168883325,0.005380508952761327,3,0.55,0.55,left,0.5446194910472387,0.003854251254877479,0.0015262576978838484,0.0,-0.00023036925248121586,0.0002306802929825727,3.1104050135510874e-07,0.0,0.00023036925248121586,-0.0002306802929825727,-3.1104050135510874e-07,3.1104050135510874e-07,recorded_knot,0.4,0.4,linear_progress_interpolation,0.4,0.405
0.40499972318627925,3.1762441763399245,0.006318386626691461,3,0.55,0.55,left,0.5436816133733086,0.004710045501811698,0.0016083411248797638,0.405,3.1762441763399245,0.0063180579769766786,3,0.55,0.55,left,0.5436819420230233,0.004954014555561627,0.0013640434214150518,0.0,-0.00024396905374992912,0.0002442977034647119,3.286497147758638e-07,0.0,0.00024396905374992912,-0.0002442977034647119,-3.286497147758638e-07,3.286497147758638e-07,linear_progress_interpolation,0.4,0.405,recorded_knot,0.405,0.405
0.405,3.1762457149922776,0.006318438535826946,3,0.55,0.55,left,0.5436815614641731,0.004710105638132938,0.0016083328976940082,0.40500027660050525,3.1762457149922776,0.0063181054418709045,3,0.55,0.55,left,0.5436818945581291,0.004954075397522632,0.001364030044348273,0.0,-0.00024396975938969362,0.0002443028533457353,3.330939559731405e-07,0.0,0.00024396975938969362,-0.0002443028533457353,-3.330939559731405e-07,3.330939559731405e-07,recorded_knot,0.405,0.405,linear_progress_interpolation,0.405,0.41000000000000003
0.40999968842422185,3.204057797863009,0.007176413375162931,3,0.55,0.55,left,0.5428235866248371,0.0057962615856746984,0.0013801517894882322,0.41000000000000003,3.204057797863009,0.007176062451466544,3,0.55,0.55,left,0.5428239375485335,0.006053831075342365,0.0011222313761241791,0.0,-0.0002575694896676667,0.0002579204133640531,3.5092369643496824e-07,0.0,0.0002575694896676667,-0.0002579204133640531,-3.5092369643496824e-07,3.5092369643496824e-07,linear_progress_interpolation,0.405,0.41000000000000003,recorded_knot,0.41000000000000003,0.41000000000000003
0.41000000000000003,3.2040595310852877,0.00717646684333045,3,0.55,0.55,left,0.5428235331566696,0.005796329273869613,0.001380137569460837,0.4100003113416873,3.2040595310852877,0.007176110746636944,3,0.55,0.55,left,0.5428238892533631,0.006053899559088555,0.0011222111875483897,0.0,-0.0002575702852189417,0.0002579263819124473,3.560966934657017e-07,0.0,0.0002575702852189417,-0.0002579263819124473,-3.560966934657017e-07,3.560966934657017e-07,recorded_knot,0.41000000000000003,0.41000000000000003,linear_progress_interpolation,0.41000000000000003,0.41500000000000004
0.41499965357599183,3.231892526544242,0.007952034176463691,3,0.55,0.55,left,0.5420479658235363,0.006882477650817149,0.001069556525646542,0.41500000000000004,3.231892526544242,0.007951660008287443,3,0.55,0.55,left,0.5420483399917126,0.007153647595123104,0.0007980124131643385,0.0,-0.0002711699443059554,0.00027154411248220354,3.74168176331402e-07,0.0,0.0002711699443059554,-0.00027154411248220354,-3.74168176331402e-07,3.74168176331402e-07,linear_progress_interpolation,0.41000000000000003,0.41500000000000004,recorded_knot,0.41500000000000004,0.41500000000000004
0.41500000000000004,3.23189445508143,0.007952087915215804,3,0.55,0.55,left,0.5420479120847842,0.00688255290960629,0.0010695350056095145,0.41500034617051296,3.23189445508143,0.007951707991419723,3,0.55,0.55,left,0.5420482920085803,0.0071537237399328605,0.0007979842514868624,0.0,-0.0002711708303265708,0.0002715507541226521,3.7992379608997595e-07,0.0,0.0002711708303265708,-0.0002715507541226521,-3.7992379608997595e-07,3.7992379608997595e-07,recorded_knot,0.41500000000000004,0.41500000000000004,linear_progress_interpolation,0.41500000000000004,0.42
0.41999961867250546,3.2597478336230328,0.008645114566469096,3,0.55,0.55,left,0.5413548854335309,0.00796869370395545,0.0006764208625136461,0.42,3.2597478336230328,0.008644716327225528,3,0.55,0.55,left,0.5413552836727745,0.008253464114903833,0.00039125221232169487,0.0,-0.0002847704109483831,0.0002851686501919512,3.9823924358195484e-07,0.0,0.0002847704109483831,-0.0002851686501919512,-3.9823924358195484e-07,3.9823924358195484e-07,linear_progress_interpolation,0.41500000000000004,0.42,recorded_knot,0.42,0.42
0.42,3.259749958036863,0.008645167424523655,3,0.55,0.55,left,0.5413548325754763,0.007968776545342953,0.0006763908791807011,0.42000038105598336,3.259749958036863,0.008644762846259056,3,0.55,0.55,left,0.541355237153741,0.008253547933236929,0.0003912149130221275,0.0,-0.00028477138789397526,0.00028517596615857364,4.0457826466777647e-07,0.0,0.00028477138789397526,-0.00028517596615857364,-4.0457826466777647e-07,4.0457826466777647e-07,recorded_knot,0.42,0.42,linear_progress_interpolation,0.42,0.425
0.42499958374471075,3.2876231842657426,0.00925553577968257,3,0.55,0.55,left,0.5407444642203175,0.009054909751812893,0.00020062602786967768,0.425,3.2876231842657426,0.009255112641124469,3,0.55,0.55,left,0.5407448873588756,0.009353280634684573,-9.816799356010368e-05,0.0,-0.00029837088287167947,0.00029879402142978136,4.231385580810709e-07,0.0,0.00029837088287167947,-0.00029879402142978136,-4.231385580810709e-07,4.231385580810709e-07,linear_progress_interpolation,0.42,0.425,recorded_knot,0.425,0.425
0.425,3.28762550493451,0.009255586597724472,3,0.55,0.55,left,0.5407444134022755,0.009055000181079628,0.0002005864166448445,0.42500041596757315,3.28762550493451,0.009255156333300986,3,0.55,0.55,left,0.5407448436666991,0.009353372132286304,-9.82157989853176e-05,0.0,-0.0002983719512066763,0.0002988022156301621,4.3026442353433225e-07,0.0,0.0002983719512066763,-0.0002988022156301621,-4.3026442353433225e-07,4.3026442353433225e-07,recorded_knot,0.425,0.425,linear_progress_interpolation,0.425,0.43
0.4299995487905847,3.315518012098216,0.009780749015456487,3,0.55,0.55,left,0.5402192509845436,0.010141125793949995,-0.0003603767784935083,0.43,3.315518012098216,0.009780299931400541,3,0.55,0.55,left,0.5402197000685995,0.010453097154465312,-0.0006727972230647708,0.0,-0.0003119713605153167,0.0003124204445712625,4.4908405594235035e-07,0.0,0.0003119713605153167,-0.0003124204445712625,-4.4908405594235035e-07,4.4908405594235035e-07,linear_progress_interpolation,0.425,0.43,recorded_knot,0.43,0.43
0.43,3.3155205293977517,0.009780796411379071,3,0.55,0.55,left,0.540219203588621,0.010141223816816302,-0.00036042740543723063,0.43000045090728994,3.3155205293977517,0.00978033939581155,3,0.55,0.55,left,0.5402196606041885,0.010453196337522588,-0.0006728569417110385,0.0,-0.000311972520706286,0.00031242953627380783,4.570155675009957e-07,0.0,0.000311972520706286,-0.00031242953627380783,-4.570155675009957e-07,4.570155675009957e-07,recorded_knot,0.43,0.43,linear_progress_interpolation,0.43,0.435
0.43499951380814783,3.343431727306642,0.010218387181448055,3,0.55,0.55,left,0.539781612818552,0.011227341829936711,-0.0010089546484886563,0.435,3.343431727306642,0.010217911075485081,3,0.55,0.55,left,0.539782088924515,0.011552913674246053,-0.0013350025987609714,0.0,-0.0003255718443093414,0.00032604795027231515,4.761059629876385e-07,0.0,0.0003255718443093414,-0.00032604795027231515,-4.761059629876385e-07,4.761059629876385e-07,linear_progress_interpolation,0.43,0.435,recorded_knot,0.435,0.435
0.435,3.3434344416099777,0.010218429736199406,3,0.55,0.55,left,0.5397815702638007,0.011227447452552981,-0.0010090177163535746,0.4350004858754767,3.3434344416099777,0.010217945122980085,3,0.55,0.55,left,0.5397820548770199,0.011553020549021216,-0.001335075426041131,0.0,-0.0003255730964682353,0.0003260577096875564,4.846132192204422e-07,0.0,0.0003255730964682353,-0.0003260577096875564,-4.846132192204422e-07,4.846132192204422e-07,recorded_knot,0.435,0.435,linear_progress_interpolation,0.435,0.44
0.4399994788287434,3.371363815528135,0.010568787689357987,3,0.55,0.55,left,0.5394312123106421,0.01231355786658222,-0.0017447701772242332,0.44,3.371363815528135,0.010568283718655983,3,0.55,0.55,left,0.539431716281344,0.012652730194026792,-0.002084446475370809,0.0,-0.0003391723274445719,0.0003396762981465757,5.039707019482975e-07,0.0,0.0003391723274445719,-0.0003396762981465757,-5.039707019482975e-07,5.039707019482975e-07,linear_progress_interpolation,0.435,0.44,recorded_knot,0.44,0.44
0.44,3.371366727028993,0.010568824212463886,3,0.55,0.55,left,0.5394311757875362,0.012313671088289655,-0.001744846875825769,0.44000052084181646,3.371366727028993,0.010568311168859089,3,0.55,0.55,left,0.539431688831141,0.012652844760113578,-0.0020845335912544893,0.0,-0.0003391736718239228,0.00033968671542872024,5.13043604821739e-07,0.0,0.0003391736718239228,-0.00033968671542872024,-5.13043604821739e-07,5.13043604821739e-07,recorded_knot,0.44,0.44,linear_progress_interpolation,0.44,0.445
0.4449994438826667,3.3993137685282098,0.010832334039541569,3,0.55,0.55,left,0.5391676659604585,0.013399773910467996,-0.0025674398709264277,0.445,3.3993137685282098,0.01083180137638539,3,0.55,0.55,left,0.5391681986236146,0.013752546713807531,-0.002920745337422141,0.0,-0.000352772803339535,0.0003533054664957135,5.326631561386463e-07,0.0,0.000352772803339535,-0.0003533054664957135,-5.326631561386463e-07,5.326631561386463e-07,linear_progress_interpolation,0.44,0.445,recorded_knot,0.445,0.445
0.445,3.39931687724081,0.010832363351278188,3,0.55,0.55,left,0.5391676366487218,0.013399894724026331,-0.0025675313727481427,0.445000555777995,3.39931687724081,0.010831820790288106,3,0.55,0.55,left,0.5391681792097119,0.013752668964571581,-0.002920848174283475,0.0,-0.00035277424054525053,0.00035331680153533225,5.425609901354989e-07,0.0,0.00035277424054525053,-0.00035331680153533225,-5.425609901354989e-07,5.425609901354989e-07,recorded_knot,0.445,0.445,linear_progress_interpolation,0.445,0.45
0.44999940896661444,3.4272809841079823,0.011007019018479034,3,0.55,0.55,left,0.538992980981521,0.014485989960876423,-0.003478970942397389,0.45,3.4272809841079823,0.011006456570460715,3,0.55,0.55,left,0.5389935434295393,0.01485236323358827,-0.003845906663127556,0.0,-0.0003663732727118476,0.00036693572073016704,5.62448018270878e-07,0.0,0.0003663732727118476,-0.00036693572073016704,-5.62448018270878e-07,5.62448018270878e-07,linear_progress_interpolation,0.445,0.45,recorded_knot,0.45,0.45
0.45,3.427284290042917,0.011007039666385813,3,0.55,0.55,left,0.5389929603336142,0.014486118359763007,-0.0034790786933771942,0.4500005906857915,3.427284290042917,0.011006466492398028,3,0.55,0.55,left,0.538993533507602,0.01485249316278657,-0.003846026670388542,0.0,-0.0003663748030235635,0.00036694797701134797,5.731739878278574e-07,0.0,0.0003663748030235635,-0.00036694797701134797,-5.731739878278574e-07,5.731739878278574e-07,recorded_knot,0.45,0.45,linear_progress_interpolation,0.45,0.455
0.454999374078867,3.4552648545706175,0.011091036493722325,3,0.55,0.55,left,0.5389089635062777,0.01557220601743392,-0.004481169523711595,0.455,3.4552648545706175,0.011090443162455147,3,0.55,0.55,left,0.5389095568375449,0.015952179753369013,-0.004861736590913867,0.0,-0.00037997373593509284,0.0003805670672022716,5.933312672290469e-07,0.0,0.00037997373593509284,-0.0003805670672022716,-5.933312672290469e-07,5.933312672290469e-07,linear_progress_interpolation,0.45,0.455,recorded_knot,0.455,0.455
0.455,3.455268357734489,0.01109104701011668,3,0.55,0.55,left,0.5389089529898834,0.015572341995499681,-0.004481294985383001,0.455000625563168,3.455268357734489,0.011090442439373441,3,0.55,0.55,left,0.5389095575606266,0.015952317354310273,-0.0048618749149368316,0.0,-0.00037997535881059176,0.0003805799295538304,6.045707432456027e-07,0.0,0.00037997535881059176,-0.0003805799295538304,-6.045707432456027e-07,6.045707432456027e-07,recorded_knot,0.455,0.455,linear_progress_interpolation,0.455,0.46
0.45999933925244707,3.4832649355425014,0.011085288705573643,3,0.55,0.55,left,0.5389147112944264,0.016658422087314502,-0.005573133381740859,0.46,3.4832649355425014,0.01108466371648322,4,0.55,0.55,left,0.5389153362835168,0.01121884050303776,-0.00013417678655454,0.0,0.005439581584276742,-0.005438956595186319,6.249890904808098e-07,0.0,-0.005439581584276742,0.005438956595186319,-6.249890904808098e-07,6.249890904808098e-07,linear_progress_interpolation,0.455,0.46,recorded_knot,0.46,0.46
0.46,3.4832686357655396,0.011085287944515942,4,0.55,0.55,left,0.5389147120554841,0.011349502403065589,-0.00026421445854964663,0.46000066037992093,3.4832686357655396,0.011084651224224256,4,0.55,0.55,left,0.5389153487757757,0.011218796316878422,-0.00013414509265416603,0.0,0.0001307060861871663,-0.0001300693658954806,6.367202916024439e-07,0.0,-0.0001307060861871663,0.0001300693658954806,-6.367202916024439e-07,6.367202916024439e-07,recorded_knot,0.46,0.46,linear_progress_interpolation,0.46,0.465
0.4649993045175531,3.511280801265757,0.010990737226208597,4,0.55,0.55,left,0.5390092627737915,0.011035531329608632,-4.4794103400034105e-05,0.465,3.511280801265757,0.010990079837049489,4,0.55,0.55,left,0.5390099201629506,0.010884289451911935,0.0001057903851375535,0.0,0.00015124187769669645,-0.0001505844885375876,6.573891591088454e-07,0.0,-0.00015124187769669645,0.0001505844885375876,-6.573891591088454e-07,6.573891591088454e-07,linear_progress_interpolation,0.46,0.465,recorded_knot,0.465,0.465
0.465,3.5112846982016883,0.010990724072706006,4,0.55,0.55,left,0.5390092759272941,0.011035487651259042,-4.476357855303509e-05,0.4650006951099518,3.5112846982016883,0.010990054146128584,4,0.55,0.55,left,0.5390099458538714,0.010884242941958933,0.00010581120416965073,0.0,0.00015124470930010826,-0.00015057478272268582,6.699265773235652e-07,0.0,-0.00015124470930010826,0.00015057478272268582,-6.699265773235652e-07,6.699265773235652e-07,recorded_knot,0.465,0.465,linear_progress_interpolation,0.465,0.47000000000000003
0.46999926986940915,3.539311876935753,0.010805973146909086,4,0.55,0.55,left,0.5391940268530909,0.01072151875380775,8.445439310133564e-05,0.47000000000000003,3.539311876935753,0.010805282303650725,4,0.55,0.55,left,0.5391947176963493,0.01054973840078611,0.0002555439028646151,0.0,0.00017178035302163955,-0.00017108950976327947,6.908432583774271e-07,0.0,-0.00017178035302163955,0.00017108950976327947,-6.908432583774271e-07,6.908432583774271e-07,linear_progress_interpolation,0.465,0.47000000000000003,recorded_knot,0.47000000000000003,0.47000000000000003
0.47000000000000003,3.5393159702335955,0.010805946164508426,4,0.55,0.55,left,0.5391940538354916,0.010721472899452494,8.44732650559319e-05,0.47000072975439827,3.5393159702335955,0.010805241990028004,4,0.55,0.55,left,0.5391947580099721,0.010549689572765912,0.0002555524172620921,0.0,0.0001717833266865823,-0.0001710791522061602,7.041744805036387e-07,0.0,-0.0001717833266865823,0.0001710791522061602,-7.041744805036387e-07,7.041744805036387e-07,recorded_knot,0.47000000000000003,0.47000000000000003,linear_progress_interpolation,0.47000000000000003,0.47500000000000003
0.47499923530695254,3.567357599251626,0.010529794004538849,4,0.55,0.55,left,0.5394702059954612,0.01040750617262545,0.00012228783191339798,0.47500000000000003,3.567357599251626,0.0105290686705605,4,0.55,0.55,left,0.5394709313294396,0.010215187349660286,0.0003138813209002146,0.0,0.00019231882296516511,-0.00019159348898681663,7.253339783241941e-07,0.0,-0.00019231882296516511,0.00019159348898681663,-7.253339783241941e-07,7.253339783241941e-07,linear_progress_interpolation,0.47000000000000003,0.47500000000000003,recorded_knot,0.47500000000000003,0.47500000000000003
0.47500000000000003,3.5673618885553764,0.010529751763751245,4,0.55,0.55,left,0.5394702482362488,0.010407458147645947,0.00012229361610529774,0.47500076435247035,3.5673618885553764,0.010529012720850408,4,0.55,0.55,left,0.5394709872791497,0.01021513620667581,0.0003138765141745981,0.0,0.00019232194097013738,-0.00019158289806930039,7.390429008768962e-07,0.0,-0.00019232194097013738,0.00019158289806930039,-7.390429008768962e-07,7.390429008768962e-07,recorded_knot,0.47500000000000003,0.47500000000000003,linear_progress_interpolation,0.47500000000000003,0.48
0.47999919870467234,3.595416014165309,0.010163834138694653,4,0.55,0.55,left,0.5398361658613053,0.010093493719550092,7.03404191445614e-05,0.48,3.595416014165309,0.010163074497277118,4,0.55,0.55,left,0.5398369255027229,0.009880636298534466,0.000282438198742652,0.0,0.00021285742101562546,-0.00021209777959809058,7.596414175470301e-07,0.0,-0.00021285742101562546,0.00021209777959809058,-7.596414175470301e-07,7.596414175470301e-07,linear_progress_interpolation,0.47500000000000003,0.48,recorded_knot,0.48,0.48
0.48,3.5954205108138924,0.010163775487678642,4,0.55,0.55,left,0.5398362245123214,0.010093443395839405,7.033209183923694e-05,0.4800008009938495,3.5954205108138924,0.010163001755417147,4,0.55,0.55,left,0.5398369982445829,0.009880582703867604,0.0002824190515495432,0.0,0.00021286069197180152,-0.00021208695971030624,7.737322614831399e-07,0.0,-0.00021286069197180152,0.00021208695971030624,-7.737322614831399e-07,7.737322614831399e-07,recorded_knot,0.48,0.48,linear_progress_interpolation,0.48,0.485
0.4849991579758723,3.623485197130304,0.009709795023238071,4,0.55,0.55,left,0.540290204976762,0.009779481525632353,-6.968650239428179e-05,0.485,3.623485197130304,0.009709001972159887,4,0.55,0.55,left,0.5402909980278402,0.009546085247408643,0.0001629167247512442,0.0,0.00023339627822371,-0.00023260322714552598,7.93051078251672e-07,0.0,-0.00023339627822371,0.00023260322714552598,-7.93051078251672e-07,7.93051078251672e-07,linear_progress_interpolation,0.48,0.485,recorded_knot,0.485,0.485
0.485,3.6234899241549607,0.009709718557860023,4,0.55,0.55,left,0.54029028144214,0.009779428644032856,-6.971008617283336e-05,0.48500084172285074,3.6234899241549607,0.009708910570341267,4,0.55,0.55,left,0.5402910894296588,0.009546028927555746,0.00016288164278552113,0.0,0.00023339971647711073,-0.0002325917289583545,8.079875187805285e-07,0.0,-0.00023339971647711073,0.0002325917289583545,-8.079875187805285e-07,8.079875187805285e-07,recorded_knot,0.485,0.485,linear_progress_interpolation,0.485,0.49
0.489999113163099,3.6515646573255243,0.00916688325998024,4,0.55,0.55,left,0.5408331167400198,0.00946546958820018,-0.0002985863282199408,0.49,3.6515646573255243,0.009166057114834206,4,0.55,0.55,left,0.5408339428851658,0.009211534196282817,-4.5477081448610374e-05,0.0,0.0002539353919173634,-0.0002531092467713304,8.261451460711555e-07,0.0,-0.0002539353919173634,0.0002531092467713304,-8.261451460711555e-07,8.261451460711555e-07,linear_progress_interpolation,0.485,0.49,recorded_knot,0.49,0.49
0.49,3.6515696377507614,0.00916678696162539,4,0.55,0.55,left,0.5408332130383746,0.00946541389222631,-0.00029862693060092073,0.4900008865351253,3.6515696377507614,0.009165944984372619,4,0.55,0.55,left,0.5408340550156274,0.009211474878031211,-4.552989365859232e-05,0.0,0.00025393901419509986,-0.0002530970369423284,8.419772528078795e-07,0.0,-0.00025393901419509986,0.0002530970369423284,-8.419772528078795e-07,8.419772528078795e-07,recorded_knot,0.49,0.49,linear_progress_interpolation,0.49,0.495
0.4949990642699491,3.679653929227839,0.00853450777200997,4,0.55,0.55,left,0.5414654922279901,0.009151457907027701,-0.0006169501350177312,0.495,3.679653929227839,0.008533648660916318,4,0.55,0.55,left,0.5414663513390837,0.008876983145156992,-0.0003433344842406743,0.0,0.00027447476187070913,-0.00027361565077705687,8.591110935984858e-07,0.0,-0.00027447476187070913,0.00027361565077705687,-8.591110935984858e-07,8.591110935984858e-07,linear_progress_interpolation,0.49,0.495,recorded_knot,0.495,0.495
0.495,3.6796591860747356,0.00853438942133346,4,0.55,0.55,left,0.5414656105786666,0.009151399140419764,-0.0006170097190863044,0.4950009354182151,3.6796591860747356,0.008533514008971989,4,0.55,0.55,left,0.5414664859910281,0.008876920556127571,-0.0003434065471555822,0.0,0.00027447858429219263,-0.00027360317193072213,8.754123614895803e-07,0.0,-0.00027447858429219263,0.00027360317193072213,-8.754123614895803e-07,8.754123614895803e-07,recorded_knot,0.495,0.495,linear_progress_interpolation,0.495,0.5
0.49999901133898894,3.7077528416256507,0.007814798312860492,4,0.55,0.55,left,0.5421852016871396,0.008837446479441617,-0.001022648166581125,0.5,3.7077528416256507,0.007813906720082657,4,0.55,0.55,left,0.5421860932799174,0.008542432094031169,-0.0007285253739485117,0.0,0.00029501438541044804,-0.00029412279263261315,8.915927778296862e-07,0.0,-0.00029501438541044804,0.00029412279263261315,-8.915927778296862e-07,8.915927778296862e-07,linear_progress_interpolation,0.495,0.5,recorded_knot,0.5,0.5
0.5,3.7077583977446547,0.007814655998385765,4,0.55,0.55,left,0.5421853440016143,0.008837384388613215,-0.0010227283902274498,0.5000009883372006,3.7077583977446547,0.007813747620399122,4,0.55,0.55,left,0.5421862523796009,0.0085423659641813,-0.0007286183437821784,0.0,0.0002950184244319143,-0.00029411004644527144,9.083779866081443e-07,0.0,-0.0002950184244319143,0.00029411004644527144,-9.083779866081443e-07,9.083779866081443e-07,recorded_knot,0.5,0.5,linear_progress_interpolation,0.5,0.505
0.504998954404451,3.7358612594822893,0.0070099447770061,4,0.55,0.55,left,0.5429900552229939,0.008523435303292033,-0.0015134905262859334,0.505,3.7358612594822893,0.00700902108273988,4,0.55,0.55,left,0.5429909789172601,0.008207881042905343,-0.0011988599601654628,0.0,0.0003155542603866905,-0.0003146305661204706,9.236942661861036e-07,0.0,-0.0003155542603866905,0.0003146305661204706,-9.236942661861036e-07,9.236942661861036e-07,linear_progress_interpolation,0.5,0.505,recorded_knot,0.505,0.505
0.505,3.7358671375569363,0.007009776461313814,4,0.55,0.55,left,0.5429902235386862,0.00852336963680667,-0.0015135931754928552,0.5050010452676018,3.7358671375569363,0.007008834977451286,4,0.55,0.55,left,0.5429911650225487,0.008207811103830365,-0.0011989761263790791,0.0,0.0003155585329763042,-0.0003146170491137761,9.414838625376731e-07,0.0,-0.0003155585329763042,0.0003146170491137761,-9.414838625376731e-07,9.414838625376731e-07,recorded_knot,0.505,0.505,linear_progress_interpolation,0.505,0.51
0.5099988934592994,3.7639788182612874,0.006119749248813806,4,0.55,0.55,left,0.5438802507511863,0.008209424379020815,-0.0020896751302070084,0.51,3.7639788182612874,0.006118793124548237,4,0.55,0.55,left,0.5438812068754518,0.00787332999177952,-0.0017545368672312826,0.0,0.0003360943872412949,-0.00033513826297572585,9.561242655387048e-07,0.0,-0.0003360943872412949,0.00033513826297572585,-9.561242655387048e-07,9.561242655387048e-07,linear_progress_interpolation,0.505,0.51,recorded_knot,0.51,0.51
0.51,3.7639850409821984,0.006119552234945983,4,0.55,0.55,left,0.5438804477650541,0.008209354885000122,-0.002089802650054139,0.5100011062075608,3.7639850409821984,0.0061185772881523865,4,0.55,0.55,left,0.5438814227118477,0.007873255975199077,-0.0017546786870466903,0.0,0.0003360989098010452,-0.00033512396300744863,9.749467936304157e-07,0.0,-0.0003360989098010452,0.00033512396300744863,-9.749467936304157e-07,9.749467936304157e-07,recorded_knot,0.51,0.51,linear_progress_interpolation,0.51,0.515
0.5149988285047679,3.7921051895309965,0.005144213075468796,4,0.55,0.55,left,0.5448557869245313,0.007895413706550489,-0.0027512006310816926,0.515,3.7921051895309965,0.005143223965969371,4,0.55,0.55,left,0.5448567760340307,0.007538778940653695,-0.002395554974684324,0.0,0.0003566347658967937,-0.00035564565639736867,9.891094994163296e-07,0.0,-0.0003566347658967937,0.00035564565639736867,-9.891094994163296e-07,9.891094994163296e-07,linear_progress_interpolation,0.51,0.515,recorded_knot,0.515,0.515
0.515,3.7921117795990336,0.005143984500878979,4,0.55,0.55,left,0.5448560154991211,0.007895340133193575,-0.002751355632314596,0.5150011711421244,3.7921117795990336,0.005142976111175175,4,0.55,0.55,left,0.5448570238888248,0.007538700579287949,-0.0023957244681127744,0.0,0.00035663955390562597,-0.00035563116420182176,1.0083897037382883e-06,0.0,-0.00035663955390562597,0.00035563116420182176,-1.0083897037382883e-06,1.0083897037382883e-06,recorded_knot,0.515,0.515,linear_progress_interpolation,0.515,0.52
0.5199987596176794,3.8202404085619333,0.004086070613374829,4,0.55,0.55,left,0.5459139293866252,0.00758140328105634,-0.003495332667681511,0.52,3.8202404085619333,0.004085048407937311,4,0.55,0.55,left,0.5459149515920627,0.007204227889527871,-0.0031191794815905605,0.0,0.0003771753915284689,-0.00037615318609095054,1.0222054375175205e-06,0.0,-0.0003771753915284689,0.00037615318609095054,-1.0222054375175205e-06,1.0222054375175205e-06,linear_progress_interpolation,0.515,0.52,recorded_knot,0.52,0.52
0.52,3.8202473883442667,0.004085808104716052,4,0.55,0.55,left,0.545914191895284,0.007581325381387029,-0.003495517276670977,0.5200012400062248,3.8202473883442667,0.004084766185386523,4,0.55,0.55,left,0.5459152338146135,0.007204144920450689,-0.0031193787350641657,0.0,0.00037718046093633984,-0.0003761385416068113,1.0419193294808338e-06,0.0,-0.00037718046093633984,0.0003761385416068113,-1.0419193294808338e-06,1.0419193294808338e-06,recorded_knot,0.52,0.52,linear_progress_interpolation,0.52,0.525
0.5249986868625645,3.8483845508795524,0.0029481154939380175,4,0.55,0.55,left,0.547051884506062,0.0072673930984856645,-0.004319277604547647,0.525,3.8483845508795524,0.0029470599642930154,4,0.55,0.55,left,0.547052940035707,0.006869676838402047,-0.003922616874109032,0.0,0.0003977162600836172,-0.00039666073043861504,1.0555296450220908e-06,0.0,-0.0003977162600836172,0.00039666073043861504,-1.0555296450220908e-06,1.0555296450220908e-06,linear_progress_interpolation,0.52,0.525,recorded_knot,0.525,0.525
0.525,3.8483919424130635,0.00294781662609563,4,0.55,0.55,left,0.5470521833739044,0.0072673106295804805,-0.0043194940034848505,0.5250013127501276,3.8483919424130635,0.0029467403321618165,4,0.55,0.55,left,0.5470532596678382,0.006869589002015036,-0.003922848669853219,0.0,0.00039772162756544424,-0.00039664533363163116,1.0762939338659905e-06,0.0,-0.00039772162756544424,0.00039664533363163116,-1.0762939338659905e-06,1.0762939338659905e-06,recorded_knot,0.525,0.525,linear_progress_interpolation,0.525,0.53
0.5299986102262534,3.8765374085919078,0.0017307356811827126,4,0.55,0.55,left,0.5482692643188173,0.006953383159665557,-0.005222647478482845,0.53,3.8765374085919078,0.0017296457570113199,4,0.55,0.55,left,0.5482703542429888,0.006535125787276223,-0.0048054800302649026,0.0,0.00041825737238933465,-0.00041716744821794233,1.089924171471246e-06,0.0,-0.00041825737238933465,0.00041716744821794233,-1.089924171471246e-06,1.089924171471246e-06,linear_progress_interpolation,0.525,0.53,recorded_knot,0.53,0.53
0.53,3.876545233932995,0.0017303972936973514,4,0.55,0.55,left,0.5482696027063027,0.006953295877773933,-0.005222898584076582,0.5300013893731771,3.876545233932995,0.0017292855601091,4,0.55,0.55,left,0.548270714439891,0.006535032824024864,-0.004805747263915763,0.0,0.00041826305374906975,-0.000417151320160819,1.1117335882993018e-06,0.0,-0.00041826305374906975,0.000417151320160819,-1.1117335882993018e-06,1.1117335882993018e-06,recorded_knot,0.53,0.53,linear_progress_interpolation,0.53,0.535
0.5349985297090332,3.9046988169745305,0.00043451450969481586,4,0.55,0.55,left,0.5495654854903053,0.006639373464577996,-0.00620485895488318,0.535,3.9046988169745305,0.00043338889757978897,4,0.55,0.55,left,0.5495666111024202,0.006200574736150398,-0.005767185838570609,0.0,0.0004387987284275984,-0.0004376731163125711,1.1256121149605391e-06,0.0,-0.0004387987284275984,0.0004376731163125711,-1.1256121149605391e-06,1.1256121149605391e-06,linear_progress_interpolation,0.53,0.535,recorded_knot,0.535,0.535
0.535,3.904707098201459,0.0004341333326563048,4,0.55,0.55,left,0.5495658666673437,0.006639281125967387,-0.006205147793311082,0.5350014698565553,3.904707098201459,0.00043298563980336766,4,0.55,0.55,left,0.5495670143601967,0.006200476387739285,-0.005767490747935917,0.0,0.000438804738228102,-0.0004376570453751647,1.1476928529763342e-06,0.0,-0.000438804738228102,0.0004376570453751647,-1.1476928529763342e-06,1.1476928529763342e-06,recorded_knot,0.535,0.535,linear_progress_interpolation,0.535,0.54
0.5399984453917425,3.932869004395009,-0.0009372080806303853,4,0.55,0.55,right,0.5490627919193697,0.006325364008146071,-0.007262572088776456,0.54,3.932869004395009,-0.0009383700505132932,4,0.55,0.55,right,0.5490616299494867,0.005866023685024573,-0.0068043937355378665,0.0,0.00045934032312149736,-0.0004581783532385895,1.1619698829790082e-06,0.0,-0.00045934032312149736,0.0004581783532385895,-1.1619698829790082e-06,-1.1619698829790082e-06,linear_progress_interpolation,0.535,0.54,recorded_knot,0.54,0.54
0.54,3.932877763264715,-0.0009376345929793305,4,0.55,0.55,right,0.5490623654070207,0.006325266374160839,-0.007262900967140169,0.5400015541354409,3.932877763264715,-0.0009388188424497944,4,0.55,0.55,right,0.5490611811575502,0.005865919697495505,-0.006804738539945299,0.0,0.00045934667666533424,-0.00045816242719487043,1.1842494704872308e-06,0.0,-0.00045934667666533424,0.00045816242719487043,-1.1842494704872308e-06,-1.1842494704872308e-06,recorded_knot,0.54,0.54,linear_progress_interpolation,0.54,0.545
0.5449983573389185,3.9610482398581293,-0.0023810346276427197,4,0.55,0.55,right,0.5476189653723573,0.006011354786316655,-0.008392389413959374,0.545,3.9610482398581293,-0.0023822337084000045,4,0.55,0.55,right,0.5476177662916001,0.005531472633898749,-0.007913706342298755,0.0,0.0004798821524179056,-0.000478683071660619,1.1990807572415108e-06,0.0,-0.0004798821524179056,0.000478683071660619,-1.1990807572415108e-06,-1.1990807572415108e-06,linear_progress_interpolation,0.54,0.545,recorded_knot,0.545,0.545
0.545,3.961057497808774,-0.002381508986897426,4,0.55,0.55,right,0.5476184910131027,0.006011251622354293,-0.008392760609251718,0.5450016421649907,3.961057497808774,-0.0023827312869528737,4,0.55,0.55,right,0.5476172687130472,0.005531362756294,-0.007914094043246875,0.0,0.0004798888660602924,-0.0004786665660048428,1.2223000555033892e-06,0.0,-0.0004798888660602924,0.0004786665660048428,-1.2223000555033892e-06,-1.2223000555033892e-06,recorded_knot,0.545,0.545,linear_progress_interpolation,0.545,0.55
0.5499982655329032,3.989236487377947,-0.0038960035810669336,4,0.55,0.55,right,0.5461039964189331,0.005697345800198731,-0.009593349381265666,0.55,3.989236487377947,-0.0038972415051576233,4,0.55,0.55,right,0.5461027584948425,0.005196921582772925,-0.009094163087930547,0.0,0.0005004242174258067,-0.0004991862933351188,1.2379240906801314e-06,0.0,-0.0005004242174258067,0.0004991862933351188,-1.2379240906801314e-06,-1.2379240906801314e-06,linear_progress_interpolation,0.545,0.55,recorded_knot,0.55,0.55
0.55,3.9892462658760897,-0.0038965291315853426,4,0.55,0.55,right,0.5461034708684147,0.005697236870547746,-0.009593766002133089,0.5500017339441368,3.9892462658760897,-0.003897791165183382,4,0.55,0.55,right,0.5461022088348166,0.005196805564206219,-0.0090945967293896,0.0,0.0005004313063415276,-0.0004991692727434882,1.2620335980706443e-06,0.0,-0.0005004313063415276,0.0004991692727434882,-1.2620335980706443e-06,-1.2620335980706443e-06,recorded_knot,0.55,0.55,linear_progress_interpolation,0.55,0.555
0.5549981699747006,4.017433757219592,-0.005480962052704618,4,0.55,0.55,right,0.5445190379472954,0.005383337049729238,-0.010864299102433857,0.555,4.017433757219592,-0.005482240739314502,4,0.55,0.55,right,0.5445177592606856,0.004862370531647101,-0.010344611270961604,0.0,0.0005209665180821374,-0.0005196878314722535,1.2786866098180028e-06,0.0,-0.0005209665180821374,0.0005196878314722535,-1.2786866098180028e-06,-1.2786866098180028e-06,linear_progress_interpolation,0.55,0.555,recorded_knot,0.555,0.555
0.555,4.01744407776142,-0.0054815421754986545,4,0.55,0.55,right,0.5445184578245014,0.005383222118741199,-0.010864764294239854,0.5550018294480524,4.01744407776142,-0.005482844841414371,4,0.55,0.55,right,0.5445171551585857,0.00486224812289332,-0.010345092964307691,0.0,0.0005209739958478791,-0.0005196713299321625,1.3026659156922804e-06,0.0,-0.0005209739958478791,0.0005196713299321625,-1.3026659156922804e-06,-1.3026659156922804e-06,recorded_knot,0.555,0.555,linear_progress_interpolation,0.555,0.56
0.5599980707508433,4.04564046637926,-0.007131970403549396,4,0.55,0.55,right,0.5428680295964506,0.005069328529473679,-0.012201298933023075,0.56,4.04564046637926,-0.007133290899158454,5,0.55,0.55,right,0.5428667091008416,-0.0069978376782277195,-0.00013545322093073443,0.0,0.012067166207701398,-0.01206584571209234,1.3204956090806519e-06,0.0,-0.012067166207701398,0.01206584571209234,-1.3204956090806519e-06,-1.3204956090806519e-06,linear_progress_interpolation,0.555,0.56,recorded_knot,0.56,0.56
0.56,4.045651350150554,-0.007132607466813586,5,0.55,0.55,right,0.5428673925331865,-0.0068665717154043,-0.0002660357514092859,0.5600019286112277,4.045651350150554,-0.007133951682519141,5,0.55,0.55,right,0.5428660483174809,-0.0069984824639512,-0.00013546921856794156,0.0,0.00013191074854689965,-0.00013056653284134433,1.3442157056342552e-06,0.0,-0.00013191074854689965,0.00013056653284134433,-1.3442157056342552e-06,-1.3442157056342552e-06,recorded_knot,0.56,0.56,linear_progress_interpolation,0.56,0.5650000000000001
0.5649979679268249,4.073857068922665,-0.008845034221637713,5,0.55,0.55,right,0.5411549657783623,-0.008508917858123754,-0.0003361163635139594,0.5650000000000001,4.073857068922665,-0.008846397592801088,5,0.55,0.55,right,0.541153602407199,-0.008669469872031143,-0.0001769277207699458,0.0,0.0001605520139073887,-0.0001591886427440136,1.3633711632987655e-06,0.0,-0.0001605520139073887,0.0001591886427440136,-1.3633711632987655e-06,-1.3633711632987655e-06,linear_progress_interpolation,0.56,0.5650000000000001,recorded_knot,0.5650000000000001,0.5650000000000001
0.5650000000000001,4.073868536800279,-0.008845730459893703,5,0.55,0.55,right,0.5411542695401064,-0.008509585603013244,-0.000336144856880459,0.5650020313932579,4.073868536800279,-0.008847118186263972,5,0.55,0.55,right,0.5411528818137361,-0.008670149020504754,-0.0001769691657592179,0.0,0.00016056341749151083,-0.00015917569112124108,1.3877263702610776e-06,0.0,-0.00016056341749151083,0.00015917569112124108,-1.3877263702610776e-06,-1.3877263702610776e-06,recorded_knot,0.5650000000000001,0.5650000000000001,linear_progress_interpolation,0.5650000000000001,0.5700000000000001
0.5699978614814644,4.1020837000041865,-0.010618632586724797,5,0.55,0.55,right,0.5393813674132752,-0.010151896767491574,-0.0004667358192332223,0.5700000000000001,4.1020837000041865,-0.010620041027242493,5,0.55,0.55,right,0.5393799589727576,-0.010341102065834565,-0.00027893896140792837,0.0,0.00018920529834299052,-0.00018779685782529393,1.408440517658427e-06,0.0,-0.00018920529834299052,0.00018779685782529393,-1.408440517658427e-06,-1.408440517658427e-06,linear_progress_interpolation,0.5650000000000001,0.5700000000000001,recorded_knot,0.5700000000000001,0.5700000000000001
0.5700000000000001,4.102095772897708,-0.010619391187993424,5,0.55,0.55,right,0.5393806088120067,-0.010152599490622187,-0.00046679169737123653,0.5700021377911885,4.102095772897708,-0.010620824515951718,5,0.55,0.55,right,0.5393791754840483,-0.0103418167859494,-0.00027900773000231853,0.0,0.00018921729532721254,-0.000187783967368918,1.4333279583222946e-06,0.0,-0.00018921729532721254,0.000187783967368918,-1.4333279583222946e-06,-1.4333279583222946e-06,recorded_knot,0.5700000000000001,0.5700000000000001,linear_progress_interpolation,0.5700000000000001,0.5750000000000001
0.5749977514179594,4.130320539940988,-0.012451057691864874,5,0.55,0.55,right,0.5375489423081352,-0.011794874487927078,-0.0006561832039377966,0.5750000000000001,4.130320539940988,-0.012452513519074296,5,0.55,0.55,right,0.5375474864809258,-0.012012734259637987,-0.00043977925943630876,0.0,0.00021785977171090952,-0.00021640394450148787,1.4558272094511437e-06,0.0,-0.00021785977171090952,0.00021640394450148787,-1.4558272094511437e-06,-1.4558272094511437e-06,linear_progress_interpolation,0.5700000000000001,0.5750000000000001,recorded_knot,0.5750000000000001,0.5750000000000001
0.5750000000000001,4.130333238792725,-0.012451881792957689,5,0.55,0.55,right,0.5375481182070424,-0.01179561337823113,-0.0006562684147265584,0.575002247923317,4.130333238792725,-0.012453361661547641,5,0.55,0.55,right,0.5375466383384524,-0.012013485799835145,-0.0004398758617124958,0.0,0.00021787242160401475,-0.00021639255301406264,1.479868590004152e-06,0.0,-0.00021787242160401475,0.00021639255301406264,-1.479868590004152e-06,-1.479868590004152e-06,recorded_knot,0.5750000000000001,0.5750000000000001,linear_progress_interpolation,0.5750000000000001,0.58
0.5799976322509071,4.15856628044656,-0.014337513844987028,5,0.55,0.55,right,0.535662486155013,-0.013437849216911634,-0.0008996646280753934,0.58,4.15856628044656,-0.014339015756403126,5,0.55,0.55,right,0.5356609842435969,-0.013684366453441375,-0.0006546493029617514,0.0,0.00024651723652974016,-0.0002450153251136421,1.501911416124102e-06,0.0,-0.00024651723652974016,0.0002450153251136421,-1.501911416124102e-06,-1.501911416124102e-06,linear_progress_interpolation,0.5750000000000001,0.58,recorded_knot,0.58,0.58
0.58,4.158579656532556,-0.014338407208755422,5,0.55,0.55,right,0.5356615927912446,-0.013438627265840039,-0.0008997799429153828,0.5800023671672334,4.158579656532556,-0.014339932178388557,5,0.55,0.55,right,0.5356600678216115,-0.013685157860032484,-0.0006547743183560727,0.0,0.00024653059419244526,-0.00024500562455931005,1.5249696331265383e-06,0.0,-0.00024653059419244526,0.00024500562455931005,-1.5249696331265383e-06,-1.5249696331265383e-06,recorded_knot,0.58,0.58,linear_progress_interpolation,0.58,0.585
0.5849974986033722,4.186819641272626,-0.01627316449578262,5,0.55,0.55,right,0.5337268355042174,-0.015080819187569428,-0.001192345308213192,0.585,4.186819641272626,-0.01627470912969108,5,0.55,0.55,right,0.533725290870309,-0.015355998647244795,-0.000918710482446284,0.0,0.0002751794596753676,-0.000273634825766908,1.544633908445725e-06,0.0,-0.0002751794596753676,0.000273634825766908,-1.544633908445725e-06,-1.544633908445725e-06,linear_progress_interpolation,0.58,0.585,recorded_knot,0.585,0.585
0.585,4.186833776224569,-0.01627413289932552,5,0.55,0.55,right,0.5337258671006745,-0.015081641153448979,-0.0011924917458765415,0.5850025007639725,4.186833776224569,-0.016275700852927392,5,0.55,0.55,right,0.5337242991470726,-0.015356834718757924,-0.000918866134169468,0.0,0.00027519356530894545,-0.00027362561170707345,1.567953601844252e-06,0.0,-0.00027519356530894545,0.00027362561170707345,-1.567953601844252e-06,-1.567953601844252e-06,recorded_knot,0.585,0.585,linear_progress_interpolation,0.585,0.59
0.5899973506010048,4.215080908825263,-0.018255963742967084,5,0.55,0.55,right,0.5317440362570329,-0.01672378444118934,-0.0015321793017777433,0.59,4.215080908825263,-0.01825754966798017,5,0.55,0.55,right,0.5317424503320198,-0.01702763084104822,-0.00122991882693195,0.0,0.0003038463998588786,-0.00030226047484579327,1.585925013092293e-06,0.0,-0.0003038463998588786,0.00030226047484579327,-1.585925013092293e-06,-1.585925013092293e-06,linear_progress_interpolation,0.585,0.59,recorded_knot,0.59,0.59
0.59,4.215095884345435,-0.01825701443183505,5,0.55,0.55,right,0.531742985568165,-0.016724655041057922,-0.0015323593907771264,0.5900026487062326,4.215095884345435,-0.018258623857924216,5,0.55,0.55,right,0.5317413761420758,-0.017028516373570314,-0.0012301074843539019,0.0,0.00030386133251239164,-0.0003022519064232246,1.609426089177468e-06,0.0,-0.00030386133251239164,0.0003022519064232246,-1.609426089177468e-06,-1.609426089177468e-06,recorded_knot,0.59,0.59,linear_progress_interpolation,0.59,0.595
0.5949971882508651,4.2433504088304135,-0.020283686729700358,5,0.55,0.55,right,0.5297163132702997,-0.018366744980091457,-0.0019169417496089011,0.595,4.2433504088304135,-0.020285313130017964,5,0.55,0.55,right,0.5297146868699821,-0.01869926303485164,-0.0015860500951663248,0.0,0.0003325180547601829,-0.00033089165444257634,1.6264003175336939e-06,0.0,-0.0003325180547601829,0.00033089165444257634,-1.6264003175336939e-06,-1.6264003175336939e-06,linear_progress_interpolation,0.59,0.595,recorded_knot,0.595,0.595
0.595,4.243366306697531,-0.02028482706978642,5,0.55,0.55,right,0.5297151729302136,-0.018367668928666866,-0.0019171581411195557,0.5950028109518359,4.243366306697531,-0.020286475518440077,5,0.55,0.55,right,0.52971352448156,-0.018700202810368487,-0.0015862727080715906,0.0,0.0003325338817016209,-0.00033088543304796506,1.6484486536905152e-06,0.0,-0.0003325338817016209,0.00033088543304796506,-1.6484486536905152e-06,-1.6484486536905152e-06,recorded_knot,0.595,0.595,linear_progress_interpolation,0.595,0.6
0.5999970116402442,4.2716288498097414,-0.022351254759130558,5,0.55,0.55,right,0.5276487452408695,-0.02000970083295983,-0.0023415539261707266,0.6,4.2716288498097414,-0.022352919567165376,5,0.55,0.55,right,0.5276470804328347,-0.020370895228655064,-0.0019820243385103124,0.0,0.00036119439569523223,-0.0003595295876604142,1.6648080347625438e-06,0.0,-0.00036119439569523223,0.0003595295876604142,-1.6648080347625438e-06,-1.6648080347625438e-06,linear_progress_interpolation,0.595,0.6,recorded_knot,0.6,0.6
0.6,4.271645751640778,-0.02235249054359329,5,0.55,0.55,right,0.5276475094564067,-0.02001068281627581,-0.002341807727317482,0.600002987444641,4.271645751640778,-0.022354175686404396,5,0.55,0.55,right,0.5276458243135956,-0.020371894010382884,-0.001982281676021512,0.0,0.00036121119410707433,-0.00035952605129596985,1.6851428110697952e-06,0.0,-0.00036121119410707433,0.00035952605129596985,-1.6851428110697952e-06,-1.6851428110697952e-06,recorded_knot,0.6,0.6,linear_progress_interpolation,0.6,0.605
0.6049968208252822,4.299916957319434,-0.024453548851370254,5,0.55,0.55,right,0.5255464511486297,-0.021652652018242253,-0.0028008968331280013,0.605,4.299916957319434,-0.024455250137187124,5,0.55,0.55,right,0.525544749862813,-0.022042527422458484,-0.00241272271472864,0.0,0.00038987540421623126,-0.0003881741183993613,1.7012858167797518e-06,0.0,-0.00038987540421623126,0.0003881741183993613,-1.7012858167797518e-06,-1.7012858167797518e-06,linear_progress_interpolation,0.6,0.605,recorded_knot,0.605,0.605
0.605,4.299934944576828,-0.024454885627629847,5,0.55,0.55,right,0.5255451143723702,-0.02165369670388475,-0.0028011889237450974,0.6050031781652991,4.299934944576828,-0.02445660689928005,5,0.55,0.55,right,0.52554339310072,-0.022043589967144745,-0.0024130169321353034,0.0,0.00038989326325999593,-0.00038817199160979393,1.7212716502124081e-06,0.0,-0.00038989326325999593,0.00038817199160979393,-1.7212716502124081e-06,-1.7212716502124081e-06,recorded_knot,0.605,0.605,linear_progress_interpolation,0.605,0.61
0.6099966157807036,4.3282151351998595,-0.02658801745441442,5,0.55,0.55,right,0.5234119825455856,-0.02329559852763317,-0.0032924189267812508,0.61,4.3282151351998595,-0.026589755370891116,5,0.55,0.55,right,0.5234102446291089,-0.023714159616261908,-0.002875595754629208,0.0,0.0004185610886287376,-0.0004168231721520428,1.7379164767294952e-06,0.0,-0.0004185610886287376,0.0004168231721520428,-1.7379164767294952e-06,-1.7379164767294952e-06,linear_progress_interpolation,0.605,0.61,recorded_knot,0.61,0.61
0.61,4.32823428943765,-0.026589462229479534,5,0.55,0.55,right,0.5234105377705205,-0.023296710591493696,-0.0032927516379858378,0.6100033831030726,4.32823428943765,-0.026591219548764443,5,0.55,0.55,right,0.5234087804512356,-0.023715290677064123,-0.0028759288717003194,0.0,0.0004185800855704275,-0.0004168227662855184,1.7573192848674424e-06,0.0,-0.0004185800855704275,0.0004168227662855184,-1.7573192848674424e-06,-1.7573192848674424e-06,recorded_knot,0.61,0.61,linear_progress_interpolation,0.61,0.615
0.6149963965181978,4.356523817170089,-0.02875193714132259,5,0.55,0.55,right,0.5212480628586774,-0.024938540364973692,-0.0038133967763488985,0.615,4.356523817170089,-0.028753712309151185,5,0.55,0.55,right,0.5212462876908489,-0.025385791810065332,-0.0033679204990858524,0.0,0.00044725144509163983,-0.00044547627726304606,1.7751678285105044e-06,0.0,-0.00044725144509163983,0.00044547627726304606,-1.7751678285105044e-06,-1.7751678285105044e-06,linear_progress_interpolation,0.61,0.615,recorded_knot,0.615,0.615
0.615,4.356544220034034,-0.02875349675312764,5,0.55,0.55,right,0.5212465032468724,-0.02493972447910264,-0.0038137722740250006,0.6150036022005849,4.356544220034034,-0.028755288503174815,5,0.55,0.55,right,0.5212447114968253,-0.02538699612095859,-0.003368292382216226,0.0,0.0004472716418559494,-0.00044547989180877476,1.7917500471087422e-06,0.0,-0.0004472716418559494,0.00044547989180877476,-1.7917500471087422e-06,-1.7917500471087422e-06,recorded_knot,0.615,0.615,linear_progress_interpolation,0.615,0.62
0.6199961632228829,4.384843816936838,-0.030939722155716783,5,0.55,0.55,right,0.5190602778442832,-0.02658147759109416,-0.004358244564622624,0.62,4.384843816936838,-0.030941533318097156,5,0.55,0.55,right,0.5190584666819029,-0.027057424003868753,-0.003884109314228404,0.0,0.0004759464127745937,-0.0004741352503942198,1.8111623802941068e-06,0.0,-0.0004759464127745937,0.0004741352503942198,-1.8111623802941068e-06,-1.8111623802941068e-06,linear_progress_interpolation,0.615,0.62,recorded_knot,0.62,0.62
0.62,4.384865549462574,-0.030941401055949478,5,0.55,0.55,right,0.5190585989440506,-0.02658273836671158,-0.004358662689237899,0.6200038353141024,4.384865549462574,-0.03094322551065578,5,0.55,0.55,right,0.5190567744893443,-0.027058706250774143,-0.0038845192598816365,0.0,0.0004759678840625635,-0.00047414342935626214,1.8244547063117622e-06,0.0,-0.0004759678840625635,0.00047414342935626214,-1.8244547063117622e-06,-1.8244547063117622e-06,recorded_knot,0.62,0.62,linear_progress_interpolation,0.62,0.625
0.6249959160393842,4.413175949788107,-0.03314575529598785,5,0.55,0.55,right,0.5168542447040122,-0.028224410253518885,-0.004921345042468966,0.625,4.413175949788107,-0.03314760107867079,5,0.55,0.55,right,0.5168523989213293,-0.028729056197672177,-0.004418544880998614,0.0,0.0005046459441532918,-0.0005028001614703521,1.845782682918795e-06,0.0,-0.0005046459441532918,0.0005028001614703521,-1.845782682918795e-06,-1.845782682918795e-06,linear_progress_interpolation,0.62,0.625,recorded_knot,0.625,0.625
0.625,4.4131990924028015,-0.033147557267003504,5,0.55,0.55,right,0.5168524427329966,-0.028225752254320523,-0.004921805012682981,0.625004082347718,4.4131990924028015,-0.03314941469680967,5,0.55,0.55,right,0.5168505853031904,-0.02873042103444651,-0.004418993662363157,0.0,0.0005046687801259879,-0.0005028113503198241,1.8574298061846406e-06,0.0,-0.0005046687801259879,0.0005028113503198241,-1.8574298061846406e-06,-1.8574298061846406e-06,recorded_knot,0.625,0.625,linear_progress_interpolation,0.625,0.63
0.6299956549383707,4.441520687049222,-0.035367012821687506,5,0.55,0.55,right,0.5146329871783125,-0.029867338342609583,-0.005499674479077923,0.63,4.441520687049222,-0.03536889414846532,5,0.55,0.55,right,0.5146311058515347,-0.030400688391475597,-0.004968205756989724,0.0,0.0005333500488660138,-0.0005314687220881985,1.8813267778083897e-06,0.0,-0.0005333500488660138,0.0005314687220881985,-1.8813267778083897e-06,-1.8813267778083897e-06,linear_progress_interpolation,0.625,0.63,recorded_knot,0.63,0.63
0.63,4.44154532027063,-0.03536894323347283,5,0.55,0.55,right,0.5146310567665272,-0.029868766141929466,-0.005500177091543365,0.6300043432840203,4.44154532027063,-0.035370834149196034,5,0.55,0.55,right,0.514629165850804,-0.030402140466154637,-0.0049686936830413975,0.0,0.0005333743242251707,-0.0005314834085019676,1.8909157232238627e-06,0.0,-0.0005333743242251707,0.0005314834085019676,-1.8909157232238627e-06,-1.8909157232238627e-06,recorded_knot,0.63,0.63,linear_progress_interpolation,0.63,0.635
0.6349953799390524,4.469878516393183,-0.03760031009871963,5,0.55,0.55,right,0.5123996899012804,-0.03151026186467871,-0.006090048234040919,0.635,4.469878516393183,-0.03760222809762608,5,0.55,0.55,right,0.512397771902374,-0.03207232058527902,-0.005529907512347061,0.0,0.0005620587206003128,-0.0005601407216938581,1.91799890636446e-06,0.0,-0.0005620587206003128,0.0005601407216938581,-1.91799890636446e-06,-1.91799890636446e-06,linear_progress_interpolation,0.63,0.635,recorded_knot,0.635,0.635
0.635,4.4699047208249825,-0.037602373815802136,5,0.55,0.55,right,0.5123976261841979,-0.03151178002953841,-0.006090593786263726,0.6350046180509944,4.4699047208249825,-0.037604296370383,5,0.55,0.55,right,0.5123957036296171,-0.03207386452182199,-0.0055304318485610085,0.0,0.0005620844922835794,-0.0005601619377027175,1.9225545808687627e-06,0.0,-0.0005620844922835794,0.0005601619377027175,-1.9225545808687627e-06,-1.9225545808687627e-06,recorded_knot,0.635,0.635,linear_progress_interpolation,0.635,0.64
0.6399950912414948,4.498250260047715,-0.039839610176133175,5,0.55,0.55,right,0.5101603898238669,-0.033153180885468356,-0.006686429290664819,0.64,4.498250260047715,-0.039841563219094885,5,0.55,0.55,right,0.5101584367809051,-0.033743952779082445,-0.0060976104400124395,0.0,0.0005907718936140893,-0.0005888188506523798,1.953042961799767e-06,0.0,-0.0005907718936140893,0.0005888188506523798,-1.953042961799767e-06,-1.953042961799767e-06,linear_progress_interpolation,0.635,0.64,recorded_knot,0.64,0.64
0.64,4.498278115676375,-0.03984180874518447,5,0.55,0.55,right,0.5101581912548155,-0.03315479391714736,-0.006687014828037109,0.6400049064986817,4.498278115676375,-0.0398437606239699,5,0.55,0.55,right,0.5101562393760302,-0.03374559315131347,-0.0060981674726564294,0.0,0.0005907992341661131,-0.0005888473553806797,1.9518787853778363e-06,0.0,-0.0005907992341661131,0.0005888473553806797,-1.9518787853778363e-06,-1.9518787853778363e-06,recorded_knot,0.64,0.64,linear_progress_interpolation,0.64,0.645
0.64499478899697,4.526636723050186,-0.04207885725088028,5,0.55,0.55,right,0.5079211427491198,-0.034796095454686975,-0.0072827617961933044,0.645,4.526636723050186,-0.04208084322056787,5,0.55,0.55,right,0.5079191567794322,-0.03541558497288587,-0.006665258247682,0.0,0.0006194895181988944,-0.0006175035485113042,1.985969687590128e-06,0.0,-0.0006194895181988944,0.0006175035485113042,-1.985969687590128e-06,-1.985969687590128e-06,linear_progress_interpolation,0.64,0.645,recorded_knot,0.645,0.645
0.645,4.5266663092427235,-0.04208119113656561,5,0.55,0.55,right,0.5079188088634344,-0.0347978078047563,-0.007283383331809307,0.6450052085329306,4.5266663092427235,-0.042083172248059686,5,0.55,0.55,right,0.5079168277519404,-0.03541732632315173,-0.006665845924907959,0.0,0.0006195185183954233,-0.0006175374069013473,1.981111494075982e-06,0.0,-0.0006195185183954233,0.0006175374069013473,-1.981111494075982e-06,-1.981111494075982e-06,recorded_knot,0.645,0.645,linear_progress_interpolation,0.645,0.65
0.6499944731752288,4.555038379458891,-0.04431460460310121,5,0.55,0.55,right,0.5056853953968988,-0.03643900556239456,-0.00787559904070665,0.65,4.555038379458891,-0.044316623931611336,5,0.55,0.55,right,0.5056833760683888,-0.03708721716668929,-0.007229406764922043,0.0,0.000648211604294735,-0.0006461922757846073,2.019328510072249e-06,0.0,-0.000648211604294735,0.0006461922757846073,-2.019328510072249e-06,-2.019328510072249e-06,linear_progress_interpolation,0.645,0.65,recorded_knot,0.65,0.65
0.65,4.555069775655242,-0.044317076071950484,5,0.55,0.55,right,0.5056829239280496,-0.03644082169236524,-0.007876254379585244,0.6500055241297911,4.555069775655242,-0.044319086245178684,5,0.55,0.55,right,0.5056809137548214,-0.03708906402932958,-0.007230022215849105,0.0,0.0006482423369643386,-0.0006462321637361393,2.010173228206291e-06,0.0,-0.0006482423369643386,0.0006462321637361393,-2.010173228206291e-06,-2.010173228206291e-06,recorded_knot,0.65,0.65,linear_progress_interpolation,0.65,0.655
0.6549941438023862,4.583455702674227,-0.046543260037944414,5,0.55,0.55,right,0.5034567399620556,-0.03808191121717256,-0.008461348820771854,0.655,4.583455702674227,-0.04654531302879511,5,0.55,0.55,right,0.5034546869712049,-0.03875884936049271,-0.0077864636683024,0.0,0.0006769381433201493,-0.0006748851524694538,2.0529908507649353e-06,0.0,-0.0006769381433201493,0.0006748851524694538,-2.0529908507649353e-06,-2.0529908507649353e-06,linear_progress_interpolation,0.65,0.655,recorded_knot,0.655,0.655
0.655,4.583488988379376,-0.046545870490055034,5,0.55,0.55,right,0.5034541295099451,-0.03808383557997418,-0.008462034910080851,0.6550058532056536,4.583488988379376,-0.04654790621990491,5,0.55,0.55,right,0.5034520937800951,-0.038760806241894215,-0.007787099978010692,0.0,0.0006769706619200316,-0.0006749349320701592,2.0357298499140697e-06,0.0,-0.0006769706619200316,0.0006749349320701592,-2.0357298499140697e-06,-2.0357298499140697e-06,recorded_knot,0.655,0.655,linear_progress_interpolation,0.655,0.6599999999999999
0.6599938010880313,4.611889442336339,-0.04875841864729779,5,0.55,0.55,right,0.5012415813527022,-0.039724812487892586,-0.009033606159405204,0.6599999999999999,4.611889442336339,-0.04876050181872485,6,0.55,0.55,right,0.5012394981812752,-0.048619400020798655,-0.00014110179792619498,0.0,0.008894587532906069,-0.008892504361479009,2.0831714270252988e-06,0.0,-0.008894587532906069,0.008892504361479009,-2.0831714270252988e-06,-2.0831714270252988e-06,linear_progress_interpolation,0.655,0.6599999999999999,recorded_knot,0.6599999999999999,0.6599999999999999
0.6599999999999999,4.611924696426529,-0.04876116513059006,6,0.55,0.55,right,0.50123883486941,-0.04848372990449757,-0.00027743522609249144,0.6600061956089974,4.611924696426529,-0.04876322203771893,6,0.55,0.55,right,0.5012367779622812,-0.048621512622013634,-0.00014170941570529338,0.0,0.0001377827175160634,-0.00013572581038719805,2.056907128844543e-06,0.0,-0.0001377827175160634,0.00013572581038719805,-2.056907128844543e-06,-2.056907128844543e-06,recorded_knot,0.6599999999999999,0.6599999999999999,linear_progress_interpolation,0.6599999999999999,0.6649999999999999
0.6649934451849081,4.6403403098819185,-0.05095367260076593,6,0.55,0.55,right,0.4990463273992341,-0.05016471078024315,-0.0007889618205227794,0.6649999999999999,4.6403403098819185,-0.05095578156861851,6,0.55,0.55,right,0.4990442184313815,-0.05032431814573851,-0.0006314634228800006,0.0,0.00015960736549536225,-0.0001574983976427788,2.1089678525765265e-06,0.0,-0.00015960736549536225,0.0001574983976427788,-2.1089678525765265e-06,-2.1089678525765265e-06,linear_progress_interpolation,0.6599999999999999,0.6649999999999999,recorded_knot,0.6649999999999999,0.6649999999999999
0.6649999999999999,4.640377610600165,-0.05095655067001919,6,0.55,0.55,right,0.49904344932998085,-0.050166917376772265,-0.0007896332932469247,0.6650065512503871,4.640377610600165,-0.05095862686731328,6,0.55,0.55,right,0.49904137313268676,-0.05032655201484374,-0.0006320748524695358,0.0,0.00015963463807147638,-0.0001575584407773889,2.0761972940874784e-06,0.0,-0.00015963463807147638,0.0001575584407773889,-2.0761972940874784e-06,-2.0761972940874784e-06,recorded_knot,0.6649999999999999,0.6649999999999999,linear_progress_interpolation,0.6649999999999999,0.6699999999999999
0.6699930760602639,4.668808706021758,-0.053125217521602285,6,0.55,0.55,right,0.4968747824783978,-0.05184777399132248,-0.0012774435302798023,0.6699999999999999,4.668808706021758,-0.05312735075512211,6,0.55,0.55,right,0.49687264924487795,-0.052029236270678375,-0.0010981144844437324,0.0,0.00018146227935589287,-0.00017932904583606996,2.133233519829858e-06,0.0,-0.00018146227935589287,0.00017932904583606996,-2.133233519829858e-06,-2.133233519829858e-06,linear_progress_interpolation,0.6649999999999999,0.6699999999999999,recorded_knot,0.6699999999999999,0.6699999999999999
0.6699999999999999,4.6688481316561665,-0.05312822482980399,6,0.55,0.55,right,0.49687177517019604,-0.051850104849046966,-0.0012781199807570254,0.6700069201031769,4.6688481316561665,-0.05313031799587125,6,0.55,0.55,right,0.4968696820041288,-0.05203159591254494,-0.0010987220833263076,0.0,0.0001814910634979766,-0.00017939789743071782,2.0931660672518504e-06,0.0,-0.0001814910634979766,0.00017939789743071782,-2.0931660672518504e-06,-2.0931660672518504e-06,recorded_knot,0.6699999999999999,0.6699999999999999,linear_progress_interpolation,0.6699999999999999,0.6749999999999999
0.6749926937427776,4.697295011356084,-0.055269123389343824,6,0.55,0.55,right,0.49473087661065623,-0.053530832761196495,-0.0017382906281473293,0.6749999999999999,4.697295011356084,-0.0552712788680915,6,0.55,0.55,right,0.4947287211319085,-0.05373415439561824,-0.0015371244724732627,0.0,0.00020332163442174367,-0.00020116615567406654,2.155478747600803e-06,0.0,-0.00020332163442174367,0.00020116615567406654,-2.1554787477118253e-06,-2.1554787477118253e-06,linear_progress_interpolation,0.6699999999999999,0.6749999999999999,recorded_knot,0.6749999999999999,0.6749999999999999
0.6749999999999999,4.697336640230389,-0.05527225635851215,6,0.55,0.55,right,0.4947277436414879,-0.05353329232132167,-0.0017389640371904824,0.6750073021773658,4.697336640230389,-0.05527435976183456,6,0.55,0.55,right,0.49472564023816545,-0.05373664431852676,-0.0015377154433078022,0.0,0.00020335199720509373,-0.00020124859388268024,2.1034033224065496e-06,0.0,-0.00020335199720509373,0.00020124859388268024,-2.1034033224620607e-06,-2.1034033224620607e-06,recorded_knot,0.6749999999999999,0.6749999999999999,linear_progress_interpolation,0.6749999999999999,0.6799999999999999
0.6799923014652338,4.725799436967033,-0.05737867939394259,6,0.55,0.55,right,0.49262132060605746,-0.055213888178141726,-0.0021647912158008625,0.6799999999999999,4.725799436967033,-0.057380850841398795,6,0.55,0.55,right,0.4926191491586013,-0.0554390725205581,-0.0019417783208406925,0.0,0.0002251843424163763,-0.00022301289496017007,2.171447456178477e-06,0.0,-0.0002251843424163763,0.00022301289496017007,-2.171447456178477e-06,-2.171447456178477e-06,linear_progress_interpolation,0.6749999999999999,0.6799999999999999,recorded_knot,0.6799999999999999,0.6799999999999999
0.6799999999999999,4.725843328913812,-0.05738192766952918,6,0.55,0.55,right,0.49261807233047084,-0.05521647979359637,-0.0021654478759328133,0.680007694214138,4.725843328913812,-0.05738403397430545,6,0.55,0.55,right,0.4926159660256946,-0.05544169612158632,-0.0019423378527191268,0.0,0.00022521632798995495,-0.0002231100232136865,2.106304776261503e-06,0.0,-0.00022521632798995495,0.0002231100232136865,-2.106304776261503e-06,-2.106304776261503e-06,recorded_knot,0.6799999999999999,0.6799999999999999,linear_progress_interpolation,0.6799999999999999,0.6849999999999999
0.6849919024838093,4.754322133367077,-0.05944719417019605,6,0.55,0.55,right,0.490552805829804,-0.05689694133830933,-0.002550252831886715,0.6849999999999999,4.754322133367077,-0.05944937457204933,6,0.55,0.55,right,0.4905506254279507,-0.057143990645497966,-0.0023053839265513645,0.0,0.0002470493071886348,-0.0002448689053353506,2.1804018532911584e-06,0.0,-0.0002470493071886348,0.0002448689053353506,-2.1804018532911584e-06,-2.1804018532911584e-06,linear_progress_interpolation,0.6799999999999999,0.6849999999999999,recorded_knot,0.6849999999999999,0.6849999999999999
0.6849999999999999,4.754368329698215,-0.05945054430153004,6,0.55,0.55,right,0.49054945569847,-0.05689966726587106,-0.0025508770356589758,0.6850080929170493,4.754368329698215,-0.05945264961696408,6,0.55,0.55,right,0.490547350383036,-0.057146750197690194,-0.0023058994192738866,0.0,0.00024708293181913143,-0.0002449776163850892,2.105315433986732e-06,0.0,-0.00024708293181913143,0.0002449776163850892,-2.105315434042243e-06,-2.105315434042243e-06,recorded_knot,0.6849999999999999,0.6849999999999999,linear_progress_interpolation,0.6849999999999999,0.69
0.689991496854253,4.78286334468592,-0.0614705910826483,6,0.55,0.55,right,0.48852940891735175,-0.05857999226046652,-0.002890598822181782,0.69,4.78286334468592,-0.06147277657578937,6,0.55,0.55,right,0.4885272234242107,-0.058848908770437816,-0.0026238678053515513,0.0,0.00026891650997129535,-0.00026673101683023087,2.1854931411269263e-06,0.0,-0.00026891650997129535,0.00026673101683023087,-2.185493141071415e-06,-2.185493141071415e-06,linear_progress_interpolation,0.6849999999999999,0.69,recorded_knot,0.69,0.69
0.69,4.782911886690969,-0.06147403228529695,6,0.55,0.55,right,0.4885259677147031,-0.05858285473814577,-0.0028911775471511802,0.6900084982710988,4.782911886690969,-0.0614761318640438,6,0.55,0.55,right,0.4885238681359563,-0.058851806541723235,-0.002624325322320563,0.0,0.0002689518035774649,-0.0002668522248306174,2.099578746861397e-06,0.0,-0.0002689518035774649,0.0002668522248306174,-2.0995787468058857e-06,-2.0995787468058857e-06,recorded_knot,0.69,0.69,linear_progress_interpolation,0.69,0.695
0.6949910845926726,4.81142327439686,-0.06344469124567483,6,0.55,0.55,right,0.48655530875432523,-0.06026304095003572,-0.0031816502956391046,0.695,4.81142327439686,-0.06344687708130305,6,0.55,0.55,right,0.486553122918697,-0.06055382689537769,-0.0028930501859253596,0.0,0.00029078594534196617,-0.000288600109713745,2.1858356281656555e-06,0.0,-0.00029078594534196617,0.000288600109713745,-2.1858356282211666e-06,-2.1858356282211666e-06,linear_progress_interpolation,0.69,0.695,recorded_knot,0.695,0.695
0.695,4.811474203334278,-0.06344821136780636,6,0.55,0.55,right,0.48655178863219367,-0.060266042210420465,-0.0031821691573858946,0.6950089102217072,4.811474203334278,-0.06345029500814932,6,0.55,0.55,right,0.48654970499185074,-0.06055686513507487,-0.002893429873074449,0.0,0.00029082292465440474,-0.0002887392843114456,2.0836403430424255e-06,0.0,-0.00029082292465440474,0.0002887392843114456,-2.083640342931403e-06,-2.083640342931403e-06,recorded_knot,0.695,0.695,linear_progress_interpolation,0.695,0.7
0.6999906659647175,4.840002213895151,-0.06536268229365737,6,0.55,0.55,right,0.48463731770634266,-0.06194608749644451,-0.00341659479721286,0.7,4.840002213895151,-0.06536485788951246,6,0.55,0.55,right,0.4846351421104876,-0.062258745020317544,-0.0031061128691949186,0.0,0.00031265752387303614,-0.0003104819280179416,2.1755958551361587e-06,0.0,-0.00031265752387303614,0.0003104819280179416,-2.1755958550806476e-06,-2.1755958550806476e-06,linear_progress_interpolation,0.695,0.7,recorded_knot,0.7,0.7
0.7,4.840055569791738,-0.06536626292584063,6,0.55,0.55,right,0.4846337370741594,-0.06194922968269516,-0.003417033243145476,0.7000093285543055,4.840055569791738,-0.06536831893814159,6,0.55,0.55,right,0.48463168106185844,-0.06226192590458056,-0.003106393033561028,0.0,0.00031269622188540014,-0.00031064020958444793,2.056012300855059e-06,0.0,-0.00031269622188540014,0.00031064020958444793,-2.0560123009660813e-06,-2.0560123009660813e-06,recorded_knot,0.7,0.7,linear_progress_interpolation,0.7,0.705
0.7049902411847206,4.86860037328799,-0.06721778767671815,6,0.55,0.55,right,0.4827822123232819,-0.06362913197184539,-0.0035886557048727674,0.705,4.86860037328799,-0.06721994095798817,6,0.55,0.55,right,0.4827800590420119,-0.06396366314525741,-0.0032562778127307596,0.0,0.0003345311734120199,-0.00033237789214200786,2.1532812699565085e-06,0.0,-0.0003345311734120199,0.00033237789214200786,-2.1532812700120196e-06,-2.1532812700120196e-06,linear_progress_interpolation,0.7,0.705,recorded_knot,0.705,0.705
0.705,4.868656194931512,-0.06722140848127652,6,0.55,0.55,right,0.48277859151872354,-0.06363241715496985,-0.003588991326306662,0.7050097531002056,4.868656194931512,-0.06722342852048117,6,0.55,0.55,right,0.48277657147951886,-0.0639669887927204,-0.003256439727760768,0.0,0.00033457163775055254,-0.0003325515985458938,2.0200392045754967e-06,0.0,-0.00033457163775055254,0.0003325515985458938,-2.020039204686519e-06,-2.020039204686519e-06,recorded_knot,0.705,0.705,linear_progress_interpolation,0.705,0.71
0.7099898102115931,4.897217757681505,-0.06900574346536498,6,0.55,0.55,right,0.48099425653463507,-0.06531217436240624,-0.0036935691029587325,0.71,4.897217757681505,-0.06900786603794751,6,0.55,0.55,right,0.48099213396205254,-0.06566858127019727,-0.0033392847677502363,0.0,0.00035640690779102646,-0.0003542843352084962,2.1225725824747244e-06,0.0,-0.00035640690779102646,0.0003542843352084962,-2.1225725825302355e-06,-2.1225725825302355e-06,linear_progress_interpolation,0.705,0.71,recorded_knot,0.71,0.71
0.71,4.897276083803872,-0.0690093872905134,6,0.55,0.55,right,0.4809906127094866,-0.06531560462724456,-0.0036937826632688353,0.7100101838585702,4.897276083803872,-0.06901136200643601,6,0.55,0.55,right,0.48098863799356406,-0.0656720537992089,-0.0033393082072271096,0.0,0.00035644917196434034,-0.00035447445604172567,1.974715922559156e-06,0.0,-0.00035644917196434034,0.00035447445604172567,-1.974715922559156e-06,-1.974715922559156e-06,recorded_knot,0.71,0.71,linear_progress_interpolation,0.71,0.715
0.7149893730468683,4.925854311285031,-0.07072220987478746,6,0.55,0.55,right,0.4792777901252126,-0.0669952146686433,-0.003726995206144154,0.715,4.925854311285031,-0.0707242923140933,6,0.55,0.55,right,0.47927570768590677,-0.06737349939513712,-0.0033507929189561803,0.0,0.00037828472649381606,-0.0003762022871879739,2.0824393057727875e-06,0.0,-0.00037828472649381606,0.0003762022871879739,-2.0824393058282986e-06,-2.0824393058282986e-06,linear_progress_interpolation,0.71,0.715,recorded_knot,0.715,0.715
0.715,4.925915180552808,-0.07072585804564081,6,0.55,0.55,right,0.47927414195435925,-0.06699879209951926,-0.0037270659461215577,0.7150106208495464,4.925915180552808,-0.07072777809914303,6,0.55,0.55,right,0.479272221900857,-0.06737712093091591,-0.0033506571682271197,0.0,0.00037832883139665707,-0.00037640877789443805,1.9200535021912657e-06,0.0,-0.00037832883139665707,0.00037640877789443805,-1.920053502246777e-06,-1.920053502246777e-06,recorded_knot,0.715,0.715,linear_progress_interpolation,0.715,0.72
0.7199889243849338,4.95450986633809,-0.07236258391504884,6,0.55,0.55,right,0.4776374160849512,-0.06867825110448852,-0.003684332810560312,0.72,4.95450986633809,-0.07236530277870756,6,0.55,0.55,right,0.4776346972212925,-0.06907841752007698,-0.0032868852586305786,0.0,0.0004001664155884599,-0.00039744755192973324,2.718863658768278e-06,0.0,-0.0004001664155884599,0.00039744755192973324,-2.718863658712767e-06,-2.718863658712767e-06,linear_progress_interpolation,0.715,0.72,recorded_knot,0.72,0.72
0.72,4.954573347703663,-0.0723662175130551,6,0.55,0.55,right,0.47763378248694494,-0.06868197957179395,-0.0036842379412611453,0.7200110693741317,4.954573347703663,-0.07236876001331514,6,0.55,0.55,right,0.4776312399866849,-0.06908219199539478,-0.0032865680179203632,0.0,0.000400212423600832,-0.0003976699233407821,2.5425002601053848e-06,0.0,-0.000400212423600832,0.0003976699233407821,-2.5425002600498736e-06,-2.5425002600498736e-06,recorded_knot,0.72,0.72,linear_progress_interpolation,0.72,0.725
0.7249884604179557,4.9831841910188714,-0.0739222350821755,6,0.55,0.55,right,0.47607776491782455,-0.07036128238808222,-0.003560952694093289,0.725,4.9831841910188714,-0.07392692431505245,6,0.55,0.55,right,0.4760730756849476,-0.07078333564501685,-0.003143588670035599,0.0,0.0004220532569346319,-0.0004173640240576898,4.6892328768866065e-06,0.0,-0.0004220532569346319,0.0004173640240576898,-4.689232876942118e-06,-4.689232876942118e-06,linear_progress_interpolation,0.72,0.725,recorded_knot,0.725,0.725
0.725,4.98325037520119,-0.0739258345479218,6,0.55,0.55,right,0.47607416545207826,-0.07036516704406864,-0.003560667503853157,0.72501153322332,4.98325037520119,-0.07393033298157499,6,0.55,0.55,right,0.47606966701842507,-0.07078726828531232,-0.0031430646962626735,0.0,0.000422101241243672,-0.0004176028075904836,4.498433653243872e-06,0.0,-0.000422101241243672,0.0004176028075904836,-4.498433653188361e-06,-4.498433653188361e-06,recorded_knot,0.725,0.725,linear_progress_interpolation,0.725,0.73
0.7299879834327543,5.0118770293010115,-0.07539672191063546,6,0.55,0.55,right,0.4746032780893646,-0.0720443092892538,-0.0033524126213816535,0.73,5.0118770293010115,-0.07540468401325481,6,0.55,0.55,right,0.4745953159867452,-0.07248825376995671,-0.0029164302432981015,0.0,0.0004439444807029097,-0.000435982378083552,7.962102619329947e-06,0.0,-0.0004439444807029097,0.000435982378083552,-7.962102619385458e-06,-7.962102619385458e-06,linear_progress_interpolation,0.725,0.73,recorded_knot,0.73,0.73
0.73,5.0119459938672835,-0.07540026543020469,6,0.55,0.55,right,0.4745997345697954,-0.07204835451634335,-0.0033519109138613334,0.7300120105162546,5.0119459938672835,-0.07540802185921415,6,0.55,0.55,right,0.4745919781407859,-0.0724923491593272,-0.002915672699886948,0.0,0.00044399464298384983,-0.00043623821397438534,7.756429009408983e-06,0.0,-0.00044399464298384983,0.00043623821397438534,-7.756429009464494e-06,-7.756429009464494e-06,recorded_knot,0.73,0.73,linear_progress_interpolation,0.73,0.735
0.7349874961143007,5.040587105042055,-0.07678171502921197,6,0.55,0.55,right,0.4732182849707881,-0.07372733271186528,-0.003054382317346685,0.735,5.040587105042055,-0.07679423542327327,6,0.55,0.55,right,0.4732057645767268,-0.07419317189489658,-0.0026010635283766903,0.0,0.0004658391830312941,-0.00045331878896999467,1.2520394061299456e-05,0.0,-0.0004658391830312941,0.00045331878896999467,-1.2520394061299456e-05,-1.2520394061299456e-05,linear_progress_interpolation,0.73,0.735,recorded_knot,0.735,0.735
0.735,5.040658909645452,-0.0767851783878772,6,0.55,0.55,right,0.47321482161212286,-0.07373154198861806,-0.003053636399259138,0.7350124982887076,5.040658909645452,-0.07679748483046539,6,0.55,0.55,right,0.47320251516953465,-0.07419743360668625,-0.00260005122377914,0.0,0.0004658916180681899,-0.000453585175479998,1.2306442588094768e-05,0.0,-0.0004658916180681899,0.000453585175479998,-1.230644258820579e-05,-1.230644258820579e-05,recorded_knot,0.735,0.735,linear_progress_interpolation,0.735,0.74
0.7399870003866648,5.069312879056389,-0.07807579101709337,6,0.55,0.55,right,0.47192420898290666,-0.07541035330363069,-0.0026654377134626844,0.74,5.069312879056389,-0.07809417626642559,6,0.55,0.55,right,0.4719058237335745,-0.07589809001983644,-0.0021960862465891517,0.0,0.00048773671620575,-0.0004693514668735327,1.8385249332175668e-05,0.0,-0.00048773671620575,0.0004693514668735327,-1.8385249332175668e-05,-1.8385249332175668e-05,linear_progress_interpolation,0.735,0.74,recorded_knot,0.74,0.74
0.74,5.069387571355161,-0.07807915525688573,6,0.55,0.55,right,0.4719208447431143,-0.07541472946089274,-0.002664425795992992,0.7400129940940023,5.069387571355161,-0.07809731821375368,6,0.55,0.55,right,0.4719026817862464,-0.07590252079311278,-0.0021947974206408954,0.0,0.00048779133222004445,-0.00046962837535209634,1.8162956867961988e-05,0.0,-0.00048779133222004445,0.00046962837535209634,-1.8162956867906477e-05,-1.8162956867906477e-05,recorded_knot,0.74,0.74,linear_progress_interpolation,0.74,0.745
0.7449864992901676,5.098053743467157,-0.07927758445418842,6,0.55,0.55,right,0.4707224155458116,-0.0770933720880361,-0.0021842123661523216,0.745,5.098053743467157,-0.07930316679993876,6,0.55,0.55,right,0.4706968332000613,-0.0776030081447763,-0.0017001586551624592,0.0,0.0005096360567402036,-0.0004840537109898624,2.558234575034124e-05,0.0,-0.0005096360567402036,0.0004840537109898624,-2.558234575034124e-05,-2.558234575034124e-05,linear_progress_interpolation,0.74,0.745,recorded_knot,0.745,0.745
0.745,5.0981313557657195,-0.07928082914428179,6,0.55,0.55,right,0.47071917085571824,-0.07709791693316743,-0.0021829122111143573,0.7450134952753391,5.0981313557657195,-0.07930617436282116,6,0.55,0.55,right,0.4706938256371789,-0.07760760981268164,-0.001698564550139517,0.0,0.0005096928795142036,-0.0004843476609748404,2.5345218539363223e-05,0.0,-0.0005096928795142036,0.0004843476609748404,-2.5345218539363223e-05,-2.5345218539363223e-05,recorded_knot,0.745,0.745,linear_progress_interpolation,0.745,0.75
0.7499859958565411,5.126809102884455,-0.08038334636492188,6,0.55,0.55,right,0.46961665363507815,-0.07877639008567616,-0.0016069562792457165,0.75,5.126809102884455,-0.08041746895636716,6,0.55,0.55,right,0.4695825310436329,-0.07930792626971615,-0.001109542686651005,0.0,0.0005315361840399907,-0.0004974135925947115,3.412259144530694e-05,0.0,-0.0005315361840399907,0.0004974135925947115,-3.412259144525143e-05,-3.412259144525143e-05,linear_progress_interpolation,0.745,0.75,recorded_knot,0.75,0.75
0.75,5.126889649939905,-0.08038644299993081,6,0.55,0.55,right,0.46961355700006924,-0.07878110440544214,-0.0016053385944886644,0.7500139988352318,5.126889649939905,-0.08042031348095495,6,0.55,0.55,right,0.4695796865190451,-0.0793126996432991,-0.0011076138376558547,0.0,0.0005315952378569522,-0.0004977247568328097,3.387048102410084e-05,0.0,-0.0005315952378569522,0.0004977247568328097,-3.387048102415635e-05,-3.387048102415635e-05,recorded_knot,0.75,0.75,linear_progress_interpolation,0.75,0.755
0.7549854933851577,5.1555783019342645,-0.0813894225428656,6,0.55,0.55,right,0.4686105774571344,-0.08045940840724332,-0.0009300141356222841,0.755,5.1555783019342645,-0.08143345512260922,6,0.55,0.55,right,0.4685665448773908,-0.08101284439465602,-0.00042061072795319954,0.0,0.0005534359874126982,-0.0005094034076690845,4.403257974361363e-05,0.0,-0.0005534359874126982,0.0005094034076690845,-4.403257974361363e-05,-4.403257974361363e-05,linear_progress_interpolation,0.75,0.755,recorded_knot,0.755,0.755
0.755,5.155661779173662,-0.08139234097777265,6,0.55,0.55,right,0.4686076590222274,-0.08046429187771685,-0.0009280491000557972,0.7550145014553089,5.155661779173662,-0.081436113431849,6,0.55,0.55,right,0.46856388656815107,-0.08101778915345484,-0.0004183242783941665,0.0,0.000553497275737988,-0.0005097248216616307,4.377245407638508e-05,0.0,-0.000553497275737988,0.0005097248216616307,-4.377245407632957e-05,-4.377245407632957e-05,recorded_knot,0.755,0.755,linear_progress_interpolation,0.755,0.76
0.7599849954653741,5.184360668124076,-0.08229464936204658,6,0.55,0.55,right,0.4677053506379535,-0.08214242826104962,-0.00015222110099696873,0.76,5.184360668124076,-0.08235002148893455,7,0.55,0.55,right,0.4676499785110655,-0.0825176557204677,0.00016763423153313972,0.0,0.0003752274594180788,-0.00031985533253010845,5.5372126887998085e-05,0.0,-0.0003752274594180788,0.00031985533253010845,-5.5372126887998085e-05,-5.5372126887998085e-05,linear_progress_interpolation,0.755,0.76,recorded_knot,0.76,0.76
0.76,5.18444705004277,-0.0822973652556696,7,0.55,0.55,right,0.46770263474433044,-0.08269438670905967,0.0003970214533900729,0.7600149995520277,5.18444705004277,-0.08235246954112233,7,0.55,0.55,right,0.46764753045887775,-0.08251859129302185,0.00016612175189952005,0.0,-0.00017579541603782167,0.00023089970149055283,5.510428545274504e-05,0.0,0.00017579541603782167,-0.00023089970149055283,-5.510428545268953e-05,-5.510428545268953e-05,recorded_knot,0.76,0.76,linear_progress_interpolation,0.76,0.765
0.7649845060296059,5.213155500974725,-0.08309786288771213,7,0.55,0.55,right,0.4669021371122879,-0.08302373354899611,-7.412933871601968e-05,0.765,5.213155500974725,-0.0831660632557994,7,0.55,0.55,right,0.46683393674420065,-0.0828295225523633,-0.0003365407034360973,0.0,-0.00019421099663281816,0.00026241136472007764,6.82003680871901e-05,0.0,0.00019421099663281816,-0.00026241136472007764,-6.820036808724561e-05,-6.820036808724561e-05,linear_progress_interpolation,0.76,0.765,recorded_knot,0.765,0.765
0.765,5.213244739083007,-0.08310035117572658,7,0.55,0.55,right,0.4668996488242735,-0.08302475729942536,-7.559387630121095e-05,0.7650154892195332,5.213244739083007,-0.0831682692291052,7,0.55,0.55,right,0.46683173077089485,-0.08283048866712817,-0.0003377805619770302,0.0,-0.00019426863229719815,0.00026218668567581926,6.791805337857948e-05,0.0,0.00019426863229719815,-0.00026218668567581926,-6.791805337863499e-05,-6.791805337863499e-05,recorded_knot,0.765,0.765,linear_progress_interpolation,0.765,0.77
0.7699840294224164,5.241962022856059,-0.08379560568106698,7,0.55,0.55,right,0.46620439431893307,-0.08335407264796212,-0.00044153303310486003,0.77,5.241962022856059,-0.08387816282320211,7,0.55,0.55,right,0.46612183717679795,-0.08314138938425888,-0.0007367734389432251,0.0,-0.0002126832637032311,0.0002952404058383651,8.255714213523113e-05,0.0,0.0002126832637032311,-0.0002952404058383651,-8.255714213512011e-05,-8.255714213512011e-05,linear_progress_interpolation,0.765,0.77,recorded_knot,0.77,0.77
0.77,5.242054043101049,-0.08379783352024625,7,0.55,0.55,right,0.46620216647975377,-0.08335512788979108,-0.00044270563045517575,0.7700159660978424,5.242054043101049,-0.0838800944139205,7,0.55,0.55,right,0.4661199055860795,-0.08314238524352927,-0.000737709170391232,0.0,-0.00021274264626180983,0.0002950035399360562,8.226089367424638e-05,0.0,0.00021274264626180983,-0.0002950035399360562,-8.226089367424638e-05,-8.226089367424638e-05,recorded_knot,0.77,0.77,linear_progress_interpolation,0.77,0.775
0.7749835703964684,5.27077941014092,-0.08438457158273538,7,0.55,0.55,right,0.46561542841726467,-0.08368441290859313,-0.0007001586741422483,0.775,5.27077941014092,-0.08448306664424424,7,0.55,0.55,right,0.46551693335575584,-0.08345325621615449,-0.0010298104280897502,0.0,-0.00023115669243864434,0.0003296517539475019,9.84950615088298e-05,0.0,0.00023115669243864434,-0.0003296517539475019,-9.84950615088298e-05,-9.84950615088298e-05,linear_progress_interpolation,0.77,0.775,recorded_knot,0.775,0.775
0.775,5.270874110597465,-0.08438650591354176,7,0.55,0.55,right,0.4656134940864583,-0.08368549848015677,-0.0007010074333849842,0.7750164254905502,5.270874110597465,-0.08448469933885122,7,0.55,0.55,right,0.4655153006611488,-0.08345428072929452,-0.001030418609556702,0.0,-0.00023121775086225316,0.0003294111761717178,9.81934253094785e-05,0.0,0.00023121775086225316,-0.0003294111761717178,-9.81934253094785e-05,-9.81934253094785e-05,recorded_knot,0.775,0.775,linear_progress_interpolation,0.775,0.78
0.7799831383325218,5.2996066942500075,-0.0848639695251198,7,0.55,0.55,right,0.4651360304748802,-0.08401475495071462,-0.000849214574405191,0.78,5.2996066942500075,-0.08498006690186212,7,0.55,0.55,right,0.46501993309813794,-0.08376512304805009,-0.001214943853812031,0.0,-0.0002496319026645266,0.0003657292794068401,0.00011609737674234122,0.0,0.0002496319026645266,-0.0003657292794068401,-0.00011609737674228571,-0.00011609737674228571,linear_progress_interpolation,0.775,0.78,recorded_knot,0.78,0.78
0.78,5.2997039179751,-0.0848655851400424,7,0.55,0.55,right,0.46513441485995766,-0.08401586907052248,-0.000849716069519918,0.7800168579312633,5.2997039179751,-0.08498137651342029,7,0.55,0.55,right,0.46501862348657974,-0.08376617453397317,-0.0012152019794471197,0.0,-0.0002496945365493136,0.00036548590992720176,0.0001157913733779159,0.0,0.0002496945365493136,-0.00036548590992720176,-0.0001157913733779159,-0.0001157913733779159,recorded_knot,0.78,0.78,linear_progress_interpolation,0.78,0.785
0.784982743073524,5.328442891163704,-0.08523304955290414,7,0.55,0.55,right,0.46476695044709593,-0.08434509942469064,-0.0008879501282135077,0.785,5.328442891163704,-0.0853684928414756,7,0.55,0.55,right,0.4646315071585244,-0.08407698987994569,-0.0012915029615299112,0.0,-0.0002681095447449461,0.00040355283331640346,0.0001354432885715129,0.0,0.0002681095447449461,-0.00040355283331640346,-0.0001354432885715129,-0.0001354432885715129,linear_progress_interpolation,0.78,0.785,recorded_knot,0.785,0.785
0.785,5.328542423959193,-0.08523432220659344,7,0.55,0.55,right,0.4647656777934066,-0.0843462396608882,-0.0008880825457052433,0.7850172535151793,5.328542423959193,-0.08536944841410232,7,0.55,0.55,right,0.4646305515858977,-0.08407806603976928,-0.0012913823743330444,0.0,-0.00026817362111891674,0.0004032998286278011,0.00013512620750888438,0.0,0.00026817362111891674,-0.0004032998286278011,-0.00013512620750888438,-0.00013512620750888438,recorded_knot,0.785,0.785,linear_progress_interpolation,0.785,0.79
0.789982390631064,5.357287098983106,-0.08548882413715486,7,0.55,0.55,right,0.4645111758628452,-0.08467544672773161,-0.0008133774094232493,0.79,5.357287098983106,-0.08564541398386173,7,0.55,0.55,right,0.4643545860161383,-0.08438885671184128,-0.0012565572720204532,0.0,-0.00028659001589033395,0.0004431798625972039,0.00015658984670685605,0.0,0.00028659001589033395,-0.0004431798625972039,-0.00015658984670685605,-0.00015658984670685605,linear_progress_interpolation,0.785,0.79,recorded_knot,0.79,0.79
0.79,5.357388691898018,-0.0854897236287287,7,0.55,0.55,right,0.46451027637127135,-0.08467661025125389,-0.0008131133774748056,0.7900176063040656,5.357388691898018,-0.08564598679968173,7,0.55,0.55,right,0.4643540132003183,-0.08438995487629533,-0.0012560319233863998,0.0,-0.00028665537495856097,0.0004429185459115942,0.00015626317095307485,0.0,0.00028665537495856097,-0.0004429185459115942,-0.00015626317095301934,-0.00015626317095301934,recorded_knot,0.79,0.79,linear_progress_interpolation,0.79,0.795
0.7949820873430635,5.386138388423128,-0.08562848176015482,7,0.55,0.55,right,0.46437151823984524,-0.08500579727861017,-0.0006226844815446497,0.795,5.386138388423128,-0.08580808748361148,7,0.55,0.55,right,0.4641919125163886,-0.08470072354373687,-0.0011073639398746088,0.0,-0.000305073734873304,0.00048467945832995907,0.00017960572345665504,0.0,0.000305073734873304,-0.00048467945832995907,-0.00017960572345665504,-0.00017960572345665504,linear_progress_interpolation,0.79,0.795,recorded_knot,0.795,0.795
0.795,5.3862417554288475,-0.08562898065281452,7,0.55,0.55,right,0.4643710193471855,-0.08500698084161959,-0.0006219998111949288,0.7950179098230509,5.3862417554288475,-0.08580826016736214,7,0.55,0.55,right,0.4641917398326379,-0.0847018406396918,-0.0011064195276703354,0.0,-0.00030514020192778935,0.0004844197164754066,0.00017927951454754787,0.0,0.00030514020192778935,-0.0004844197164754066,-0.00017927951454760338,-0.00017927951454760338,recorded_knot,0.795,0.795,linear_progress_interpolation,0.795,0.8
0.7999818393685441,5.414996017397493,-0.08565170386112467,7,0.55,0.55,right,0.4643482961388754,-0.08533615148427819,-0.0003155523768464813,0.8,5.414996017397493,-0.0858562967121927,7,0.55,0.55,right,0.46414370328780735,-0.08501259037563247,-0.0008437063365602376,0.0,-0.0003235611086457174,0.0005281539597137563,0.00020459285106810832,0.0,0.0003235611086457174,-0.0005281539597137563,-0.0002045928510680528,-0.0002045928510680528,linear_progress_interpolation,0.795,0.8,recorded_knot,0.8,0.8
0.8,5.415100837227232,-0.0856517866955521,7,0.55,0.55,right,0.464348213304448,-0.08533735143198529,-0.00031443526356680906,0.8000181580243398,5.415100837227232,-0.08585605549996793,7,0.55,0.55,right,0.4641439445000321,-0.08501372295273733,-0.0008423325472305954,0.0,-0.00032362847924795324,0.0005278972836637863,0.00020426880441581918,0.0,0.00032362847924795324,-0.0005278972836637863,-0.0002042688044158747,-0.0002042688044158747,recorded_knot,0.8,0.8,linear_progress_interpolation,0.8,0.805
0.8049816531184426,5.443859242762216,-0.08555822949971102,7,0.55,0.55,right,0.464441770500289,-0.0856665097683327,0.00010828026862168272,0.805,5.443859242762216,-0.08578987642872347,7,0.55,0.55,right,0.46421012357127656,-0.08532445720752807,-0.0004654192211954039,0.0,-0.0003420525608046343,0.0005736994898170866,0.00023164692901245232,0.0,0.0003420525608046343,-0.0005736994898170866,-0.00023164692901245232,-0.00023164692901245232,linear_progress_interpolation,0.8,0.805,recorded_knot,0.805,0.805
0.805,5.443965156812751,-0.08555788493882929,7,0.55,0.55,right,0.4644421150611707,-0.08566772202235098,0.00010983708352169108,0.8050183446285568,5.443965156812751,-0.08578920345059741,7,0.55,0.55,right,0.4642107965494026,-0.08532560142376613,-0.0004636020268312807,0.0,-0.00034212059858484967,0.0005734391103529718,0.00023131851176805274,0.0,0.00034212059858484967,-0.0005734391103529718,-0.00023131851176810825,-0.00023131851176810825,recorded_knot,0.805,0.805,linear_progress_interpolation,0.805,0.81
0.8099815359422032,5.472727107327272,-0.08534561375212554,7,0.55,0.55,right,0.4646543862478745,-0.08599687261638173,0.0006512588642561823,0.81,5.472727107327272,-0.08560644994941886,7,0.55,0.55,right,0.4643935500505812,-0.08563632403942366,2.9874090004794462e-05,0.0,-0.00036054857695806686,0.0006213847742513878,0.00026083619729333485,0.0,0.00036054857695806686,-0.0006213847742513878,-0.00026083619729327934,-0.00026083619729327934,linear_progress_interpolation,0.805,0.81,recorded_knot,0.81,0.81
0.81,5.472833713466987,-0.08534482696919245,7,0.55,0.55,right,0.4646551730308076,-0.0859980926127167,0.0006532656435242479,0.8100184621508703,5.472833713466987,-0.08560533256570427,7,0.55,0.55,right,0.4643946674342958,-0.08563747558592404,3.214302021976867e-05,0.0,-0.00036061702679265895,0.0006211226233044792,0.0002605055965118064,0.0,0.00036061702679265895,-0.0006211226233044792,-0.0002605055965118064,-0.0002605055965118064,recorded_knot,0.81,0.81,linear_progress_interpolation,0.81,0.8150000000000001
0.8149814956837317,5.5015986457695485,-0.08501159508211566,7,0.55,0.55,right,0.4649884049178844,-0.08632724054670443,0.0013156454645887744,0.8150000000000001,5.5015986457695485,-0.08530383523175715,7,0.55,0.55,right,0.4646961647682429,-0.08594819087131926,0.0006443556395621108,0.0,-0.00037904967538517076,0.0006712898250266636,0.00029224014964146505,0.0,0.00037904967538517076,-0.0006712898250266636,-0.00029224014964152056,-0.00029224014964152056,linear_progress_interpolation,0.81,0.8150000000000001,recorded_knot,0.8150000000000001,0.8150000000000001
0.8150000000000001,5.501705496289665,-0.08501035725544258,7,0.55,0.55,right,0.46498964274455745,-0.0863284632030824,0.0013181059476398277,0.8150185025531593,5.501705496289665,-0.08530227554968237,7,0.55,0.55,right,0.46469772445031765,-0.08594934493784641,0.0006470693881640427,0.0,-0.00037911826523599756,0.000671036559475785,0.0002919182942398013,0.0,0.00037911826523599756,-0.000671036559475785,-0.0002919182942398013,-0.0002919182942398013,recorded_knot,0.8150000000000001,0.8150000000000001,linear_progress_interpolation,0.8150000000000001,0.8200000000000001
0.8199815395410602,5.530473179785542,-0.0845563836740381,7,0.55,0.55,right,0.46544361632596193,-0.08665761403490443,0.0021012303608663324,0.8200000000000001,5.530473179785542,-0.08488235770339633,7,0.55,0.55,right,0.4651176422966037,-0.08626005770321485,0.0013776999998185158,0.0,-0.0003975563316895858,0.0007235303610478167,0.0003259740293583002,0.0,0.0003975563316895858,-0.0007235303610478167,-0.0003259740293582447,-0.0003259740293582447,linear_progress_interpolation,0.8150000000000001,0.8200000000000001,recorded_knot,0.8200000000000001,0.8200000000000001
0.8200000000000001,5.530579786314626,-0.08455470135061374,7,0.55,0.55,right,0.46544529864938633,-0.0866588337934481,0.002104132442834361,0.8200184588133719,5.530579786314626,-0.08488036430706483,7,0.55,0.55,right,0.46511963569293524,-0.08626120904154422,0.0013808447344793862,0.0,-0.0003976247519038856,0.0007232877083549749,0.00032566295645108934,0.0,0.0003976247519038856,-0.0007232877083549749,-0.00032566295645108934,-0.00032566295645108934,recorded_knot,0.8200000000000001,0.8200000000000001,linear_progress_interpolation,0.8200000000000001,0.8250000000000001
0.8249816748495878,5.559350043898474,-0.08398025401328273,7,0.55,0.55,right,0.4660197459867173,-0.08698799356566175,0.003007739552379027,0.8250000000000001,5.559350043898474,-0.08434239982762488,7,0.55,0.55,right,0.4656576001723752,-0.08657192453511045,0.0022295247074855667,0.0,-0.0004160690305513026,0.00077821484489346,0.0003621458143422407,0.0,0.0004160690305513026,-0.00077821484489346,-0.00036214581434212967,-0.00036214581434212967,linear_progress_interpolation,0.8200000000000001,0.8250000000000001,recorded_knot,0.8250000000000001,0.8250000000000001
0.8250000000000001,5.559455875634495,-0.08397814090189382,7,0.55,0.55,right,0.46602185909810623,-0.08698920438381381,0.0030110634819199983,0.8250183237794647,5.559455875634495,-0.08433998020054849,7,0.55,0.55,right,0.46566001979945154,-0.08657306745092044,0.002233087250371954,0.0,-0.00041613693289337117,0.0007779762315480443,0.0003618392986546315,0.0,0.00041613693289337117,-0.0007779762315480443,-0.000361839298654687,-0.000361839298654687,recorded_knot,0.8250000000000001,0.8250000000000001,linear_progress_interpolation,0.8250000000000001,0.8300000000000001
0.8299819102533555,5.588228293668138,-0.08328132474305047,7,0.55,0.55,right,0.46671867525694954,-0.08731837971012381,0.004037054967073336,0.8300000000000001,5.588228293668138,-0.08368215746849406,7,0.55,0.55,right,0.466317842531506,-0.08688379136700605,0.0032016338985119963,0.0,-0.00043458834311775607,0.00083542106856134,0.0004008327254435562,0.0,0.00043458834311775607,-0.00083542106856134,-0.0004008327254435562,-0.0004008327254435562,linear_progress_interpolation,0.8250000000000001,0.8300000000000001,recorded_knot,0.8300000000000001,0.8300000000000001
0.8300000000000001,5.588332768804403,-0.08327879454336196,7,0.55,0.55,right,0.4667212054566381,-0.08731957497417951,0.004040780430817556,0.8300180886144407,5.588332768804403,-0.08367932791067485,7,0.55,0.55,right,0.4663206720893252,-0.08688491961478184,0.0032055917041069887,0.0,-0.0004346553593976704,0.0008351887267105673,0.00040053336731293854,0.0,0.0004346553593976704,-0.0008351887267105673,-0.000400533367312883,-0.000400533367312883,recorded_knot,0.8300000000000001,0.8300000000000001,linear_progress_interpolation,0.8300000000000001,0.8350000000000001
0.8349822548888577,5.617106994302605,-0.08245789643279369,7,0.55,0.55,right,0.4675421035672064,-0.08764877307197638,0.00519087663918269,0.8350000000000001,5.617106994302605,-0.08290001966891777,7,0.55,0.55,right,0.46709998033108224,-0.08719565819890165,0.004295638529983881,0.0,-0.0004531148730747281,0.0008952381091988093,0.00044212323612413673,0.0,0.0004531148730747281,-0.0008952381091988093,-0.00044212323612413673,-0.00044212323612413673,linear_progress_interpolation,0.8300000000000001,0.8350000000000001,recorded_knot,0.8350000000000001,0.8350000000000001
0.8350000000000001,5.6172094783867985,-0.08245497267065514,7,0.55,0.55,right,0.4675450273293449,-0.08764994556454521,0.005194972893890065,0.8350177439580059,5.6172094783867985,-0.08289681457976646,7,0.55,0.55,right,0.4671031854202336,-0.08719676494929536,0.004299950369528904,0.0,-0.00045318061524984854,0.0008950225243611609,0.00044184190911134014,0.0,0.00045318061524984854,-0.0008950225243611609,-0.0004418419091112846,-0.0004418419091112846,recorded_knot,0.8350000000000001,0.8350000000000001,linear_progress_interpolation,0.8350000000000001,0.84
0.8399827167935329,5.645985580511982,-0.08151072595017611,7,0.55,0.55,right,0.46848927404982393,-0.08797917418228612,0.006468448232110013,0.84,5.645985580511982,-0.08199687022777466,7,0.55,0.55,right,0.46800312977222536,-0.08750752503079724,0.005510654803022583,0.0,-0.00047164915148888154,0.0009577934290874307,0.0004861442775985214,0.0,0.00047164915148888154,-0.0009577934290874307,-0.0004861442775985769,-0.0004861442775985769,linear_progress_interpolation,0.8350000000000001,0.84,recorded_knot,0.84,0.84
0.84,5.64608539419495,-0.08150745070662883,7,0.55,0.55,right,0.4684925492933712,-0.0879803161549109,0.0064728654482820724,0.8400172820001097,5.64608539419495,-0.0819933335723456,7,0.55,0.55,right,0.4680066664276544,-0.08750860296732184,0.0055152693949762355,0.0,-0.0004717131875890679,0.000957596053305837,0.0004858828657168246,0.0,0.0004717131875890679,-0.000957596053305837,-0.0004858828657167691,-0.0004858828657167691,recorded_knot,0.84,0.84,linear_progress_interpolation,0.84,0.845
0.8449833040273941,5.674863511982182,-0.080440635483898,7,0.55,0.55,right,0.46955936451610203,-0.0883095835736113,0.007868948089713293,0.845,5.674863511982182,-0.08097365086468275,7,0.55,0.55,right,0.46902634913531727,-0.08781939186269283,0.00684574099801008,0.0,-0.0004901917109184639,0.0010232070917032127,0.0005330153807847626,0.0,0.0004901917109184639,-0.0010232070917032127,-0.0005330153807847626,-0.0005330153807847626,linear_progress_interpolation,0.84,0.845,recorded_knot,0.845,0.845
0.845,5.674959929672852,-0.0804370612452731,7,0.55,0.55,right,0.46956293875472693,-0.08831068674527662,0.00787362550000352,0.845016694891064,5.674959929672852,-0.08096982931739283,7,0.55,0.55,right,0.4690301706826072,-0.08782043317924983,0.006850603861856999,0.0,-0.0004902535660267909,0.0010230216381465207,0.0005327680721197714,0.0,0.0004902535660267909,-0.0010230216381465207,-0.0005327680721197159,-0.0005327680721197159,recorded_knot,0.845,0.845,linear_progress_interpolation,0.845,0.85
0.8499840262877044,5.703739918033504,-0.07924630198811979,7,0.55,0.55,right,0.4707536980118803,-0.08864000188669002,0.009393699898570237,0.85,5.703739918033504,-0.07982912489106214,7,0.55,0.55,right,0.4701708751089379,-0.08813125869458843,0.00830213380352629,0.0,-0.0005087431921015906,0.001091566095043947,0.0005828229029423149,0.0,0.0005087431921015906,-0.001091566095043947,-0.0005828229029423704,-0.0005828229029423704,linear_progress_interpolation,0.845,0.85,recorded_knot,0.85,0.85
0.85,5.703832157365202,-0.07924248562667041,7,0.55,0.55,right,0.47075751437332963,-0.08864105733564231,0.009398571708971903,0.8500159727124161,5.703832157365202,-0.07982507778722536,7,0.55,0.55,right,0.4701749222127747,-0.08813225496643204,0.008307177179206676,0.0,-0.0005088023692102761,0.0010913945297652272,0.0005825921605548956,0.0,0.0005088023692102761,-0.0010913945297652272,-0.0005825921605549511,-0.0005825921605549511,recorded_knot,0.85,0.85,linear_progress_interpolation,0.85,0.855
0.8549848937251274,5.732613953104978,-0.07792658008622548,7,0.55,0.55,right,0.47207341991377455,-0.08897042979221845,0.011043849705992967,0.855,5.732613953104978,-0.07856224431018541,7,0.55,0.55,right,0.4714377556898146,-0.08844312552648402,0.009880881216298612,0.0,-0.0005273042657344268,0.0011629684896943548,0.0006356642239599974,0.0,0.0005273042657344268,-0.0011629684896943548,-0.0006356642239599419,-0.0006356642239599419,linear_progress_interpolation,0.85,0.855,recorded_knot,0.855,0.855
0.855,5.732701173764383,-0.07792259235210387,7,0.55,0.55,right,0.4720774076478962,-0.08897142792600801,0.01104883557390414,0.8550151051030881,5.732701173764383,-0.07855805177519402,7,0.55,0.55,right,0.471441948224806,-0.08844406768261313,0.00988601590741911,0.0,-0.0005273602433948782,0.0011628196664850293,0.0006354594230901789,0.0,0.0005273602433948782,-0.0011628196664850293,-0.0006354594230901789,-0.0006354594230901789,recorded_knot,0.855,0.855,linear_progress_interpolation,0.855,0.86
0.8599859148910749,5.761485209029623,-0.07648277951564929,7,0.55,0.55,right,0.47351722048435074,-0.08930086785522354,0.012818088339574249,0.86,5.761485209029623,-0.077174456697312,8,0.55,0.55,right,0.47282554330268806,-0.07731520257805065,0.00014074588073864636,0.0,-0.011985665277172888,0.012677342458835603,0.0006916771816627421,0.0,0.011985665277172888,-0.012677342458835603,-0.0006916771816626865,-0.0006916771816626865,linear_progress_interpolation,0.855,0.86,recorded_knot,0.86,0.86
0.86,5.761566523348233,-0.07647871207344935,8,0.55,0.55,right,0.4735212879265507,-0.0767364973980233,0.00025778532457394754,0.8600140837652247,5.761566523348233,-0.07717021131620526,8,0.55,0.55,right,0.47282978868379477,-0.07730976680807251,0.0001395554918672548,0.0,0.000573269410049218,0.00011822983270669274,0.0006914992427559108,0.0,-0.000573269410049218,-0.00011822983270669274,-0.0006914992427559108,-0.0006914992427559108,recorded_knot,0.86,0.86,linear_progress_interpolation,0.86,0.865
0.8649870982591491,5.790353312591728,-0.07491627411672616,8,0.55,0.55,right,0.47508372588327386,-0.07477578424196797,-0.00014048987475819008,0.865,5.790353312591728,-0.07566726702217007,8,0.55,0.55,right,0.47433273297782996,-0.07538540259507548,-0.0002818644270945886,0.0,0.0006096183531075078,0.0001413745523363985,0.0007509929054438924,0.0,-0.0006096183531075078,-0.0001413745523363985,-0.0007509929054438924,-0.0007509929054438924,linear_progress_interpolation,0.86,0.865,recorded_knot,0.865,0.865
0.865,5.790427784694632,-0.07491223205287145,8,0.55,0.55,right,0.4750877679471286,-0.07477071183077656,-0.00014152022209489024,0.8650129004246341,5.790427784694632,-0.07566306851917215,8,0.55,0.55,right,0.4743369314808279,-0.07538042354722765,-0.00028264497194449567,0.0,0.0006097117164510918,0.00014112474984960544,0.0007508364663006972,0.0,-0.0006097117164510918,-0.00014112474984960544,-0.0007508364663006972,-0.0007508364663006972,recorded_knot,0.865,0.865,linear_progress_interpolation,0.865,0.87
0.86998845429478,5.819217518622233,-0.07322628572173545,8,0.55,0.55,right,0.4767737142782646,-0.07280946553966683,-0.00041682018206862237,0.87,5.819217518622233,-0.07403999384434676,8,0.55,0.55,right,0.47596000615565326,-0.07345560261210028,-0.0005843912322464756,0.0,0.0006461370724334531,0.00016757105017785323,0.0008137081226113896,0.0,-0.0006461370724334531,-0.00016757105017785323,-0.0008137081226113341,-0.0008137081226113341,linear_progress_interpolation,0.865,0.87,recorded_knot,0.87,0.87
0.87,5.819284152044461,-0.07322238362336876,8,0.55,0.55,right,0.4767776163766313,-0.0728049262635298,-0.00041745735983896026,0.8700115444114018,5.819284152044461,-0.0740359582555345,8,0.55,0.55,right,0.47596404174446555,-0.07345114693111494,-0.0005848113244195513,0.0,0.0006462206675851428,0.00016735396458059104,0.0008135746321658033,0.0,-0.0006462206675851428,-0.00016735396458059104,-0.0008135746321657478,-0.0008135746321657478,recorded_knot,0.87,0.87,linear_progress_interpolation,0.87,0.875
0.8749899938248292,5.848077119995072,-0.07141221038195598,8,0.55,0.55,right,0.47858778961804405,-0.07084307469522982,-0.0005691356867261604,0.875,5.848077119995072,-0.07229213998163511,8,0.55,0.55,right,0.47770786001836496,-0.07152580262912508,-0.000766337352510027,0.0,0.0006827279338952608,0.00019720166578386655,0.0008799295996790857,0.0,-0.0006827279338952608,-0.00019720166578386655,-0.0008799295996790857,-0.0008799295996790857,linear_progress_interpolation,0.87,0.875,recorded_knot,0.875,0.875
0.875,5.848134857036662,-0.07140858053567183,8,0.55,0.55,right,0.4785914194643282,-0.07083914069628303,-0.0005694398393887995,0.8750100054857527,5.848134857036662,-0.07228840580553599,8,0.55,0.55,right,0.4777115941944641,-0.07152194091187804,-0.0007664648936579477,0.0,0.0006828002155950114,0.00019702505426914818,0.0008798252698641873,0.0,-0.0006828002155950114,-0.00019702505426914818,-0.0008798252698641318,-0.0008798252698641318,recorded_knot,0.875,0.875,linear_progress_interpolation,0.875,0.88
0.8799917337279248,5.87692981291659,-0.06947628497375305,8,0.55,0.55,right,0.480523715026247,-0.06887660507270432,-0.0005996799010487275,0.88,5.87692981291659,-0.07042607560883293,8,0.55,0.55,right,0.4795739243911671,-0.06959600264614989,-0.0008300729626830455,0.0,0.0007193975734455654,0.00023039306163431805,0.000949790635079939,0.0,-0.0007193975734455654,-0.00023039306163431805,-0.000949790635079939,-0.000949790635079939,linear_progress_interpolation,0.875,0.88,recorded_knot,0.88,0.88
0.88,5.87697749713868,-0.06947308510739096,8,0.55,0.55,right,0.48052691489260907,-0.06887335512903625,-0.00059972997835471,0.8800082660188034,5.87697749713868,-0.07042279921402582,8,0.55,0.55,right,0.4795772007859742,-0.06959281229356065,-0.0008299869204651672,0.0,0.0007194571645244008,0.00023025694211045722,0.0009497141066349135,0.0,-0.0007194571645244008,-0.00023025694211045722,-0.000949714106634858,-0.000949714106634858,recorded_knot,0.88,0.88,linear_progress_interpolation,0.88,0.885
0.8849936917632397,5.905773336760243,-0.06742081107370038,8,0.55,0.55,right,0.4825791889262997,-0.06691004968994511,-0.0005107613837552621,0.885,5.905773336760243,-0.0684442298829725,8,0.55,0.55,right,0.48155577011702755,-0.06766620266317468,-0.0007780272197978194,0.0,0.0007561529732295624,0.00026726583604255727,0.0010234188092721475,0.0,-0.0007561529732295624,-0.00026726583604255727,-0.0010234188092721475,-0.0010234188092721475,linear_progress_interpolation,0.88,0.885,recorded_knot,0.885,0.885
0.885,5.905809712848847,-0.06741821855675796,8,0.55,0.55,right,0.4825817814432421,-0.06690756956178949,-0.0005106489949684712,0.885006307895215,5.905809712848847,-0.06844158338776317,8,0.55,0.55,right,0.48155841661223686,-0.067663768067959,-0.0007778153198041704,0.0,0.0007561985061695087,0.00026716632483569924,0.0010233648310051802,0.0,-0.0007561985061695087,-0.00026716632483569924,-0.0010233648310052357,-0.0010233648310052357,recorded_knot,0.885,0.885,linear_progress_interpolation,0.885,0.89
0.8899958796574364,5.934607113610238,-0.06524554341370671,8,0.55,0.55,right,0.48475445658629335,-0.06494340393653143,-0.00030213947717527834,0.89,5.934607113610238,-0.06634646579595443,8,0.55,0.55,right,0.4836535342040456,-0.06573640268019948,-0.0006100631157549552,0.0,0.0007929987436680469,0.00030792363857967686,0.0011009223822477932,0.0,-0.0007929987436680469,-0.00030792363857967686,-0.0011009223822477376,-0.0011009223822477376,linear_progress_interpolation,0.885,0.89,recorded_knot,0.89,0.89
0.89,5.934630864213578,-0.06524375150387648,8,0.55,0.55,right,0.48475624849612353,-0.06494178399454271,-0.0003019675093337698,0.8900041200069561,5.934630864213578,-0.06634464175182879,8,0.55,0.55,right,0.48365535824817124,-0.06573481252232875,-0.0006098292295000363,0.0,0.0007930285277860383,0.00030786172016626645,0.0011008902479522353,0.0,-0.0007930285277860383,-0.00030786172016626645,-0.0011008902479522908,-0.0011008902479522908,recorded_knot,0.89,0.89,linear_progress_interpolation,0.89,0.895
0.8949983086154027,5.963430612688339,-0.06295040569691525,8,0.55,0.55,right,0.4870495943030848,-0.06297666340718193,2.6257710266680556e-05,0.895,5.963430612688339,-0.06413282374984144,8,0.55,0.55,right,0.48586717625015863,-0.06380660269722428,-0.00032622105261716217,0.0,0.000829939290042353,0.0003524787628838427,0.0011824180529261819,0.0,-0.000829939290042353,-0.0003524787628838427,-0.0011824180529261819,-0.0011824180529261819,linear_progress_interpolation,0.89,0.895,recorded_knot,0.895,0.895
0.895,5.963440358275241,-0.06294962964844117,8,0.55,0.55,right,0.48705037035155885,-0.06297599842729594,2.636877885477118e-05,0.8950016911638408,5.963440358275241,-0.06413203670653288,8,0.55,0.55,right,0.48586796329346715,-0.06380594997563406,-0.0003260867308988169,0.0,0.0008299515483381203,0.0003524555097535881,0.0011824070580916946,0.0,-0.0008299515483381203,-0.0003524555097535881,-0.0011824070580916946,-0.0011824070580916946,recorded_knot,0.895,0.895,linear_progress_interpolation,0.895,0.9
0.9,5.9922381842059655,-0.06053831037275715,8,0.55,0.55,right,0.4894616896272429,-0.06101021286004916,0.00047190248729200857,0.8999990137875875,5.9922381842059655,-0.061806354689844606,8,0.55,0.55,right,0.4881936453101554,-0.061877183352788453,7.08286629438476e-05,0.0,0.0008669704927392954,0.00040107382434816097,0.001268044317087491,0.0,-0.0008669704927392954,-0.00040107382434816097,-0.001268044317087491,-0.001268044317087491,recorded_knot,0.9,0.9,linear_progress_interpolation,0.895,0.9
0.900000987139521,5.992243867403855,-0.060537811668339915,8,0.55,0.55,right,0.4894621883316601,-0.061009824759124504,0.0004720130907845885,0.9,5.992243867403855,-0.06180589572078354,8,0.55,0.55,right,0.4881941042792165,-0.06187680271424907,7.090699346553458e-05,0.0,0.0008669779551245677,0.0004011060973190539,0.0012680840524436077,0.0,-0.0008669779551245677,-0.0004011060973190539,-0.0012680840524436077,-0.0012680840524436077,linear_progress_interpolation,0.9,0.905,recorded_knot,0.9,0.9
0.905,6.021024377889583,-0.05801230261703669,8,0.55,0.55,right,0.49198769738296333,-0.05904442729280239,0.0010321246757657027,0.9049960803412405,6.021024377889583,-0.05937023710013551,8,0.55,0.55,right,0.49062976289986454,-0.059948515562755364,0.0005782784626198537,0.0,0.000904088269952974,0.000453846213145849,0.0013579344830988438,0.0,-0.000904088269952974,-0.000453846213145849,-0.0013579344830987883,-0.0013579344830987883,recorded_knot,0.905,0.905,linear_progress_interpolation,0.9,0.905
0.9050039236056484,6.021046957546499,-0.058010230631852615,8,0.55,0.55,right,0.4919897693681474,-0.05904288469933136,0.0010326540674787457,0.905,6.021046957546499,-0.059368326212000104,8,0.55,0.55,right,0.49063167378799993,-0.059947002731273874,0.00057867651927377,0.0,0.0009041180319425135,0.0004539775482049757,0.0013580955801474337,0.0,-0.0009041180319425135,-0.0004539775482049757,-0.0013580955801474892,-0.0013580955801474892,linear_progress_interpolation,0.905,0.91,recorded_knot,0.905,0.905
0.91,6.049798494020931,-0.05537189304255155,8,0.55,0.55,right,0.4946281069574485,-0.057078641725555615,0.001706748683004064,0.9099928792090048,6.049798494020931,-0.0568241301725011,8,0.55,0.55,right,0.49317586982749895,-0.058019951088766925,0.0011958209162658273,0.0,0.0009413093632113095,0.0005109277667382367,0.001452237129949574,0.0,-0.0009413093632113095,-0.0005109277667382367,-0.001452237129949574,-0.001452237129949574,recorded_knot,0.91,0.91,linear_progress_interpolation,0.905,0.91
0.9100071284393939,6.049839499155134,-0.055367966199998675,8,0.55,0.55,right,0.49463203380000137,-0.05707583912890013,0.001707872928901455,0.91,6.049839499155134,-0.056820501667286055,8,0.55,0.55,right,0.493179498332714,-0.05801720274829866,0.0011967010810126077,0.0,0.0009413636193985331,0.0005111718478888472,0.001452535467287408,0.0,-0.0009413636193985331,-0.0005111718478888472,-0.0014525354672873525,-0.0014525354672873525,linear_progress_interpolation,0.91,0.915,recorded_knot,0.91,0.91
0.915,6.0785601429158405,-0.05261754364296395,8,0.55,0.55,right,0.4973824563570361,-0.05511285615830885,0.0024953125153448982,0.9149893994379542,6.0785601429158405,-0.054168620517664426,8,0.55,0.55,right,0.49583137948233563,-0.05609149415821458,0.0019228736405501531,0.0,0.000978637999905732,0.0005724388747947451,0.0015510768747005743,0.0,-0.000978637999905732,-0.0005724388747947451,-0.0015510768747004633,-0.0015510768747004633,recorded_knot,0.915,0.915,linear_progress_interpolation,0.91,0.915
0.9150106124440421,6.078621163279106,-0.052611462135476364,8,0.55,0.55,right,0.4973885378645237,-0.05510868380044261,0.0024972216649662426,0.915,6.078621163279106,-0.054162986286327736,8,0.55,0.55,right,0.4958370137136723,-0.056087402765323466,0.0019244164789957302,0.0,0.0009787189648808592,0.0005728051859705124,0.0015515241508513578,0.0,-0.0009787189648808592,-0.0005728051859705124,-0.0015515241508514133,-0.0015515241508514133,linear_progress_interpolation,0.915,0.92,recorded_knot,0.915,0.915
0.92,6.107309582264322,-0.04975227176804463,8,0.55,0.55,right,0.5002477282319554,-0.05314707059106208,0.0033947988230174503,0.9199856341728231,6.107309582264322,-0.051406882632688757,8,0.55,0.55,right,0.49859311736731127,-0.05416314741695657,0.0027562647842678117,0.0,0.0010160768258944894,0.0006385340387496385,0.0016546108646441349,0.0,-0.0010160768258944894,-0.0006385340387496385,-0.0016546108646441349,-0.0016546108646441349,recorded_knot,0.92,0.92,linear_progress_interpolation,0.915,0.92
0.9200143825965177,6.107392246345728,-0.049743719520945424,8,0.55,0.55,right,0.5002562804790546,-0.05314141597093129,0.0033976964499858667,0.92,6.107392246345728,-0.05139894107352146,8,0.55,0.55,right,0.4986010589264786,-0.05415760278234826,0.0027586617088267984,0.0,0.0010161868114169706,0.0006390347411590683,0.001655221552576025,0.0,-0.0010161868114169706,-0.0006390347411590683,-0.0016552215525759695,-0.0016552215525759695,linear_progress_interpolation,0.92,0.925,recorded_knot,0.92,0.92
0.925,6.136047119782184,-0.04677914828205395,8,0.55,0.55,right,0.5032208517179461,-0.051181285023815304,0.004402136741761355,0.924981576722419,6.136047119782184,-0.048542146419712474,8,0.55,0.55,right,0.5014578535802876,-0.05223491344752552,0.003692767027813043,0.0,0.0010536284237102136,0.0007093697139483116,0.0017629981376584558,0.0,-0.0010536284237102136,-0.0007093697139483116,-0.0017629981376584558,-0.0017629981376584558,recorded_knot,0.925,0.925,linear_progress_interpolation,0.92,0.925
0.9250184460058676,6.136153093596658,-0.046767784923514355,8,0.55,0.55,right,0.5032322150764856,-0.051174032845393756,0.004406247921879401,0.925,6.136153093596658,-0.04853158118628702,8,0.55,0.55,right,0.5014684188137131,-0.05222780279937306,0.00369622161308604,0.0,0.0010537699539793013,0.0007100263087933614,0.0017637962627725656,0.0,-0.0010537699539793013,-0.0007100263087933614,-0.0017637962627725656,-0.0017637962627725656,linear_progress_interpolation,0.925,0.93,recorded_knot,0.925,0.925
0.93,6.164772529292263,-0.04369898051532898,8,0.55,0.55,right,0.5063010194846711,-0.049215499456568536,0.0055165189412395566,0.9299772165465541,6.164772529292263,-0.045575352945076836,8,0.55,0.55,right,0.5044246470549232,-0.050306796318012284,0.004731443372935448,0.0,0.0010912968614437482,0.0007850755683041083,0.001876372429747919,0.0,-0.0010912968614437482,-0.0007850755683041083,-0.001876372429747919,-0.001876372429747919,recorded_knot,0.93,0.93,linear_progress_interpolation,0.925,0.93
0.9300228130709596,6.164903536166229,-0.043684442986619096,8,0.55,0.55,right,0.5063155570133809,-0.04920653033544117,0.005522087348822077,0.93,6.164903536166229,-0.04556182066496019,8,0.55,0.55,right,0.5044381793350399,-0.05029800281639786,0.004736182151437673,0.0,0.0010914724809566873,0.0007859051973844039,0.0018773776783410634,0.0,-0.0010914724809566873,-0.0007859051973844039,-0.0018773776783410634,-0.0018773776783410634,linear_progress_interpolation,0.93,0.935,recorded_knot,0.93,0.93
0.935,6.193485646040002,-0.04051275259895073,8,0.55,0.55,right,0.5094872474010493,-0.04724971388932176,0.006736961290371032,0.9349725435953744,6.193485646040002,-0.04250761664854939,8,0.55,0.55,right,0.5074923833514506,-0.048378799907258484,0.005871183258709091,0.0,0.001129086017936723,0.0008657780316619415,0.001994864049598699,0.0,-0.001129086017936723,-0.0008657780316619415,-0.001994864049598699,-0.001994864049598699,recorded_knot,0.935,0.935,linear_progress_interpolation,0.93,0.935
0.9350274933313447,6.193643465063344,-0.040494669209444896,8,0.55,0.55,right,0.5095053307905552,-0.047238904690531186,0.00674423548108629,0.935,6.193643465063344,-0.04249075255079431,8,0.55,0.55,right,0.5075092474492058,-0.048368202833422656,0.005877450282628344,0.0,0.0011292981428914703,0.0008667851984579464,0.001996083341349375,0.0,-0.0011292981428914703,-0.0008667851984579464,-0.001996083341349375,-0.001996083341349375,linear_progress_interpolation,0.935,0.9400000000000001,recorded_knot,0.935,0.935
0.9400000000000001,6.222186973893655,-0.03722406610273032,8,0.55,0.55,right,0.5127759338972697,-0.045283928322074986,0.008059862219344668,0.9399675529707151,6.222186973893655,-0.03934269045867673,8,0.55,0.55,right,0.5106573095413233,-0.04645092610575979,0.007108235647083065,0.0,0.0011669977836848075,0.0009516265722616032,0.0021186243559464524,0.0,-0.0011669977836848075,-0.0009516265722616032,-0.0021186243559464524,-0.0021186243559464524,recorded_knot,0.9400000000000001,0.9400000000000001,linear_progress_interpolation,0.935,0.9400000000000001
0.9400324921045795,6.222373414193814,-0.03720205277602094,8,0.55,0.55,right,0.5127979472239791,-0.04527115382002864,0.008069101044007695,0.9400000000000001,6.222373414193814,-0.03932212796774891,8,0.55,0.55,right,0.5106778720322511,-0.04643840285044745,0.007116274882698545,0.0,0.0011672490304188154,0.0009528261613091504,0.002120075191727966,0.0,-0.0011672490304188154,-0.0009528261613091504,-0.002120075191727966,-0.002120075191727966,linear_progress_interpolation,0.9400000000000001,0.9450000000000001,recorded_knot,0.9400000000000001,0.9400000000000001
0.9450000000000001,6.2508770668518,-0.03383657751215425,8,0.55,0.55,right,0.5161634224878457,-0.04331814275482821,0.009481565242673962,0.9449622398500972,6.2508770668518,-0.03608439043941011,8,0.55,0.55,right,0.5139156095605899,-0.04452317677480018,0.008438786335390067,0.0,0.0012050340199719692,0.001042778907283895,0.0022478129272558434,0.0,-0.0012050340199719692,-0.001042778907283895,-0.0022478129272558434,-0.0022478129272558434,recorded_knot,0.9450000000000001,0.9450000000000001,linear_progress_interpolation,0.9400000000000001,0.9450000000000001
0.9450378150384806,6.251093965314925,-0.03381022075911765,8,0.55,0.55,right,0.5161897792408824,-0.043303275503454225,0.009493054744336572,0.9450000000000001,6.251093965314925,-0.03605975288497715,8,0.55,0.55,right,0.513940247115023,-0.044508602867472255,0.008448849982495107,0.0,0.00120532736401803,0.0010442047618414649,0.0022495321258594325,0.0,-0.00120532736401803,-0.0010442047618414649,-0.0022495321258594325,-0.0022495321258594325,linear_progress_interpolation,0.9450000000000001,0.9500000000000001,recorded_knot,0.9450000000000001,0.9450000000000001
0.9500000000000001,6.279555930055477,-0.03035162098485371,8,0.55,0.55,right,0.5196483790151464,-0.04135235718758144,0.011000736202727734,0.9499565948777337,6.279555930055477,-0.03273419519876973,8,0.55,0.55,right,0.5172658048012303,-0.042595555525339196,0.009861360326569465,0.0,0.0012431983377577532,0.001139375876158269,0.0023825742139160777,0.0,-0.0012431983377577532,-0.001139375876158269,-0.0023825742139160777,-0.0023825742139160777,recorded_knot,0.9500000000000001,0.9500000000000001,linear_progress_interpolation,0.9450000000000001,0.9500000000000001
0.9500434709922385,6.279805172749298,-0.030320487826708955,8,0.55,0.55,right,0.5196795121732911,-0.041335266257754195,0.01101477843104524,0.9500000000000001,6.279805172749298,-0.032705073141887066,8,0.55,0.55,right,0.517294926858113,-0.04257880288449705,0.009873729742609985,0.0,0.0012435366267428555,0.0011410486884352554,0.002384585315178156,0.0,-0.0012435366267428555,-0.0011410486884352554,-0.002384585315178156,-0.002384585315178156,linear_progress_interpolation,0.9500000000000001,0.9550000000000001,recorded_knot,0.9500000000000001,0.9500000000000001
0.9550000000000001,6.30822363246877,-0.02677070914668518,8,0.55,0.55,right,0.5232292908533148,-0.03938657162033467,0.012615862473649486,0.9549506097661968,6.30822363246877,-0.02929374798048365,8,0.55,0.55,right,0.5207062520195164,-0.040668065555992366,0.011374317575508715,0.0,0.0012814939356576988,0.0012415448981407708,0.002523038833798452,0.0,-0.0012814939356576988,-0.0012415448981407708,-0.002523038833798452,-0.002523038833798452,recorded_knot,0.9550000000000001,0.9550000000000001,linear_progress_interpolation,0.9500000000000001,0.9550000000000001
0.9550494672585633,6.308507151961551,-0.026734373772905422,8,0.55,0.55,right,0.5232656262270946,-0.03936712321574769,0.012632749442842265,0.9550000000000001,6.308507151961551,-0.029259714567377453,8,0.55,0.55,right,0.5207402854326226,-0.04064900290152185,0.011389288334144394,0.0,0.0012818796857741593,0.0012434611086978714,0.0025253407944719752,0.0,-0.0012818796857741593,-0.0012434611086978714,-0.0025253407944719752,-0.0025253407944719752,linear_progress_interpolation,0.9550000000000001,0.96,recorded_knot,0.9550000000000001,0.9550000000000001
0.96,6.336880920240147,-0.023098040109114704,9,0.55,0.55,right,0.5269019598908853,-0.02337032271559911,0.0002722826064844065,0.9599442826350271,6.336880920240147,-0.025767380942008627,8,0.55,0.55,right,0.5242326190579915,-0.03874070759254191,0.012973326650533284,0.0,0.0153703848769428,-0.012701044044048877,0.0026693408328938295,0.0,-0.0153703848769428,0.012701044044048877,-0.0026693408328938295,-0.0026693408328938295,recorded_knot,0.96,0.96,linear_progress_interpolation,0.9550000000000001,0.96
0.9600558065357493,6.337200665634885,-0.023056071654993078,9,0.55,0.55,right,0.5269439283450069,-0.02333001419698756,0.00027394254199448326,0.96,6.337200665634885,-0.02572802566206708,9,0.55,0.55,right,0.5242719743379329,-0.02587851329210753,0.0001504876300404516,0.0,0.00254849909511997,0.00012345491195403166,0.0026719540070739844,0.0,-0.00254849909511997,-0.00012345491195403166,-0.0026719540070739844,-0.0026719540070739844,linear_progress_interpolation,0.96,0.965,recorded_knot,0.96,0.96
0.965,6.365528585826691,-0.019337866362608553,9,0.55,0.55,right,0.5306621336373915,-0.019758871290571675,0.00042100492796312214,0.9649376115051612,6.365528585826691,-0.022159497737521978,9,0.55,0.55,right,0.527840502262478,-0.02244219678739471,0.0002826990498727318,0.0,0.0026833254968230344,0.00013830587809039036,0.0028216313749134248,0.0,-0.0026833254968230344,-0.00013830587809039036,-0.0028216313749134248,-0.0028216313749134248,recorded_knot,0.965,0.965,linear_progress_interpolation,0.96,0.965
0.965062492140243,6.36588651927302,-0.019289799722512227,9,0.55,0.55,right,0.5307102002774878,-0.019713733824784953,0.0004239341022727258,0.965,6.36588651927302,-0.022114408105466173,9,0.55,0.55,right,0.5278855918945339,-0.0223987776941156,0.0002843695886494274,0.0,0.002685043869330647,0.00013956451362329841,0.0028246083829539526,0.0,-0.002685043869330647,-0.00013956451362329841,-0.0028246083829539526,-0.0028246083829539526,linear_progress_interpolation,0.965,0.97,recorded_knot,0.965,0.965
0.97,6.394166862971402,-0.015492051520183034,9,0.55,0.55,right,0.534507948479817,-0.01614741986554425,0.000655368345361217,0.9699305890423268,6.394166862971402,-0.01847211321005005,9,0.55,0.55,right,0.53152788678995,-0.018967348452184913,0.0004952352421348644,0.0,0.0028199285866406625,0.00016013310322635262,0.002980061689866975,0.0,-0.0028199285866406625,-0.00016013310322635262,-0.002980061689866975,-0.002980061689866975,recorded_knot,0.97,0.97,linear_progress_interpolation,0.965,0.97
0.9700695304338341,6.39456498289634,-0.015437408754362367,9,0.55,0.55,right,0.5345625912456377,-0.016097198708673606,0.0006597899543112386,0.97,6.39456498289634,-0.018420838367501073,9,0.55,0.55,right,0.531579161632499,-0.01891904209612368,0.0004982037286226058,0.0,0.002821843387450073,0.00016158622568863273,0.0029834296131386884,0.0,-0.002821843387450073,-0.00016158622568863273,-0.0029834296131386884,-0.0029834296131386884,linear_progress_interpolation,0.97,0.975,recorded_knot,0.97,0.97
0.975,6.422796047558936,-0.011562637966474314,9,0.55,0.55,right,0.5384373620335258,-0.012535968440516819,0.0009733304740425046,0.9749232096938194,6.422796047558936,-0.014707392880402058,9,0.55,0.55,right,0.535292607119598,-0.015492748490531196,0.0007853556101291379,0.0,0.002956780050014377,0.00018797486391336667,0.0031447549139277386,0.0,-0.002956780050014377,-0.00018797486391336667,-0.0031447549139277386,-0.0031447549139277386,recorded_knot,0.975,0.975,linear_progress_interpolation,0.97,0.975
0.9750769358802769,6.423236384703618,-0.011500977200917242,9,0.55,0.55,right,0.5384990227990828,-0.012480398401624463,0.000979421200707221,0.975,6.423236384703618,-0.014649472004860824,9,0.55,0.55,right,0.5353505279951393,-0.015439306498131748,0.0007898344932709238,0.0,0.0029589080965072845,0.0001895867074362973,0.0031484948039435245,0.0,-0.0029589080965072845,-0.0001895867074362973,-0.0031484948039435245,-0.0031484948039435245,linear_progress_interpolation,0.975,0.98,recorded_knot,0.975,0.975
0.98,6.451413198821542,-0.007555355191835758,9,0.55,0.55,right,0.5424446448081642,-0.008924517015489387,0.0013691618236536295,0.9799153866109654,6.451413198821542,-0.010871078519754497,9,0.55,0.55,right,0.5391289214802455,-0.012018457344517865,0.001147378824763368,0.0,0.003093940329028478,0.00022178299889026153,0.0033157233279187404,0.0,-0.003093940329028478,-0.00022178299889026153,-0.0033157233279187404,-0.0033157233279187404,recorded_knot,0.98,0.98,linear_progress_interpolation,0.975,0.98
0.9800847898129587,6.451898234063611,-0.0074861770230468675,9,0.55,0.55,right,0.5425138229769532,-0.008863274157321908,0.0013770971342750406,0.98,6.451898234063611,-0.010806037312788693,9,0.55,0.55,right,0.5391939626872113,-0.011959570900139821,0.0011535335873511278,0.0,0.003096296742817913,0.00022356354692391282,0.0033198602897418494,0.0,-0.003096296742817913,-0.00022356354692391282,-0.0033198602897418494,-0.0033198602897418494,linear_progress_interpolation,0.98,0.985,recorded_knot,0.98,0.98
0.985,6.480015410876518,-0.0034759636720896343,9,0.55,0.55,right,0.5465240363279104,-0.005313065590461959,0.001837101918372325,0.9849070396173332,6.480015410876518,-0.00696898252497271,9,0.55,0.55,right,0.5430310174750274,-0.008544530812701628,0.0015755482877289183,0.0,0.0032314652222396687,0.0002615536306434067,0.003493018852883001,0.0,-0.0032314652222396687,-0.0002615536306434067,-0.003493018852883001,-0.003493018852883001,recorded_knot,0.985,0.985,linear_progress_interpolation,0.98,0.985
0.9850931624064816,6.480548070834429,-0.003398654756985219,9,0.55,0.55,right,0.5466013452430148,-0.005245775289332561,0.0018471205323473418,0.985,6.480548070834429,-0.006896292245454931,9,0.55,0.55,right,0.5431037077545451,-0.008479835302147895,0.0015835430566929643,0.0,0.0032340600128153343,0.0002635774756543775,0.0034976374884697625,0.0,-0.0032340600128153343,-0.0002635774756543775,-0.0034976374884697625,-0.0034976374884697625,linear_progress_interpolation,0.985,0.99,recorded_knot,0.985,0.985
0.99,6.508603120126842,0.0006731839306883605,9,0.55,0.55,left,0.5493268160693117,-0.0017016141654345278,0.0023747980961228883,0.9898981729404558,6.508603120126842,-0.0030036245877258227,9,0.55,0.55,right,0.5469963754122742,-0.005070965952942926,0.0020673413652171034,0.0,0.0033693517875083984,0.0003074567309057849,0.003676808518414232,0.0,-0.0033693517875083984,-0.0003074567309057849,-0.003676808518414232,-0.002330440657037469,recorded_knot,0.99,0.99,linear_progress_interpolation,0.985,0.99
0.9901020572092151,6.5091863504883545,0.0007592463213008886,9,0.55,0.55,left,0.5492407536786992,-0.001627899234703703,0.0023871455560045916,0.99,6.5091863504883545,-0.0029227007603747036,9,0.55,0.55,right,0.5470772992396253,-0.005000099704155965,0.0020773989437812617,0.0,0.0033722004694522623,0.0003097466122233298,0.003681947081675574,0.0,-0.0033722004694522623,-0.0003097466122233298,-0.003681947081675574,-0.002163454439073842,linear_progress_interpolation,0.99,0.995,recorded_knot,0.99,0.99
0.995,6.537176817467701,0.004889563707994286,9,0.55,0.55,left,0.5451104362920057,0.0019098372595928986,0.0029797264484013875,0.9948887840918791,6.537176817467701,0.0010223554009207584,9,0.55,0.55,left,0.5489776445990793,-0.0015977644970743068,0.002620119897995065,0.0,0.0035076017566672054,0.00035960655040632224,0.003867208307073544,0.0,-0.0035076017566672054,-0.00035960655040632224,-0.003867208307073544,0.003867208307073544,recorded_knot,0.995,0.995,linear_progress_interpolation,0.99,0.995
0.9951114745773809,6.537813578090656,0.004984947131598492,9,0.55,0.55,left,0.5450150528684016,0.0019903542638602303,0.0029945928677382614,0.995,6.537813578090656,0.0011121022572598196,9,0.55,0.55,left,0.5488878977427403,-0.0015203641061640391,0.0026324663634238587,0.0,0.0035107183700242694,0.0003621265043144027,0.003872844874338699,0.0,-0.0035107183700242694,-0.0003621265043144027,-0.003872844874338699,0.003872844874338699,linear_progress_interpolation,0.995,1.0,recorded_knot,0.995,0.995
1.0,6.5657376175135695,0.009167822744503413,9,0.55,0.55,left,0.5408321772554966,0.005521288684620335,0.0036465340598830775,0.9998788794467093,6.5657376175135695,0.005103545149574876,9,0.55,0.55,left,0.5448964548504251,0.0018750779916410516,0.0032284671579338245,0.0,0.0036462106929792838,0.00041806690194925306,0.004064277594928556,0.0,-0.0036462106929792838,-0.00041806690194925306,-0.004064277594928556,0.004064277594928556,recorded_knot,1.0,1.0,linear_progress_interpolation,0.995,1.0
1.0001214100077933,6.566430845362701,0.009273079170138376,9,0.55,0.55,left,0.5407269208298616,0.005608981953751884,0.003664097216386492,1.0,6.566430845362701,0.0052026346591284535,9,0.55,0.55,left,0.5447973653408716,0.0019593714918278906,0.003243263167300563,0.0,0.003649610461923993,0.00042083404908592904,0.0040704445110100185,0.0,-0.003649610461923993,-0.00042083404908592904,-0.0040704445110100185,0.0040704445110100185,linear_progress_interpolation,1.0,1.005,recorded_knot,1.0,1.0
1.005,6.594286658145879,0.013502573542568532,9,0.55,0.55,left,0.5364974264574315,0.009132740109647682,0.00436983343292085,1.0048684646307988,6.594286658145879,0.009234451875888821,9,0.55,0.55,left,0.5407655481241113,0.00534756542849894,0.003886886447389881,0.0,0.003785174681148742,0.00048294698553096906,0.0042681216666797805,0.0,-0.003785174681148742,-0.00048294698553096906,-0.0042681216666797805,0.0042681216666797805,recorded_knot,1.005,1.005,linear_progress_interpolation,1.0,1.005
1.0051318604736785,6.595039261871427,0.013618305149848903,9,0.55,0.55,left,0.5363816948501512,0.009227981648761983,0.00439032350108692,1.005,6.595039261871427,0.009343382844145888,9,0.55,0.55,left,0.5406566171558541,0.0054391070898197405,0.003904275754326147,0.0,0.0037888745589422426,0.0004860477467607729,0.004274922305702922,0.0,-0.0037888745589422426,-0.0004860477467607729,-0.004274922305702922,0.004274922305702922,linear_progress_interpolation,1.005,1.0099999999999998,recorded_knot,1.005,1.005
1.0099999999999998,6.622824540065714,0.017890985173880367,9,0.55,0.55,left,0.5321090148261197,0.012744191534675034,0.005146793639205333,1.0098575382539152,6.622824540065714,0.01341208511552908,9,0.55,0.55,left,0.536587914884471,0.00881969684597108,0.004592388269558,0.0,0.003924494688703954,0.0005544053696473327,0.004478900058351276,0.0,-0.003924494688703954,-0.0005544053696473327,-0.004478900058351276,0.004478900058351276,recorded_knot,1.0099999999999998,1.0099999999999998,linear_progress_interpolation,1.005,1.0099999999999998
1.01014282527884,6.623639425927666,0.018017787607391374,9,0.55,0.55,left,0.5319822123926087,0.012847352846034539,0.005170434761356835,1.0099999999999998,6.623639425927666,0.013531411901975411,9,0.55,0.55,left,0.5364685880980247,0.00891884268781159,0.004612569214163821,0.0,0.003928510158222948,0.0005578655471930143,0.00448637570541599,0.0,-0.003928510158222948,-0.0005578655471930143,-0.00448637570541599,0.00448637570541599,linear_progress_interpolation,1.0099999999999998,1.0149999999999997,recorded_knot,1.0099999999999998,1.0099999999999998
1.0149999999999997,6.651351908209796,0.022330060474155432,9,0.55,0.55,left,0.5276699395258446,0.016355642959702384,0.005974417514453049,1.014846102274065,6.651351908209796,0.017633357861886773,9,0.55,0.55,left,0.5323666421381132,0.012291473606726397,0.005341884255160375,0.0,0.004064169352975986,0.0006325332592926735,0.004696702612268622,0.0,-0.004064169352975986,-0.0006325332592926735,-0.004696702612268622,0.004696702612268622,recorded_knot,1.0149999999999997,1.0149999999999997,linear_progress_interpolation,1.0099999999999998,1.0149999999999997
1.0151542992257578,6.652231973829966,0.022468432841152776,9,0.55,0.55,left,0.5275315671588473,0.016467091791451373,0.006001341049701403,1.0149999999999997,6.652231973829966,0.01776362340715112,9,0.55,0.55,left,0.532236376592849,0.012398578285803444,0.005365045121347677,0.0,0.004068513505647929,0.0006362959283537258,0.004704809434001644,0.0,-0.004068513505647929,-0.0006362959283537258,-0.004704809434001644,0.004704809434001644,linear_progress_interpolation,1.0149999999999997,1.0199999999999996,recorded_knot,1.0149999999999997,1.0149999999999997
1.0199999999999996,6.6798700558494035,0.026813957470964694,9,0.55,0.55,left,0.5231860425290353,0.019967094384729732,0.006846863086234962,1.0198341705838776,6.6798700558494035,0.021892433525956434,9,0.55,0.55,left,0.5281075664740436,0.01576290537930052,0.006129528146655915,0.0,0.004204189005429213,0.0007173349395790465,0.0049215239450082215,0.0,-0.004204189005429213,-0.0007173349395790465,-0.0049215239450082215,0.0049215239450082215,recorded_knot,1.0199999999999996,1.0199999999999996,linear_progress_interpolation,1.0149999999999997,1.0199999999999996
1.020166271123795,6.680818141342973,0.026964361475748568,9,0.55,0.55,left,0.5230356385242515,0.020087190402124182,0.006877171073624386,1.0199999999999996,6.680818141342973,0.022034066544361623,9,0.55,0.55,left,0.5279659334556385,0.015878313883795292,0.006155752660566331,0.0,0.0042088765183288905,0.0007214184130580545,0.004930294931386969,0.0,-0.0042088765183288905,-0.0007214184130580545,-0.004930294931386969,0.004930294931386969,linear_progress_interpolation,1.0199999999999996,1.0249999999999995,recorded_knot,1.0199999999999996,1.0199999999999996
1.0249999999999995,6.708380282758535,0.03133681151051439,9,0.55,0.55,left,0.5186631884894857,0.023578545809757087,0.0077582657007573,1.0248217555632382,6.708380282758535,0.02618338618595009,9,0.55,0.55,left,0.52381661381405,0.01923400077943869,0.006949385406511403,0.0,0.004344545030318399,0.0008088802942458964,0.005153425324564309,0.0,-0.004344545030318399,-0.0008088802942458964,-0.005153425324564309,0.005153425324564309,recorded_knot,1.0249999999999995,1.0249999999999995,linear_progress_interpolation,1.0199999999999996,1.0249999999999995
1.0251787322523243,6.709399164431013,0.0314997630388241,9,0.55,0.55,left,0.518500236961176,0.023707642379228427,0.007792120659595669,1.0249999999999995,6.709399164431013,0.026336772879397716,9,0.55,0.55,left,0.5236632271206023,0.01935804948178714,0.006978723397610576,0.0,0.004349592897441287,0.0008133972619850938,0.005162990159426339,0.0,-0.004349592897441287,-0.0008133972619850938,-0.005162990159426339,0.005162990159426339,linear_progress_interpolation,1.0249999999999995,1.0299999999999994,recorded_knot,1.0249999999999995,1.0249999999999995
1.0299999999999994,6.73688329940008,0.03589534882513625,9,0.55,0.55,left,0.5141046511748638,0.027189997234784432,0.00870535159035182,1.029808859807173,6.73688329940008,0.03050279202965856,9,0.55,0.55,left,0.5194972079703415,0.02270476161314205,0.00779803041651651,0.0,0.0044852356216423805,0.0009073211738353099,0.0053925567954776765,0.0,-0.0044852356216423805,-0.0009073211738353099,-0.0053925567954776765,0.0053925567954776765,recorded_knot,1.0299999999999994,1.0299999999999994,linear_progress_interpolation,1.0249999999999995,1.0299999999999994
1.030191676891244,6.737975725269891,0.036071338585244764,9,0.55,0.55,left,0.5139286614147552,0.027328443591190507,0.008742894994054257,1.0299999999999994,6.737975725269891,0.0306683809084425,9,0.55,0.55,left,0.5193316190915576,0.02283778507977899,0.007830595828663512,0.0,0.004490658511411519,0.0009122991653907446,0.005402957676802322,0.0,-0.004490658511411519,-0.0009122991653907446,-0.005402957676802322,0.005402957676802322,linear_progress_interpolation,1.0299999999999994,1.0349999999999993,recorded_knot,1.0299999999999994,1.0299999999999994
1.0349999999999993,6.765379845403017,0.04048614114667333,9,0.55,0.55,left,0.5095138588533267,0.030801448659811784,0.009684692486861546,1.0347954903825978,6.765379845403017,0.03484717006339941,9,0.55,0.55,left,0.5151528299366006,0.02617519279861011,0.008671977264789299,0.0,0.004626255861201675,0.0010127152220722468,0.005638971083273936,0.0,-0.004626255861201675,-0.0010127152220722468,-0.005638971083273936,0.005638971083273936,recorded_knot,1.0349999999999993,1.0349999999999993,linear_progress_interpolation,1.0299999999999994,1.0349999999999993
1.0352050938250845,6.766548527993642,0.040675515746131395,9,0.55,0.55,left,0.5093244842538687,0.030949585937185484,0.009725929808945911,1.0349999999999993,6.766548527993642,0.03502537969434414,9,0.55,0.55,left,0.5149746203056559,0.026317520677770843,0.008707859016573297,0.0,0.00463206525941464,0.0010180707923726148,0.0056501360517872135,0.0,-0.00463206525941464,-0.0010180707923726148,-0.0056501360517872135,0.0056501360517872135,linear_progress_interpolation,1.0349999999999993,1.0399999999999991,recorded_knot,1.0349999999999993,1.0349999999999993
1.0399999999999991,6.793871258787563,0.045102920793239576,9,0.55,0.55,left,0.5048970792067604,0.03441290008483914,0.010690020708400437,1.0397816677512113,6.793871258787563,0.0392103398081152,9,0.55,0.55,left,0.5107896601918849,0.02964530857610334,0.009565031232011856,0.0,0.004767591508735798,0.0011249894763885812,0.005892580985124463,0.0,-0.004767591508735798,-0.0011249894763885812,-0.005892580985124463,0.005892580985124463,recorded_knot,1.0399999999999991,1.0399999999999991,linear_progress_interpolation,1.0349999999999993,1.0399999999999991
1.0402189659890093,6.795118822099704,0.04530596772364903,9,0.55,0.55,left,0.504694032276351,0.0345710570914478,0.01073491063220123,1.0399999999999991,6.795118822099704,0.039401426224040956,9,0.55,0.55,left,0.5105985737759591,0.029797256275762695,0.00960416994827826,0.0,0.004773800815685108,0.0011307406839229685,0.0059045414996080625,0.0,-0.004773800815685108,-0.0011307406839229685,-0.0059045414996080625,0.0059045414996080625,linear_progress_interpolation,1.0399999999999991,1.044999999999999,recorded_knot,1.0399999999999991,1.0399999999999991
1.044999999999999,6.82235886359279,0.04973941551388946,9,0.55,0.55,left,0.5002605844861105,0.03802435150986648,0.01171506400402298,1.04476741008418,6.82235886359279,0.043586023459304124,9,0.55,0.55,left,0.5064139765406959,0.03311512159179261,0.010470901867511512,0.0,0.004909229918073868,0.0012441621365114688,0.006153392054585316,0.0,-0.004909229918073868,-0.0012441621365114688,-0.006153392054585316,0.006153392054585316,recorded_knot,1.044999999999999,1.044999999999999,linear_progress_interpolation,1.0399999999999991,1.044999999999999
1.0452332796495982,6.823687836524824,0.04995648479763962,9,0.55,0.55,left,0.5000435152023605,0.03819284713446145,0.011763637663178172,1.044999999999999,6.823687836524824,0.043790179405929344,9,0.55,0.55,left,0.5062098205940707,0.03327699187375455,0.010513187532174798,0.0,0.004915855260706904,0.001250450131003375,0.006166305391710258,0.0,-0.004915855260706904,-0.001250450131003375,-0.006166305391710258,0.006166305391710258,linear_progress_interpolation,1.044999999999999,1.049999999999999,recorded_knot,1.044999999999999,1.044999999999999
1.049999999999999,6.8508434085223975,0.054391970593663554,9,0.55,0.55,left,0.49560802940633647,0.041635802934893835,0.012756167658769718,1.0497527244178153,6.8508434085223975,0.04797042997638843,9,0.55,0.55,left,0.5020295700236116,0.03658463674257868,0.011385793233809748,0.0,0.005051166192315153,0.0013703744249599706,0.006421540617275123,0.0,-0.005051166192315153,-0.0013703744249599706,-0.006421540617275068,0.006421540617275123,recorded_knot,1.049999999999999,1.049999999999999,linear_progress_interpolation,1.044999999999999,1.049999999999999
1.050248023799631,6.852256263399919,0.05462336810922586,9,0.55,0.55,left,0.4953766318907742,0.04181494811581822,0.012808419993407642,1.049999999999999,6.852256263399919,0.04818792078852321,9,0.55,0.55,left,0.5018120792114769,0.036756727471746395,0.011431193316776812,0.0,0.005058220644071826,0.00137722667663083,0.00643544732070267,0.0,-0.005058220644071826,-0.00137722667663083,-0.00643544732070267,0.00643544732070267,linear_progress_interpolation,1.049999999999999,1.0549999999999988,recorded_knot,1.049999999999999,1.049999999999999
1.0549999999999988,6.879325652557403,0.0590567954190553,9,0.55,0.55,left,0.49094320458094476,0.04524725435992118,0.013809541059134123,1.0547376230447336,6.879325652557403,0.05235976004448496,9,0.55,0.55,left,0.4976402399555151,0.04005386258347242,0.012305897461012544,0.0,0.005193391776448758,0.001503643598121579,0.006697035374570337,0.0,-0.005193391776448758,-0.001503643598121579,-0.006697035374570337,0.006697035374570337,recorded_knot,1.0549999999999988,1.0549999999999988,linear_progress_interpolation,1.049999999999999,1.0549999999999988
1.055263181176369,6.8808247975592245,0.059302633589688396,9,0.55,0.55,left,0.49069736641031164,0.04543734756680973,0.013865286022878669,1.0549999999999988,6.8808247975592245,0.052590803010862615,9,0.55,0.55,left,0.49740919698913744,0.04023646306973824,0.012354339941124372,0.0,0.005200884497071484,0.001510946081754297,0.006711830578825795,0.0,-0.005200884497071484,-0.001510946081754297,-0.006711830578825739,0.006711830578825795,linear_progress_interpolation,1.0549999999999988,1.0599999999999987,recorded_knot,1.0549999999999988,1.0549999999999988
1.0599999999999987,6.907806887851235,0.06372730745991906,10,0.55,0.55,left,0.486272692540081,0.06343087129598675,0.0002964361639323093,1.059722132656281,6.907806887851235,0.05674760854165072,9,0.55,0.55,left,0.4932523914583493,0.043522817690239225,0.013224790851411497,0.0,0.019908053605747524,-0.012928354687479188,0.006979698918268329,0.0,-0.019908053605747524,0.012928354687479188,-0.006979698918268329,0.006979698918268329,recorded_knot,1.0599999999999987,1.0599999999999987,linear_progress_interpolation,1.0549999999999988,1.0599999999999987
1.060278729113323,6.909394611514064,0.0639876200963027,10,0.55,0.55,left,0.48601237990369733,0.06365254037333769,0.0003350797229650093,1.0599999999999987,6.909394611514064,0.05699220999511798,10,0.55,0.55,left,0.49300779000488204,0.056831619204593654,0.00016059079052432867,0.0,0.006820921168744033,0.00017448893244068064,0.006995410101184707,0.0,-0.006820921168744033,-0.00017448893244068064,-0.0069954101011846515,0.006995410101184707,linear_progress_interpolation,1.0599999999999987,1.0649999999999986,recorded_knot,1.0599999999999987,1.0599999999999987
1.0649999999999986,6.936288370174561,0.06839694231217566,10,0.55,0.55,left,0.4816030576878244,0.06740729619663856,0.0009896461155371045,1.0647062767868956,6.936288370174561,0.061127465694955196,10,0.55,0.55,left,0.48887253430504485,0.06034592632243232,0.0007815393725228784,0.0,0.00706136987420624,0.0002081067430142261,0.007269476617220438,0.0,-0.00706136987420624,-0.0002081067430142261,-0.007269476617220438,0.007269476617220438,recorded_knot,1.0649999999999986,1.0649999999999986,linear_progress_interpolation,1.0599999999999987,1.0649999999999986
1.0652946491683966,6.937966835246605,0.06867183863058783,10,0.55,0.55,left,0.4813281613694122,0.0676416262546734,0.0010302123759144272,1.0649999999999986,6.937966835246605,0.061385550938589925,10,0.55,0.55,left,0.4886144490614101,0.060565257574125106,0.0008202933644648192,0.0,0.007076368680548298,0.000209919011449608,0.007286287691997906,0.0,-0.007076368680548298,-0.000209919011449608,-0.007286287691997906,0.007286287691997906,linear_progress_interpolation,1.0649999999999986,1.0699999999999985,recorded_knot,1.0649999999999986,1.0649999999999986
1.0699999999999985,6.964770803727142,0.07306174961346117,10,0.55,0.55,left,0.47693825038653886,0.07138372109729142,0.001678028516169744,1.069690066680112,6.964770803727142,0.06549525950810042,10,0.55,0.55,left,0.4845047404918996,0.06406746015663252,0.0014277993514679038,0.0,0.007316260940658903,0.0002502291647018401,0.007566490105360757,0.0,-0.007316260940658903,-0.0002502291647018401,-0.0075664901053607014,0.007566490105360757,recorded_knot,1.0699999999999985,1.0699999999999985,linear_progress_interpolation,1.0649999999999986,1.0699999999999985
1.0703109253870982,6.966542088338624,0.07335127822464023,10,0.55,0.55,left,0.47664872177535983,0.07163099538759306,0.0017202828370471712,1.0699999999999985,6.966542088338624,0.0657668410670824,10,0.55,0.55,left,0.48423315893291763,0.06429889594365756,0.001467945123424838,0.0,0.007332099443935494,0.00025233771362233315,0.0075844371575578,0.0,-0.007332099443935494,-0.00025233771362233315,-0.007584437157557855,0.0075844371575578,linear_progress_interpolation,1.0699999999999985,1.0749999999999984,recorded_knot,1.0699999999999985,1.0699999999999985
1.0749999999999984,6.993254881981487,0.07771766745085351,10,0.55,0.55,left,0.47228233254914653,0.07536014599794427,0.002357521452909239,1.0746735193734331,6.993254881981487,0.06984696483197106,10,0.55,0.55,left,0.480153035168029,0.0677887421943394,0.0020582226376316543,0.0,0.0075714038036048675,0.00029929881527758495,0.007870702618882452,0.0,-0.0075714038036048675,-0.00029929881527758495,-0.007870702618882452,0.007870702618882452,recorded_knot,1.0749999999999984,1.0749999999999984,linear_progress_interpolation,1.0699999999999985,1.0749999999999984
1.0753275311277555,6.9951209723748216,0.07802163851640229,10,0.55,0.55,left,0.47197836148359773,0.07562062658437471,0.0024010119320275747,1.0749999999999984,6.9951209723748216,0.07013199229345889,10,0.55,0.55,left,0.47986800770654114,0.06803253431319002,0.002099457980268865,0.0,0.00758809227118469,0.0003015539517587096,0.007889646222943414,0.0,-0.00758809227118469,-0.0003015539517587096,-0.007889646222943414,0.007889646222943414,linear_progress_interpolation,1.0749999999999984,1.0799999999999983,recorded_knot,1.0749999999999984,1.0749999999999984
1.0799999999999983,7.021742104037506,0.08235800602921171,10,0.55,0.55,left,0.4676419939707883,0.07933657089859715,0.0030214351306145637,1.079656638682827,7.021742104037506,0.07417615812715801,10,0.55,0.55,left,0.47582384187284205,0.07150977528504168,0.00266638284211633,0.0,0.007826795613555468,0.0003550522884982338,0.00818184790205373,0.0,-0.007826795613555468,-0.0003550522884982338,-0.008181847902053674,0.00818184790205373,recorded_knot,1.0799999999999983,1.0799999999999983,linear_progress_interpolation,1.0749999999999984,1.0799999999999983
1.0803444731290603,7.02370503641317,0.08267616897351279,10,0.55,0.55,left,0.4673238310264872,0.07961052520419878,0.003065643769314008,1.0799999999999983,7.02370503641317,0.07447435822428791,10,0.55,0.55,left,0.4755256417757121,0.07176617268272246,0.002708185541565447,0.0,0.00784435252147632,0.00035745822774856106,0.00820181074922488,0.0,-0.00784435252147632,-0.00035745822774856106,-0.00820181074922488,0.00820181074922488,linear_progress_interpolation,1.0799999999999983,1.0849999999999982,recorded_knot,1.0799999999999983,1.0799999999999983
1.0849999999999982,7.0502339109457575,0.08697611579538357,10,0.55,0.55,left,0.4630238842046165,0.08331299579925001,0.003663119996133557,1.084639418855701,7.0502339109457575,0.07847630229706927,10,0.55,0.55,left,0.4715236977029308,0.07523055513311927,0.0032457471639499996,0.0,0.008082440666130744,0.00041737283218355736,0.008499813498314301,0.0,-0.008082440666130744,-0.00041737283218355736,-0.008499813498314301,0.008499813498314301,recorded_knot,1.0849999999999982,1.0849999999999982,linear_progress_interpolation,1.0799999999999983,1.0849999999999982
1.0853617675721932,7.052295766586173,0.08730834379023696,10,0.55,0.55,left,0.4626916562097631,0.08360070411571499,0.0037076396745219647,1.0849999999999982,7.052295766586173,0.07878733814402752,10,0.55,0.55,left,0.47121266185597255,0.07549981105225492,0.003287527091772602,0.0,0.008100893063460068,0.0004201125827493629,0.008521005646209445,0.0,-0.008100893063460068,-0.0004201125827493629,-0.0085210056462095,0.008521005646209445,linear_progress_interpolation,1.0849999999999982,1.089999999999998,recorded_knot,1.0849999999999982,1.0849999999999982
1.089999999999998,7.078730876938392,0.09156784844899912,10,0.55,0.55,left,0.4584321515510009,0.08728942069990288,0.004278427749096245,1.0896218684597327,7.078730876938392,0.08274314057769325,10,0.55,0.55,left,0.46725685942230677,0.07895108813629435,0.0037920524413988937,0.0,0.008338332563608525,0.00048637530769735093,0.008824707871305848,0.0,-0.008338332563608525,-0.00048637530769735093,-0.008824707871305848,0.008824707871305848,recorded_knot,1.089999999999998,1.089999999999998,linear_progress_interpolation,1.0849999999999982,1.089999999999998
1.090379394428611,7.080893627583863,0.09191394146775737,10,0.55,0.55,left,0.45808605853224266,0.08759114739052404,0.004322794077233336,1.089999999999998,7.080893627583863,0.08306677888117572,10,0.55,0.55,left,0.4669332211188243,0.07923344942178737,0.003833329459388357,0.0,0.008357697968736671,0.0004894646178449785,0.008847162586581636,0.0,-0.008357697968736671,-0.0004894646178449785,-0.00884716258658158,0.008847162586581636,linear_progress_interpolation,1.089999999999998,1.094999999999998,recorded_knot,1.089999999999998,1.089999999999998
1.094999999999998,7.107233544378402,0.09612897260708703,10,0.55,0.55,left,0.453871027392913,0.09126584560055576,0.00486312700653127,1.0946040083307829,7.107233544378402,0.08697251966181677,10,0.55,0.55,left,0.4630274803381833,0.08267138985328047,0.004301129808536294,0.0,0.008594455747275284,0.0005619971979949762,0.009156452945270288,0.0,-0.008594455747275284,-0.0005619971979949762,-0.009156452945270344,0.009156452945270288,recorded_knot,1.094999999999998,1.094999999999998,linear_progress_interpolation,1.089999999999998,1.094999999999998
1.0953973283746246,7.109499045843443,0.09648845209781484,10,0.55,0.55,left,0.4535115479021852,0.09158183488907595,0.004906617208738889,1.094999999999998,7.109499045843443,0.0873084532006216,10,0.55,0.55,left,0.46269154679937846,0.08296708779131982,0.004341365409301773,0.0,0.008614747097756129,0.0005652517994371165,0.009179998897193287,0.0,-0.008614747097756129,-0.0005652517994371165,-0.009179998897193231,0.009179998897193287,linear_progress_interpolation,1.094999999999998,1.0999999999999979,recorded_knot,1.094999999999998,1.094999999999998
1.0999999999999979,7.1357427273328025,0.100652680372302,10,0.55,0.55,left,0.449347319627698,0.09524227050120862,0.005410409871093383,1.0995858716602225,7.1357427273328025,0.09115798118217622,10,0.55,0.55,left,0.4588420188178238,0.08639148506899305,0.004766496113183166,0.0,0.008850785432215569,0.0006439137579102167,0.0094946991901258,0.0,-0.008850785432215569,-0.0006439137579102167,-0.0094946991901258,0.0094946991901258,recorded_knot,1.0999999999999979,1.0999999999999979,linear_progress_interpolation,1.094999999999998,1.0999999999999979
1.1004155397724569,7.138112669854101,0.10102496678498614,10,0.55,0.55,left,0.4489750332150139,0.09557274304089214,0.005452223744094001,1.0999999999999979,7.138112669854101,0.09150561381344834,10,0.55,0.55,left,0.4584943861865517,0.08670072616085228,0.004804887652596054,0.0,0.008872016880039857,0.0006473360914979465,0.009519352971537776,0.0,-0.008872016880039857,-0.0006473360914979465,-0.009519352971537831,0.009519352971537776,linear_progress_interpolation,1.0999999999999979,1.1049999999999978,recorded_knot,1.0999999999999979,1.0999999999999979
1.1049999999999978,7.164259161599418,0.10513223247968634,10,0.55,0.55,left,0.4448677675203137,0.09921869540186148,0.005913537077824854,1.1045674882155765,7.164259161599418,0.09529295171458593,10,0.55,0.55,left,0.4547070482854141,0.09011139601166668,0.005181555702919255,0.0,0.009107299390194806,0.0007319813749055992,0.009839280765100378,0.0,-0.009107299390194806,-0.0007319813749055992,-0.009839280765100433,0.009839280765100378,recorded_knot,1.1049999999999978,1.1049999999999978,linear_progress_interpolation,1.0999999999999979,1.1049999999999978
1.1054340030506598,7.166735066356556,0.10551686032890761,10,0.55,0.55,left,0.44448313967109243,0.09956385150938382,0.005953008819523792,1.1049999999999978,7.166735066356556,0.0956515882772902,10,0.55,0.55,left,0.45434841172270984,0.09043436453038473,0.005217223746905475,0.0,0.009129486978999096,0.0007357850726183168,0.009865272051617413,0.0,-0.009129486978999096,-0.0007357850726183168,-0.009865272051617469,0.009865272051617413,linear_progress_interpolation,1.1049999999999978,1.1099999999999977,recorded_knot,1.1049999999999978,1.1049999999999978
1.1099999999999977,7.192783209453014,0.10956339775184934,10,0.55,0.55,left,0.44043660224815073,0.10319512030251433,0.006368277449335005,1.1095488767065425,7.192783209453014,0.09937310088111388,10,0.55,0.55,left,0.45062689911888615,0.09383113665235034,0.005541964228763546,0.0,0.009363983650163998,0.0008263132205714591,0.010190296870735416,0.0,-0.009363983650163998,-0.0008263132205714591,-0.010190296870735471,0.010190296870735416,recorded_knot,1.1099999999999977,1.1099999999999977,linear_progress_interpolation,1.1049999999999978,1.1099999999999977
1.1104526953780696,7.195366467883642,0.10995982251778058,10,0.55,0.55,left,0.44004017748221946,0.10355514213726948,0.006404680380511105,1.1099999999999977,7.195366467883642,0.09974217244114464,10,0.55,0.55,left,0.4502578275588554,0.09416800289991718,0.0055741695412274556,0.0,0.009387139237352293,0.0008305108392836491,0.010217650076635942,0.0,-0.009387139237352293,-0.0008305108392836491,-0.010217650076635887,0.010217650076635942,linear_progress_interpolation,1.1099999999999977,1.1149999999999975,recorded_knot,1.1099999999999977,1.1099999999999977
1.1149999999999975,7.221315182118943,0.11394189138281736,10,0.55,0.55,left,0.4360581086171827,0.10717154520316721,0.006770346179650152,1.1145300604055202,7.221315182118943,0.1033942572401572,10,0.55,0.55,left,0.4466057427598428,0.09755072436918896,0.0058435328709682405,0.0,0.00962082083397825,0.0009268133086819119,0.010547634142660134,0.0,-0.00962082083397825,-0.0009268133086819119,-0.010547634142660245,0.010547634142660134,recorded_knot,1.1149999999999975,1.1149999999999975,linear_progress_interpolation,1.1099999999999977,1.1149999999999975
1.1154715892404377,7.224007050913911,0.11434926347642536,10,0.55,0.55,left,0.43565073652357467,0.10754659304288042,0.006802670433544947,1.1149999999999975,7.224007050913911,0.1037731173647049,10,0.55,0.55,left,0.44622688263529514,0.09790164126944964,0.0058714760952552625,0.0,0.009644951773430777,0.0009311943382896842,0.010576146111720475,0.0,-0.009644951773430777,-0.0009311943382896842,-0.01057614611172042,0.010576146111720475,linear_progress_interpolation,1.1149999999999975,1.1199999999999974,recorded_knot,1.1149999999999975,1.1149999999999975
1.1199999999999974,7.249855578762173,0.11826103247717135,10,0.55,0.55,left,0.4317389675228287,0.11114797010382008,0.00711306237335127,1.119511074154977,7.249855578762173,0.10735015376397251,10,0.55,0.55,left,0.44264984623602754,0.10127018518001717,0.0060799685839553474,0.0,0.00987778492380291,0.0010330937893959224,0.010910878713198846,0.0,-0.00987778492380291,-0.0010330937893959224,-0.010910878713198846,0.010910878713198846,recorded_knot,1.1199999999999974,1.1199999999999974,linear_progress_interpolation,1.1149999999999975,1.1199999999999974
1.1204906530570178,7.252657131759655,0.1186784014440771,10,0.55,0.55,left,0.43132159855592295,0.11153817911052351,0.007140222333553589,1.1199999999999974,7.252657131759655,0.10773784536116131,10,0.55,0.55,left,0.4422621546388387,0.10163527963898208,0.0061025657221792234,0.0,0.009902899471541424,0.0010376566113743657,0.010940556082915776,0.0,-0.009902899471541424,-0.0010376566113743657,-0.010940556082915887,0.010940556082915776,linear_progress_interpolation,1.1199999999999974,1.1249999999999973,recorded_knot,1.1199999999999974,1.1199999999999974
1.1249999999999973,7.278404804711109,0.12251423095350748,10,0.55,0.55,left,0.42748576904649255,0.11512439500447294,0.007389835949034543,1.1244919492548755,7.278404804711109,0.11123440489098442,10,0.55,0.55,left,0.43876559510901564,0.10498954245738323,0.0062448624336011865,0.0,0.010134852547089707,0.0011449735154333562,0.01127982606252309,0.0,-0.010134852547089707,-0.0011449735154333562,-0.01127982606252298,0.01127982606252309,recorded_knot,1.1249999999999973,1.1249999999999973,linear_progress_interpolation,1.1199999999999974,1.1249999999999973
1.1255098593331112,7.281316931203619,0.12294078425441261,10,0.55,0.55,left,0.4270592157455874,0.11552987847407781,0.007410905780334806,1.1249999999999973,7.281316931203619,0.11162987455764639,10,0.55,0.55,left,0.43837012544235365,0.10536891800851454,0.006260956549131849,0.0,0.010160960465563265,0.0011499492312029569,0.011310909696766236,0.0,-0.010160960465563265,-0.0011499492312029569,-0.01131090969676618,0.011310909696766236,linear_progress_interpolation,1.1249999999999973,1.1299999999999972,recorded_knot,1.1249999999999973,1.1249999999999973
1.1299999999999972,7.306962941273251,0.1266972798181826,10,0.55,0.55,left,0.42330272018181747,0.1191008199051258,0.007596459913056797,1.129472706126391,7.306962941273251,0.11504271008209839,10,0.55,0.55,left,0.43495728991790167,0.1087088114503438,0.006333898631754584,0.0,0.010392008454781998,0.001262561281302213,0.011654569736084197,0.0,-0.010392008454781998,-0.001262561281302213,-0.011654569736084142,0.011654569736084197,recorded_knot,1.1299999999999972,1.1299999999999972,linear_progress_interpolation,1.1249999999999973,1.1299999999999972
1.1305291838765013,7.309986386947976,0.12713212795252082,10,0.55,0.55,left,0.4228678720474792,0.11952167189383672,0.007610456058684101,1.1299999999999972,7.309986386947976,0.11544505425871446,10,0.55,0.55,left,0.4345549457412856,0.10910255637804699,0.006342497880667472,0.0,0.010419115515789737,0.0012679581780166288,0.011687073693806393,0.0,-0.010419115515789737,-0.0012679581780166288,-0.011687073693806393,0.011687073693806393,linear_progress_interpolation,1.1299999999999972,1.1349999999999971,recorded_knot,1.1299999999999972,1.1299999999999972
1.1349999999999971,7.335530002827542,0.1308059474632652,10,0.55,0.55,left,0.4191940525367348,0.12307724480577867,0.007728702657486541,1.1344533690520142,7.335530002827542,0.11877097557294121,10,0.55,0.55,left,0.43122902442705885,0.11242801029130686,0.006342965281634347,0.0,0.010649234514471806,0.0013857373758521946,0.012034971890324042,0.0,-0.010649234514471806,-0.0013857373758521946,-0.012034971890323987,0.012034971890324042,recorded_knot,1.1349999999999971,1.1349999999999971,linear_progress_interpolation,1.1299999999999972,1.1349999999999971
1.1355485985323306,7.338665366369182,0.13124788456710193,10,0.55,0.55,left,0.41875211543289814,0.12351353697866516,0.007734347588436774,1.1349999999999971,7.338665366369182,0.11917921740057263,10,0.55,0.55,left,0.4308207825994274,0.11283619474757943,0.006343022652993205,0.0,0.010677342231085726,0.0013913249354435692,0.012068667166529268,0.0,-0.010677342231085726,-0.0013913249354435692,-0.012068667166529323,0.012068667166529268,linear_progress_interpolation,1.1349999999999971,1.139999999999997,recorded_knot,1.1349999999999971,1.1349999999999971
1.139999999999997,7.3641061232220215,0.13483382101550428,10,0.55,0.55,left,0.41516617898449576,0.12705366970643153,0.0077801513090727525,1.1394339722460667,7.3641061232220215,0.12241324458988201,10,0.55,0.55,left,0.42758675541011804,0.11614716452905298,0.00626608006082903,0.0,0.010906505177378553,0.001514071248243723,0.012420576425622276,0.0,-0.010906505177378553,-0.001514071248243723,-0.01242057642562222,0.012420576425622276,recorded_knot,1.139999999999997,1.139999999999997,linear_progress_interpolation,1.1349999999999971,1.139999999999997
1.1405680720488829,7.367353814831383,0.13528154994721325,10,0.55,0.55,left,0.4147184500527868,0.1275054488745425,0.007776101072670766,1.139999999999997,7.367353814831383,0.12282609091469548,10,0.55,0.55,left,0.42717390908530456,0.1165698331171119,0.006256257797583584,0.0,0.010935615757430586,0.001519843275087182,0.012455459032517768,0.0,-0.010935615757430586,-0.001519843275087182,-0.01245545903251788,0.012455459032517768,linear_progress_interpolation,1.139999999999997,1.144999999999997,recorded_knot,1.139999999999997,1.139999999999997
1.144999999999997,7.392691331874092,0.1387745969486553,10,0.55,0.55,left,0.41122540305134475,0.1310300946070844,0.007744502341570897,1.1444145463528177,7.392691331874092,0.1259634418005388,10,0.55,0.55,left,0.42403655819946123,0.11986629704650613,0.006097144754032682,0.0,0.011163797560578267,0.0016473575875382146,0.012811155148116482,0.0,-0.011163797560578267,-0.0016473575875382146,-0.012811155148116482,0.012811155148116482,recorded_knot,1.144999999999997,1.144999999999997,linear_progress_interpolation,1.139999999999997,1.144999999999997
1.145587577152923,7.396051573352503,0.139226983747369,10,0.55,0.55,left,0.4107730162526311,0.13149738589147433,0.007729597855894665,1.144999999999997,7.396051573352503,0.12637951479463572,10,0.55,0.55,left,0.4236204852053643,0.12030347148664434,0.006076043307991372,0.0,0.011193914404829988,0.0016535545479032937,0.012847468952733254,0.0,-0.011193914404829988,-0.0016535545479032937,-0.012847468952733254,0.012847468952733254,linear_progress_interpolation,1.144999999999997,1.1499999999999968,recorded_knot,1.144999999999997,1.144999999999997
1.1499999999999968,7.421285376602328,0.14262419181854522,10,0.55,0.55,left,0.4073758081814548,0.1350065195077373,0.007617672310807927,1.1493951121880197,7.421285376602328,0.1294173923802681,10,0.55,0.55,left,0.420582607619732,0.12358542338736475,0.005831968992903336,0.0,0.011421096120372537,0.0017857033179045911,0.013206799438277184,0.0,-0.011421096120372537,-0.0017857033179045911,-0.013206799438277184,0.013206799438277184,recorded_knot,1.1499999999999968,1.1499999999999968,linear_progress_interpolation,1.144999999999997,1.1499999999999968
1.150607089654245,7.424758239041935,0.14308003516243625,10,0.55,0.55,left,0.40691996483756376,0.13548932879135359,0.007590706371082667,1.1499999999999968,7.424758239041935,0.12983548753852928,10,0.55,0.55,left,0.4201645124614708,0.1240371098561768,0.0057983776823524735,0.0,0.011452218935176783,0.0017923286887301937,0.013244547623907033,0.0,-0.011452218935176783,-0.0017923286887301937,-0.013244547623907033,0.013244547623907033,linear_progress_interpolation,1.1499999999999968,1.1549999999999967,recorded_knot,1.1499999999999968,1.1499999999999968
1.1549999999999967,7.449887926615364,0.14637852481286556,10,0.55,0.55,left,0.4036214751871345,0.13898294440839012,0.007395580404475438,1.1543756937381948,7.449887926615364,0.13277116686142468,10,0.55,0.55,left,0.4172288331385754,0.12730456146302865,0.005466605398396024,0.0,0.01167838294536147,0.0019289750060794142,0.013607357951440913,0.0,-0.01167838294536147,-0.0019289750060794142,-0.013607357951440857,0.013607357951440913,recorded_knot,1.1549999999999967,1.1549999999999967,linear_progress_interpolation,1.1499999999999968,1.1549999999999967
1.1556265821437761,7.453473328667675,0.14683631161085403,10,0.55,0.55,left,0.403163688389146,0.13948125577615592,0.007355055834698115,1.1549999999999967,7.453473328667675,0.13319001769824784,10,0.55,0.55,left,0.4168099823017522,0.12777074822570925,0.005419269472538596,0.0,0.01171050755044667,0.0019357863621595195,0.013646293912606189,0.0,-0.01171050755044667,-0.0019357863621595195,-0.013646293912606078,0.013646293912606189,linear_progress_interpolation,1.1549999999999967,1.1599999999999966,recorded_knot,1.1549999999999967,1.1549999999999967
1.1599999999999966,7.478498716819856,0.1500315717639579,11,0.55,0.55,left,0.3999684282360422,0.14979149087141427,0.00024008089254362597,1.1593563230411799,7.478498716819856,0.13601921623269433,10,0.55,0.55,left,0.41398078376730574,0.13102373519703728,0.004995481035657057,0.0,0.018767755674376996,-0.004755400143113431,0.014012355531263565,0.0,-0.018767755674376996,0.004755400143113431,-0.014012355531263565,0.014012355531263565,recorded_knot,1.1599999999999966,1.1599999999999966,linear_progress_interpolation,1.1549999999999967,1.1599999999999966
1.160646025239509,7.482196391576003,0.1504897148636702,11,0.55,0.55,left,0.39951028513632986,0.15010951330811134,0.0003802015555588456,1.1599999999999966,7.482196391576003,0.1364372499485885,11,0.55,0.55,left,0.4135627500514115,0.1363141783859468,0.00012307156264168562,0.0,0.013795334922164532,0.00025712999291716,0.014052464915081664,0.0,-0.013795334922164532,-0.00025712999291716,-0.014052464915081608,0.014052464915081664,linear_progress_interpolation,1.1599999999999966,1.1649999999999965,recorded_knot,1.1599999999999966,1.1599999999999966
1.1649999999999965,7.507117372330421,0.15357743244935554,11,0.55,0.55,left,0.39642256755064453,0.15225286867251753,0.0013245637768380114,1.16433702864709,7.507117372330421,0.13915587776188798,11,0.55,0.55,left,0.41084412223811206,0.13816790373702434,0.0009879740248636415,0.0,0.014084964935493188,0.0003365897519743699,0.01442155468746753,0.0,-0.014084964935493188,-0.0003365897519743699,-0.01442155468746753,0.01442155468746753,recorded_knot,1.1649999999999965,1.1649999999999965,linear_progress_interpolation,1.1599999999999966,1.1649999999999965
1.1656653933190246,7.510926869032175,0.15403453141604057,11,0.55,0.55,left,0.3959654685839595,0.15258042554140927,0.0014541058746312951,1.1649999999999965,7.510926869032175,0.13957145545484154,11,0.55,0.55,left,0.41042854454515854,0.13845126981641256,0.0011201856384289721,0.0,0.014129155724996706,0.00033392023620232303,0.014463075961199057,0.0,-0.014129155724996706,-0.00033392023620232303,-0.014463075961199001,0.014463075961199057,linear_progress_interpolation,1.1649999999999965,1.1699999999999964,recorded_knot,1.1649999999999965,1.1649999999999965
1.1699999999999964,7.535743273679404,0.15701223524653954,11,0.55,0.55,left,0.39298776475346053,0.15471424647362142,0.002297988772918119,1.169317830653174,7.535743273679404,0.1421771892051789,11,0.55,0.55,left,0.40782281079482113,0.14029678959383468,0.00188039961134423,0.0,0.014417456879786739,0.00041758916157388914,0.0148350460413606,0.0,-0.014417456879786739,-0.00041758916157388914,-0.014835046041360656,0.0148350460413606,recorded_knot,1.1699999999999964,1.1699999999999964,linear_progress_interpolation,1.1649999999999965,1.1699999999999964
1.1706846633359342,7.539663990332852,0.15746683808258416,11,0.55,0.55,left,0.3925331619174159,0.15505128950088287,0.002415548581701288,1.1699999999999964,7.539663990332852,0.14258886623312184,11,0.55,0.55,left,0.4074111337668782,0.14058836124687887,0.0020005049862429625,0.0,0.014462928254003998,0.00041504359545832537,0.014877971849462324,0.0,-0.014462928254003998,-0.00041504359545832537,-0.014877971849462268,0.014877971849462324,linear_progress_interpolation,1.1699999999999964,1.1749999999999963,recorded_knot,1.1699999999999964,1.1699999999999964
1.1749999999999963,7.564375715696161,0.1603321357887662,11,0.55,0.55,left,0.38966786421123384,0.15717562427472534,0.003156511514040866,1.1742987516849839,7.564375715696161,0.14507946132868463,11,0.55,0.55,left,0.4049205386713154,0.1424257263244168,0.0026537350042678265,0.0,0.014749897950308538,0.0005027765097730397,0.01525267446008155,0.0,-0.014749897950308538,-0.0005027765097730397,-0.015252674460081495,0.01525267446008155,recorded_knot,1.1749999999999963,1.1749999999999963,linear_progress_interpolation,1.1699999999999964,1.1749999999999963
1.1757036432206591,7.568406898942355,0.1607829532866927,11,0.55,0.55,left,0.38921704671330737,0.15752201063537272,0.003260942651319987,1.1749999999999963,7.568406898942355,0.14548574802355022,11,0.55,0.55,left,0.40451425197644986,0.14272545267734518,0.002760295346205033,0.0,0.014796557958027534,0.000500647305114954,0.015297205263142488,0.0,-0.014796557958027534,-0.000500647305114954,-0.015297205263142488,0.015297205263142488,linear_progress_interpolation,1.1749999999999963,1.1799999999999962,recorded_knot,1.1749999999999963,1.1749999999999963
1.1799999999999962,7.5930207955307685,0.16353558808311072,11,0.55,0.55,left,0.3864644119168893,0.15963700207582926,0.0038985860072814627,1.179280124592662,7.5930207955307685,0.14786093315670318,11,0.55,0.55,left,0.40213906684329687,0.1445548561950081,0.003306076961695076,0.0,0.015082145880821157,0.0005925090455863868,0.015674654926407572,0.0,-0.015082145880821157,-0.0005925090455863868,-0.015674654926407627,0.015674654926407572,recorded_knot,1.1799999999999962,1.1799999999999962,linear_progress_interpolation,1.1749999999999963,1.1799999999999962
1.1807221346309276,7.597160613998442,0.16398119905861963,11,0.55,0.55,left,0.3860188009413804,0.15999249130582582,0.0039887077527938075,1.1799999999999962,7.597160613998442,0.14826041623907701,11,0.55,0.55,left,0.401739583760923,0.14486254410781155,0.003397872131265467,0.0,0.015129947198014276,0.0005908356215283406,0.01572078281954259,0.0,-0.015129947198014276,-0.0005908356215283406,-0.01572078281954259,0.01572078281954259,linear_progress_interpolation,1.1799999999999962,1.184999999999996,recorded_knot,1.1799999999999962,1.1799999999999962
1.184999999999996,7.621684553577758,0.16662096133916282,11,0.55,0.55,left,0.3833790386608372,0.16209837987693315,0.004522581462229669,1.1842621448748794,7.621684553577758,0.15051994968472093,11,0.55,0.55,left,0.3994800503152791,0.14668426276531532,0.003835686919405612,0.0,0.015414117111617831,0.0006868945428240569,0.016101011654441888,0.0,-0.015414117111617831,-0.0006868945428240569,-0.016101011654441888,0.016101011654441888,recorded_knot,1.184999999999996,1.184999999999996,linear_progress_interpolation,1.1799999999999962,1.184999999999996
1.1857401179580673,7.625930095444081,0.16705962039864114,11,0.55,0.55,left,0.3829403796013589,0.16246272185937216,0.004596898539268979,1.184999999999996,7.625930095444081,0.1509111161941153,11,0.55,0.55,left,0.39908888380588475,0.14699963553827786,0.003911480655837435,0.0,0.015463086321094305,0.0006854178834315439,0.01614850420452585,0.0,-0.015463086321094305,-0.0006854178834315439,-0.01614850420452596,0.01614850420452585,linear_progress_interpolation,1.184999999999996,1.189999999999996,recorded_knot,1.184999999999996,1.184999999999996
1.189999999999996,7.650366075354279,0.16958440152254542,11,0.55,0.55,left,0.38041559847745465,0.16455975767803704,0.005024643844508375,1.189244689200393,7.650366075354279,0.15305299774112147,11,0.55,0.55,left,0.3969470022588786,0.1488138933213101,0.004239104419811374,0.0,0.015745864356726952,0.0007855394246970016,0.016531403781423926,0.0,-0.015745864356726952,-0.0007855394246970016,-0.016531403781423926,0.016531403781423926,recorded_knot,1.189999999999996,1.189999999999996,linear_progress_interpolation,1.184999999999996,1.189999999999996
1.1907575712490408,7.654714275812236,0.17001436440827045,11,0.55,0.55,left,0.3799856355917296,0.16493269148906775,0.0050816729192026955,1.189999999999996,7.654714275812236,0.15343412959496194,11,0.55,0.55,left,0.3965658704050381,0.14913672696874417,0.004297402626217778,0.0,0.015795964520323585,0.0007842702929849177,0.016580234813308503,0.0,-0.015795964520323585,-0.0007842702929849177,-0.016580234813308503,0.016580234813308503,linear_progress_interpolation,1.189999999999996,1.1949999999999958,recorded_knot,1.189999999999996,1.189999999999996
1.1949999999999958,7.6790643691678255,0.17242217345665134,11,0.55,0.55,left,0.3775778265433487,0.16702113547914094,0.005401037977510403,1.1942277789590188,7.6790643691678255,0.15545646774349978,11,0.55,0.55,left,0.3945435322565003,0.1509437570053909,0.004512710738108883,0.0,0.016077378473750042,0.0008883272394015207,0.01696570571315159,0.0,-0.016077378473750042,-0.0008883272394015207,-0.01696570571315159,0.01696570571315159,recorded_knot,1.1949999999999958,1.1949999999999958,linear_progress_interpolation,1.189999999999996,1.1949999999999958
1.1957744721772305,7.683512012864716,0.17284197328024914,11,0.55,0.55,left,0.3771580267197509,0.16740238920406458,0.005439584076184556,1.1949999999999958,7.683512012864716,0.1558258560406194,11,0.55,0.55,left,0.39417414395938066,0.1512738183992105,0.004552037641408907,0.0,0.01612857080485408,0.000887546434775649,0.017016117239629758,0.0,-0.01612857080485408,-0.000887546434775649,-0.017016117239629702,0.017016117239629758,linear_progress_interpolation,1.1949999999999958,1.1999999999999957,recorded_knot,1.1949999999999958,1.1949999999999958
1.1999999999999957,7.707778400656802,0.17513240525023732,11,0.55,0.55,left,0.3748675947497627,0.16948251328024483,0.005649891969992493,1.1992114271206082,7.707778400656802,0.157728266061854,11,0.55,0.55,left,0.39227173393814607,0.15307385936110937,0.004654406700744629,0.0,0.016408653919135457,0.0009954852692478644,0.01740413918838335,0.0,-0.016408653919135457,-0.0009954852692478644,-0.01740413918838335,0.01740413918838335,recorded_knot,1.1999999999999957,1.1999999999999957,linear_progress_interpolation,1.1949999999999958,1.1999999999999957
1.2007908095937077,7.712322184686658,0.17554059732157892,11,0.55,0.55,left,0.37445940267842115,0.16987180951601738,0.005668787805561543,1.1999999999999957,7.712322184686658,0.15808448472722714,11,0.55,0.55,left,0.3919155152727729,0.1534109098296768,0.0046735748975503255,0.0,0.01646089968634057,0.000995212908011217,0.017456112594351758,0.0,-0.01646089968634057,-0.000995212908011217,-0.017456112594351758,0.017456112594351758,linear_progress_interpolation,1.1999999999999957,1.2049999999999956,recorded_knot,1.1999999999999957,1.1999999999999957
1.2049999999999956,7.736507086208837,0.1777132545127358,11,0.55,0.55,left,0.37228674548726426,0.17194389108134878,0.005769363431387037,1.2041956448275206,7.736507086208837,0.15986658603396012,11,0.55,0.55,left,0.39013341396603995,0.1552042051509136,0.0046623808830465185,0.0,0.016739685930435177,0.0011069825483405182,0.017846668478775696,0.0,-0.016739685930435177,-0.0011069825483405182,-0.017846668478775696,0.017846668478775696,recorded_knot,1.2049999999999956,1.2049999999999956,linear_progress_interpolation,1.1999999999999957,1.2049999999999956
1.2058065734304593,7.74114362038531,0.1781081500927864,11,0.55,0.55,left,0.37189184990721363,0.17234094746868944,0.005767202624096968,1.2049999999999956,7.74114362038531,0.16020823611705134,11,0.55,0.55,left,0.38979176388294867,0.15554800126014315,0.004660234856908196,0.0,0.016792946208546294,0.0011069677671887712,0.017899913975735038,0.0,-0.016792946208546294,-0.0011069677671887712,-0.017899913975734982,0.017899913975735038,linear_progress_interpolation,1.2049999999999956,1.2099999999999955,recorded_knot,1.2049999999999956,1.2049999999999956
1.2099999999999955,7.7652492564896525,0.18016123733200376,11,0.55,0.55,left,0.3698387626679963,0.17440526888245267,0.005755968449551091,1.2091804506770574,7.7652492564896525,0.1618683132556798,11,0.55,0.55,left,0.38813168674432025,0.15733480232363034,0.004533510932049456,0.0,0.017070466558822328,0.001222457517501635,0.018292924076323935,0.0,-0.017070466558822328,-0.001222457517501635,-0.01829292407632399,0.018292924076323935,recorded_knot,1.2099999999999955,1.2099999999999955,linear_progress_interpolation,1.2049999999999956,1.2099999999999955
1.2108217427882986,7.769975004805906,0.18054117568349692,11,0.55,0.55,left,0.3694588243165031,0.17480979277392195,0.005731382909574978,1.2099999999999955,7.769975004805906,0.16219376024694637,11,0.55,0.55,left,0.38780623975305367,0.15768509269060946,0.004508667556336915,0.0,0.01712470008331249,0.001222715353238063,0.01834741543655055,0.0,-0.01712470008331249,-0.001222715353238063,-0.018347415436550607,0.01834741543655055,linear_progress_interpolation,1.2099999999999955,1.2149999999999954,recorded_knot,1.2099999999999955,1.2099999999999955
1.2149999999999954,7.794003681739994,0.1824730212435957,11,0.55,0.55,left,0.36752697875640433,0.17686664668355656,0.005606374560039151,1.2141658650609686,7.794003681739994,0.1637302104366422,11,0.55,0.55,left,0.38626978956335783,0.15946565959506642,0.004264550841575787,0.0,0.01740098708849014,0.0013418237184633641,0.018742810806953503,0.0,-0.01740098708849014,-0.0013418237184633641,-0.01874281080695339,0.018742810806953503,recorded_knot,1.2149999999999954,1.2149999999999954,linear_progress_interpolation,1.2099999999999955,1.2149999999999954
1.2158362959359166,7.7988149655132215,0.18283665445483294,11,0.55,0.55,left,0.3671633455451671,0.17727833473392252,0.005558319720910421,1.2149999999999954,7.7988149655132215,0.16403785525147463,11,0.55,0.55,left,0.3859621447485254,0.1598221841210758,0.004215671130398835,0.0,0.01745615061284672,0.001342648590511586,0.018798799203358307,0.0,-0.01745615061284672,-0.001342648590511586,-0.018798799203358363,0.018798799203358307,linear_progress_interpolation,1.2149999999999954,1.2199999999999953,recorded_knot,1.2149999999999954,1.2149999999999954
1.2199999999999953,7.822769119706207,0.18464709142388824,11,0.55,0.55,left,0.3653529085761118,0.17932802448466045,0.00531906693922779,1.219151898626625,7.822769119706207,0.16545050037277576,11,0.55,0.55,left,0.3845494996272243,0.1615967815161028,0.0038537188566729608,0.0,0.01773124296855766,0.0014653480825548293,0.019196591051112488,0.0,-0.01773124296855766,-0.0014653480825548293,-0.019196591051112488,0.019196591051112488,recorded_knot,1.2199999999999953,1.2199999999999953,linear_progress_interpolation,1.2149999999999954,1.2199999999999953
1.2208502250944655,7.827662194633108,0.18499311473191435,11,0.55,0.55,left,0.36500688526808567,0.17974656951935455,0.0052465452125597944,1.2199999999999953,7.827662194633108,0.16573905902393749,11,0.55,0.55,left,0.38426094097606256,0.1619592755515421,0.0037797834723953816,0.0,0.01778729396781245,0.0014667617401644129,0.01925405570797689,0.0,-0.01778729396781245,-0.0014667617401644129,-0.01925405570797689,0.01925405570797689,linear_progress_interpolation,1.2199999999999953,1.2249999999999952,recorded_knot,1.2199999999999953,1.2199999999999953
1.2249999999999952,7.851544293238044,0.18668198377343523,11,0.55,0.55,left,0.3633180162265648,0.18178940228576437,0.004892581487670855,1.2241385592422995,7.851544293238044,0.16702772461262483,11,0.55,0.55,left,0.3829722753873752,0.16372817144978324,0.003299553162841584,0.0,0.01806123083598113,0.001593028324829271,0.019654259160810428,0.0,-0.01806123083598113,-0.001593028324829271,-0.019654259160810428,0.019654259160810428,recorded_knot,1.2249999999999952,1.2249999999999952,linear_progress_interpolation,1.2199999999999953,1.2249999999999952
1.225863523893981,7.856515350051077,0.18700886112065018,11,0.55,0.55,left,0.36299113887934986,0.18221449399444029,0.0047943671262098975,1.2249999999999952,7.856515350051077,0.16729596024636603,11,0.55,0.55,left,0.382704039753634,0.1640963669820084,0.0031995932643576197,0.0,0.018118127012431873,0.0015947738618522778,0.019712900874284123,0.0,-0.018118127012431873,-0.0015947738618522778,-0.019712900874284123,0.019712900874284123,linear_progress_interpolation,1.2249999999999952,1.229999999999995,recorded_knot,1.2249999999999952,1.2249999999999952
1.229999999999995,7.880327844264566,0.18857467805492253,11,0.55,0.55,left,0.3614253219450775,0.1842507800868683,0.004323897968054241,1.2291258637557292,7.880327844264566,0.16845920883076423,11,0.55,0.55,left,0.3815407911692358,0.1658598365971386,0.0025993722336256353,0.0,0.018390943489729694,0.0017245257344286058,0.0201154692241583,0.0,-0.018390943489729694,-0.0017245257344286058,-0.0201154692241583,0.0201154692241583,recorded_knot,1.229999999999995,1.229999999999995,linear_progress_interpolation,1.2249999999999952,1.229999999999995
1.230876172231678,7.885372936756885,0.18888092408053406,11,0.55,0.55,left,0.361119075919466,0.1846820982630698,0.004198825817464252,1.229999999999995,7.885372936756885,0.1687056633452402,11,0.55,0.55,left,0.38129433665475987,0.16623345841247475,0.002472204932765454,0.0,0.018448639850595056,0.0017266208846987985,0.020175260735293854,0.0,-0.018448639850595056,-0.0017266208846987985,-0.020175260735293854,0.020175260735293854,linear_progress_interpolation,1.229999999999995,1.234999999999995,recorded_knot,1.229999999999995,1.229999999999995
1.234999999999995,7.909118373739738,0.19032231404781014,11,0.55,0.55,left,0.3596776859521899,0.18671215788797219,0.0036101561598379517,1.2341138319202778,7.909118373739738,0.16974215557652392,11,0.55,0.55,left,0.3802578444234761,0.16799178540111775,0.001750370175406163,0.0,0.01872037248685443,0.0018597859844317888,0.020580158471286192,0.0,-0.01872037248685443,-0.0018597859844317888,-0.020580158471286136,0.020580158471286192,recorded_knot,1.234999999999995,1.234999999999995,linear_progress_interpolation,1.229999999999995,1.234999999999995
1.2358881456685755,7.914233421875125,0.19060678159983815,11,0.55,0.55,left,0.3593932184001619,0.18714937029453033,0.003457411305307828,1.234999999999995,7.914233421875125,0.16996542826924377,11,0.55,0.55,left,0.3800345717307563,0.16837054984294106,0.0015948784263027094,0.0,0.018778820451589268,0.0018625328790051188,0.02064135333059436,0.0,-0.018778820451589268,-0.0018625328790051188,-0.02064135333059436,0.02064135333059436,linear_progress_interpolation,1.234999999999995,1.2399999999999949,recorded_knot,1.234999999999995,1.234999999999995
1.2399999999999949,7.937914596681196,0.19192378305279134,11,0.55,0.55,left,0.3580762169472087,0.18917353568907608,0.0027502473637152636,1.2391024776745763,7.937914596681196,0.1708751566415948,11,0.55,0.55,left,0.37912484335840524,0.1701240238193465,0.0007511328222483127,0.0,0.019049511869729585,0.001999114541466951,0.021048626411196536,0.0,-0.019049511869729585,-0.001999114541466951,-0.021048626411196536,0.021048626411196536,recorded_knot,1.2399999999999949,1.2399999999999949,linear_progress_interpolation,1.234999999999995,1.2399999999999949
1.2408994366353978,7.943095461701445,0.19218538413031228,11,0.55,0.55,left,0.35781461586968777,0.18961630636265217,0.002569077767660105,1.2399999999999949,7.943095461701445,0.17107418308098551,11,0.55,0.55,left,0.3789258169190145,0.1705076412734074,0.0005665418075781192,0.0,0.019108665089244775,0.002002535960081986,0.021111201049326733,0.0,-0.019108665089244775,-0.002002535960081986,-0.021111201049326733,0.021111201049326733,linear_progress_interpolation,1.2399999999999949,1.2449999999999948,recorded_knot,1.2399999999999949,1.2399999999999949
1.2449999999999948,7.966715208176899,0.1933780326754105,11,0.55,0.55,left,0.3566219673245895,0.19163491349018,0.0017431191852305128,1.244091808784865,7.966715208176899,0.1718571329787401,11,0.55,0.55,left,0.37814286702125993,0.17225655517125793,-0.00039942219251781763,0.0,0.019378358318922068,0.0021425413777483304,0.021520899696670426,0.0,-0.019378358318922068,-0.0021425413777483304,-0.02152089969667037,0.021520899696670426,recorded_knot,1.2449999999999948,1.2449999999999948,linear_progress_interpolation,1.2399999999999949,1.2449999999999948
1.2459100422926406,7.971957693195241,0.19361546135672766,11,0.55,0.55,left,0.35638453864327235,0.1920829050696168,0.0015325562871108533,1.2449999999999948,7.971957693195241,0.17203091143624205,11,0.55,0.55,left,0.377969088563758,0.1726447327038737,-0.0006138212676316535,0.0,0.019438172365743106,0.002146377554742507,0.02158454992048564,0.0,-0.019438172365743106,-0.002146377554742507,-0.02158454992048564,0.02158454992048564,linear_progress_interpolation,1.2449999999999948,1.2499999999999947,recorded_knot,1.2449999999999948,1.2449999999999948
1.2499999999999947,7.995518732258735,0.19468252524260135,11,0.55,0.55,left,0.3553174747573987,0.19409629129128392,0.0005862339513174331,1.2490818383125821,7.995518732258735,0.17268586370770622,11,0.55,0.55,left,0.3773141362922938,0.17438938503954965,-0.0017035213318434272,0.0,0.01970690625173427,0.0022897552831608603,0.0219966615348951,0.0,-0.01970690625173427,-0.0022897552831608603,-0.0219966615348951,0.0219966615348951,recorded_knot,1.2499999999999947,1.2499999999999947,linear_progress_interpolation,1.2449999999999948,1.2499999999999947
1.2509199428766418,8.00081851184996,0.19489454511387433,11,0.55,0.55,left,0.3551054548861257,0.19454915668625647,0.0003453884276178598,1.2499999999999947,8.00081851184996,0.1728331875448332,11,0.55,0.55,left,0.3771668124551668,0.17478182413434004,-0.0019486365895068358,0.0,0.019767332551916428,0.0022940250171246956,0.022061357569041096,0.0,-0.019767332551916428,-0.0022940250171246956,-0.02206135756904115,0.022061357569041096,linear_progress_interpolation,1.2499999999999947,1.2549999999999946,recorded_knot,1.2499999999999947,1.2499999999999947
1.2549999999999946,8.024323670726986,0.19583487870201247,11,0.55,0.55,left,0.3541651212979876,0.1965576690923878,-0.0007227903903753441,1.254072585868619,8.024323670726986,0.1733589980314345,11,0.55,0.55,left,0.37664100196856554,0.17652252180627512,-0.0031635237748406098,0.0,0.020035147286112692,0.0024407333844652657,0.02247588067057793,0.0,-0.020035147286112692,-0.0024407333844652657,-0.02247588067057793,0.02247588067057793,recorded_knot,1.2549999999999946,1.2549999999999946,linear_progress_interpolation,1.2499999999999947,1.2549999999999946
1.2559291108828519,8.029676293656491,0.19602061012522412,11,0.55,0.55,left,0.35397938987477595,0.19701504767275363,-0.0009944375475295086,1.2549999999999946,8.029676293656491,0.1734787362251596,11,0.55,0.55,left,0.3765212637748404,0.17691891556480632,-0.003440179339646715,0.0,0.020096132107947307,0.0024457417921172064,0.022541873900064457,0.0,-0.020096132107947307,-0.0024457417921172064,-0.022541873900064457,0.022541873900064457,linear_progress_interpolation,1.2549999999999946,1.2599999999999945,recorded_knot,1.2549999999999946,1.2549999999999946
1.2599999999999945,8.053128752167023,0.19683439031380456,12,0.55,0.55,left,0.3531656096861955,0.19702470984277454,-0.00019031952896997328,1.2590640690567503,8.053128752167023,0.17387550054106515,11,0.55,0.55,left,0.3761244994589349,0.1786559729956096,-0.004780472454544438,0.0,0.018368736847164946,0.004590152925574464,0.02295888977273941,0.0,-0.018368736847164946,-0.004590152925574464,-0.02295888977273941,0.02295888977273941,recorded_knot,1.2599999999999945,1.2599999999999945,linear_progress_interpolation,1.2549999999999946,1.2599999999999945
1.260937538492203,8.058529713939233,0.19699302585806655,12,0.55,0.55,left,0.3530069741419335,0.19699150122998665,1.5246280798963951e-06,1.2599999999999945,8.058529713939233,0.17396687300428987,12,0.55,0.55,left,0.3760331269957102,0.17406534794798081,-9.8474943690946e-05,0.0,0.02292615328200584,9.99995717708424e-05,0.023026152853776682,0.0,-0.02292615328200584,-9.99995717708424e-05,-0.023026152853776738,0.023026152853776682,linear_progress_interpolation,1.2599999999999945,1.2649999999999944,recorded_knot,1.2599999999999945,1.2599999999999945
1.2649999999999944,8.081932698976114,0.19768041181361676,12,0.55,0.55,left,0.3523195881863833,0.1968476045128925,0.0008328073007242698,1.2640562960166448,8.081932698976114,0.1742346646095808,12,0.55,0.55,left,0.37576533539041923,0.17340560408826203,0.0008290605213187863,0.0,0.02344200042463046,3.7467794054835135e-06,0.023445747204035916,0.0,-0.02344200042463046,-3.7467794054835135e-06,-0.023445747204035916,0.023445747204035916,recorded_knot,1.2649999999999944,1.2649999999999944,linear_progress_interpolation,1.2599999999999945,1.2649999999999944
1.2659452257679396,8.087377442187881,0.19781093943471972,12,0.55,0.55,left,0.3521890605652803,0.1968141236086035,0.0009968158261162152,1.2649999999999944,8.087377442187881,0.1742969667698727,12,0.55,0.55,left,0.3757030332301273,0.17325211358711232,0.0010448531827603746,0.0,0.023562010021491192,-4.8037356644159424e-05,0.023513972664847005,0.0,-0.023562010021491192,4.8037356644159424e-05,-0.023513972664847005,0.023513972664847005,linear_progress_interpolation,1.2649999999999944,1.2699999999999942,recorded_knot,1.2649999999999944,1.2649999999999944
1.2699999999999942,8.110733983264007,0.19837086919178742,12,0.55,0.55,left,0.3516291308082126,0.19667049918301047,0.001700370008776958,1.2690492766743797,8.110733983264007,0.1744347022489404,12,0.55,0.55,left,0.3755652977510596,0.17259351140145743,0.0018411908474829652,0.0,0.02407698778155304,-0.00014082083870600726,0.023936166942847004,0.0,-0.02407698778155304,0.00014082083870600726,-0.023936166942846948,0.023936166942847004,recorded_knot,1.2699999999999942,1.2699999999999942,linear_progress_interpolation,1.2649999999999944,1.2699999999999942
1.2709521528062369,8.116217828946178,0.19847236192983403,12,0.55,0.55,left,0.351527638070166,0.19663677291564088,0.0018355890141931452,1.2699999999999942,8.116217828946178,0.17446704094625456,12,0.55,0.55,left,0.3755329590537455,0.17243887922624362,0.0020281617200109403,0.0,0.02419789368939726,-0.00019257270581779506,0.024005320983579492,0.0,-0.02419789368939726,0.00019257270581779506,-0.024005320983579548,0.024005320983579492,linear_progress_interpolation,1.2699999999999942,1.2749999999999941,recorded_knot,1.2699999999999942,1.2699999999999942
1.2749999999999941,8.139531071537114,0.19890383374002582,12,0.55,0.55,left,0.3510961662599742,0.1964933938531284,0.002410439886897431,1.2740430309857187,8.139531071537114,0.1744736861062789,12,0.55,0.55,left,0.37552631389372115,0.171781292882314,0.0026923932239648896,0.0,0.024712100970814388,-0.00028195333706745873,0.024430147633746957,0.0,-0.024712100970814388,0.00028195333706745873,-0.024430147633746957,0.024430147633746957,recorded_knot,1.2749999999999941,1.2749999999999941,linear_progress_interpolation,1.2699999999999942,1.2749999999999941
1.2759581777031084,8.145049221375833,0.19897564989145788,12,0.55,0.55,left,0.35102435010854216,0.19645945417748925,0.002516195713968633,1.2749999999999941,8.145049221375833,0.17447525898866853,12,0.55,0.55,left,0.3755247410113315,0.1716256448653749,0.0028496141232936256,0.0,0.024833809312114347,-0.00033341840932499256,0.024500390902789326,0.0,-0.024833809312114347,0.00033341840932499256,-0.024500390902789326,0.024500390902789326,linear_progress_interpolation,1.2749999999999941,1.279999999999994,recorded_knot,1.2749999999999941,1.2749999999999941
1.279999999999994,8.16832609473993,0.19927858756282213,12,0.55,0.55,left,0.3507214124371779,0.1963162885232463,0.0029622990395758164,1.2790373985754935,8.16832609473993,0.17435032298904496,12,0.55,0.55,left,0.3756496770109551,0.1709689746153512,0.003381348373693749,0.0,0.025347313907895103,-0.00041904933411793244,0.02492826457377717,0.0,-0.025347313907895103,0.00041904933411793244,-0.02492826457377717,0.02492826457377717,recorded_knot,1.279999999999994,1.279999999999994,linear_progress_interpolation,1.2749999999999941,1.279999999999994
1.280963653739574,8.173875794884516,0.19932019044173993,12,0.55,0.55,left,0.3506798095582601,0.19628215488055822,0.0030380355611817067,1.279999999999994,8.173875794884516,0.17432053559774333,12,0.55,0.55,left,0.37567946440225675,0.1708124105045062,0.0035081250932371133,0.0,0.02546974437605201,-0.0004700895320554066,0.024999654843996633,0.0,-0.02546974437605201,0.0004700895320554066,-0.024999654843996577,0.024999654843996633,linear_progress_interpolation,1.279999999999994,1.284999999999994,recorded_knot,1.279999999999994,1.279999999999994
1.284999999999994,8.197121189474917,0.19949444766489538,12,0.55,0.55,left,0.35050555233510466,0.19613918319336424,0.003355264471531144,1.284032027826561,8.197121189474917,0.17406351162305247,12,0.55,0.55,left,0.3759364883769476,0.1701566137899976,0.003906897833054868,0.0,0.02598256940336663,-0.0005516333615237234,0.025430936041842933,0.0,-0.02598256940336663,0.0005516333615237234,-0.02543093604184299,0.025430936041842933,recorded_knot,1.284999999999994,1.284999999999994,linear_progress_interpolation,1.279999999999994,1.284999999999994
1.2859690576361247,8.202701730109016,0.1995051662494981,12,0.55,0.55,left,0.35049483375050194,0.19610485813889988,0.003400308110598216,1.284999999999994,8.202701730109016,0.1740018076700771,12,0.55,0.55,left,0.37599819232992293,0.1699991761436375,0.004002631526439621,0.0,0.026105681995262392,-0.0006023234158414048,0.025503358579420987,0.0,-0.026105681995262392,0.0006023234158414048,-0.025503358579420987,0.025503358579420987,linear_progress_interpolation,1.284999999999994,1.2899999999999938,recorded_knot,1.284999999999994,1.284999999999994
1.2899999999999938,8.22591483613757,0.19954975182949344,12,0.55,0.55,left,0.35045024817050663,0.19596207786348216,0.0035876739660112844,1.2890267447315096,8.22591483613757,0.17361175552855818,12,0.55,0.55,left,0.37638824447144187,0.16934423870801435,0.004267516820543826,0.0,0.02661783915546781,-0.0006798428545325419,0.02593799630093524,0.0,-0.02661783915546781,0.0006798428545325419,-0.025937996300935295,0.02593799630093524,recorded_knot,1.2899999999999938,1.2899999999999938,linear_progress_interpolation,1.284999999999994,1.2899999999999938
1.2909743698390677,8.231525392367606,0.1995289442205784,12,0.55,0.55,left,0.3504710557794216,0.1959275646451269,0.0036013795754515077,1.2899999999999938,8.231525392367606,0.17351748079126336,12,0.55,0.55,left,0.37648251920873665,0.16918594178276877,0.004331539008494589,0.0,0.026741622862358122,-0.0007301594330430816,0.02601146342931504,0.0,-0.026741622862358122,0.0007301594330430816,-0.02601146342931504,0.02601146342931504,linear_progress_interpolation,1.2899999999999938,1.2949999999999937,recorded_knot,1.2899999999999938,1.2899999999999938
1.2949999999999937,8.254705527336355,0.1994429771322449,12,0.55,0.55,left,0.35055702286775514,0.1957849725336001,0.003658004598644793,1.2940215681879295,8.254705527336355,0.17299356449521053,12,0.55,0.55,left,0.3770064355047895,0.16853184629576762,0.00446171819944291,0.0,0.027253126237832492,-0.0008037136007981172,0.026449412637034375,0.0,-0.027253126237832492,0.0008037136007981172,-0.026449412637034375,0.026449412637034375,recorded_knot,1.2949999999999937,1.2949999999999937,linear_progress_interpolation,1.2899999999999938,1.2949999999999937
1.2959795543560462,8.260345163518432,0.19939030778969902,12,0.55,0.55,left,0.350609692210301,0.1957502756741269,0.0036400321155721227,1.2949999999999937,8.260345163518432,0.17286609770937936,12,0.55,0.55,left,0.3771339022906207,0.16837270742190008,0.004493390287479276,0.0,0.027377568252226814,-0.0008533581719071537,0.026524210080319688,0.0,-0.027377568252226814,0.0008533581719071537,-0.026524210080319688,0.026524210080319688,linear_progress_interpolation,1.2949999999999937,1.2999999999999936,recorded_knot,1.2949999999999937,1.2949999999999937
1.2999999999999936,8.283492271773913,0.19917413374330767,12,0.55,0.55,left,0.3508258662566924,0.19560786720371803,0.0035662665395896354,1.2990165277212882,8.283492271773913,0.17220861917713523,12,0.55,0.55,left,0.3777913808228648,0.16771943175103238,0.004489187426102853,0.0,0.027888435452685656,-0.0009229208865132177,0.02696551456617241,0.0,-0.027888435452685656,0.0009229208865132177,-0.026965514566172466,0.02696551456617241,recorded_knot,1.2999999999999936,1.2999999999999936,linear_progress_interpolation,1.2949999999999937,1.2999999999999936
1.3009845998323497,8.289159987990775,0.1990892904969013,12,0.55,0.55,left,0.35091070950309877,0.1955729916280958,0.003516298868805501,1.2999999999999936,8.289159987990775,0.1720476313898786,12,0.55,0.55,left,0.37795236861012144,0.16755947306103136,0.004488158328847247,0.0,0.028013518567064438,-0.0009718594600417463,0.027041659107022664,0.0,-0.028013518567064438,0.0009718594600417463,-0.02704165910702261,0.027041659107022664,linear_progress_interpolation,1.2999999999999936,1.3049999999999935,recorded_knot,1.2999999999999936,1.2999999999999936
1.3049999999999935,8.312274097804188,0.1987432823272388,12,0.55,0.55,left,0.35125671767276123,0.19543076187383596,0.0033125204534028563,1.3040116343364594,8.312274097804188,0.17125691880931113,12,0.55,0.55,left,0.3787430811906889,0.1669069932839004,0.004349925525410719,0.0,0.02852376858993555,-0.0010374050720078631,0.02748636351792766,0.0,-0.02852376858993555,0.0010374050720078631,-0.02748636351792766,0.02748636351792766,recorded_knot,1.3049999999999935,1.3049999999999935,linear_progress_interpolation,1.2999999999999936,1.3049999999999935
1.3059895124120668,8.31796883231054,0.19862570693030226,12,0.55,0.55,left,0.3513742930696978,0.19539571228940344,0.00322999464089882,1.3049999999999935,8.31796883231054,0.17106210714433623,12,0.55,0.55,left,0.3789378928556638,0.1667462387001627,0.004315868444173532,0.0,0.028649473589240748,-0.0010858738032747117,0.02756359978596601,0.0,-0.028649473589240748,0.0010858738032747117,-0.02756359978596601,0.02756359978596601,linear_progress_interpolation,1.3049999999999935,1.3099999999999934,recorded_knot,1.3049999999999935,1.3049999999999935
1.3099999999999934,8.341049555478428,0.1981491745853755,12,0.55,0.55,left,0.35185082541462454,0.19525365654395388,0.0028955180414216297,1.309006887295174,8.341049555478428,0.17013750465125857,12,0.55,0.55,left,0.3798624953487415,0.16609453101444888,0.004042973636809694,0.0,0.029159125529505003,-0.0011474555953880639,0.028011669934116967,0.0,-0.029159125529505003,0.0011474555953880639,-0.028011669934116967,0.028011669934116967,recorded_knot,1.3099999999999934,1.3099999999999934,linear_progress_interpolation,1.3049999999999935,1.3099999999999934
1.310994274340243,8.346770145484047,0.1979983458929344,12,0.55,0.55,left,0.35200165410706563,0.19521843828694926,0.002779907605985149,1.3099999999999934,8.346770145484047,0.16990834061066085,12,0.55,0.55,left,0.3800916593893392,0.16593300433929395,0.003975336271366897,0.0,0.029285433947655315,-0.001195428665381748,0.028090005282273567,0.0,-0.029285433947655315,0.001195428665381748,-0.028090005282273567,0.028090005282273567,linear_progress_interpolation,1.3099999999999934,1.3149999999999933,recorded_knot,1.3099999999999934,1.3099999999999934
1.3149999999999933,8.369817219361734,0.1973906882887101,12,0.55,0.55,left,0.35260931171128995,0.19507655121407183,0.0023141370746382617,1.3140023038229887,8.369817219361734,0.16884927432045632,12,0.55,0.55,left,0.3811507256795437,0.16528204214099476,0.0035672321794615602,0.0,0.02979450907307707,-0.0012530951048232986,0.02854141396825377,0.0,-0.02979450907307707,0.0012530951048232986,-0.028541413968253715,0.02854141396825377,recorded_knot,1.3149999999999933,1.3149999999999933,linear_progress_interpolation,1.3099999999999934,1.3149999999999933
1.315998851042539,8.375562404763901,0.19720640344297513,12,0.55,0.55,left,0.3527935965570249,0.19504117084539319,0.0021652325975819453,1.3149999999999933,8.375562404763901,0.16858526977815727,12,0.55,0.55,left,0.3814147302218428,0.16511976997842526,0.0034654997997320136,0.0,0.02992140086696793,-0.0013002672021500683,0.028621133664817888,0.0,-0.02992140086696793,0.0013002672021500683,-0.028621133664817888,0.028621133664817888,linear_progress_interpolation,1.3149999999999933,1.3199999999999932,recorded_knot,1.3149999999999933,1.3149999999999933
1.3199999999999932,8.398576189205345,0.19646820416502503,12,0.55,0.55,left,0.353531795834975,0.19489944588418975,0.0015687582808352751,1.3189979169406048,8.398576189205345,0.16739226336313856,12,0.55,0.55,left,0.3826077366368615,0.16446952129282438,0.002922742070314177,0.0,0.03042992459136537,-0.001353983789478902,0.02907594080188647,0.0,-0.03042992459136537,0.001353983789478902,-0.029075940801886357,0.02907594080188647,recorded_knot,1.3199999999999932,1.3199999999999932,linear_progress_interpolation,1.3149999999999933,1.3199999999999932
1.3210032268507006,8.40434462408375,0.19625029218125123,12,0.55,0.55,left,0.3537497078187488,0.19486391051972154,0.0013863816615296842,1.3199999999999932,8.40434462408375,0.16709323475999574,12,0.55,0.55,left,0.38290676524000433,0.16430653561755654,0.002786699142439203,0.0,0.030557374902165008,-0.0014003174809095187,0.029157057421255517,0.0,-0.030557374902165008,0.0014003174809095187,-0.029157057421255517,0.029157057421255517,linear_progress_interpolation,1.3199999999999932,1.324999999999993,recorded_knot,1.3199999999999932,1.3199999999999932
1.324999999999993,8.427325593561584,0.19538214878472826,12,0.55,0.55,left,0.3546178512152718,0.1947223405543077,0.0006598082304205555,1.3239937420193504,8.427325593561584,0.16576682335950133,12,0.55,0.55,left,0.3842331766404987,0.16365696596983925,0.002109857389662073,0.0,0.031065374584468453,-0.0014500491592415177,0.029615325425226935,0.0,-0.031065374584468453,0.0014500491592415177,-0.029615325425226935,0.029615325425226935,recorded_knot,1.324999999999993,1.324999999999993,linear_progress_interpolation,1.3199999999999932,1.324999999999993
1.3260074037391874,8.433115848372209,0.19513019732058634,12,0.55,0.55,left,0.3548698026794137,0.19468665723999679,0.0004435400805895551,1.324999999999993,8.433115848372209,0.16543262248951676,12,0.55,0.55,left,0.3845673775104833,0.16349330125668785,0.0019393212328289167,0.0,0.03119335598330894,-0.0014957811522393616,0.029697574831069606,0.0,-0.03119335598330894,0.0014957811522393616,-0.029697574831069606,0.029697574831069606,linear_progress_interpolation,1.324999999999993,1.329999999999993,recorded_knot,1.324999999999993,1.324999999999993
1.329999999999993,8.45606409524342,0.19413164983212658,12,0.55,0.55,left,0.35586835016787344,0.19454523522442563,-0.00041358539229904845,1.3289897777974093,8.45606409524342,0.16397235846964706,12,0.55,0.55,left,0.38602764153035296,0.16284437637726984,0.0011279820923772166,0.0,0.03170085884715579,-0.001541567484676265,0.030159291362479523,0.0,-0.03170085884715579,0.001541567484676265,-0.030159291362479523,0.030159291362479523,recorded_knot,1.329999999999993,1.329999999999993,linear_progress_interpolation,1.324999999999993,1.329999999999993
1.3310113653551803,8.461874651539231,0.19384529202439407,12,0.55,0.55,left,0.356154707975606,0.19450941158545326,-0.0006641195610591899,1.329999999999993,8.461874651539231,0.16360261578987637,12,0.55,0.55,left,0.3863973842101237,0.16268006689581913,0.0009225488940572402,0.0,0.03182934468963414,-0.00158666845511643,0.030242676234517707,0.0,-0.03182934468963414,0.00158666845511643,-0.030242676234517707,0.030242676234517707,linear_progress_interpolation,1.329999999999993,1.3349999999999929,recorded_knot,1.329999999999993,1.329999999999993
1.3349999999999929,8.484790392154862,0.19271595071674866,12,0.55,0.55,left,0.3572840492832514,0.19436812989454355,-0.0016521791777948935,1.333986040227692,8.484790392154862,0.16200811402664536,12,0.55,0.55,left,0.38799188597335466,0.16203174992042518,-2.3635893779822004e-05,0.0,0.03233637997411837,-0.0016285432840150715,0.03070783669010324,0.0,-0.03233637997411837,0.0016285432840150715,-0.03070783669010324,0.03070783669010324,recorded_knot,1.3349999999999929,1.3349999999999929,linear_progress_interpolation,1.329999999999993,1.3349999999999929
1.336015076901043,8.490619645702095,0.19239515270630655,12,0.55,0.55,left,0.35760484729369346,0.19433217478866033,-0.0019370220823537732,1.3349999999999929,8.490619645702095,0.16160250832463963,12,0.55,0.55,left,0.3883974916753604,0.16186683253495043,-0.0002643242103108068,0.0,0.032465342253709895,-0.0016726978720429664,0.030792644381666956,0.0,-0.032465342253709895,0.0016726978720429664,-0.030792644381666956,0.030792644381666956,linear_progress_interpolation,1.3349999999999929,1.3399999999999928,recorded_knot,1.3349999999999929,1.3349999999999929
1.3399999999999928,8.513503751414648,0.19113578467164316,12,0.55,0.55,left,0.3588642153283569,0.19419102456466147,-0.0030552398930183133,1.3389825630726753,8.513503751414648,0.15987445130667408,12,0.55,0.55,left,0.39012554869332594,0.16121908110794397,-0.0013446298012698976,0.0,0.0329719434567175,-0.0017106100917484157,0.03126133336496906,0.0,-0.0329719434567175,0.0017106100917484157,-0.03126133336496906,0.03126133336496906,recorded_knot,1.3399999999999928,1.3399999999999928,linear_progress_interpolation,1.3349999999999929,1.3399999999999928
1.3410185234608687,8.519350020205792,0.19078055293256116,12,0.55,0.55,left,0.3592194470674389,0.19415494737795527,-0.0033743944453941133,1.3399999999999928,8.519350020205792,0.15943297957339556,12,0.55,0.55,left,0.3905670204266045,0.1610535981740817,-0.0016206186006861578,0.0,0.03310134920387356,-0.0017537758447079554,0.031347573359165604,0.0,-0.03310134920387356,0.0017537758447079554,-0.031347573359165604,0.031347573359165604,linear_progress_interpolation,1.3399999999999928,1.3449999999999926,recorded_knot,1.3399999999999928,1.3399999999999928
1.3449999999999926,8.542203477124037,0.18939192823275244,12,0.55,0.55,left,0.36060807176724763,0.19401391923477943,-0.004621991002026982,1.34397936102133,8.542203477124037,0.15757204963426666,12,0.55,0.55,left,0.3924279503657334,0.16040636755071108,-0.002834317916444423,0.0,0.03360755168406834,-0.0017876730855825584,0.031819878598485785,0.0,-0.03360755168406834,0.0017876730855825584,-0.031819878598485785,0.031819878598485785,recorded_knot,1.3449999999999926,1.3449999999999926,linear_progress_interpolation,1.3399999999999928,1.3449999999999926
1.346021709168674,8.548065003334623,0.1890020296643892,12,0.55,0.55,left,0.3609979703356109,0.19397772920690684,-0.004975699542517642,1.3449999999999926,8.548065003334623,0.1570947524947884,12,0.55,0.55,left,0.3929052475052116,0.16024036381321302,-0.0031456113184246126,0.0,0.03373736539369382,-0.0018300882240930294,0.031907277169600734,0.0,-0.03373736539369382,0.0018300882240930294,-0.031907277169600734,0.031907277169600734,linear_progress_interpolation,1.3449999999999926,1.3499999999999925,recorded_knot,1.3449999999999926,1.3449999999999926
1.3499999999999925,8.570888382722716,0.18748385800927353,12,0.55,0.55,left,0.3625161419907265,0.19383681390489735,-0.006352955895623819,1.3489764303528657,8.570888382722716,0.15510064714455482,12,0.55,0.55,left,0.3948993528554452,0.15959360985390145,-0.004492962709346626,0.0,0.0342432040509959,-0.0018599931862771923,0.03238321086471868,0.0,-0.0342432040509959,0.0018599931862771923,-0.032383210864718626,0.03238321086471868,recorded_knot,1.3499999999999925,1.3499999999999925,linear_progress_interpolation,1.3449999999999926,1.3499999999999925
1.351024618712456,8.57676332992747,0.18705911287003674,12,0.55,0.55,left,0.3629408871299633,0.19380052081788252,-0.006741407947845779,1.3499999999999925,8.57676332992747,0.15458734613622774,12,0.55,0.55,left,0.39541265386377233,0.15942712945234427,-0.004839783316116536,0.0,0.03437339136553824,-0.001901624631729243,0.03247176673380903,0.0,-0.03437339136553824,0.001901624631729243,-0.03247176673380903,0.03247176673380903,linear_progress_interpolation,1.3499999999999925,1.3549999999999924,recorded_knot,1.3499999999999925,1.3499999999999925
1.3549999999999924,8.599557326268698,0.1854111594821521,12,0.55,0.55,left,0.36458884051784796,0.19365970857501527,-0.008248549092863183,1.353973786093676,8.599557326268698,0.15245981005938317,12,0.55,0.55,left,0.3975401899406169,0.15878080557351915,-0.00632099551413598,0.0,0.034878903001496125,-0.0019275535787272036,0.03295134942276895,0.0,-0.034878903001496125,0.0019275535787272036,-0.032951349422769005,0.03295134942276895,recorded_knot,1.3549999999999924,1.3549999999999924,linear_progress_interpolation,1.3499999999999925,1.3549999999999924
1.3560272170411058,8.605443782025105,0.18495173892750766,12,0.55,0.55,left,0.3650482610724924,0.1936233234524299,-0.008671584524922255,1.3549999999999924,8.605443782025105,0.15191038262248158,12,0.55,0.55,left,0.39808961737751847,0.15861389509147558,-0.006703512468994005,0.0,0.03500942836095433,-0.0019680720559282494,0.03304135630502608,0.0,-0.03500942836095433,0.0019680720559282494,-0.03304135630502614,0.03304135630502608,linear_progress_interpolation,1.3549999999999924,1.3599999999999923,recorded_knot,1.3549999999999924,1.3549999999999924
1.3599999999999923,8.62820977030344,0.18317492051678966,13,0.55,0.55,left,0.3668250794832104,0.18333914105836116,-0.00016422054157150257,1.3589714626309515,8.62820977030344,0.14965022083751164,12,0.55,0.55,left,0.4003497791624884,0.15796794911659517,-0.00831772827908353,0.0,0.025371191941765986,0.008153507737512028,0.03352469967927796,0.0,-0.025371191941765986,-0.008153507737512028,-0.03352469967927796,0.03352469967927796,recorded_knot,1.3599999999999923,1.3599999999999923,linear_progress_interpolation,1.3549999999999924,1.3599999999999923
1.361029489848146,8.634105751674355,0.18268104374716992,13,0.55,0.55,left,0.3673189562528301,0.18264598038010957,3.5063367060356176e-05,1.3599999999999923,8.634105751674355,0.14906487959879566,13,0.55,0.55,left,0.4009351204012044,0.14914876195675714,-8.388235796147336e-05,0.0,0.03349721842335243,0.00011894572502182954,0.03361616414837426,0.0,-0.03349721842335243,-0.00011894572502182954,-0.03361616414837432,0.03361616414837426,linear_progress_interpolation,1.3599999999999923,1.3649999999999922,recorded_knot,1.3599999999999923,1.3599999999999923
1.3649999999999922,8.656845222034645,0.18077627243635705,13,0.55,0.55,left,0.36922372756364297,0.17997261598045314,0.0008036564559039117,1.363969474096995,8.656845222034645,0.14667288888027388,13,0.55,0.55,left,0.4033271111197262,0.14589452771074932,0.0007783611695245662,0.0,0.03407808826970382,2.5295286379345416e-05,0.03410338355608322,0.0,-0.03407808826970382,-2.5295286379345416e-05,-0.03410338355608322,0.03410338355608322,recorded_knot,1.3649999999999922,1.3649999999999922,linear_progress_interpolation,1.3599999999999923,1.3649999999999922
1.366031442992121,8.66274867741792,0.1802479166527505,13,0.55,0.55,left,0.3697520833472495,0.17927814024056615,0.0009697764121843477,1.3649999999999922,8.66274867741792,0.14605189770236773,13,0.55,0.55,left,0.40394810229763234,0.14504968715933592,0.0010022105430318173,0.0,0.03422845308123024,-3.24341308474696e-05,0.03419601895038282,0.0,-0.03422845308123024,3.24341308474696e-05,-0.03419601895038282,0.03419601895038282,linear_progress_interpolation,1.3649999999999922,1.3699999999999921,recorded_knot,1.3649999999999922,1.3649999999999922
1.3699999999999921,8.685462680431888,0.17821502674639356,13,0.55,0.55,left,0.3717849732536065,0.17660609090254425,0.0016089358438493018,1.3689678148579396,8.685462680431888,0.14352787332509248,13,0.55,0.55,left,0.40647212667490756,0.1417968131823259,0.0017310601427665828,0.0,0.03480927772021836,-0.00012212429891728105,0.034687153421301076,0.0,-0.03480927772021836,0.00012212429891728105,-0.03468715342130113,0.034687153421301076,recorded_knot,1.3699999999999921,1.3699999999999921,linear_progress_interpolation,1.3649999999999922,1.3699999999999921
1.3710330619469284,8.691371488495498,0.17765222989368243,13,0.55,0.55,left,0.3723477701063176,0.17591052511226532,0.0017417047814171083,1.3699999999999921,8.691371488495498,0.14287127503266372,13,0.55,0.55,left,0.4071287249673363,0.14095061236191364,0.001920662670750084,0.0,0.03495991275035168,-0.00017895788933297574,0.03478095486101873,0.0,-0.03495991275035168,0.00017895788933297574,-0.03478095486101873,0.03478095486101873,linear_progress_interpolation,1.3699999999999921,1.374999999999992,recorded_knot,1.3699999999999921,1.3699999999999921
1.374999999999992,8.714061198077095,0.17549110077864238,13,0.55,0.55,left,0.37450889922135766,0.17323956582463532,0.0022515349540070673,1.3739664992470262,8.714061198077095,0.14021504843296434,13,0.55,0.55,left,0.4097849515670357,0.13769881694241118,0.0025162314905531613,0.0,0.03554074888222414,-0.00026469653654609404,0.035276052345678044,0.0,-0.03554074888222414,0.00026469653654609404,-0.0352760523456781,0.035276052345678044,recorded_knot,1.374999999999992,1.374999999999992,linear_progress_interpolation,1.3699999999999921,1.374999999999992
1.3760343529473544,8.719973169938603,0.17489431240137004,13,0.55,0.55,left,0.37510568759863,0.17254313079729441,0.0023511816040756306,1.374999999999992,8.719973169938603,0.1395229489215652,13,0.55,0.55,left,0.41047705107843485,0.1368515375644913,0.002671411357073883,0.0,0.035691593232803104,-0.0003202297529982523,0.03537136347980485,0.0,-0.035691593232803104,0.0003202297529982523,-0.03537136347980474,0.03537136347980485,linear_progress_interpolation,1.374999999999992,1.379999999999992,recorded_knot,1.374999999999992,1.374999999999992
1.379999999999992,8.742639314843638,0.1726062616200449,13,0.55,0.55,left,0.37739373837995516,0.16987304074672643,0.0027332208733184538,1.378965686101563,8.742639314843638,0.1367358841428629,13,0.55,0.55,left,0.4132641158571372,0.13360040877380383,0.0031354753690590598,0.0,0.0362726319729226,-0.000402254495740606,0.035870377477182025,0.0,-0.0362726319729226,0.000402254495740606,-0.035870377477182025,0.035870377477182025,recorded_knot,1.379999999999992,1.379999999999992,linear_progress_interpolation,1.374999999999992,1.379999999999992
1.3810350936408646,8.748551005304916,0.17197610957856962,13,0.55,0.55,left,0.3780238904214304,0.16917610700673003,0.0028000025718395993,1.379999999999992,8.748551005304916,0.1360089733983913,13,0.55,0.55,left,0.41399102660160875,0.132752462767069,0.0032565106313222902,0.0,0.03642364423966102,-0.0004565080594826909,0.03596713618017833,0.0,-0.03642364423966102,0.0004565080594826909,-0.03596713618017833,0.03596713618017833,linear_progress_interpolation,1.379999999999992,1.3849999999999918,recorded_knot,1.379999999999992,1.379999999999992
1.3849999999999918,8.771195622349756,0.16956232425731566,13,0.55,0.55,left,0.3804376757426844,0.16650651566881752,0.0030558085884981323,1.3839655980925356,8.771195622349756,0.13309225914808853,13,0.55,0.55,left,0.4169077408519115,0.12950140612749858,0.0035908530205899514,0.0,0.03700510954131894,-0.0005350444320918191,0.03647006510922712,0.0,-0.03700510954131894,0.0005350444320918191,-0.03647006510922712,0.03647006510922712,recorded_knot,1.3849999999999918,1.3849999999999918,linear_progress_interpolation,1.379999999999992,1.3849999999999918
1.3860350403711028,8.777102331632484,0.16889930037896814,13,0.55,0.55,left,0.3811006996210319,0.16580961779561884,0.003089682583349296,1.3849999999999918,8.777102331632484,0.1323314521490912,13,0.55,0.55,left,0.41766854785090884,0.1286533879696467,0.0036780641794444957,0.0,0.03715622982597214,-0.0005883815960951999,0.036567848229876965,0.0,-0.03715622982597214,0.0005883815960951999,-0.03656784822987691,0.036567848229876965,linear_progress_interpolation,1.3849999999999918,1.3899999999999917,recorded_knot,1.3849999999999918,1.3849999999999918
1.3899999999999917,8.799729336819208,0.16635943528383645,13,0.55,0.55,left,0.3836405647161636,0.1631399905909086,0.003219444692927842,1.3889663141288895,8.799729336819208,0.12928460093271996,13,0.55,0.55,left,0.42071539906728006,0.12540174431276171,0.0038828566199582415,0.0,0.0377382462781469,-0.0006634119270303995,0.03707483435111647,0.0,-0.0377382462781469,0.0006634119270303995,-0.03707483435111647,0.03707483435111647,recorded_knot,1.3899999999999917,1.3899999999999917,linear_progress_interpolation,1.3849999999999918,1.3899999999999917
1.391034177932934,8.805626301811584,0.1656641389229358,13,0.55,0.55,left,0.38433586107706424,0.1624436734016545,0.0032204655212813016,1.3899999999999917,8.805626301811584,0.12849054202781193,13,0.55,0.55,left,0.4215094579721881,0.12455431317222439,0.003936228855587545,0.0,0.03788936022943011,-0.0007157633343062436,0.03717359689512384,0.0,-0.03788936022943011,0.0007157633343062436,-0.037173596895123895,0.03717359689512384,linear_progress_interpolation,1.3899999999999917,1.3949999999999916,recorded_knot,1.3899999999999917,1.3899999999999917
1.3949999999999916,8.82823973529386,0.1629978456639417,13,0.55,0.55,left,0.38700215433605833,0.1597734655129997,0.003224380150942008,1.3939678498985726,8.82823973529386,0.1253130501366738,13,0.55,0.55,left,0.4246869498633262,0.12130141046837879,0.004011639668295,0.0,0.03847205504462091,-0.0007872595173529923,0.03768479552726789,0.0,-0.03847205504462091,0.0007872595173529923,-0.03768479552726789,0.03768479552726789,recorded_knot,1.3949999999999916,1.3949999999999916,linear_progress_interpolation,1.3899999999999917,1.3949999999999916
1.3960324646718585,8.834122129602806,0.16227130779698448,13,0.55,0.55,left,0.38772869220301553,0.1590783018710207,0.0031930059259637766,1.3949999999999916,8.834122129602806,0.12448649453060878,13,0.55,0.55,left,0.42551350546939126,0.1204552383748021,0.004031256155806684,0.0,0.03862306349621861,-0.0008382502298429073,0.03778481326637573,0.0,-0.03862306349621861,0.0008382502298429073,-0.03778481326637573,0.03778481326637573,linear_progress_interpolation,1.3949999999999916,1.3999999999999915,recorded_knot,1.3949999999999916,1.3949999999999916
1.3999999999999915,8.856726881000789,0.159479382094416,13,0.55,0.55,left,0.390520617905584,0.1564069404350908,0.0030724416593252146,1.3989702487933902,8.856726881000789,0.12117890749268051,13,0.55,0.55,left,0.42882109250731953,0.11720036902109873,0.003978538471581777,0.0,0.03920657141399206,-0.0009060968122565627,0.038300474601735524,0.0,-0.03920657141399206,0.0009060968122565627,-0.03830047460173547,0.038300474601735524,recorded_knot,1.3999999999999915,1.3999999999999915,linear_progress_interpolation,1.3949999999999916,1.3999999999999915
1.4010298836931359,8.86258980577913,0.15872273454106517,13,0.55,0.55,left,0.3912772654589349,0.1557135145790308,0.0030092199620343763,1.3999999999999915,8.86258980577913,0.12032102882550255,13,0.55,0.55,left,0.4296789711744975,0.1163561635773798,0.003964865248122756,0.0,0.039357351001651,-0.0009556452860883802,0.03840170571556262,0.0,-0.039357351001651,0.0009556452860883802,-0.03840170571556256,0.03840170571556262,linear_progress_interpolation,1.3999999999999915,1.4049999999999914,recorded_knot,1.3999999999999915,1.3999999999999915
1.4049999999999914,8.885190895031542,0.15580592091434517,13,0.55,0.55,left,0.39419407908565485,0.15304041535718188,0.002765505557163289,1.4039735281828907,8.885190895031542,0.11688383211008523,13,0.55,0.55,left,0.4331161678899148,0.11309860573110586,0.0037852263789793644,0.0,0.03994180962607602,-0.0010197208218160753,0.03892208880425996,0.0,-0.03994180962607602,0.0010197208218160753,-0.03892208880425996,0.03892208880425996,recorded_knot,1.4049999999999914,1.4049999999999914,linear_progress_interpolation,1.3999999999999915,1.4049999999999914
1.4060264439829384,8.891029379140758,0.15502008106411935,13,0.55,0.55,left,0.3949799189358807,0.15234930547524989,0.0026707755888694673,1.4049999999999914,8.891029379140758,0.11599590948922876,13,0.55,0.55,left,0.43400409051077127,0.11225708877995749,0.0037388207092712705,0.0,0.04009221669529239,-0.0010680451204018032,0.039024171574890576,0.0,-0.04009221669529239,0.0010680451204018032,-0.039024171574890576,0.039024171574890576,linear_progress_interpolation,1.4049999999999914,1.4099999999999913,recorded_knot,1.4049999999999914,1.4049999999999914
1.4099999999999913,8.91363123959108,0.15197794850045077,13,0.55,0.55,left,0.3980220514995493,0.149673890279273,0.0023040582211777683,1.408977678359449,8.91363123959108,0.11242848296225327,13,0.55,0.55,left,0.43757151703774677,0.10899612855685646,0.003432354405396812,0.0,0.040677761722416536,-0.0011282961842190437,0.03954946553819749,0.0,-0.040677761722416536,0.0011282961842190437,-0.03954946553819749,0.03954946553819749,recorded_knot,1.4099999999999913,1.4099999999999913,linear_progress_interpolation,1.4049999999999914,1.4099999999999913
1.411022129617577,8.919440249009838,0.1511639475767208,13,0.55,0.55,left,0.39883605242327924,0.14898568528117787,0.0021782622955429376,1.4099999999999913,8.919440249009838,0.11151160205585721,13,0.55,0.55,left,0.43848839794414285,0.10815801398253519,0.0033535880733220197,0.0,0.040827671298642676,-0.001175325777779082,0.03965234552086361,0.0,-0.040827671298642676,0.001175325777779082,-0.03965234552086361,0.03965234552086361,linear_progress_interpolation,1.4099999999999913,1.4149999999999912,recorded_knot,1.4099999999999913,1.4099999999999913
1.4149999999999912,8.942047446884242,0.14799606151799172,13,0.55,0.55,left,0.4020039384820083,0.14630736520136406,0.001688696316627658,1.4139827157856244,8.942047446884242,0.10781330796573302,13,0.55,0.55,left,0.442186692034267,0.10489292400209815,0.002920383963634865,0.0,0.041414441199265906,-0.001231687647007207,0.0401827535522587,0.0,-0.041414441199265906,0.001231687647007207,-0.04018275355225864,0.0401827535522587,recorded_knot,1.4149999999999912,1.4149999999999912,linear_progress_interpolation,1.4099999999999913,1.4149999999999912
1.4160168974916363,8.947821884922643,0.14715538405390985,13,0.55,0.55,left,0.4028446159460902,0.14562268301990686,0.0015327010340029923,1.4149999999999912,8.947821884922643,0.10686867209401425,13,0.55,0.55,left,0.4431313279059858,0.10405893918511286,0.002809732908901394,0.0,0.041563743834794,-0.0012770318748984016,0.04028671195989558,0.0,-0.041563743834794,0.0012770318748984016,-0.04028671195989553,0.04028671195989558,linear_progress_interpolation,1.4149999999999912,1.419999999999991,recorded_knot,1.4149999999999912,1.4149999999999912
1.419999999999991,8.97043987623845,0.14386252066953387,13,0.55,0.55,left,0.4061374793304662,0.14294084012345518,0.0009216805460786903,1.4189886825911204,8.97043987623845,0.10303998374767039,13,0.55,0.55,left,0.4469600162523297,0.10078895752826979,0.002251026219400598,0.0,0.04215188259518539,-0.0013293456733219078,0.040822536921863495,0.0,-0.04215188259518539,0.0013293456733219078,-0.04082253692186344,0.040822536921863495,recorded_knot,1.419999999999991,1.419999999999991,linear_progress_interpolation,1.4149999999999912,1.419999999999991
1.4210107339497775,8.97617459386733,0.14299675124252081,13,0.55,0.55,left,0.40700324875747923,0.14226030788564514,0.0007364433568756712,1.419999999999991,8.97617459386733,0.10206923235561705,13,0.55,0.55,left,0.447930767644383,0.09995986438769057,0.002109367967926476,0.0,0.042300443497954573,-0.0013729246110508048,0.04092751888690377,0.0,-0.042300443497954573,0.0013729246110508048,-0.04092751888690371,0.04092751888690377,linear_progress_interpolation,1.419999999999991,1.424999999999991,recorded_knot,1.419999999999991,1.419999999999991
1.424999999999991,8.998808952146566,0.13957964569934073,13,0.55,0.55,left,0.4104203543006593,0.13957431504554624,5.3306537944886045e-06,1.4239955928660153,8.998808952146566,0.09811057282266855,13,0.55,0.55,left,0.4518894271773315,0.09668421758411443,0.001426355238554125,0.0,0.04289009746143181,-0.0014210245847596364,0.041469072876672175,0.0,-0.04289009746143181,0.0014210245847596364,-0.04146907287667223,0.041469072876672175,recorded_knot,1.424999999999991,1.424999999999991,linear_progress_interpolation,1.419999999999991,1.424999999999991
1.4260036520385326,9.004498748802762,0.13869013883921857,13,0.55,0.55,left,0.4113098611607815,0.13889855109409724,-0.00020841225487866488,1.424999999999991,9.004498748802762,0.09711544994373764,13,0.55,0.55,left,0.4528845500562624,0.09586078959026825,0.0012546603534693834,0.0,0.043037761503828986,-0.0014630726083480483,0.04157468889548088,0.0,-0.043037761503828986,0.0014630726083480483,-0.04157468889548088,0.04157468889548088,linear_progress_interpolation,1.424999999999991,1.4299999999999908,recorded_knot,1.424999999999991,1.424999999999991
1.4299999999999908,9.027154416698519,0.1351482948627768,13,0.55,0.55,left,0.41485170513722325,0.13620778996763735,-0.0010594951048605583,1.4290034355740073,9.027154416698519,0.0930260839575664,13,0.55,0.55,left,0.45697391604243365,0.0925787132173573,0.00044737074020909096,0.0,0.04362907675028005,-0.0015068658450696493,0.0421222109052104,0.0,-0.04362907675028005,0.0015068658450696493,-0.0421222109052104,0.0421222109052104,recorded_knot,1.4299999999999908,1.4299999999999908,linear_progress_interpolation,1.424999999999991,1.4299999999999908
1.430995635757278,9.032794031038348,0.13423652188298127,13,0.55,0.55,left,0.41576347811701875,0.13553742341856337,-0.0013009015355820996,1.4299999999999908,9.032794031038348,0.09200812910571493,13,0.55,0.55,left,0.4579918708942851,0.09176171479284596,0.0002464143128689672,0.0,0.043775708625717405,-0.0015473158484510668,0.042228392777266366,0.0,-0.043775708625717405,0.0015473158484510668,-0.04222839277726642,0.042228392777266366,linear_progress_interpolation,1.4299999999999908,1.4349999999999907,recorded_knot,1.4299999999999908,1.4299999999999908
1.4349999999999907,9.055476091058608,0.1305694467593302,13,0.55,0.55,left,0.41943055324066986,0.13284126488972844,-0.0022718181303982565,1.4340122272426692,9.055476091058608,0.08778730978820448,13,0.55,0.55,left,0.46221269021179556,0.08847243087844708,-0.0006851210902426019,0.0,0.04436883401128136,-0.0015866970401556546,0.042782136971125706,0.0,-0.04436883401128136,0.0015866970401556546,-0.04278213697112565,0.042782136971125706,recorded_knot,1.4349999999999907,1.4349999999999907,linear_progress_interpolation,1.4299999999999908,1.4349999999999907
1.4359866423871832,9.06106020173151,0.12963734968334972,13,0.55,0.55,left,0.4203626503166503,0.13217695362184617,-0.0025396039384964486,1.4349999999999907,9.06106020173151,0.08674818361632049,13,0.55,0.55,left,0.46325181638367957,0.08766263999542365,-0.0009144563791031596,0.0,0.044514313626422525,-0.001625147559393289,0.04288916606702925,0.0,-0.044514313626422525,0.001625147559393289,-0.042889166067029194,0.04288916606702925,linear_progress_interpolation,1.4349999999999907,1.4399999999999906,recorded_knot,1.4349999999999907,1.4349999999999907
1.4399999999999906,9.083774645557115,0.12584586561138897,13,0.55,0.55,left,0.42415413438861105,0.12947473981181953,-0.003628874200430565,1.4390220090586907,9.083774645557115,0.08239637773193091,13,0.55,0.55,left,0.4676036222680691,0.08436533680191932,-0.00196895906998841,0.0,0.04510940300990021,-0.001659915130442155,0.04344948787945807,0.0,-0.04510940300990021,0.001659915130442155,-0.043449487879458126,0.04344948787945807,recorded_knot,1.4399999999999906,1.4399999999999906,linear_progress_interpolation,1.4349999999999907,1.4399999999999906
1.4409766595828108,9.089297885304688,0.12489548226048801,13,0.55,0.55,left,0.425104517739512,0.12881715001619065,-0.003921667755702643,1.4399999999999906,9.089297885304688,0.08133819345857059,13,0.55,0.55,left,0.46866180654142947,0.08356356519800134,-0.0022253717394307565,0.0,0.04525358481818931,-0.0016962960162718865,0.04355728880191745,0.0,-0.04525358481818931,0.0016962960162718865,-0.04355728880191734,0.04355728880191745,linear_progress_interpolation,1.4399999999999906,1.4449999999999905,recorded_knot,1.4399999999999906,1.4399999999999906
1.4449999999999905,9.112050822050586,0.12098038654571204,13,0.55,0.55,left,0.429019613454288,0.12610821473391062,-0.005127828188198583,1.4440327936838417,9.112050822050586,0.07685583299458401,13,0.55,0.55,left,0.47314416700541606,0.08025742060746568,-0.0034015876128816736,0.0,0.04585079412644494,-0.0017262405753169091,0.04412455355112804,0.0,-0.04585079412644494,0.0017262405753169091,-0.0441245535511281,0.04412455355112804,recorded_knot,1.4449999999999905,1.4449999999999905,linear_progress_interpolation,1.4399999999999906,1.4449999999999905
1.4459657015156815,9.117507779647918,0.12001350670554618,13,0.55,0.55,left,0.4299864932944539,0.12545800305984095,-0.005444496354294767,1.4449999999999905,9.117507779647918,0.0757808046911567,13,0.55,0.55,left,0.4742191953088434,0.07946449040057905,-0.00368368570942236,0.0,0.045993512659261895,-0.001760810644872407,0.0442327020143895,0.0,-0.045993512659261895,0.001760810644872407,-0.04423270201438956,0.0442327020143895,linear_progress_interpolation,1.4449999999999905,1.4499999999999904,recorded_knot,1.4449999999999905,1.4449999999999905
1.4499999999999904,9.140304674346897,0.11597428567263866,13,0.55,0.55,left,0.43402571432736137,0.12274168965600173,-0.006767403983363063,1.4490445693702436,9.140304674346897,0.0711670835572837,13,0.55,0.55,left,0.47883291644271636,0.07614869192617284,-0.00498160836888914,0.0,0.04659299772982889,-0.0017857956144739229,0.044807202115354994,0.0,-0.04659299772982889,0.0017857956144739229,-0.04480720211535494,0.044807202115354994,recorded_knot,1.4499999999999904,1.4499999999999904,linear_progress_interpolation,1.4449999999999905,1.4499999999999904
1.4509537532049854,9.14568988336784,0.11499281403844536,13,0.55,0.55,left,0.4350071859615547,0.12209952283945136,-0.007106708801006001,1.4499999999999904,9.14568988336784,0.07007720473833379,13,0.55,0.55,left,0.47992279526166626,0.07536541560315674,-0.005288210864822951,0.0,0.04673410723629462,-0.00181849793618305,0.04491560930011157,0.0,-0.04673410723629462,0.00181849793618305,-0.044915609300111514,0.04491560930011157,linear_progress_interpolation,1.4499999999999904,1.4549999999999903,recorded_knot,1.4499999999999904,1.4499999999999904
1.4549999999999903,9.168536343675711,0.11082897329490228,13,0.55,0.55,left,0.4391710267050978,0.11937516457809282,-0.008546191283190535,1.4540573515170547,9.168536343675711,0.06533132010598806,13,0.55,0.55,left,0.48466867989401197,0.07203913813358037,-0.006707818027592308,0.0,0.047336026444512444,-0.0018383732555982274,0.04549765318891419,0.0,-0.047336026444512444,0.0018383732555982274,-0.04549765318891419,0.04549765318891419,recorded_knot,1.4549999999999903,1.4549999999999903,linear_progress_interpolation,1.4499999999999904,1.4549999999999903
1.4559407740007446,9.17384428435058,0.10983529375018047,13,0.55,0.55,left,0.44016470624981957,0.11874173672485598,-0.008906442974675507,1.4549999999999903,9.17384428435058,0.06422870404473416,13,0.55,0.55,left,0.4857712959552659,0.07126634080573443,-0.007037636761000277,0.0,0.047475395919121546,-0.001868806213675231,0.04560658970544634,0.0,-0.047475395919121546,0.001868806213675231,-0.0456065897054464,0.04560658970544634,linear_progress_interpolation,1.4549999999999903,1.4599999999999902,recorded_knot,1.4549999999999903,1.4549999999999903
1.4599999999999902,9.196746842002687,0.10554779235279951,14,0.55,0.55,left,0.4444522076472005,0.10574035305355686,-0.00019256070075734932,1.4590711783801507,9.196746842002687,0.0593512052415584,13,0.55,0.55,left,0.49064879475844164,0.0679287278669492,-0.008577522625390799,0.0,0.03781162518660766,0.00838496192463345,0.04619658711124114,0.0,-0.03781162518660766,-0.00838496192463345,-0.046196587111241194,0.04619658711124114,recorded_knot,1.4599999999999902,1.4599999999999902,linear_progress_interpolation,1.4549999999999903,1.4599999999999902
1.4609267545006934,9.20197196080381,0.1045443725534208,14,0.55,0.55,left,0.44545562744657924,0.10467641760289087,-0.00013204504947006424,1.4599999999999902,9.20197196080381,0.058238425128260315,14,0.55,0.55,left,0.4917615748717397,0.058339101649031985,-0.00010067652077166978,0.0,0.046337315953858885,-3.136852869839446e-05,0.046305947425160476,0.0,-0.046337315953858885,3.136852869839446e-05,-0.046305947425160476,0.046305947425160476,linear_progress_interpolation,1.4599999999999902,1.46499999999999,recorded_knot,1.4599999999999902,1.4599999999999902
1.46499999999999,9.224937257032547,0.10013416987447707,14,0.55,0.55,left,0.44986583012552295,0.10000023822347032,0.0001339316510067523,1.464086059427819,9.224937257032547,0.05322985206307408,14,0.55,0.55,left,0.496770147936926,0.052980054354321626,0.00024979770875245555,0.0,0.04702018386914869,-0.00011586605774570324,0.04690431781140303,0.0,-0.04702018386914869,0.00011586605774570324,-0.04690431781140303,0.04690431781140303,recorded_knot,1.46499999999999,1.46499999999999,linear_progress_interpolation,1.4599999999999902,1.46499999999999
1.4659117113000113,9.230073970373626,0.09912320725510393,14,0.55,0.55,left,0.4508767927448961,0.09895357271266815,0.0001696345424357787,1.46499999999999,9.230073970373626,0.05210957023315728,14,0.55,0.55,left,0.4978904297668428,0.051781380953376276,0.0003281892797810035,0.0,0.047172191759291875,-0.0001585547373452248,0.047013637021946664,0.0,-0.047172191759291875,0.0001585547373452248,-0.04701363702194661,0.047013637021946664,linear_progress_interpolation,1.46499999999999,1.46999999999999,recorded_knot,1.46499999999999,1.46499999999999
1.46999999999999,9.25310798027004,0.09458985656307292,14,0.55,0.55,left,0.4554101434369271,0.09426012339338224,0.0003297331696906769,1.4691019809578145,9.25310798027004,0.04696912905478293,14,0.55,0.55,left,0.5030308709452171,0.04640145186931255,0.0005676771854703777,0.0,0.047858671524069696,-0.0002379440157797008,0.04762072750829005,0.0,-0.047858671524069696,0.0002379440157797008,-0.04762072750829005,0.04762072750829005,recorded_knot,1.46999999999999,1.46999999999999,linear_progress_interpolation,1.46499999999999,1.46999999999999
1.4708956321193967,9.258150660798622,0.09357365395474294,14,0.55,0.55,left,0.4564263460452571,0.09323191715120031,0.0003417368035426305,1.46999999999999,9.258150660798622,0.04584376691614169,14,0.55,0.55,left,0.5041562330838584,0.045223660257718824,0.000620106658422867,0.0,0.04800825689348149,-0.0002783698548802366,0.04772988703860126,0.0,-0.04800825689348149,0.0002783698548802366,-0.04772988703860126,0.04772988703860126,linear_progress_interpolation,1.46999999999999,1.4749999999999899,recorded_knot,1.46999999999999,1.46999999999999
1.4749999999999899,9.281259497055315,0.08891675381077853,14,0.55,0.55,left,0.46108324618922153,0.08852000856329417,0.00039674524748435636,1.4741189554090837,9.281259497055315,0.04057069306343461,14,0.55,0.55,left,0.5094293069365654,0.03982146843157794,0.0007492246318566709,0.0,0.048698540131716234,-0.0003524793843723145,0.04834606074734388,0.0,-0.048698540131716234,0.0003524793843723145,-0.04834606074734393,0.04834606074734388,recorded_knot,1.4749999999999899,1.4749999999999899,linear_progress_interpolation,1.46999999999999,1.4749999999999899
1.4758788363691844,9.286202477292766,0.08789842720239958,14,0.55,0.55,left,0.46210157279760045,0.08751108422808732,0.0003873429743122686,1.4749999999999899,9.286202477292766,0.03944278252934156,14,0.55,0.55,left,0.5105572174706585,0.038665939562061366,0.0007768429672801933,0.0,0.04884514466602595,-0.00038949999296792465,0.048455644673058074,0.0,-0.04884514466602595,0.00038949999296792465,-0.048455644673058074,0.048455644673058074,linear_progress_interpolation,1.4749999999999899,1.4799999999999898,recorded_knot,1.4749999999999899,1.4749999999999899
1.4799999999999898,9.309381798377359,0.08312314624016624,14,0.55,0.55,left,0.4668768537598338,0.08277989373320609,0.00034325250696015663,1.4791374636204708,9.309381798377359,0.034043038979228404,14,0.55,0.55,left,0.5159569610207716,0.0332394733997497,0.0008035655794787072,0.0,0.04954042033345639,-0.0004603130725185506,0.04908010726093781,0.0,-0.04954042033345639,0.0004603130725185506,-0.04908010726093781,0.04908010726093781,recorded_knot,1.4799999999999898,1.4799999999999898,linear_progress_interpolation,1.4749999999999899,1.4799999999999898
1.4808603368940956,9.314213987738261,0.0821069510075383,14,0.55,0.55,left,0.46789304899246176,0.08179220722026033,0.00031474378727797125,1.4799999999999898,9.314213987738261,0.03291735530457573,14,0.55,0.55,left,0.5170826446954243,0.032108218866403915,0.0008091364381718133,0.0,0.049683988353856415,-0.000494392650893842,0.04918959570296255,0.0,-0.049683988353856415,0.000494392650893842,-0.04918959570296255,0.04918959570296255,linear_progress_interpolation,1.4799999999999898,1.4849999999999897,recorded_knot,1.4799999999999898,1.4799999999999898
1.4849999999999897,9.337464921360974,0.07721734794423107,14,0.55,0.55,left,0.47278265205576897,0.077039778903118,0.0001775690411130737,1.4841585155715877,9.337464921360974,0.02739557165324225,14,0.55,0.55,left,0.5226044283467578,0.026654142140987443,0.0007414295122548063,0.0,0.05038563676213056,-0.0005638604711417326,0.04982177629098883,0.0,-0.05038563676213056,0.0005638604711417326,-0.04982177629098883,0.04982177629098883,recorded_knot,1.4849999999999897,1.4849999999999897,linear_progress_interpolation,1.4799999999999898,1.4849999999999897
1.4858388193247056,9.342169796995671,0.07620810960248608,14,0.55,0.55,left,0.47379189039751396,0.07607679505400466,0.00013131454848142043,1.4849999999999897,9.342169796995671,0.02627822704322401,14,0.55,0.55,left,0.523721772956776,0.025550498170746457,0.0007277288724775524,0.0,0.05052629688325821,-0.000596414323996132,0.04992988255926206,0.0,-0.05052629688325821,0.000596414323996132,-0.04992988255926201,0.04992988255926206,linear_progress_interpolation,1.4849999999999897,1.4899999999999896,recorded_knot,1.4849999999999897,1.4849999999999897
1.4899999999999896,9.365509552046438,0.07120152122202936,14,0.55,0.55,left,0.47879847877797066,0.07129966407302993,-9.814285100057107e-05,1.4891826409753355,9.365509552046438,0.020630936703103748,14,0.55,0.55,left,0.5293690632968963,0.020064779913440307,0.0005661567896634405,0.0,0.05123488415958962,-0.0006642996406640116,0.0505705845189256,0.0,-0.05123488415958962,0.0006642996406640116,-0.0505705845189256,0.0505705845189256,recorded_knot,1.4899999999999896,1.4899999999999896,linear_progress_interpolation,1.4849999999999897,1.4899999999999896
1.4908142606450518,9.370070536251491,0.07020428730359167,14,0.55,0.55,left,0.47979571269640836,0.07036487415217409,-0.0001605868485824169,1.4899999999999896,9.370070536251491,0.019527360337944277,14,0.55,0.55,left,0.5304726396620558,0.018992777475089,0.000534582862855279,0.0,0.05137209667708509,-0.0006951697114376959,0.05067692696564746,0.0,-0.05137209667708509,0.0006951697114376959,-0.050676926965647406,0.05067692696564746,linear_progress_interpolation,1.4899999999999896,1.4949999999999894,recorded_knot,1.4899999999999896,1.4899999999999896
1.4949999999999894,9.393516457652835,0.06507796653174162,14,0.55,0.55,left,0.4849220334682584,0.06555954924294186,-0.0004815827112002319,1.4942098692390993,9.393516457652835,0.013750974759474992,14,0.55,0.55,left,0.5362490252405251,0.01347134814802459,0.0002796266114504023,0.0,0.05208820109491727,-0.0007612093226506342,0.051326991772266684,0.0,-0.05208820109491727,0.0007612093226506342,-0.05132699177226663,0.051326991772266684,recorded_knot,1.4949999999999894,1.4949999999999894,linear_progress_interpolation,1.4899999999999896,1.4949999999999894
1.4957866150271024,9.397916913501799,0.0640983688588246,14,0.55,0.55,left,0.48590163114117546,0.06465649712640159,-0.0005581282675769933,1.4949999999999894,9.397916913501799,0.012666831838856318,14,0.55,0.55,left,0.5373331681611437,0.01243505677943155,0.00023177505942476723,0.0,0.052221440346970044,-0.0007899033270017605,0.051431537019968276,0.0,-0.052221440346970044,0.0007899033270017605,-0.051431537019968276,0.051431537019968276,linear_progress_interpolation,1.4949999999999894,1.4999999999999893,recorded_knot,1.4949999999999894,1.4949999999999894
1.4999999999999893,9.421487292796389,0.05885130139598753,14,0.55,0.55,left,0.4911486986040125,0.05981943441285377,-0.0009681330168662405,1.4992402547918011,9.421487292796389,0.006759418406712054,14,0.55,0.55,left,0.543240581593288,0.006873775458806609,-0.00011435705209455506,0.0,0.05294565895404716,-0.0008537759647716855,0.05209188298927553,0.0,-0.05294565895404716,0.0008537759647716855,-0.05209188298927547,0.05209188298927553,recorded_knot,1.4999999999999893,1.4999999999999893,linear_progress_interpolation,1.4949999999999894,1.4999999999999893
1.500755859368621,9.425710501920243,0.05789512598936246,14,0.55,0.55,left,0.49210487401063757,0.058951690498585056,-0.0010565645092225975,1.4999999999999893,9.425710501920243,0.005700961010112796,14,0.55,0.55,left,0.5442990389898873,0.005877336083774089,-0.00017637507366129266,0.0,0.05307435441481097,-0.0008801894355613049,0.052194164979249724,0.0,-0.05307435441481097,0.0008801894355613049,-0.05219416497924967,0.052194164979249724,linear_progress_interpolation,1.4999999999999893,1.5049999999999892,recorded_knot,1.4999999999999893,1.4999999999999893
1.5049999999999892,9.449423766822633,0.0525262133815586,14,0.55,0.55,left,0.49747378661844144,0.054079319582765704,-0.001553106201207105,1.5042738268532707,9.449423766822633,-0.00033953008552138706,14,0.55,0.55,right,0.5496604699144787,0.0002720235226900125,-0.0006115536082113996,0.0,0.05380729606007569,-0.0009415525929957055,0.05286574346707995,0.0,-0.05380729606007569,0.0009415525929957055,-0.05286574346707995,0.05218668329603726,recorded_knot,1.5049999999999892,1.5049999999999892,linear_progress_interpolation,1.4999999999999893,1.5049999999999892
1.5057219919666052,9.453452927755983,0.051599048466485484,14,0.55,0.55,left,0.49840095153351455,0.053250456223810375,-0.0016514077573248909,1.5049999999999892,9.453452927755983,-0.0013658801406890523,14,0.55,0.55,right,0.548634119859311,-0.0006803846118833626,-0.0006854955288056897,0.0,0.05393084083569374,-0.0009659122285192012,0.052964928607174555,0.0,-0.05393084083569374,0.0009659122285192012,-0.0529649286071745,0.05023316832579644,linear_progress_interpolation,1.5049999999999892,1.5099999999999891,recorded_knot,1.5049999999999892,1.5049999999999892
1.5099999999999891,9.477326853835045,0.04610533227799977,14,0.55,0.55,left,0.5038946677220003,0.048339204752677625,-0.0022338724746778574,1.5093105909093474,9.477326853835045,-0.007543357771708569,14,0.55,0.55,right,0.5424566422282915,-0.006333914855245641,-0.001209442916462928,0.0,0.054673119607923266,-0.0010244295582149295,0.05364869004970829,0.0,-0.054673119607923266,0.0010244295582149295,-0.05364869004970829,0.038561974506291175,recorded_knot,1.5099999999999891,1.5099999999999891,linear_progress_interpolation,1.5049999999999892,1.5099999999999891
1.5106849916414145,9.481145101034631,0.04521294080223948,14,0.55,0.55,left,0.5047870591977606,0.04755281861679123,-0.0023398778145517496,1.5099999999999891,9.481145101034631,-0.008531345109318349,14,0.55,0.55,right,0.5414686548906817,-0.007238105307540817,-0.0012932398017775314,0.0,0.05479092392433205,-0.0010466380127742182,0.053744285911557776,0.0,-0.05479092392433205,0.0010466380127742182,-0.053744285911557776,0.036681595692921176,linear_progress_interpolation,1.5099999999999891,1.514999999999989,recorded_knot,1.5099999999999891,1.5099999999999891
1.514999999999989,9.505197611437586,0.03959144640120656,14,0.55,0.55,left,0.5104085535987934,0.042599089922589546,-0.0030076435213829827,1.5143505740702434,9.505197611437586,-0.01484977385647976,14,0.55,0.55,right,0.5351502261435203,-0.012944075231240401,-0.0019056986252393594,0.0,0.05554316515382995,-0.0011019448961436234,0.054441220257686385,0.0,-0.05554316515382995,0.0011019448961436234,-0.054441220257686385,0.02474167254472681,recorded_knot,1.514999999999989,1.514999999999989,linear_progress_interpolation,1.5099999999999891,1.514999999999989
1.5156448156609466,9.508788016675817,0.03874007339804226,14,0.55,0.55,left,0.5112599266019577,0.041858826734962454,-0.003118753336920195,1.514999999999989,9.508788016675817,-0.015792948572596433,14,0.55,0.55,right,0.5342070514274037,-0.013795826003198276,-0.0019971225693981576,0.0,0.055654652738160726,-0.0011216307675220374,0.054533021970638695,0.0,-0.055654652738160726,0.0011216307675220374,-0.054533021970638695,0.02294712482544592,linear_progress_interpolation,1.514999999999989,1.519999999999989,recorded_knot,1.514999999999989,1.514999999999989
1.519999999999989,9.53303816692983,0.032989768939620176,14,0.55,0.55,left,0.5170102310603799,0.03685897509250148,-0.003869206152881305,1.5193938117077825,9.53303816692983,-0.02225443281510565,14,0.55,0.55,right,0.5277455671848944,-0.0195585039970023,-0.002695928818103349,0.0,0.056417479089503786,-0.0011732773347779557,0.055244201754725775,0.0,-0.056417479089503786,0.0011732773347779557,-0.055244201754725775,0.010735336124514494,recorded_knot,1.519999999999989,1.519999999999989,linear_progress_interpolation,1.514999999999989,1.519999999999989
1.5206014646237647,9.536383817163806,0.03218570952578756,14,0.55,0.55,left,0.5178142904742125,0.03616847989115976,-0.003982770365372201,1.519999999999989,9.536383817163806,-0.02314588569442168,14,0.55,0.55,right,0.5268541143055784,-0.02035354669885572,-0.0027923389955659614,0.0,0.056522026590015484,-0.00119043136980624,0.05533159522020925,0.0,-0.056522026590015484,0.00119043136980624,-0.05533159522020925,0.009039823831365923,linear_progress_interpolation,1.519999999999989,1.5249999999999888,recorded_knot,1.519999999999989,1.519999999999989
1.5249999999999888,9.560850694065453,0.026305590169595553,14,0.55,0.55,left,0.5236944098304045,0.031118860262413395,-0.004813270092817842,1.5244403078869184,9.560850694065453,-0.029752531688936518,14,0.55,0.55,right,0.5202474683110635,-0.02617720648389758,-0.003575325205038938,0.0,0.05729606674631098,-0.0012379448877789037,0.056058121858532095,0.0,-0.05729606674631098,0.0012379448877789037,-0.056058121858532095,-0.003446941519340996,recorded_knot,1.5249999999999888,1.5249999999999888,linear_progress_interpolation,1.519999999999989,1.5249999999999888
1.5255549610882913,9.563934695981992,0.025554891527694207,14,0.55,0.55,left,0.5244451084723059,0.030481752187796047,-0.004926860660101839,1.5249999999999888,9.563934695981992,-0.030585286477824537,14,0.55,0.55,right,0.5194147135221755,-0.026911267394513185,-0.0036740190833113515,0.0,0.05739301958230923,-0.001252841576790488,0.05614017800551874,0.0,-0.05739301958230923,0.001252841576790488,-0.05614017800551874,-0.005030394950130357,linear_progress_interpolation,1.5249999999999888,1.5299999999999887,recorded_knot,1.5249999999999888,1.5249999999999888
1.5299999999999887,9.588636443206646,0.019542065143024822,14,0.55,0.55,left,0.5304579348569752,0.02537874543232533,-0.0058366802893005075,1.5294900578742407,9.588636443206646,-0.03734107663976453,14,0.55,0.55,right,0.5126589233602356,-0.032800176483849634,-0.004540900155914893,0.0,0.058178921916174964,-0.001295780133385615,0.056883141782789304,0.0,-0.058178921916174964,0.001295780133385615,-0.056883141782789304,-0.01779901149673968,recorded_knot,1.5299999999999887,1.5299999999999887,linear_progress_interpolation,1.5249999999999888,1.5299999999999887
1.5305052920602593,9.591441855039234,0.018850871765189278,14,0.55,0.55,left,0.5311491282348108,0.024798658542588295,-0.005947786777399017,1.5299999999999887,9.591441855039234,-0.03810834113674196,14,0.55,0.55,right,0.511891658863258,-0.033468988090170626,-0.004639353046571336,0.0,0.05826764663275892,-0.0013084337308276808,0.05695921290193129,0.0,-0.05826764663275892,0.0013084337308276808,-0.05695921290193129,-0.019257469371552705,linear_progress_interpolation,1.5299999999999887,1.5349999999999886,recorded_knot,1.5299999999999887,1.5299999999999887
1.5349999999999886,9.616396743171439,0.012702521914645139,14,0.55,0.55,left,0.5372974780853549,0.019638630602237247,-0.006936108687592108,1.5345430793865877,9.616396743171439,-0.045017218215596864,14,0.55,0.55,right,0.5049827817844031,-0.03942743723327382,-0.005589780982323045,0.0,0.05906606783551106,-0.0013463277052690632,0.05771974013024206,0.0,-0.05906606783551106,0.0013463277052690632,-0.05771974013024206,-0.03231469630095174,recorded_knot,1.5349999999999886,1.5349999999999886,linear_progress_interpolation,1.5299999999999887,1.5349999999999886
1.5354524314358557,9.618906583265,0.012077292659232703,14,0.55,0.55,left,0.5379227073407673,0.01911922892331342,-0.007041936264080718,1.5349999999999886,9.618906583265,-0.04571207914232709,14,0.55,0.55,right,0.5042879208576729,-0.04002670878582809,-0.005685370356498999,0.0,0.05914593770914151,-0.0013565659075817187,0.05778937180155985,0.0,-0.05914593770914151,0.0013565659075817187,-0.05778937180155985,-0.03363478648309437,linear_progress_interpolation,1.5349999999999886,1.5399999999999885,recorded_knot,1.5349999999999886,1.5349999999999886
1.5399999999999885,9.644133985707978,0.0057928643859417326,14,0.55,0.55,left,0.5442071356140583,0.013898515772149164,-0.008105651386207433,1.5395993860182715,9.644133985707978,-0.052775781310832784,14,0.55,0.55,right,0.4972242186891673,-0.046059006561710504,-0.00671677474912228,0.0,0.05995752233385967,-0.0013888766370851527,0.05856864569677456,0.0,-0.05995752233385967,0.0013888766370851527,-0.0585686456967745,-0.04698291692489104,recorded_knot,1.5399999999999885,1.5399999999999885,linear_progress_interpolation,1.5349999999999886,1.5399999999999885
1.5403963955235325,9.64633133337588,0.005239988224813733,14,0.55,0.55,left,0.5447600117751863,0.013443444607494089,-0.008203456382680356,1.5399999999999885,9.64633133337588,-0.05339104122599074,14,0.55,0.55,right,0.4966089587740093,-0.046584429481485556,-0.006806611744505184,0.0,0.060027874088979645,-0.001396844638175172,0.05863102945080445,0.0,-0.060027874088979645,0.001396844638175172,-0.058631029450804506,-0.048151053001177,linear_progress_interpolation,1.5399999999999885,1.5449999999999884,recorded_knot,1.5399999999999885,1.5399999999999885
1.5449999999999884,9.671850591186473,-0.0011809298207252654,14,0.55,0.55,right,0.5488190701792748,0.008158400942061094,-0.009339330762786358,1.5446589643253954,9.671850591186473,-0.06061118419254216,14,0.55,0.55,right,0.48938881580745786,-0.05269486683689581,-0.007916317355646352,0.0,0.0608532677789569,-0.0014230134071400065,0.059430254371816926,0.0,-0.0608532677789569,0.0014230134071400065,-0.059430254371816926,-0.059430254371816926,recorded_knot,1.5449999999999884,1.5449999999999884,linear_progress_interpolation,1.5399999999999885,1.5449999999999884
1.5453372164129833,9.673718598042651,-0.00165534118013344,14,0.55,0.55,right,0.5483446588198666,0.007771268755424873,-0.009426609935558314,1.5449999999999884,9.673718598042651,-0.06113969786109029,14,0.55,0.55,right,0.48886030213890974,-0.053142150177142994,-0.007997547683947295,0.0,0.06091341893256787,-0.0014290622516110185,0.05948435668095686,0.0,-0.06091341893256787,0.0014290622516110185,-0.05948435668095686,-0.05948435668095686,linear_progress_interpolation,1.5449999999999884,1.5499999999999883,recorded_knot,1.5449999999999884,1.5449999999999884
1.5499999999999883,9.699548039830628,-0.008215156820457746,14,0.55,0.55,right,0.5417848431795423,0.002418286111973013,-0.01063344293243076,1.549721801914658,9.699548039830628,-0.06851989416621948,14,0.55,0.55,right,0.48148010583378054,-0.05933500180446781,-0.00918489236175167,0.0,0.06175328791644082,-0.001448550570679089,0.060304737345761805,0.0,-0.06175328791644082,0.001448550570679089,-0.060304737345761805,-0.060304737345761805,recorded_knot,1.5499999999999883,1.5499999999999883,linear_progress_interpolation,1.5449999999999884,1.5499999999999883
1.5502748956622385,9.701069853193497,-0.00860500171648186,14,0.55,0.55,right,0.5413949982835182,0.0021026995784510956,-0.010707701294932955,1.5499999999999883,9.701069853193497,-0.06895471894679099,14,0.55,0.55,right,0.48104528105320904,-0.05969987087280046,-0.009254848073990532,0.0,0.06180257045125155,-0.0014528532209424228,0.06034971723030913,0.0,-0.06180257045125155,0.0014528532209424228,-0.060349717230309186,-0.060349717230309186,linear_progress_interpolation,1.5499999999999883,1.5549999999999882,recorded_knot,1.5499999999999883,1.5499999999999883
1.5549999999999882,9.727227875707477,-0.015305936151657668,14,0.55,0.55,right,0.5346940638483424,-0.003321828718115056,-0.011984107433542612,1.5547878999586808,9.727227875707477,-0.07649842013934717,14,0.55,0.55,right,0.4735015798606529,-0.06597941300237171,-0.010519007136975456,0.0,0.06265758428425666,-0.0014651002965671567,0.061192483987689505,0.0,-0.06265758428425666,0.0014651002965671567,-0.061192483987689505,-0.061192483987689505,recorded_knot,1.5549999999999882,1.5549999999999882,linear_progress_interpolation,1.5499999999999883,1.5549999999999882
1.5552094320512788,9.728386654650981,-0.015605037071942572,14,0.55,0.55,right,0.5343949629280574,-0.003562261522816903,-0.012042775549125669,1.5549999999999882,9.728386654650981,-0.07683259991510605,14,0.55,0.55,right,0.473167400084894,-0.0662575915684579,-0.010575008346648151,0.0,0.062695330045641,-0.0014677672024775174,0.06122756284316344,0.0,-0.062695330045641,0.0014677672024775174,-0.06122756284316344,-0.06122756284316344,linear_progress_interpolation,1.5549999999999882,1.559999999999988,recorded_knot,1.5549999999999882,1.5549999999999882
1.559999999999988,9.754892670478919,-0.0224466989537604,15,0.55,0.55,right,0.5275533010462397,-0.022178057704530758,-0.0002686412492296439,1.5598572409162001,9.754892670478919,-0.0845406593889712,14,0.55,0.55,right,0.46545934061102884,-0.07262807742446555,-0.011912581964505661,0.0,0.05045001971993479,0.011643940715276017,0.06209396043521087,0.0,-0.05045001971993479,-0.011643940715276017,-0.062093960435210815,-0.062093960435210815,recorded_knot,1.559999999999988,1.559999999999988,linear_progress_interpolation,1.5549999999999882,1.559999999999988
1.560140862986143,9.755671708331835,-0.022649094272649377,15,0.55,0.55,right,0.5273509057273507,-0.0223619424449247,-0.00028715182772467637,1.559999999999988,9.755671708331835,-0.08476720683169726,15,0.55,0.55,right,0.4652327931683028,-0.08462257842134974,-0.0001446284103475276,0.0,0.06226063597642503,-0.00014252341737714877,0.06211811255904787,0.0,-0.06226063597642503,0.00014252341737714877,-0.06211811255904787,-0.06211811255904787,linear_progress_interpolation,1.559999999999988,1.564999999999988,recorded_knot,1.559999999999988,1.559999999999988
1.564999999999988,9.782544996834522,-0.029630818942037177,15,0.55,0.55,right,0.5203691810579628,-0.02870513573315054,-0.0009256832088866372,1.5649297877012929,9.782544996834522,-0.09264021041699817,15,0.55,0.55,right,0.4573597895830019,-0.09188319834040264,-0.0007570120765955368,0.0,0.06317806260725209,-0.0001686711322911004,0.06300939147496099,0.0,-0.06317806260725209,0.0001686711322911004,-0.06300939147496093,-0.06300939147496093,recorded_knot,1.564999999999988,1.564999999999988,linear_progress_interpolation,1.559999999999988,1.564999999999988
1.5650692332087117,9.782927738541385,-0.029730836701820272,15,0.55,0.55,right,0.5202691632981797,-0.028795513844252905,-0.0009353228575673667,1.564999999999988,9.782927738541385,-0.09275234134693912,15,0.55,0.55,right,0.45724765865306094,-0.09198660742114931,-0.0007657339257898105,0.0,0.0631910935768964,-0.00016958893177755618,0.0630215046451188,0.0,-0.0631910935768964,0.00016958893177755618,-0.0630215046451188,-0.0630215046451188,linear_progress_interpolation,1.564999999999988,1.5699999999999878,recorded_knot,1.564999999999988,1.564999999999988
1.5699945656652956,9.810156436821462,-0.03684621857672226,15,0.55,0.55,right,0.5131537814232778,-0.03522511969645807,-0.0016210988802641893,1.5699999999999878,9.810156436821462,-0.10078413664523304,15,0.55,0.55,right,0.449215863354767,-0.09935063642095085,-0.0014335002242821943,0.0,0.06412551672449278,-0.00018759865598199504,0.06393791806851079,0.0,-0.06412551672449278,0.00018759865598199504,-0.06393791806851085,-0.06393791806851085,linear_progress_interpolation,1.564999999999988,1.5699999999999878,recorded_knot,1.5699999999999878,1.5699999999999878
1.5699999999999878,9.81018647943503,-0.03685406928871226,15,0.55,0.55,right,0.5131459307112878,-0.03523221376177206,-0.0016218555269401982,1.5700055219059368,9.81018647943503,-0.10079305387618526,15,0.55,0.55,right,0.4492069461238148,-0.09935876911605927,-0.001434284760125984,0.0,0.06412655535428721,-0.0001875707668142143,0.06393898458747294,0.0,-0.06412655535428721,0.0001875707668142143,-0.06393898458747299,-0.06393898458747299,recorded_knot,1.5699999999999878,1.5699999999999878,linear_progress_interpolation,1.5699999999999878,1.5749999999999877
1.574916904134403,9.837359556402209,-0.04399143540323856,15,0.55,0.55,right,0.5060085645967615,-0.04165081715068822,-0.0023406182525503444,1.5749999999999877,9.837359556402209,-0.10885855065617119,15,0.55,0.55,right,0.4411414493438289,-0.10671466542075236,-0.0021438852354188215,0.0,0.06506384827006415,-0.00019673301713152291,0.06486711525293265,0.0,-0.06506384827006415,0.00019673301713152291,-0.0648671152529326,-0.0648671152529326,linear_progress_interpolation,1.5699999999999878,1.5749999999999877,recorded_knot,1.5749999999999877,1.5749999999999877
1.5749999999999877,9.83781878242929,-0.04411205716015457,15,0.55,0.55,right,0.5058879428398455,-0.041759291790393574,-0.0023527653697609993,1.575084519646605,9.83781878242929,-0.10899554988007443,15,0.55,0.55,right,0.4410044501199256,-0.10683914644650086,-0.002156403433573567,0.0,0.06507985465610729,-0.0001963619361874322,0.06488349271991989,0.0,-0.06507985465610729,0.0001963619361874322,-0.06488349271991989,-0.06488349271991989,recorded_knot,1.5749999999999877,1.5749999999999877,linear_progress_interpolation,1.5749999999999877,1.5799999999999876
1.5798351171526483,9.864526377695297,-0.051154763493377386,15,0.55,0.55,right,0.49884523650662266,-0.04807112917698213,-0.003083634316395259,1.5799999999999876,9.864526377695297,-0.11696312925928276,15,0.55,0.55,right,0.4330368707407173,-0.1140786944205539,-0.0028844348387288554,0.0,0.06600756524357178,-0.00019919947766640356,0.06580836576590543,0.0,-0.06600756524357178,0.00019919947766640356,-0.06580836576590537,-0.06580836576590537,linear_progress_interpolation,1.5749999999999877,1.5799999999999876,recorded_knot,1.5799999999999876,1.5799999999999876
1.5799999999999876,9.865437136258949,-0.05139492757555641,15,0.55,0.55,right,0.49860507242444363,-0.0482863698190151,-0.0031085577565413067,1.5801679144745093,9.865437136258949,-0.11723590366375514,15,0.55,0.55,right,0.4327640963362449,-0.11432599983252675,-0.002909903831228383,0.0,0.06603963001351165,-0.00019865392531292353,0.06584097608819872,0.0,-0.06603963001351165,0.00019865392531292353,-0.06584097608819872,-0.06584097608819872,recorded_knot,1.5799999999999876,1.5799999999999876,linear_progress_interpolation,1.5799999999999876,1.5849999999999875
1.584748074238543,9.89164609343886,-0.058325184445056244,15,0.55,0.55,right,0.4916748155549438,-0.05448458002716283,-0.0038406044178934118,1.5849999999999875,9.89164609343886,-0.12508555007050925,15,0.55,0.55,right,0.4249144499294908,-0.12144272342035543,-0.0036428266501538215,0.0,0.0669581433931926,-0.00019777776773959033,0.06676036562545296,0.0,-0.0669581433931926,0.00019777776773959033,-0.06676036562545301,-0.06676036562545301,linear_progress_interpolation,1.5799999999999876,1.5849999999999875,recorded_knot,1.5849999999999875,1.5849999999999875
1.5849999999999875,9.893036701749194,-0.05869289357324945,15,0.55,0.55,right,0.4913071064267506,-0.054813447847636615,-0.003879445725612836,1.5852568133260507,9.893036701749194,-0.12550344556508244,15,0.55,0.55,right,0.42449655443491763,-0.12182095957648842,-0.0036824859885940253,0.0,0.0670075117288518,-0.0001969597370188106,0.06681055199183294,0.0,-0.0670075117288518,0.0001969597370188106,-0.06681055199183294,-0.06681055199183294,recorded_knot,1.5849999999999875,1.5849999999999875,linear_progress_interpolation,1.5849999999999875,1.5899999999999874
1.5896558165278172,9.918720395455255,-0.06549833790433947,15,0.55,0.55,right,0.4845016620956606,-0.060891223400454705,-0.004607114503884763,1.5899999999999874,9.918720395455255,-0.13322172238249888,15,0.55,0.55,right,0.4167782776175012,-0.12880675242015696,-0.004414969962341919,0.0,0.06791552901970226,-0.00019214454154284355,0.0677233844781594,0.0,-0.06791552901970226,0.00019214454154284355,-0.0677233844781594,-0.0677233844781594,linear_progress_interpolation,1.5849999999999875,1.5899999999999874,recorded_knot,1.5899999999999874,1.5899999999999874
1.5899999999999874,9.92061907484373,-0.06600143364394508,15,0.55,0.55,right,0.483998566356055,-0.06134052587625813,-0.004660907767686948,1.5903512091106147,9.92061907484373,-0.1337938899200593,15,0.55,0.55,right,0.41620611007994074,-0.1293240152352877,-0.004469874684771613,0.0,0.06798348935902956,-0.0001910330829153345,0.06779245627611419,0.0,-0.06798348935902956,0.0001910330829153345,-0.06779245627611424,-0.06779245627611424,recorded_knot,1.5899999999999874,1.5899999999999874,linear_progress_interpolation,1.5899999999999874,1.5949999999999873
1.5945583719910168,9.945751006721062,-0.07266983378288153,15,0.55,0.55,right,0.47733016621711855,-0.06729109581004457,-0.005378737972836958,1.5949999999999873,9.945751006721062,-0.14136740426043443,15,0.55,0.55,right,0.4086325957395656,-0.1361707814199585,-0.005196622840475923,0.0,0.06887968560991393,-0.00018211513236103538,0.06869757047755298,0.0,-0.06887968560991393,0.00018211513236103538,-0.06869757047755293,-0.06869757047755293,linear_progress_interpolation,1.5899999999999874,1.5949999999999873,recorded_knot,1.5949999999999873,1.5949999999999873
1.5949999999999873,9.948185859571687,-0.07331588730422028,15,0.55,0.55,right,0.47668411269577976,-0.06786760390487964,-0.005448283399340642,1.5954510747943051,9.948185859571687,-0.14210247794408343,15,0.55,0.55,right,0.4078975220559166,-0.1368351269932457,-0.005267350950837718,0.0,0.06896752308836607,-0.000180932448502924,0.06878659063986303,0.0,-0.06896752308836607,0.000180932448502924,-0.06878659063986314,-0.06878659063986314,recorded_knot,1.5949999999999873,1.5949999999999873,linear_progress_interpolation,1.5949999999999873,1.5999999999999872
1.5994558041864333,9.97274046480314,-0.07983282492459598,15,0.55,0.55,right,0.47016717507540406,-0.07368428022591804,-0.006148544698677941,1.5999999999999872,9.97274046480314,-0.1495154286336493,15,0.55,0.55,right,0.40048457136635074,-0.14353481041976004,-0.0059806182138892605,0.0,0.069850530193842,-0.00016792648478868022,0.06968260370905333,0.0,-0.069850530193842,0.00016792648478868022,-0.06968260370905333,-0.06968260370905333,linear_progress_interpolation,1.5949999999999873,1.5999999999999872,recorded_knot,1.5999999999999872,1.5999999999999872
1.5999999999999872,9.975739365295912,-0.0806287508723719,15,0.55,0.55,right,0.4693712491276282,-0.07439468193350117,-0.0062340689388707266,1.6005563660805817,9.975739365295912,-0.15042154952882417,15,0.55,0.55,right,0.3995784504711759,-0.14435422961016084,-0.0060673199186633275,0.0,0.06995954767665967,-0.000166749020207399,0.06979279865645227,0.0,-0.06995954767665967,0.000166749020207399,-0.06979279865645227,-0.06979279865645227,recorded_knot,1.5999999999999872,1.5999999999999872,linear_progress_interpolation,1.5999999999999872,1.604999999999987
1.6043481741914383,9.99969124952358,-0.08698038113877073,15,0.55,0.55,right,0.46301961886122933,-0.08007085637942915,-0.006909524759341576,1.604999999999987,9.99969124952358,-0.15765863619769216,15,0.55,0.55,right,0.3923413638023079,-0.15089883941956156,-0.0067597967781306,0.0,0.07082798304013241,-0.00014972798121097586,0.07067825505892145,0.0,-0.07082798304013241,0.00014972798121097586,-0.07067825505892145,-0.07067825505892145,linear_progress_interpolation,1.5999999999999872,1.604999999999987,recorded_knot,1.604999999999987,1.604999999999987
1.604999999999987,10.003281826997148,-0.08793254090783853,15,0.55,0.55,right,0.4620674590921615,-0.0809217599621227,-0.007010780945715833,1.6056670520308955,10.003281826997148,-0.15874378888834098,15,0.55,0.55,right,0.3912562111116591,-0.15188127751955885,-0.0068625113687821315,0.0,0.07095951755743615,-0.00014826957693370169,0.07081124798050242,0.0,-0.07095951755743615,0.00014826957693370169,-0.07081124798050242,-0.07081124798050242,recorded_knot,1.604999999999987,1.604999999999987,linear_progress_interpolation,1.604999999999987,1.609999999999987
1.6092355141447166,10.026605023166367,-0.0941078340655986,15,0.55,0.55,right,0.45589216593440146,-0.08645086622491865,-0.007656967840679943,1.609999999999987,10.026605023166367,-0.16579257958117,15,0.55,0.55,right,0.38420742041883005,-0.1582628684193631,-0.007529711161806896,0.0,0.07181200219444445,-0.00012725667887304726,0.07168474551557136,0.0,-0.07181200219444445,0.00012725667887304726,-0.07168474551557141,-0.07168474551557141,linear_progress_interpolation,1.604999999999987,1.609999999999987,recorded_knot,1.609999999999987,1.609999999999987
1.609999999999987,10.030814725450858,-0.09522243883610321,15,0.55,0.55,right,0.45477756116389684,-0.08744883799074421,-0.007773600845358997,1.6107831005800408,10.030814725450858,-0.16706435028510094,15,0.55,0.55,right,0.38293564971489913,-0.15941622349561868,-0.007648126789482262,0.0,0.07196738550487447,-0.00012547405587673421,0.07184191144899776,0.0,-0.07196738550487447,0.00012547405587673421,-0.07184191144899771,-0.07184191144899771,recorded_knot,1.609999999999987,1.609999999999987,linear_progress_interpolation,1.609999999999987,1.614999999999987
1.6141178738908386,10.053483449716648,-0.10121071537287163,15,0.55,0.55,right,0.4487892846271284,-0.09282437483026668,-0.008386340542604953,1.614999999999987,10.053483449716648,-0.17391267766514598,15,0.55,0.55,right,0.3760873223348541,-0.16562689741916464,-0.008285780245981339,0.0,0.07280252258889797,-0.0001005602966236141,0.07270196229227432,0.0,-0.07280252258889797,0.0001005602966236141,-0.07270196229227432,-0.07270196229227432,linear_progress_interpolation,1.609999999999987,1.614999999999987,recorded_knot,1.614999999999987,1.614999999999987
1.614999999999987,10.058339517208264,-0.1024935169403552,15,0.55,0.55,right,0.44750648305964486,-0.09397591601936572,-0.00851760092098948,1.6159044416432486,10.058339517208264,-0.17537766643670152,15,0.55,0.55,right,0.37462233356329855,-0.1669589643170862,-0.008418702119615318,0.0,0.07298304829772048,-9.889880137416152e-05,0.07288414949634625,0.0,-0.07298304829772048,9.889880137416152e-05,-0.0728841494963463,-0.0728841494963463,recorded_knot,1.614999999999987,1.614999999999987,linear_progress_interpolation,1.614999999999987,1.6199999999999868
1.6189953697460506,10.080329114817289,-0.10828248824354583,15,0.55,0.55,right,0.44171751175645424,-0.09919153403651618,-0.009090954207029656,1.6199999999999868,10.080329114817289,-0.18201153502354972,15,0.55,0.55,right,0.3679884649764503,-0.17299092641896616,-0.009020608604583563,0.0,0.07379939238244998,-7.034560244609245e-05,0.07372904678000392,0.0,-0.07379939238244998,7.034560244609245e-05,-0.07372904678000392,-0.07372904678000392,linear_progress_interpolation,1.614999999999987,1.6199999999999868,recorded_knot,1.6199999999999868,1.6199999999999868
1.6199999999999868,10.085858369037545,-0.10973811715400728,15,0.55,0.55,right,0.44026188284599277,-0.10050299404798724,-0.009235123106020038,1.621030984987609,10.085858369037545,-0.1836755981620839,15,0.55,0.55,right,0.36632440183791615,-0.1745093670884082,-0.009166231073675701,0.0,0.07400637304042096,-6.88920323443365e-05,0.07393748100807662,0.0,-0.07400637304042096,6.88920323443365e-05,-0.07393748100807662,-0.07393748100807662,recorded_knot,1.6199999999999868,1.6199999999999868,linear_progress_interpolation,1.6199999999999868,1.6249999999999867
1.6238681019477488,10.107144511193761,-0.11531632381574779,15,0.55,0.55,right,0.43468367618425224,-0.10555247469512843,-0.009763849120619353,1.6249999999999867,10.107144511193761,-0.1900817938464837,15,0.55,0.55,right,0.35991820615351633,-0.1803549554187677,-0.00972683842771599,0.0,0.07480248072363926,-3.701069290336367e-05,0.07476547003073597,0.0,-0.07480248072363926,3.701069290336367e-05,-0.07476547003073591,-0.07476547003073591,linear_progress_interpolation,1.6199999999999868,1.6249999999999867,recorded_knot,1.6249999999999867,1.6249999999999867
1.6249999999999867,10.113373339485172,-0.11694863892550285,15,0.55,0.55,right,0.4330513610744972,-0.10703007207660876,-0.009918566848894084,1.6261626748938145,10.113373339485172,-0.1919506673054139,15,0.55,0.55,right,0.35804933269458616,-0.18206734974586558,-0.009883317559548327,0.0,0.07503727766925682,-3.5249289345756774e-05,0.07500202837991099,0.0,-0.07503727766925682,3.5249289345756774e-05,-0.07500202837991105,-0.07500202837991105,recorded_knot,1.6249999999999867,1.6249999999999867,linear_progress_interpolation,1.6249999999999867,1.6299999999999866
1.6287361078784983,10.133931140562284,-0.12230731219972968,15,0.55,0.55,right,0.42769268780027037,-0.1119072456058875,-0.010400066593842183,1.6299999999999866,10.133931140562284,-0.19811875013087277,15,0.55,0.55,right,0.3518812498691273,-0.1877189844185692,-0.010399765712303555,0.0,0.07581173881268172,-3.0088153862850575e-07,0.07581143793114309,0.0,-0.07581173881268172,3.0088153862850575e-07,-0.07581143793114309,-0.07581143793114309,linear_progress_interpolation,1.6249999999999867,1.6299999999999866,recorded_knot,1.6299999999999866,1.6299999999999866
1.6299999999999866,10.140885662128946,-0.1241201037874349,15,0.55,0.55,right,0.42587989621256517,-0.11355715010523028,-0.010562953682204626,1.6312994572769268,10.140885662128946,-0.20019758227619935,15,0.55,0.55,right,0.3498024177238007,-0.1896328326328475,-0.010564749643351856,0.0,0.07607568252761722,1.7959611472301296e-06,0.07607747848876445,0.0,-0.07607568252761722,-1.7959611472301296e-06,-0.07607747848876445,-0.07607747848876445,recorded_knot,1.6299999999999866,1.6299999999999866,linear_progress_interpolation,1.6299999999999866,1.6349999999999865
1.6335994540592138,10.160690471900356,-0.12925102304154007,15,0.55,0.55,right,0.42074897695846,-0.11825593360623331,-0.010995089435306762,1.6349999999999865,10.160690471900356,-0.20611759773524183,15,0.55,0.55,right,0.3438824022647582,-0.19508301341837075,-0.011034584316871071,0.0,0.07682707981213745,3.949488156430869e-05,0.07686657469370184,0.0,-0.07682707981213745,-3.949488156430869e-05,-0.07686657469370178,-0.07686657469370178,linear_progress_interpolation,1.6299999999999866,1.6349999999999865,recorded_knot,1.6349999999999865,1.6349999999999865
1.6349999999999865,10.168396514393667,-0.13124746139455873,15,0.55,0.55,right,0.4187525386054413,-0.1200842281338518,-0.011163233260706923,1.636441227355211,10.168396514393667,-0.20841007821343652,15,0.55,0.55,right,0.34158992178656356,-0.19720566142620682,-0.011204416787229693,0.0,0.07712143329235502,4.118352652277002e-05,0.07716261681887782,0.0,-0.07712143329235502,-4.118352652277002e-05,-0.07716261681887776,-0.07716261681887776,recorded_knot,1.6349999999999865,1.6349999999999865,linear_progress_interpolation,1.6349999999999865,1.6399999999999864
1.6384582815384028,10.187424777439922,-0.13614135244094897,15,0.55,0.55,right,0.4138586475590511,-0.12459872282308883,-0.011542629617860137,1.6399999999999864,10.187424777439922,-0.21407082062503882,15,0.55,0.55,right,0.33592917937496125,-0.2024470424181723,-0.011623778206866525,0.0,0.07784831959508347,8.114858900638844e-05,0.07792946818408986,0.0,-0.07784831959508347,-8.114858900638844e-05,-0.07792946818408986,-0.07792946818408986,linear_progress_interpolation,1.6349999999999865,1.6399999999999864,recorded_knot,1.6399999999999864,1.6399999999999864
1.6399999999999864,10.195907668177533,-0.13832307249218972,15,0.55,0.55,right,0.4116769275078103,-0.12661130616247335,-0.011711766329716378,1.6415878768982064,10.195907668177533,-0.21657971628474107,15,0.55,0.55,right,0.333420283715259,-0.2047856767234938,-0.011794039561247277,0.0,0.07817437056102045,8.227323153089938e-05,0.07825664379255126,0.0,-0.07817437056102045,-8.227323153089938e-05,-0.07825664379255132,-0.07825664379255132,recorded_knot,1.6399999999999864,1.6399999999999864,linear_progress_interpolation,1.6399999999999864,1.6449999999999863
1.6433127019258362,10.214136201817718,-0.1429716682257826,15,0.55,0.55,right,0.40702833177421743,-0.13093575895359078,-0.012035909272191836,1.6449999999999863,10.214136201817718,-0.22197097857341205,15,0.55,0.55,right,0.32802902142658796,-0.20981107141797384,-0.012159907155438215,0.0,0.07887531246438306,0.0001239978832463795,0.07899931034762941,0.0,-0.07887531246438306,-0.0001239978832463795,-0.07899931034762947,-0.07899931034762947,linear_progress_interpolation,1.6399999999999864,1.6449999999999863,recorded_knot,1.6449999999999863,1.6449999999999863
1.6449999999999863,10.22342075877277,-0.14533939306319946,15,0.55,0.55,right,0.4046606069368006,-0.13313838419109483,-0.012201008872104624,1.646739349066007,10.22342075877277,-0.22469906966186767,15,0.55,0.55,right,0.32530093033813234,-0.21237279481056467,-0.012326274851302998,0.0,0.07923441061946984,0.00012526597919837457,0.07935967659866827,0.0,-0.07923441061946984,-0.00012526597919837457,-0.07935967659866827,-0.07935967659866827,recorded_knot,1.6449999999999863,1.6449999999999863,linear_progress_interpolation,1.6449999999999863,1.6499999999999861
1.6481627518343511,10.24082594781647,-0.14973691090779276,15,0.55,0.55,right,0.4002630890922073,-0.137267089792708,-0.012469821115084767,1.6499999999999861,10.24082594781647,-0.22981325457697735,15,0.55,0.55,right,0.3201867454230227,-0.21717510041777538,-0.01263815415920197,0.0,0.07990801062506739,0.00016833304411720262,0.08007634366918459,0.0,-0.07990801062506739,-0.00016833304411720262,-0.08007634366918459,-0.08007634366918459,linear_progress_interpolation,1.6449999999999863,1.6499999999999861,recorded_knot,1.6499999999999861,1.6499999999999861
1.6499999999999861,10.250936653087624,-0.15229143684483903,15,0.55,0.55,right,0.397708563155161,-0.13966546221971635,-0.012625974625122688,1.651895576866582,10.250936653087624,-0.23276258814211914,15,0.55,0.55,right,0.3172374118578809,-0.2199669170211683,-0.012795671120950841,0.0,0.08030145480145195,0.00016969649582815327,0.08047115129728011,0.0,-0.08030145480145195,-0.00016969649582815327,-0.08047115129728011,-0.08047115129728011,recorded_knot,1.6499999999999861,1.6499999999999861,linear_progress_interpolation,1.6499999999999861,1.654999999999986
1.6530085048667027,10.26749515192348,-0.15643279290314183,15,0.55,0.55,right,0.3935672070968582,-0.14359281142262575,-0.012839981480516072,1.654999999999986,10.26749515192348,-0.23759276913298247,15,0.55,0.55,right,0.3124072308670176,-0.2245391294175769,-0.013053639715405574,0.0,0.08094631799495114,0.0002136582348895022,0.08115997622984061,0.0,-0.08094631799495114,-0.0002136582348895022,-0.08115997622984061,-0.08115997622984061,linear_progress_interpolation,1.6499999999999861,1.654999999999986,recorded_knot,1.654999999999986,1.654999999999986
1.654999999999986,10.278456134639814,-0.15917418465774621,15,0.55,0.55,right,0.3908258153422538,-0.1461925402483379,-0.012981644409408327,1.65705643326122,10.278456134639814,-0.2407635146802657,15,0.55,0.55,right,0.30923648531973436,-0.22756785625195375,-0.01319565842831194,0.0,0.08137531600361586,0.00021401401890361327,0.08158933002251945,0.0,-0.08137531600361586,-0.00021401401890361327,-0.08158933002251945,-0.08158933002251945,recorded_knot,1.654999999999986,1.654999999999986,linear_progress_interpolation,1.654999999999986,1.659999999999986
1.657850112534467,10.29414562223769,-0.1630537805136594,15,0.55,0.55,right,0.38694621948634067,-0.14991312162891973,-0.01314065888473967,1.659999999999986,10.29414562223769,-0.24530210161426244,16,0.55,0.55,right,0.3046978983857376,-0.24514421714229834,-0.0001578844719641037,0.0,0.0952310955133786,-0.012982774412775566,0.0822483211006031,0.0,-0.0952310955133786,0.012982774412775566,-0.0822483211006031,-0.0822483211006031,linear_progress_interpolation,1.654999999999986,1.659999999999986,recorded_knot,1.659999999999986,1.659999999999986
1.659999999999986,10.305980464658475,-0.16598022443508392,16,0.55,0.55,right,0.3840197755649161,-0.1656982633822171,-0.00028196105286681927,1.6622218055363587,10.305980464658475,-0.24869339570150825,16,0.55,0.55,right,0.30130660429849176,-0.24796426543566402,-0.00072913026584423,0.0,0.08226600205344692,0.00044716921297741075,0.08271317126642441,0.0,-0.08226600205344692,-0.00044716921297741075,-0.08271317126642436,-0.08271317126642436,recorded_knot,1.659999999999986,1.659999999999986,linear_progress_interpolation,1.659999999999986,1.6649999999999858
1.6626876851515096,10.320779011674883,-0.16959357348521534,16,0.55,0.55,right,0.38040642651478473,-0.16862713805937624,-0.0009664354258391017,1.6649999999999858,10.320779011674883,-0.2529339443469579,16,0.55,0.55,right,0.29706605565304217,-0.2514905157881521,-0.0014434285588057483,0.0,0.08286337772877589,0.0004769931329666466,0.08334037086174251,0.0,-0.08286337772877589,-0.0004769931329666466,-0.08334037086174256,-0.08334037086174256,linear_progress_interpolation,1.659999999999986,1.6649999999999858,recorded_knot,1.6649999999999858,1.6649999999999858
1.6649999999999858,10.333510748494025,-0.1727022711898589,16,0.55,0.55,right,0.3772977288101411,-0.17114695716894918,-0.0015553140209097205,1.6673916469478816,10.333510748494025,-0.2565451303221978,16,0.55,0.55,right,0.29345486967780227,-0.2545261369455113,-0.0020189933766864843,0.0,0.08337917977656212,0.0004636793557767638,0.0838428591323388,0.0,-0.08337917977656212,-0.0004636793557767638,-0.08384285913233885,-0.08384285913233885,recorded_knot,1.6649999999999858,1.6649999999999858,linear_progress_interpolation,1.6649999999999858,1.6699999999999857
1.6675212500485617,10.347396102525902,-0.17604706419358318,16,0.55,0.55,right,0.37395293580641686,-0.1738944610638446,-0.002152603129738584,1.6699999999999857,10.347396102525902,-0.26048352430987204,16,0.55,0.55,right,0.289516475690128,-0.2578368144340077,-0.0026467098758643504,0.0,0.08394235337016309,0.0004941067461257664,0.0844364601162888,0.0,-0.08394235337016309,-0.0004941067461257664,-0.08443646011628886,-0.08443646011628886,linear_progress_interpolation,1.6649999999999858,1.6699999999999857,recorded_knot,1.6699999999999857,1.6699999999999857
1.6699999999999857,10.361047394531415,-0.17933547483741757,16,0.55,0.55,right,0.37066452516258247,-0.17659565095568272,-0.002739823881734854,1.6725658895196094,10.361047394531415,-0.26431312603272994,16,0.55,0.55,right,0.2856868739672701,-0.26109359467076826,-0.0032195313619616805,0.0,0.08449794371508554,0.0004797074802268264,0.08497765119531231,0.0,-0.08449794371508554,-0.0004797074802268264,-0.08497765119531236,-0.08497765119531236,recorded_knot,1.6699999999999857,1.6699999999999857,linear_progress_interpolation,1.6699999999999857,1.6749999999999856
1.672350877030755,10.373997583028295,-0.18241019342151893,16,0.55,0.55,right,0.3675898065784811,-0.1791574927698681,-0.0032527006516508417,1.6749999999999856,10.373997583028295,-0.267946046942997,16,0.55,0.55,right,0.28205395305700304,-0.2641831130798632,-0.0037629338631338105,0.0,0.08502562030999511,0.0005102332114829689,0.08553585352147808,0.0,-0.08502562030999511,-0.0005102332114829689,-0.08553585352147808,-0.08553585352147808,linear_progress_interpolation,1.6699999999999857,1.6749999999999856,recorded_knot,1.6749999999999856,1.6749999999999856
1.6749999999999856,10.388590707787241,-0.18587498869513594,16,0.55,0.55,right,0.3641250113048641,-0.18204434474241624,-0.0038306439527197034,1.6777427361564325,10.388590707787241,-0.2719904127675992,16,0.55,0.55,right,0.2780095872324008,-0.2676643576309829,-0.004326055136616325,0.0,0.08562001288856666,0.0004954111838966213,0.0861154240724632,0.0,-0.08562001288856666,-0.0004954111838966213,-0.08611542407246325,-0.08611542407246325,recorded_knot,1.6749999999999856,1.6749999999999856,linear_progress_interpolation,1.6749999999999856,1.6799999999999855
1.6771788119732849,10.400600806828448,-0.18868182007455042,16,0.55,0.55,right,0.3613181799254496,-0.18441868059469158,-0.004263139479858846,1.6799999999999855,10.400600806828448,-0.2753189140251911,16,0.55,0.55,right,0.27468108597480895,-0.2705294117257187,-0.004789502299472392,0.0,0.08611073113102713,0.0005263628196135461,0.08663709395064068,0.0,-0.08611073113102713,-0.0005263628196135461,-0.08663709395064068,-0.08663709395064068,linear_progress_interpolation,1.6749999999999856,1.6799999999999855,recorded_knot,1.6799999999999855,1.6799999999999855
1.6799999999999855,10.41615182638854,-0.19231618558089583,16,0.55,0.55,right,0.35768381441910424,-0.18749303852914978,-0.004823147051746052,1.6829206850673744,10.41615182638854,-0.2795717464866351,16,0.55,0.55,right,0.27042825351336497,-0.2742365196633469,-0.005335226823288186,0.0,0.08674348113419711,0.0005120797715421344,0.08725556090573927,0.0,-0.08674348113419711,-0.0005120797715421344,-0.08725556090573927,-0.08725556090573927,recorded_knot,1.6799999999999855,1.6799999999999855,linear_progress_interpolation,1.6799999999999855,1.6849999999999854
1.6820063829855338,10.427223019085648,-0.19485958671489684,16,0.55,0.55,right,0.3551404132851032,-0.18967947183058284,-0.005180114884313997,1.6849999999999854,10.427223019085648,-0.28259945328792985,16,0.55,0.55,right,0.2674005467120702,-0.2768757103715742,-0.005723742916355634,0.0,0.08719623854099137,0.0005436280320416376,0.08773986657303312,0.0,-0.08719623854099137,-0.0005436280320416376,-0.08773986657303301,-0.08773986657303301,linear_progress_interpolation,1.6799999999999855,1.6849999999999854,recorded_knot,1.6849999999999854,1.6849999999999854
1.6849999999999854,10.443741755073273,-0.19865445985933802,16,0.55,0.55,right,0.351345540140662,-0.1929417323158833,-0.0057127275434547264,1.6881001813178242,10.443741755073273,-0.2870533738862722,16,0.55,0.55,right,0.2629466261137278,-0.28081064567143577,-0.006242728214836457,0.0,0.08786891335555247,0.0005300006713817307,0.08839891402693412,0.0,-0.08786891335555247,-0.0005300006713817307,-0.08839891402693417,-0.08839891402693417,recorded_knot,1.6849999999999854,1.6849999999999854,linear_progress_interpolation,1.6849999999999854,1.6899999999999853
1.6868326056216372,10.453864583391216,-0.20093809975917015,16,0.55,0.55,right,0.3490619002408299,-0.19493879368872874,-0.0059993060704414125,1.6899999999999853,10.453864583391216,-0.28978277603862507,16,0.55,0.55,right,0.260217223961375,-0.2832220090174297,-0.006560767021195346,0.0,0.08828321532870098,0.0005614609507539337,0.08884467627945503,0.0,-0.08828321532870098,-0.0005614609507539337,-0.08884467627945491,-0.08884467627945491,linear_progress_interpolation,1.6849999999999854,1.6899999999999853,recorded_knot,1.6899999999999853,1.6899999999999853
1.6899999999999853,10.471360431449531,-0.20488504180466047,16,0.55,0.55,right,0.34511495819533955,-0.1983904261026168,-0.006494615702043655,1.6932811488688453,10.471360431449531,-0.2944297081164514,16,0.55,0.55,right,0.25557029188354863,-0.2873866391420891,-0.007043068974362299,0.0,0.0889962130394723,0.0005484532723186442,0.08954466631179092,0.0,-0.0889962130394723,-0.0005484532723186442,-0.08954466631179092,-0.08954466631179092,recorded_knot,1.6899999999999853,1.6899999999999853,linear_progress_interpolation,1.6899999999999853,1.6949999999999852
1.6916575455639007,10.4805257450111,-0.20691327172711993,16,0.55,0.55,right,0.3430867282728801,-0.20019671774568357,-0.006716553981436363,1.6949999999999852,10.4805257450111,-0.296864033646179,16,0.55,0.55,right,0.253135966353821,-0.2895683076632853,-0.0072957259828937415,0.0,0.08937158991760172,0.0005791720014573787,0.08995076191905904,0.0,-0.08937158991760172,-0.0005791720014573787,-0.0899507619190591,-0.0899507619190591,linear_progress_interpolation,1.6899999999999853,1.6949999999999852,recorded_knot,1.6949999999999852,1.6949999999999852
1.6949999999999852,10.49900767615006,-0.21100321425980675,16,0.55,0.55,right,0.3389967857401933,-0.20383911988935033,-0.007164094370456425,1.6984634456901246,10.49900767615006,-0.3016937160941097,16,0.55,0.55,right,0.24830628390589032,-0.2939643198019506,-0.00772939629215913,0.0,0.09012519991260026,0.0005653019217027044,0.09069050183430305,0.0,-0.09012519991260026,-0.0005653019217027044,-0.090690501834303,-0.090690501834303,recorded_knot,1.6949999999999852,1.6949999999999852,linear_progress_interpolation,1.6949999999999852,1.699999999999985
1.6964813443186908,10.507207166913538,-0.21278059067579858,16,0.55,0.55,right,0.33721940932420147,-0.20545339820641922,-0.007327192469379351,1.699999999999985,10.507207166913538,-0.3038364000119643,16,0.55,0.55,right,0.24616359998803572,-0.2959146063091408,-0.007921793702823532,0.0,0.09046120810272157,0.0005946012334441808,0.09105580933616575,0.0,-0.09046120810272157,-0.0005946012334441808,-0.09105580933616575,-0.09105580933616575,linear_progress_interpolation,1.6949999999999852,1.699999999999985,recorded_knot,1.699999999999985,1.699999999999985
1.699999999999985,10.526683519841294,-0.2170024150990312,16,0.55,0.55,right,0.33299758490096887,-0.2092878136760839,-0.007714601422947304,1.7036469608958034,10.526683519841294,-0.3088377126805011,16,0.55,0.55,right,0.24116228731949896,-0.30054354690806484,-0.008294165772436246,0.0,0.09125573323198094,0.0005795643494889424,0.09183529758146991,0.0,-0.09125573323198094,-0.0005795643494889424,-0.09183529758146991,-0.09183529758146991,recorded_knot,1.699999999999985,1.699999999999985,linear_progress_interpolation,1.699999999999985,1.704999999999985
1.701304095921249,10.533909335491884,-0.21853442563298756,16,0.55,0.55,right,0.3314655743670125,-0.2107089375447831,-0.007825488088204463,1.704999999999985,10.533909335491884,-0.3106932224614062,16,0.55,0.55,right,0.23930677753859386,-0.30226090495499636,-0.008432317506409825,0.0,0.09155196741021326,0.0006068294182053624,0.09215879682841865,0.0,-0.09155196741021326,-0.0006068294182053624,-0.09215879682841865,-0.09215879682841865,linear_progress_interpolation,1.699999999999985,1.704999999999985,recorded_knot,1.704999999999985,1.704999999999985
1.704999999999985,10.554387830286446,-0.22287625654342247,16,0.55,0.55,right,0.3271237434565776,-0.21473650746281742,-0.008139749080605052,1.7088316644353534,10.554387830286446,-0.3158558271758688,16,0.55,0.55,right,0.23414417282413125,-0.30712428231850664,-0.008731544857362161,0.0,0.09238777485568922,0.0005917957767571091,0.09297957063244633,0.0,-0.09238777485568922,-0.0005917957767571091,-0.09297957063244633,-0.09297957063244633,recorded_knot,1.704999999999985,1.704999999999985,linear_progress_interpolation,1.704999999999985,1.7099999999999849
1.7061258076674362,10.560632049784834,-0.22416961112485753,16,0.55,0.55,right,0.3258303888751425,-0.21596334371135711,-0.008206267413500418,1.7099999999999849,10.560632049784834,-0.31742998764732483,16,0.55,0.55,right,0.23257001235267521,-0.3086072036008518,-0.00882278404647302,0.0,0.0926438598894947,0.0006165166329726024,0.09326037652246721,0.0,-0.0926438598894947,-0.0006165166329726024,-0.09326037652246727,-0.09326037652246727,linear_progress_interpolation,1.704999999999985,1.7099999999999849,recorded_knot,1.7099999999999849,1.7099999999999849
1.7099999999999849,10.582120007277764,-0.22862037527181567,16,0.55,0.55,right,0.3213796247281844,-0.22018520124955093,-0.008435174022264735,1.7140175014275754,10.582120007277764,-0.3227429351893372,16,0.55,0.55,right,0.22725706481066282,-0.31370645637478,-0.009036478814557214,0.0,0.09352125512522907,0.0006013047922924786,0.0941225599175215,0.0,-0.09352125512522907,-0.0006013047922924786,-0.09412255991752155,-0.09412255991752155,recorded_knot,1.7099999999999849,1.7099999999999849,linear_progress_interpolation,1.7099999999999849,1.7149999999999848
1.7109465250416473,10.58737498675725,-0.2296823956646733,16,0.55,0.55,right,0.32031760433532674,-0.22121666627224978,-0.008465729392423516,1.7149999999999848,10.58737498675725,-0.3240422411060606,16,0.55,0.55,right,0.22595775889393943,-0.3149535022467073,-0.009088738859353296,0.0,0.09373683597445753,0.0006230094669297803,0.09435984544138731,0.0,-0.09373683597445753,-0.0006230094669297803,-0.09435984544138731,-0.09435984544138731,linear_progress_interpolation,1.7099999999999849,1.7149999999999848,recorded_knot,1.7149999999999848,1.7149999999999848
1.7149999999999848,10.60987933348775,-0.23423047720315046,16,0.55,0.55,right,0.31576952279684956,-0.22563389503628445,-0.008596582166866013,1.7192043874623362,10.60987933348775,-0.3294924001218727,16,0.55,0.55,right,0.22050759987812735,-0.320289961938502,-0.009202438183370687,0.0,0.09465606690221756,0.0006058560165046745,0.09526192291872215,0.0,-0.09465606690221756,-0.0006058560165046745,-0.09526192291872221,-0.09526192291872221,recorded_knot,1.7149999999999848,1.7149999999999848,linear_progress_interpolation,1.7149999999999848,1.7199999999999847
1.7157663251072484,10.614137918256805,-0.23506886490234022,16,0.55,0.55,right,0.3149311350976598,-0.2264689892063975,-0.008599875695942727,1.7199999999999847,10.614137918256805,-0.3305237548397684,16,0.55,0.55,right,0.21947624516023162,-0.3212998008925628,-0.009223953947205599,0.0,0.09483081168616533,0.0006240782512628718,0.09545488993742812,0.0,-0.09483081168616533,-0.0006240782512628718,-0.09545488993742818,-0.09545488993742818,linear_progress_interpolation,1.7149999999999848,1.7199999999999847,recorded_knot,1.7199999999999847,1.7199999999999847
1.7199999999999847,10.637665091312266,-0.23970066010100338,16,0.55,0.55,right,0.31029933989899666,-0.231082588823018,-0.00861807127798539,1.72439226129788,10.637665091312266,-0.3360972923913403,16,0.55,0.55,right,0.21390270760865976,-0.32687472127797823,-0.009222571113362055,0.0,0.09579213245496024,0.0006044998353766651,0.0963966322903369,0.0,-0.09579213245496024,-0.0006044998353766651,-0.0963966322903369,-0.0963966322903369,recorded_knot,1.7199999999999847,1.7199999999999847,linear_progress_interpolation,1.7199999999999847,1.7249999999999845
1.720585257364136,10.640920447186419,-0.24032390512237797,16,0.55,0.55,right,0.30967609487762204,-0.23172036645575633,-0.00860353866662164,1.7249999999999845,10.640920447186419,-0.3368684793148839,16,0.55,0.55,right,0.21313152068511615,-0.3276460995384184,-0.009222379776465506,0.0,0.09592573308266206,0.0006188411098438651,0.09654457419250595,0.0,-0.09592573308266206,-0.0006188411098438651,-0.0965445741925059,-0.0965445741925059,linear_progress_interpolation,1.7199999999999847,1.7249999999999845,recorded_knot,1.7249999999999845,1.7249999999999845
1.7249999999999845,10.665476410516023,-0.24502519815511478,16,0.55,0.55,right,0.30497480184488523,-0.2365312826097515,-0.008493915545363273,1.7295811027396553,10.665476410516023,-0.3425525732908183,16,0.55,0.55,right,0.20744742670918176,-0.3334607087610779,-0.009091864529740368,0.0,0.09692942615132641,0.0005979489843770947,0.09752737513570353,0.0,-0.09692942615132641,-0.0005979489843770947,-0.09752737513570348,-0.09752737513570348,recorded_knot,1.7249999999999845,1.7249999999999845,linear_progress_interpolation,1.7249999999999845,1.7299999999999844
1.7254033307791963,10.667721814373579,-0.24544264378992034,16,0.55,0.55,right,0.30455735621007973,-0.23697080779188942,-0.008471835998030919,1.7299999999999844,10.667721814373579,-0.34307232836493035,16,0.55,0.55,right,0.2069276716350697,-0.3339923981842739,-0.009079930180656448,0.0,0.09702159039238448,0.0006080941826255293,0.09762968457501009,0.0,-0.09702159039238448,-0.0006080941826255293,-0.09762968457501003,-0.09762968457501003,linear_progress_interpolation,1.7249999999999845,1.7299999999999844,recorded_knot,1.7299999999999844,1.7299999999999844
1.7299999999999844,10.69331217179792,-0.25020017681185713,16,0.55,0.55,right,0.2997998231881429,-0.24197997639648505,-0.008220200415372081,1.7347708800623103,10.69331217179792,-0.3488536440579598,16,0.55,0.55,right,0.20114635594204022,-0.3400478841200895,-0.008805759937870306,0.0,0.09806790772360446,0.0005855595224982246,0.09865346724610269,0.0,-0.09806790772360446,-0.0005855595224982246,-0.09865346724610269,-0.09865346724610269,recorded_knot,1.7299999999999844,1.7299999999999844,linear_progress_interpolation,1.7299999999999844,1.7349999999999843
1.7302205696030175,10.694541140252698,-0.25042169871946046,16,0.55,0.55,right,0.2995783012805396,-0.24222033964160278,-0.008201359077857684,1.7349999999999843,10.694541140252698,-0.34913128983273445,16,0.55,0.55,right,0.2008687101672656,-0.3403386968301294,-0.008792593002605043,0.0,0.09811835718852663,0.0005912339247473586,0.09870959111327393,0.0,-0.09811835718852663,-0.0005912339247473586,-0.09870959111327399,-0.09870959111327399,linear_progress_interpolation,1.7299999999999844,1.7349999999999843,recorded_knot,1.7349999999999843,1.7349999999999843
1.7349999999999843,10.721171143249046,-0.25522176420552223,16,0.55,0.55,right,0.2947782357944778,-0.24742867018321857,-0.007793094022303659,1.7399615362754737,10.721171143249046,-0.3549943906430812,16,0.55,0.55,right,0.19500560935691885,-0.3466361750194297,-0.008358215623651466,0.0,0.09920750483621116,0.0005651216013478066,0.09977262643755902,0.0,-0.09920750483621116,-0.0005651216013478066,-0.09977262643755896,-0.09977262643755896,recorded_knot,1.7349999999999843,1.7349999999999843,linear_progress_interpolation,1.7349999999999843,1.7399999999999842
1.7350370227932248,10.721377589204915,-0.2552577727078183,16,0.55,0.55,right,0.29474222729218175,-0.24746901535591798,-0.007788757351900322,1.7399999999999842,10.721377589204915,-0.355039843640263,16,0.55,0.55,right,0.19496015635973707,-0.34668499547598497,-0.008354848164278006,0.0,0.099215980120067,0.0005660908123776842,0.09978207093244473,0.0,-0.099215980120067,-0.0005660908123776842,-0.09978207093244468,-0.09978207093244468,linear_progress_interpolation,1.7349999999999843,1.7399999999999842,recorded_knot,1.7399999999999842,1.7399999999999842
1.7398526053093724,10.748230169699143,-0.2599414256392374,16,0.55,0.55,right,0.29005857436076266,-0.2527167422629652,-0.00722468337627219,1.7449999999999841,10.748230169699143,-0.36079264661032573,16,0.55,0.55,right,0.18920735338967432,-0.3530312941218404,-0.007761352488485307,0.0,0.10031455185887522,0.0005366691122131173,0.10085122097108834,0.0,-0.10031455185887522,-0.0005366691122131173,-0.10085122097108834,-0.10085122097108834,linear_progress_interpolation,1.7349999999999843,1.7399999999999842,recorded_knot,1.7449999999999841,1.7449999999999841
1.7399999999999842,10.749052069807968,-0.2600847822471753,16,0.55,0.55,right,0.28991521775282475,-0.25287736396995214,-0.007207418277223154,1.745152954778213,10.749052069807968,-0.3609637548784385,16,0.55,0.55,right,0.18903624512156153,-0.3532254334622306,-0.007738321416207894,0.0,0.10034806949227848,0.0005309031389847396,0.10087897263126333,0.0,-0.10034806949227848,-0.0005309031389847396,-0.10087897263126322,-0.10087897263126322,recorded_knot,1.7399999999999842,1.7399999999999842,linear_progress_interpolation,1.7449999999999841,1.749999999999984
1.744667407231517,10.775097591506478,-0.26447162647548317,16,0.55,0.55,right,0.2855283735245169,-0.25796361852647365,-0.00650800794900952,1.749999999999984,10.775097591506478,-0.3663860733111458,16,0.55,0.55,right,0.18361392668885423,-0.359377592767696,-0.007008480543449824,0.0,0.10141397424122234,0.0005004725944403043,0.10191444683566264,0.0,-0.10141397424122234,-0.0005004725944403043,-0.10191444683566264,-0.10191444683566264,linear_progress_interpolation,1.7399999999999842,1.7449999999999841,recorded_knot,1.749999999999984,1.749999999999984
1.7449999999999841,10.776953558157375,-0.26478422672533286,16,0.55,0.55,right,0.2852157732746672,-0.2583260577566856,-0.00645816896864726,1.7503452208664538,10.776953558157375,-0.36676101849554105,16,0.55,0.55,right,0.183238981504459,-0.3598157677111757,-0.006945250784365364,0.0,0.10148970995449008,0.0004870818157181045,0.10197679177020813,0.0,-0.10148970995449008,-0.0004870818157181045,-0.10197679177020819,-0.10197679177020819,recorded_knot,1.7449999999999841,1.7449999999999841,linear_progress_interpolation,1.749999999999984,1.754999999999984
1.7494814632274698,10.801978449982327,-0.2688466130375519,16,0.55,0.55,right,0.2811533869624481,-0.2632096819253009,-0.005636931112250998,1.754999999999984,10.801978449982327,-0.3718165849170834,16,0.55,0.55,right,0.17818341508291663,-0.3657238914135515,-0.006092693503531921,0.0,0.10251420948825057,0.0004557623912809228,0.10296997187953139,0.0,-0.10251420948825057,-0.0004557623912809228,-0.1029699718795315,-0.1029699718795315,linear_progress_interpolation,1.7449999999999841,1.749999999999984,recorded_knot,1.754999999999984,1.754999999999984
1.749999999999984,10.804874005737386,-0.2693166596674394,16,0.55,0.55,right,0.28068334033256065,-0.2637747515434192,-0.005541908124020223,1.7555383491605785,10.804874005737386,-0.37238323043085847,16,0.55,0.55,right,0.17761676956914157,-0.36640719632332724,-0.005976034107531225,0.0,0.10263244477990807,0.0004341259835110023,0.10306657076341907,0.0,-0.10263244477990807,-0.0004341259835110023,-0.10306657076341907,-0.10306657076341907,recorded_knot,1.749999999999984,1.749999999999984,linear_progress_interpolation,1.754999999999984,1.7599999999999838
1.7542947988485291,10.828871366020868,-0.27306350828837356,16,0.55,0.55,right,0.2769364917116265,-0.2684549603036869,-0.004608547984686684,1.7599999999999838,10.828871366020868,-0.37707939161626247,17,0.55,0.55,right,0.17292060838373757,-0.3769837797958988,-9.561182036366134e-05,0.0,0.10852881949221194,-0.004512936164323023,0.10401588332788891,0.0,-0.10852881949221194,0.004512936164323023,-0.10401588332788891,-0.10401588332788891,linear_progress_interpolation,1.749999999999984,1.754999999999984,recorded_knot,1.7599999999999838,1.7599999999999838
1.754999999999984,10.8328117056504,-0.2736787366273457,16,0.55,0.55,right,0.27632126337265434,-0.2692234453301527,-0.00445529129719302,1.7607323110853057,10.8328117056504,-0.3778249553914154,17,0.55,0.55,right,0.17217504460858463,-0.377487790319553,-0.00033716507186243305,0.0,0.1082643449894003,-0.004118126225330587,0.10414621876406982,0.0,-0.1082643449894003,0.004118126225330587,-0.10414621876406971,-0.10414621876406971,recorded_knot,1.754999999999984,1.754999999999984,linear_progress_interpolation,1.7599999999999838,1.7649999999999837
1.7591074171409455,10.855774820771932,-0.2771185146064119,16,0.55,0.55,right,0.27288148539358814,-0.27369945698124887,-0.0034190576251630356,1.7649999999999837,10.855774820771932,-0.38216987699943333,17,0.55,0.55,right,0.1678301230005667,-0.38042501217485014,-0.0017448648245831921,0.0,0.10672555519360127,-0.0016741928005798434,0.10505136239302137,0.0,-0.10672555519360127,0.0016741928005798434,-0.10505136239302143,-0.10505136239302143,linear_progress_interpolation,1.754999999999984,1.7599999999999838,recorded_knot,1.7649999999999837,1.7649999999999837
1.7599999999999838,10.860764935543378,-0.27786601279265466,17,0.55,0.55,right,0.2721339872073454,-0.2777014755956389,-0.0001645371970157572,1.765927109665456,10.860764935543378,-0.3830812302028929,17,0.55,0.55,right,0.16691876979710712,-0.3810630921347828,-0.0020181380681101313,0.0,0.10336161653914389,0.001853600871094374,0.10521521741023832,0.0,-0.10336161653914389,-0.001853600871094374,-0.10521521741023826,-0.10521521741023826,recorded_knot,1.7599999999999838,1.7599999999999838,linear_progress_interpolation,1.7649999999999837,1.7699999999999836
1.7639192915014663,10.882687034921387,-0.28100787364949914,17,0.55,0.55,right,0.2689921263505009,-0.27950379900697786,-0.0015040746425212803,1.7699999999999836,10.882687034921387,-0.3870849007415012,17,0.55,0.55,right,0.16291509925849884,-0.3838662445538024,-0.0032186561876987874,0.0,0.10436244554682456,0.001714581545177507,0.10607702709200195,0.0,-0.10436244554682456,-0.001714581545177507,-0.10607702709200206,-0.10607702709200206,linear_progress_interpolation,1.7599999999999838,1.7649999999999837,recorded_knot,1.7699999999999836,1.7699999999999836
1.7649999999999837,10.888731851719065,-0.28187421281510255,17,0.55,0.55,right,0.2681257871848975,-0.2800007730715441,-0.0018734397435584693,1.7711227751316765,10.888731851719065,-0.3881485097886682,17,0.55,0.55,right,0.16185149021133183,-0.3846389905812952,-0.003509519207373024,0.0,0.10463821750975111,0.0016360794638145548,0.10627429697356561,0.0,-0.10463821750975111,-0.0016360794638145548,-0.10627429697356566,-0.10627429697356566,recorded_knot,1.7649999999999837,1.7649999999999837,linear_progress_interpolation,1.7699999999999836,1.7749999999999835
1.7687304044021575,10.909606124180886,-0.284728853197325,17,0.55,0.55,right,0.26527114680267505,-0.28171623495674936,-0.0030126182405756374,1.7749999999999835,10.909606124180886,-0.3918214192889118,17,0.55,0.55,right,0.15817858071108826,-0.38730747693275464,-0.004513942356157152,0.0,0.10559124197600528,0.001501324115581515,0.1070925660915868,0.0,-0.10559124197600528,-0.001501324115581515,-0.1070925660915868,-0.1070925660915868,linear_progress_interpolation,1.7649999999999837,1.7699999999999836,recorded_knot,1.7749999999999835,1.7749999999999835
1.7699999999999836,10.916710416790531,-0.2857003936717396,17,0.55,0.55,right,0.26429960632826044,-0.28230007054744993,-0.0034003231242896725,1.776318197810491,10.916710416790531,-0.3930231240308057,17,0.55,0.55,right,0.15697687596919435,-0.3882147219302311,-0.004808402100574594,0.0,0.10591465138278117,0.001408078976284921,0.10732273035906614,0.0,-0.10591465138278117,-0.001408078976284921,-0.10732273035906609,-0.10732273035906609,recorded_knot,1.7699999999999836,1.7699999999999836,linear_progress_interpolation,1.7749999999999835,1.7799999999999834
1.7735448474495263,10.936553114052268,-0.2882819786660292,17,0.55,0.55,right,0.2617180213339708,-0.2839302023060909,-0.004351776359938331,1.7799999999999834,10.936553114052268,-0.3963795543894064,17,0.55,0.55,right,0.15362044561059363,-0.39074870931170697,-0.005630845077699453,0.0,0.10681850700561607,0.0012790687177611226,0.10809757572337719,0.0,-0.10681850700561607,-0.0012790687177611226,-0.10809757572337719,-0.10809757572337719,linear_progress_interpolation,1.7699999999999836,1.7749999999999835,recorded_knot,1.7799999999999834,1.7799999999999834
1.7749999999999835,10.944698500261225,-0.2893417139697717,17,0.55,0.55,right,0.26065828603022834,-0.2845993680233557,-0.004742345946415982,1.7815086352700717,10.944698500261225,-0.3977010154918792,17,0.55,0.55,right,0.15229898450812085,-0.39178702221959844,-0.00591399327228076,0.0,0.10718765419624271,0.0011716473258647775,0.10835930152210749,0.0,-0.10718765419624271,-0.0011716473258647775,-0.10835930152210749,-0.10835930152210749,recorded_knot,1.7749999999999835,1.7749999999999835,linear_progress_interpolation,1.7799999999999834,1.7849999999999833
1.7783641059758604,10.963548990293715,-0.2916667989035943,17,0.55,0.55,right,0.25833320109640573,-0.28614638409915844,-0.00552041480443588,1.7849999999999833,10.963548990293715,-0.40075921171504825,17,0.55,0.55,right,0.1492407882849518,-0.3941899416906592,-0.006569270024389062,0.0,0.10804355759150075,0.001048855219953182,0.10909241281145388,0.0,-0.10804355759150075,-0.001048855219953182,-0.10909241281145393,-0.10909241281145393,linear_progress_interpolation,1.7749999999999835,1.7799999999999834,recorded_knot,1.7849999999999833,1.7849999999999833
1.7799999999999834,10.972715587367965,-0.29279743883470627,17,0.55,0.55,right,0.2572025611652938,-0.2868986654992615,-0.005898773335444751,1.7866948385764183,10.972715587367965,-0.4021822031004328,17,0.55,0.55,right,0.14781779689956726,-0.39535640836792435,-0.006825794732508439,0.0,0.10845774286866283,0.0009270213970636876,0.10938476426572641,0.0,-0.10845774286866283,-0.0009270213970636876,-0.10938476426572652,-0.10938476426572652,recorded_knot,1.7799999999999834,1.7799999999999834,linear_progress_interpolation,1.7849999999999833,1.7899999999999832
1.783184704646167,10.990591675071196,-0.29487973987382704,17,0.55,0.55,right,0.255120260126173,-0.28836318217015666,-0.006516557703670378,1.7899999999999832,10.990591675071196,-0.40495722621970276,17,0.55,0.55,right,0.14504277378029728,-0.3976311740696114,-0.007326052150091356,0.0,0.10926799189945474,0.0008094944464209775,0.11007748634587577,0.0,-0.10926799189945474,-0.0008094944464209775,-0.11007748634587572,-0.11007748634587572,linear_progress_interpolation,1.7799999999999834,1.7849999999999833,recorded_knot,1.7899999999999832,1.7899999999999832
1.7849999999999833,11.000781121992427,-0.29606666042738367,17,0.55,0.55,right,0.2539333395726164,-0.2891979629751673,-0.006868697452216355,1.7918808501089585,11.000781121992427,-0.40646693548161605,17,0.55,0.55,right,0.143533064518384,-0.3989256625286038,-0.007541272953012268,0.0,0.10972769955343648,0.0006725755007959133,0.11040027505423244,0.0,-0.10972769955343648,-0.0006725755007959133,-0.11040027505423239,-0.11040027505423239,recorded_knot,1.7849999999999833,1.7849999999999833,linear_progress_interpolation,1.7899999999999832,1.794999999999983
1.7880054943076522,11.017679019439063,-0.29791793621325824,17,0.55,0.55,right,0.2520820637867418,-0.2905800680702618,-0.007337868142996418,1.794999999999983,11.017679019439063,-0.40897059563895904,17,0.55,0.55,right,0.141029404361041,-0.4010724064485637,-0.007898189190395366,0.0,0.11049233837830186,0.0005603210473989484,0.11105265942570086,0.0,-0.11049233837830186,-0.0005603210473989484,-0.1110526594257008,-0.1110526594257008,linear_progress_interpolation,1.7849999999999833,1.7899999999999832,recorded_knot,1.794999999999983,1.794999999999983
1.7899999999999832,11.028892799668073,-0.29914647957917967,17,0.55,0.55,right,0.2508535204208204,-0.2914972604510731,-0.007649219128106566,1.7970666690652135,11.028892799668073,-0.4105523982999754,17,0.55,0.55,right,0.13944760170002463,-0.4024947841493337,-0.008057614150641712,0.0,0.1109975236982606,0.00040839502253514626,0.11140591872079586,0.0,-0.1109975236982606,-0.00040839502253514626,-0.11140591872079575,-0.11140591872079575,recorded_knot,1.7899999999999832,1.7899999999999832,linear_progress_interpolation,1.794999999999983,1.799999999999983
1.792826503414556,11.044809101409298,-0.30077888444568696,17,0.55,0.55,right,0.2492211155543131,-0.2927970548844265,-0.007981829561260478,1.799999999999983,11.044809101409298,-0.41279753311924694,17,0.55,0.55,right,0.1372024668807531,-0.404513638827516,-0.008283894291730931,0.0,0.11171658394308953,0.0003020647304704527,0.11201864867356004,0.0,-0.11171658394308953,-0.0003020647304704527,-0.11201864867355998,-0.11201864867355998,linear_progress_interpolation,1.7899999999999832,1.794999999999983,recorded_knot,1.799999999999983,1.799999999999983
1.794999999999983,11.057048261393616,-0.30203415496299657,17,0.55,0.55,right,0.24796584503700347,-0.29379655792697895,-0.008237597036017619,1.8022522586760872,11.057048261393616,-0.4144366389959973,17,0.55,0.55,right,0.13556336100400274,-0.4060637479239132,-0.00837289107208411,0.0,0.11226718999693425,0.00013529403606649115,0.11240248403300068,0.0,-0.11226718999693425,-0.00013529403606649115,-0.11240248403300074,-0.11240248403300074,recorded_knot,1.794999999999983,1.794999999999983,linear_progress_interpolation,1.799999999999983,1.8049999999999828
1.7976477555072328,11.071979959078028,-0.30346068276648863,17,0.55,0.55,right,0.2465393172335114,-0.29501415343790593,-0.008446529328582697,1.8049999999999828,11.071979959078028,-0.4164363377870694,17,0.55,0.55,right,0.13356366221293065,-0.40795487120646823,-0.008481466580601171,0.0,0.1129407177685623,3.493725201847431e-05,0.11297565502058082,0.0,-0.1129407177685623,-3.493725201847431e-05,-0.11297565502058077,-0.11297565502058077,linear_progress_interpolation,1.794999999999983,1.799999999999983,recorded_knot,1.8049999999999828,1.8049999999999828
1.799999999999983,11.085245158054821,-0.30472799848364274,17,0.55,0.55,right,0.2452720015163573,-0.29609585540288474,-0.008632143080757992,1.8074376188799324,11.085245158054821,-0.4181173382740896,17,0.55,0.55,right,0.13188266172591045,-0.4096325538099138,-0.008484784464175776,0.0,0.11353669840702907,-0.00014735861658221605,0.11338933979044685,0.0,-0.11353669840702907,0.00014735861658221605,-0.11338933979044685,-0.11338933979044685,recorded_knot,1.799999999999983,1.799999999999983,linear_progress_interpolation,1.8049999999999828,1.8099999999999827
1.8024692169820236,11.099189296612096,-0.30596182449741377,17,0.55,0.55,right,0.24403817550258627,-0.2972313482777387,-0.008730476219675043,1.8099999999999827,11.099189296612096,-0.4198843757491296,17,0.55,0.55,right,0.13011562425087042,-0.4113961035854205,-0.00848827216370912,0.0,0.11416475530768178,-0.0002422040559659222,0.1139225512517158,0.0,-0.11416475530768178,0.0002422040559659222,-0.11392255125171585,-0.11392255125171585,linear_progress_interpolation,1.799999999999983,1.8049999999999828,recorded_knot,1.8099999999999827,1.8099999999999827
1.8049999999999828,11.113481110299388,-0.3072264140193065,17,0.55,0.55,right,0.24277358598069354,-0.29839515287879054,-0.008831261140515967,1.8126227865600053,11.113481110299388,-0.42159170084989783,17,0.55,0.55,right,0.1284082991501022,-0.4132012271921066,-0.00839047365779122,0.0,0.11480607431331608,-0.0004407874827247471,0.11436528683059133,0.0,-0.11480607431331608,0.0004407874827247471,-0.11436528683059133,-0.11436528683059133,recorded_knot,1.8049999999999828,1.8049999999999828,linear_progress_interpolation,1.8099999999999827,1.8149999999999826
1.8072908557808298,11.126434772673953,-0.30828048886126375,17,0.55,0.55,right,0.2417195111387363,-0.29944862466170374,-0.008831864199560002,1.8149999999999826,11.126434772673953,-0.42313916805055396,17,0.55,0.55,right,0.12686083194944608,-0.4148373359643728,-0.008301832086181182,0.0,0.11538871130266903,-0.00053003211337882,0.11485867918929016,0.0,-0.11538871130266903,0.00053003211337882,-0.11485867918929021,-0.11485867918929021,linear_progress_interpolation,1.8049999999999828,1.8099999999999827,recorded_knot,1.8149999999999826,1.8149999999999826
1.8099999999999827,11.141753650375602,-0.30952702772613594,17,0.55,0.55,right,0.2404729722738641,-0.30069445035469633,-0.00883257737143961,1.8178077850270298,11.141753650375602,-0.42485763388294334,17,0.55,0.55,right,0.1251423661170567,-0.41676978411401516,-0.00808784976892818,0.0,0.11607533375931883,-0.0007447276025114302,0.11533060615680735,0.0,-0.11607533375931883,0.0007447276025114302,-0.1153306061568074,-0.1153306061568074,recorded_knot,1.8099999999999827,1.8099999999999827,linear_progress_interpolation,1.8149999999999826,1.8199999999999825
1.8121126525552513,11.153714064988149,-0.31041458904028363,17,0.55,0.55,right,0.23958541095971642,-0.30166597369225534,-0.008748615348028288,1.8199999999999825,11.153714064988149,-0.4261993486125191,17,0.55,0.55,right,0.12380065138748092,-0.418278568343325,-0.007920780269194128,0.0,0.11661259465106966,-0.0008278350788341604,0.11578475957223544,0.0,-0.11661259465106966,0.0008278350788341604,-0.1157847595722355,-0.1157847595722355,linear_progress_interpolation,1.8099999999999827,1.8149999999999826,recorded_knot,1.8199999999999825,1.8199999999999825
1.8149999999999826,11.170060279837033,-0.31162761286952406,17,0.55,0.55,right,0.23837238713047598,-0.3029937478306022,-0.008633865038921884,1.8229926321347303,11.170060279837033,-0.42791369961497444,17,0.55,0.55,right,0.1220863003850256,-0.42033823686340244,-0.007575462751572004,0.0,0.11734448903280026,-0.00105840228734988,0.11628608674545027,0.0,-0.11734448903280026,0.00105840228734988,-0.11628608674545038,-0.11628608674545038,recorded_knot,1.8149999999999826,1.8149999999999826,linear_progress_interpolation,1.8199999999999825,1.8249999999999824
1.8169345831334864,11.181024830416158,-0.31236248461776517,17,0.55,0.55,right,0.23763751538223488,-0.3038833842537612,-0.008479100364003955,1.8249999999999824,11.181024830416158,-0.4290636348416045,17,0.55,0.55,right,0.12093636515839556,-0.4217198007222772,-0.007343834119327264,0.0,0.117836416468516,-0.0011352662446766915,0.11670115022383931,0.0,-0.117836416468516,0.0011352662446766915,-0.11670115022383931,-0.11670115022383931,linear_progress_interpolation,1.8149999999999826,1.8199999999999825,recorded_knot,1.8249999999999824,1.8249999999999824
1.8199999999999825,11.198398556929488,-0.3135269154518589,17,0.55,0.55,right,0.23647308454814114,-0.30529304530650797,-0.00823387014535093,1.8281773672806418,11.198398556929488,-0.4307579725996234,17,0.55,0.55,right,0.11924202740037665,-0.42390661255548306,-0.006851360044140331,0.0,0.1186135672489751,-0.001382510101210599,0.11723105714776438,0.0,-0.1186135672489751,0.001382510101210599,-0.1172310571477645,-0.1172310571477645,recorded_knot,1.8199999999999825,1.8199999999999825,linear_progress_interpolation,1.8249999999999824,1.8299999999999823
1.8217566049729266,11.208364645078259,-0.31412305474788993,17,0.55,0.55,right,0.23587694525211012,-0.30610083678259875,-0.008022217965291178,1.8299999999999823,11.208364645078259,-0.4317298953150667,17,0.55,0.55,right,0.11827010468493332,-0.42516103310122955,-0.006568862213837179,0.0,0.1190601963186308,-0.0014533557514539996,0.11760684056717685,0.0,-0.1190601963186308,0.0014533557514539996,-0.1176068405671768,-0.1176068405671768,linear_progress_interpolation,1.8199999999999825,1.8249999999999824,recorded_knot,1.8299999999999823,1.8299999999999823
1.8249999999999824,11.226766027995184,-0.3152237662100344,17,0.55,0.55,right,0.23477623378996565,-0.30759234278241376,-0.007631423427620632,1.833362037367566,11.226766027995184,-0.4333882163850989,17,0.55,0.55,right,0.11661178361490115,-0.4274749434709449,-0.005913272914154,0.0,0.11988260068853113,-0.001718150513466632,0.1181644501750645,0.0,-0.11988260068853113,0.001718150513466632,-0.1181644501750645,-0.1181644501750645,recorded_knot,1.8249999999999824,1.8249999999999824,linear_progress_interpolation,1.8299999999999823,1.8349999999999822
1.826578677918239,11.23573106148747,-0.3156950044216502,17,0.55,0.55,right,0.23430499557834983,-0.30831831281295685,-0.007376691608693364,1.8349999999999822,11.23573106148747,-0.43419613957222675,17,0.55,0.55,right,0.1158038604277733,-0.42860226548018177,-0.005593874092044981,0.0,0.12028395266722491,-0.0017828175166483828,0.11850113515057648,0.0,-0.12028395266722491,0.0017828175166483828,-0.11850113515057653,-0.11850113515057653,linear_progress_interpolation,1.8249999999999824,1.8299999999999823,recorded_knot,1.8349999999999822,1.8349999999999822
1.8299999999999823,11.255160146227315,-0.3167162752461278,17,0.55,0.55,right,0.23328372475387227,-0.30989164025831956,-0.00682463498780822,1.8385466569905282,11.255160146227315,-0.4358029677006602,17,0.55,0.55,right,0.11419703229933986,-0.4310432396547627,-0.004759728045897471,0.0,0.12115159939644315,-0.002064906941910749,0.1190866924545324,0.0,-0.12115159939644315,0.002064906941910749,-0.1190866924545324,-0.1190866924545324,recorded_knot,1.8299999999999823,1.8299999999999823,linear_progress_interpolation,1.8349999999999822,1.839999999999982
1.8314007950494415,11.263121763198454,-0.3170766744936748,17,0.55,0.55,right,0.23292332550632522,-0.3105358091626162,-0.006540865331058632,1.839999999999982,11.263121763198454,-0.4364614109710631,17,0.55,0.55,right,0.11353858902893693,-0.4320434978591341,-0.004417913111929017,0.0,0.1215076886965179,-0.0021229522191296146,0.11938473647738834,0.0,-0.1215076886965179,0.0021229522191296146,-0.11938473647738829,-0.11938473647738829,linear_progress_interpolation,1.8299999999999823,1.8349999999999822,recorded_knot,1.839999999999982,1.839999999999982
1.8349999999999822,11.283578354066544,-0.31800268487359673,17,0.55,0.55,right,0.23199731512640331,-0.31219093773422535,-0.0058117471393713815,1.8437312297421231,11.283578354066544,-0.43800122707270284,17,0.55,0.55,right,0.11199877292729721,-0.43461150357952716,-0.003389723493175678,0.0,0.12242056584530181,-0.0024220236461957034,0.1199985421991061,0.0,-0.12242056584530181,0.0024220236461957034,-0.1199985421991061,-0.1199985421991061,recorded_knot,1.8349999999999822,1.8349999999999822,linear_progress_interpolation,1.839999999999982,1.844999999999982
1.8362229452887036,11.290534429104616,-0.31826670709012594,17,0.55,0.55,right,0.2317332929098741,-0.312753320737331,-0.005513386352794969,1.844999999999982,11.290534429104616,-0.438524827335176,17,0.55,0.55,right,0.11147517266482404,-0.43548473023808626,-0.0030400970970897445,0.0,0.12273140950075528,-0.0024732892557052244,0.12025812024505012,0.0,-0.12273140950075528,0.0024732892557052244,-0.12025812024505006,-0.12025812024505006,linear_progress_interpolation,1.8349999999999822,1.839999999999982,recorded_knot,1.844999999999982,1.844999999999982
1.839999999999982,11.31201819966808,-0.319082137155576,17,0.55,0.55,right,0.23091786284442406,-0.31449023521013114,-0.004591901945444843,1.8489158008381659,11.31201819966808,-0.43998141316946277,17,0.55,0.55,right,0.11001858683053728,-0.4381797663648637,-0.0018016468045990441,0.0,0.12368953115473258,-0.0027902551408457987,0.12089927601388684,0.0,-0.12368953115473258,0.0027902551408457987,-0.12089927601388678,-0.12089927601388678,recorded_knot,1.839999999999982,1.839999999999982,linear_progress_interpolation,1.844999999999982,1.8499999999999819
1.8410450782680272,11.317966583408749,-0.31926433865674586,17,0.55,0.55,right,0.23073566134325418,-0.3149708243748992,-0.004293514281846655,1.8499999999999819,11.317966583408749,-0.44038470976341804,17,0.55,0.55,right,0.10961529023658201,-0.43892596261703853,-0.001458747146379502,0.0,0.12395513824213933,-0.0028347671354671533,0.12112037110667218,0.0,-0.12395513824213933,0.0028347671354671533,-0.12112037110667218,-0.12112037110667218,linear_progress_interpolation,1.839999999999982,1.844999999999982,recorded_knot,1.8499999999999819,1.8499999999999819
1.844999999999982,11.340477234376536,-0.3199538493839371,17,0.55,0.55,right,0.23004615061606293,-0.316789532686037,-0.003164316697900127,1.8541004260004192,11.340477234376536,-0.4417417827079768,17,0.55,0.55,right,0.10825821729202323,-0.44174806636107916,6.283653102345799e-06,0.0,0.12495853367504217,-0.0031706003510024727,0.1217879333240397,0.0,-0.12495853367504217,0.0031706003510024727,-0.1217879333240397,-0.1217879333240397,recorded_knot,1.844999999999982,1.844999999999982,linear_progress_interpolation,1.8499999999999819,1.8549999999999818
1.8458671456731914,11.345415744746358,-0.3200687485700097,17,0.55,0.55,right,0.22993125142999032,-0.31718829785756764,-0.002880450712442084,1.8549999999999818,11.345415744746358,-0.4420395048315573,17,0.55,0.55,right,0.10796049516844275,-0.4423671949959908,0.00032769016443351395,0.0,0.12517889713842317,-0.003208140876875598,0.12197075626154752,0.0,-0.12517889713842317,0.003208140876875598,-0.12197075626154757,-0.12197075626154757,linear_progress_interpolation,1.844999999999982,1.8499999999999819,recorded_knot,1.8549999999999818,1.8549999999999818
1.8499999999999819,11.368952901858934,-0.32061636313233277,17,0.55,0.55,right,0.22938363686766727,-0.3190888301619428,-0.0015275329703899887,1.85928510628048,11.368952901858934,-0.4432814275897208,17,0.55,0.55,right,0.10671857241027927,-0.4453164042919313,0.0020349767022105336,0.0,0.12622757412998853,-0.0035625096726005223,0.122665064457388,0.0,-0.12622757412998853,0.0035625096726005223,-0.122665064457388,-0.122665064457388,recorded_knot,1.8499999999999819,1.8499999999999819,linear_progress_interpolation,1.8549999999999818,1.8599999999999817
1.8506891523920785,11.372879657624896,-0.32067865882195323,17,0.55,0.55,right,0.2293213411780468,-0.31940574343307526,-0.001272915388877971,1.8599999999999817,11.372879657624896,-0.443488620299026,18,0.55,0.55,right,0.10651137970097402,-0.4435448821113462,5.626181232015748e-05,0.0,0.12413913867827092,-0.0013291772011981284,0.1228099614770728,0.0,-0.12413913867827092,0.0013291772011981284,-0.1228099614770728,-0.1228099614770728,linear_progress_interpolation,1.8499999999999819,1.8549999999999818,recorded_knot,1.8599999999999817,1.8599999999999817
1.8549999999999818,11.397442651085626,-0.3210683363848011,17,0.55,0.55,right,0.22893166361519895,-0.32138812763784863,0.0003197912530475411,1.8644698318959312,11.397442651085626,-0.44459973876747205,18,0.55,0.55,right,0.10540026123252799,-0.44309407055515837,-0.0015056682123136822,0.0,0.12170594291730974,0.0018254594653612233,0.12353140238267102,0.0,-0.12170594291730974,-0.0018254594653612233,-0.12353140238267096,-0.12353140238267096,recorded_knot,1.8549999999999818,1.8549999999999818,linear_progress_interpolation,1.8599999999999817,1.8649999999999816
1.855511101431987,11.400356075119465,-0.32109296413605404,17,0.55,0.55,right,0.228907035863946,-0.3216231624843569,0.0005301983483028683,1.8649999999999816,11.400356075119465,-0.4447315288628278,18,0.55,0.55,right,0.10526847113717225,-0.4430405996610416,-0.0016909292017862065,0.0,0.12141743717668468,0.002221127550089075,0.1236385647267737,0.0,-0.12141743717668468,-0.002221127550089075,-0.12363856472677376,-0.12363856472677376,linear_progress_interpolation,1.8549999999999818,1.8599999999999817,recorded_knot,1.8649999999999816,1.8649999999999816
1.8599999999999817,11.425944078115561,-0.32130926460091197,18,0.55,0.55,right,0.22869073539908807,-0.32140159655395667,9.233195304469977e-05,1.8696546565311911,11.425944078115561,-0.4456954360246506,18,0.55,0.55,right,0.10430456397534943,-0.44257114734086456,-0.0031242886837860584,0.0,0.12116955078690789,0.003216620636830758,0.12438617142373865,0.0,-0.12116955078690789,-0.003216620636830758,-0.12438617142373865,-0.12438617142373865,recorded_knot,1.8599999999999817,1.8599999999999817,linear_progress_interpolation,1.8649999999999816,1.8699999999999815
1.8603329368582238,11.427842531772633,-0.3213112252071346,18,0.55,0.55,right,0.22868877479286542,-0.3212846866432832,-2.6538563851430386e-05,1.8699999999999815,11.427842531772633,-0.44576695129986454,18,0.55,0.55,right,0.1042330487001355,-0.44253631721073694,-0.003230634089127604,0.0,0.12125163056745375,0.003204095525276174,0.12445572609272992,0.0,-0.12125163056745375,-0.003204095525276174,-0.12445572609272992,-0.12445572609272992,linear_progress_interpolation,1.8599999999999817,1.8649999999999816,recorded_knot,1.8699999999999815,1.8699999999999815
1.8649999999999816,11.454454794338089,-0.3213387087158263,18,0.55,0.55,right,0.22866129128417373,-0.3196458595759124,-0.00169284913991391,1.8748396421907643,11.454454794338089,-0.4465672030914269,18,0.55,0.55,right,0.10343279690857315,-0.4420482078862237,-0.004518995205203213,0.0,0.12240234831031127,0.0028261460652893033,0.12522849437560057,0.0,-0.12240234831031127,-0.0028261460652893033,-0.12522849437560057,-0.12522849437560057,recorded_knot,1.8649999999999816,1.8649999999999816,linear_progress_interpolation,1.8699999999999815,1.8749999999999813
1.8651546027752315,11.455336571121387,-0.32133304652409783,18,0.55,0.55,right,0.2286669534759022,-0.3195915712140295,-0.0017414753100683522,1.8749999999999813,11.455336571121387,-0.44659371881698223,18,0.55,0.55,right,0.10340628118301781,-0.4420320347604322,-0.004561684056550053,0.0,0.1224404635464027,0.0028202087464817005,0.1252606722928844,0.0,-0.1224404635464027,-0.0028202087464817005,-0.1252606722928844,-0.1252606722928844,linear_progress_interpolation,1.8649999999999816,1.8699999999999815,recorded_knot,1.8749999999999813,1.8749999999999813
1.8699768473646876,11.48284023860404,-0.3211564360241702,18,0.55,0.55,right,0.22884356397582983,-0.3178982525854526,-0.003258183438717588,1.8799999999999812,11.48284023860404,-0.44721117979572245,18,0.55,0.55,right,0.1027888202042776,-0.44152775231012753,-0.005683427485594916,0.0,0.12362949972467491,0.0024252440468773284,0.12605474377155224,0.0,-0.12362949972467491,-0.0024252440468773284,-0.12605474377155224,-0.12605474377155224,linear_progress_interpolation,1.8649999999999816,1.8699999999999815,recorded_knot,1.8799999999999812,1.8799999999999812
1.8699999999999815,11.482972289637672,-0.3211555880791069,18,0.55,0.55,right,0.22884441192089316,-0.3178901225978677,-0.0032654654812391826,1.8800239958757246,11.482972289637672,-0.4472131355555847,18,0.55,0.55,right,0.10278686444441537,-0.44152533217032414,-0.005687803385260537,0.0,0.12363520957245644,0.0024223379040213544,0.1260575474764778,0.0,-0.12363520957245644,-0.0024223379040213544,-0.1260575474764778,-0.1260575474764778,recorded_knot,1.8699999999999815,1.8699999999999815,linear_progress_interpolation,1.8799999999999812,1.8849999999999811
1.8748004204427315,11.510355598961278,-0.32077475664478133,18,0.55,0.55,right,0.2292252433552187,-0.316204467461568,-0.0045702891832133385,1.8849999999999811,11.510355598961278,-0.4476186997969003,18,0.55,0.55,right,0.10238130020309977,-0.44102346985982277,-0.006595229937077507,0.0,0.12481900239825477,0.0020249407538641684,0.1268439431521189,0.0,-0.12481900239825477,-0.0020249407538641684,-0.12684394315211894,-0.12684394315211894,linear_progress_interpolation,1.8699999999999815,1.8749999999999813,recorded_knot,1.8849999999999811,1.8849999999999811
1.8749999999999813,11.511494071896308,-0.3207589234130976,18,0.55,0.55,right,0.22924107658690246,-0.31613438561982293,-0.004624537793274652,1.8852068096857577,11.511494071896308,-0.44762683137180703,18,0.55,0.55,right,0.10237316862819301,-0.44100261176080474,-0.006624219611002291,0.0,0.12486822614098181,0.0019996818177276388,0.1268679079587094,0.0,-0.12486822614098181,-0.0019996818177276388,-0.12686790795870945,-0.12686790795870945,recorded_knot,1.8749999999999813,1.8749999999999813,linear_progress_interpolation,1.8849999999999811,1.889999999999981
1.879625298211341,11.537880251173657,-0.32019426648574933,18,0.55,0.55,right,0.2298057335142507,-0.3145102241989893,-0.00568404228676006,1.889999999999981,11.537880251173657,-0.44781529539821924,18,0.55,0.55,right,0.10218470460178081,-0.440519187409518,-0.007296107988701228,0.0,0.12600896321052873,0.0016120657019411677,0.12762102891246996,0.0,-0.12600896321052873,-0.0016120657019411677,-0.1276210289124699,-0.1276210289124699,linear_progress_interpolation,1.8749999999999813,1.8799999999999812,recorded_knot,1.889999999999981,1.889999999999981
1.8799999999999812,11.540017831956302,-0.32014852284912804,18,0.55,0.55,right,0.229851477150872,-0.3143786486417783,-0.005769874207349757,1.8903882054076093,11.540017831956302,-0.44781411446841574,18,0.55,0.55,right,0.10218588553158431,-0.440480034374682,-0.007334080093733764,0.0,0.1261013857329037,0.001564205886384007,0.1276655916192877,0.0,-0.1261013857329037,-0.001564205886384007,-0.1276655916192877,-0.1276655916192877,recorded_knot,1.8799999999999812,1.8799999999999812,linear_progress_interpolation,1.889999999999981,1.894999999999981
1.8844514223789413,11.56541182003695,-0.3194146863717617,18,0.55,0.55,right,0.23058531362823836,-0.312815543266651,-0.006599143105110672,1.894999999999981,11.56541182003695,-0.44780008528290033,18,0.55,0.55,right,0.10219991471709972,-0.44001490495921336,-0.007785180323686969,0.0,0.12719936169256235,0.0011860372185762968,0.12838539891113854,0.0,-0.12719936169256235,-0.0011860372185762968,-0.12838539891113865,-0.12838539891113865,linear_progress_interpolation,1.8799999999999812,1.8849999999999811,recorded_knot,1.894999999999981,1.894999999999981
1.8849999999999811,11.568541285718714,-0.3193242509480444,18,0.55,0.55,right,0.23067574905195565,-0.3126229116637335,-0.006701339284310881,1.8955682435230434,11.568541285718714,-0.4477742824559702,18,0.55,0.55,right,0.10222571754402987,-0.4399575939119774,-0.007816688543992756,0.0,0.1273346822482439,0.0011153492596818748,0.12845003150792578,0.0,-0.1273346822482439,-0.0011153492596818748,-0.12845003150792578,-0.12845003150792578,recorded_knot,1.8849999999999811,1.8849999999999811,linear_progress_interpolation,1.894999999999981,1.8999999999999808
1.8892787901549228,11.592948127577236,-0.31843520720771973,18,0.55,0.55,right,0.23156479279228032,-0.3111204256444685,-0.007314781563251216,1.8999999999999808,11.592948127577236,-0.447573045062617,18,0.55,0.55,right,0.10242695493738302,-0.4395106225089086,-0.008062422553708426,0.0,0.1283901968644401,0.0007476409904572101,0.1291378378548973,0.0,-0.1283901968644401,-0.0007476409904572101,-0.1291378378548973,-0.1291378378548973,linear_progress_interpolation,1.8849999999999811,1.889999999999981,recorded_knot,1.8999999999999808,1.8999999999999808
1.889999999999981,11.597062013511747,-0.3182853547786472,18,0.55,0.55,right,0.23171464522135282,-0.3108671746856888,-0.007418180092958415,1.9007469226653395,11.597062013511747,-0.44750748922445804,18,0.55,0.55,right,0.102492510775542,-0.43943529051053365,-0.008072198713924394,0.0,0.12856811582484484,0.0006540186209659793,0.12922213444581077,0.0,-0.12856811582484484,-0.0006540186209659793,-0.12922213444581082,-0.12922213444581082,recorded_knot,1.889999999999981,1.889999999999981,linear_progress_interpolation,1.8999999999999808,1.9049999999999807
1.8941074021183957,11.620487029027872,-0.317255065950595,18,0.55,0.55,right,0.23274493404940505,-0.3094248711290888,-0.007830194821506209,1.9049999999999807,11.620487029027872,-0.4471342055334438,18,0.55,0.55,right,0.10286579446655625,-0.43900634005860395,-0.008127865474839846,0.0,0.12958146892951516,0.00029767065333363707,0.1298791395828487,0.0,-0.12958146892951516,-0.00029767065333363707,-0.1298791395828488,-0.1298791395828488,linear_progress_interpolation,1.889999999999981,1.894999999999981,recorded_knot,1.9049999999999807,1.9049999999999807
1.894999999999981,11.625577623672125,-0.3170311692882211,18,0.55,0.55,right,0.23296883071177893,-0.3091114377076441,-0.007919731580577016,1.9059242446564724,11.625577623672125,-0.4470138143368962,18,0.55,0.55,right,0.10298618566310386,-0.43891312398659266,-0.00810069035030353,0.0,0.12980168627894856,0.0001809587697265136,0.12998264504867518,0.0,-0.12980168627894856,-0.0001809587697265136,-0.12998264504867507,-0.12998264504867507,recorded_knot,1.894999999999981,1.894999999999981,linear_progress_interpolation,1.9049999999999807,1.9099999999999806
1.8989372057396097,11.64802624501629,-0.3158741112406891,18,0.55,0.55,right,0.23412588875931095,-0.30772889816619686,-0.00814521307449223,1.9099999999999806,11.64802624501629,-0.446482910469404,18,0.55,0.55,right,0.10351708953059602,-0.4385020576082992,-0.007980852861104837,0.0,0.13077315944210233,-0.00016436021338739337,0.13060879922871493,0.0,-0.13077315944210233,0.00016436021338739337,-0.13060879922871493,-0.13060879922871493,linear_progress_interpolation,1.894999999999981,1.8999999999999808,recorded_knot,1.9099999999999806,1.9099999999999806
1.8999999999999808,11.654085940012079,-0.31556177941625435,18,0.55,0.55,right,0.2344382205837457,-0.30735570072959933,-0.008206078686655016,1.911100270908942,11.654085940012079,-0.4462927135316476,18,0.55,0.55,right,0.10370728646835242,-0.43839108814630523,-0.007901625385342392,0.0,0.1310353874167059,-0.0003044533013126238,0.13073093411539327,0.0,-0.1310353874167059,0.0003044533013126238,-0.13073093411539327,-0.13073093411539327,recorded_knot,1.8999999999999808,1.8999999999999808,linear_progress_interpolation,1.9099999999999806,1.9149999999999805
1.903768146642364,11.675563531272042,-0.3142923203798572,18,0.55,0.55,right,0.23570767962014283,-0.3060325258498539,-0.008259794530003306,1.9149999999999805,11.675563531272042,-0.44561859179930524,18,0.55,0.55,right,0.1043814082006948,-0.43799777515799454,-0.0076208166413107015,0.0,0.13196524930814063,-0.0006389778886926045,0.13132627141944797,0.0,-0.13196524930814063,0.0006389778886926045,-0.13132627141944803,-0.13132627141944803,linear_progress_interpolation,1.8999999999999808,1.9049999999999807,recorded_knot,1.9149999999999805,1.9149999999999805
1.9049999999999807,11.682584819299828,-0.3138773186496289,18,0.55,0.55,right,0.23612268135037112,-0.3055999637515546,-0.008277354898074296,1.9162750517356093,11.682584819299828,-0.4453439248009416,18,0.55,0.55,right,0.10465607519905845,-0.4378691779152929,-0.007474746885648698,0.0,0.13226921416373827,-0.0008026080124255985,0.13146660615131278,0.0,-0.13226921416373827,0.0008026080124255985,-0.13146660615131267,-0.13146660615131267,recorded_knot,1.9049999999999807,1.9049999999999807,linear_progress_interpolation,1.9149999999999805,1.9199999999999804
1.9086002300752474,11.703096876906537,-0.3125092304690062,18,0.55,0.55,right,0.23749076953099385,-0.30433575233703175,-0.008173478131974443,1.9199999999999804,11.703096876906537,-0.4445415100202345,18,0.55,0.55,right,0.10545848997976554,-0.4374934927076898,-0.00704801731254473,0.0,0.13315774037065803,-0.0011254608194297133,0.13203227955122832,0.0,-0.13315774037065803,0.0011254608194297133,-0.13203227955122832,-0.13203227955122832,linear_progress_interpolation,1.9049999999999807,1.9099999999999806,recorded_knot,1.9199999999999804,1.9199999999999804
1.9099999999999806,11.71107196759019,-0.31197731760522157,18,0.55,0.55,right,0.23802268239477847,-0.3038442267735099,-0.008133090831711653,1.9214485713558112,11.71107196759019,-0.4441679128860037,18,0.55,0.55,right,0.10583208711399633,-0.43734739488513785,-0.006820518000865861,0.0,0.13350316811162793,-0.001312572830845793,0.13219059528078203,0.0,-0.13350316811162793,0.001312572830845793,-0.13219059528078214,-0.13219059528078214,recorded_knot,1.9099999999999806,1.9099999999999806,linear_progress_interpolation,1.9199999999999804,1.9249999999999803
1.9134334693565385,11.730624311615058,-0.3105243183806675,18,0.55,0.55,right,0.23947568161933253,-0.30263857295105145,-0.007885745429616065,1.9249999999999803,11.730624311615058,-0.44325197349610324,18,0.55,0.55,right,0.10674802650389681,-0.43698921025738513,-0.006262763238718105,0.0,0.13435063730633368,-0.0016229821908979591,0.13272765511543572,0.0,-0.13435063730633368,0.0016229821908979591,-0.13272765511543572,-0.13272765511543572,linear_progress_interpolation,1.9099999999999806,1.9149999999999805,recorded_knot,1.9249999999999803,1.9249999999999803
1.9149999999999805,11.739545126943606,-0.30986138314700534,18,0.55,0.55,right,0.2401386168529947,-0.3020884897954652,-0.007772893351540133,1.9266208230661992,11.739545126943606,-0.442764960273177,18,0.55,0.55,right,0.10723503972682302,-0.4368257397319164,-0.005939220541260615,0.0,0.1347372499364512,-0.0018336728102795186,0.13290357712617162,0.0,-0.1347372499364512,0.0018336728102795186,-0.13290357712617168,-0.13290357712617168,recorded_knot,1.9149999999999805,1.9149999999999805,linear_progress_interpolation,1.9249999999999803,1.9299999999999802
1.9182678215652018,11.758143710599667,-0.3083375745951369,18,0.55,0.55,right,0.24166242540486316,-0.300941002763523,-0.007396571831613907,1.9299999999999802,11.758143710599667,-0.44174960956423276,18,0.55,0.55,right,0.10825039043576729,-0.43648492780708037,-0.00526468175715239,0.0,0.1355439250435574,-0.0021318900744615177,0.13341203496909593,0.0,-0.1355439250435574,0.0021318900744615177,-0.13341203496909587,-0.13341203496909587,linear_progress_interpolation,1.9149999999999805,1.9199999999999804,recorded_knot,1.9299999999999802,1.9299999999999802
1.9199999999999804,11.768002286070654,-0.3075298474106512,18,0.55,0.55,right,0.24247015258934884,-0.30033275281742045,-0.007197094593230757,1.9317918635191227,11.768002286070654,-0.4411348258843967,18,0.55,0.55,right,0.10886517411560337,-0.4363042067418714,-0.00483061914252525,0.0,0.13597145392445098,-0.0023664754507055075,0.13360497847374553,0.0,-0.13597145392445098,0.0023664754507055075,-0.13360497847374547,-0.13360497847374547,recorded_knot,1.9199999999999804,1.9199999999999804,linear_progress_interpolation,1.9299999999999802,1.93499999999998
1.923103236667928,11.785652991763294,-0.30594920585090984,18,0.55,0.55,right,0.2440507941490902,-0.2992430593435125,-0.00670614650739737,1.93499999999998,11.785652991763294,-0.4400341226611614,18,0.55,0.55,right,0.10996587733883867,-0.43598064535677566,-0.004053477304385711,0.0,0.1367375860132632,-0.0026526692030116594,0.13408491681025148,0.0,-0.1367375860132632,0.0026526692030116594,-0.13408491681025153,-0.13408491681025153,linear_progress_interpolation,1.9199999999999804,1.9249999999999803,recorded_knot,1.93499999999998,1.93499999999998
1.9249999999999803,11.796441473250525,-0.3049830845806239,18,0.55,0.55,right,0.24501691541937615,-0.29857701583937574,-0.006406068741248161,1.9369617310779168,11.796441473250525,-0.43927764412825077,18,0.55,0.55,right,0.11072235587174928,-0.4357827920458115,-0.0034948520824392704,0.0,0.13720577620643576,-0.0029112166588088906,0.13429455954762692,0.0,-0.13720577620643576,0.0029112166588088906,-0.13429455954762687,-0.13429455954762687,recorded_knot,1.9249999999999803,1.9249999999999803,linear_progress_interpolation,1.93499999999998,1.93999999999998
1.9279397277611685,11.81315034246688,-0.30335905367528415,18,0.55,0.55,right,0.2466409463247159,-0.29754473809223514,-0.005814315583049012,1.93999999999998,11.81315034246688,-0.43810603337966264,18,0.55,0.55,right,0.1118939666203374,-0.43547636290647096,-0.002629670473191681,0.0,0.13793162481423582,-0.0031846451098573314,0.13474697970437854,0.0,-0.13793162481423582,0.0031846451098573314,-0.1347469797043785,-0.1347469797043785,linear_progress_interpolation,1.9249999999999803,1.9299999999999802,recorded_knot,1.93999999999998,1.93999999999998
1.9299999999999802,11.824860549052294,-0.30222087148255916,18,0.55,0.55,right,0.24777912851744088,-0.29682127886133103,-0.005399592621228133,1.9421303947264934,11.824860549052294,-0.4371941697072694,18,0.55,0.55,right,0.11280583029273067,-0.4352614987719105,-0.0019326709353588711,0.0,0.13844021991057948,-0.003466921685869262,0.13497329822471027,0.0,-0.13844021991057948,0.003466921685869262,-0.13497329822471021,-0.13497329822471021,recorded_knot,1.9299999999999802,1.9299999999999802,linear_progress_interpolation,1.93999999999998,1.9449999999999799
1.9327773218320483,11.840633997114718,-0.3005667986094355,18,0.55,0.55,right,0.24943320139056452,-0.2958460295332324,-0.004720769076203113,1.9449999999999799,11.840633997114718,-0.43596590493058973,18,0.55,0.55,right,0.11403409506941031,-0.43497208045616625,-0.000993824474423477,0.0,0.13912605092293384,-0.003726944601779636,0.13539910632115415,0.0,-0.13912605092293384,0.003726944601779636,-0.1353991063211542,-0.1353991063211542,linear_progress_interpolation,1.9299999999999802,1.93499999999998,recorded_knot,1.9449999999999799,1.9449999999999799
1.93499999999998,11.853257416639437,-0.29924305153021336,18,0.55,0.55,right,0.2507569484697867,-0.2950655418832863,-0.004177509646927036,1.9472978396811205,11.853257416639437,-0.4348848678033034,18,0.55,0.55,right,0.11511513219669667,-0.43474032841120364,-0.00014453939209974065,0.0,0.13967478652791732,-0.004032970254827295,0.13564181627309002,0.0,-0.13967478652791732,0.004032970254827295,-0.13564181627309002,-0.13564181627309002,recorded_knot,1.93499999999998,1.93499999999998,linear_progress_interpolation,1.9449999999999799,1.9499999999999797
1.9376159870172105,11.868102013330828,-0.29757255018168094,18,0.55,0.55,right,0.2524274498183191,-0.294146944855239,-0.0034256053264419273,1.9499999999999797,11.868102013330828,-0.4336136147857226,18,0.55,0.55,right,0.11638638521427747,-0.43446779800586155,0.000854183220138971,0.0,0.14032085315062254,-0.004279788546580898,0.13604106460404164,0.0,-0.14032085315062254,0.004279788546580898,-0.13604106460404164,-0.13604106460404164,linear_progress_interpolation,1.93499999999998,1.93999999999998,recorded_knot,1.9499999999999797,1.9499999999999797
1.93999999999998,11.881630257547316,-0.2960501814251068,18,0.55,0.55,right,0.25394981857489324,-0.2933098049052416,-0.0027403765198651953,1.9524641175508353,11.881630257547316,-0.43234976613401815,18,0.55,0.55,right,0.11765023386598189,-0.43421927575858466,0.001869509624566501,0.0,0.14090947085334304,-0.004609886144431696,0.13629958470891124,0.0,-0.14090947085334304,0.004609886144431696,-0.13629958470891135,-0.13629958470891135,recorded_knot,1.93999999999998,1.93999999999998,linear_progress_interpolation,1.9499999999999797,1.9549999999999796
1.942455677893961,11.89555249801203,-0.2943767221552907,18,0.55,0.55,right,0.25562327784470934,-0.29244750000831565,-0.0019292221469750515,1.9549999999999796,11.89555249801203,-0.4310491091856029,18,0.55,0.55,right,0.11895089081439714,-0.4339635155555568,0.0029144063699538814,0.0,0.14151601554724114,-0.004843628516928933,0.13667238703031226,0.0,-0.14151601554724114,0.004843628516928933,-0.1366723870303122,-0.1366723870303122,linear_progress_interpolation,1.93999999999998,1.9449999999999799,recorded_knot,1.9549999999999796,1.9549999999999796
1.9449999999999799,11.909977298702097,-0.2926428549310301,18,0.55,0.55,right,0.25735714506896995,-0.29155406792719685,-0.001088787003833247,1.957629252922077,11.909977298702097,-0.4295893715157547,18,0.55,0.55,right,0.12041062848424533,-0.4336983383343516,0.004108966818596904,0.0,0.14214427040715477,-0.005197753822430151,0.13694651658472468,0.0,-0.14214427040715477,0.005197753822430151,-0.13694651658472462,-0.13694651658472462,recorded_knot,1.9449999999999799,1.9449999999999799,linear_progress_interpolation,1.9549999999999796,1.9599999999999795
1.9472964154581822,11.922983865623786,-0.29097942804369287,18,0.55,0.55,right,0.2590205719563072,-0.29074768761981296,-0.00023174042387991145,1.9599999999999795,11.922983865623786,-0.42827315397494214,19,0.55,0.55,right,0.1217268460250579,-0.42831946121862396,4.6307243681820154e-05,0.0,0.137571773598811,-0.0002780476675617316,0.13729372593124933,0.0,-0.137571773598811,0.0002780476675617316,-0.13729372593124928,-0.13729372593124928,linear_progress_interpolation,1.9449999999999799,1.9499999999999797,recorded_knot,1.9599999999999795,1.9599999999999795
1.9499999999999797,11.938296579682444,-0.28902106497704827,18,0.55,0.55,right,0.2609789350229518,-0.28979833094915214,0.0007772659721038688,1.962793198266483,11.938296579682444,-0.4266047210469229,19,0.55,0.55,right,0.12339527895307717,-0.42570387705453766,-0.0009008439923852141,0.0,0.13590554610538552,0.001678109964489083,0.13758365606987455,0.0,-0.13590554610538552,-0.001678109964489083,-0.1375836560698746,-0.1375836560698746,recorded_knot,1.9499999999999797,1.9499999999999797,linear_progress_interpolation,1.9599999999999795,1.9649999999999794
1.9521382416730357,11.95039458372835,-0.2873805197763752,18,0.55,0.55,right,0.26261948022362486,-0.28904749295447596,0.0016669731781007724,1.9649999999999794,11.95039458372835,-0.42528655444130475,19,0.55,0.55,right,0.12471344555869529,-0.42363740159640995,-0.0016491528448948078,0.0,0.134589908641934,0.0033161260229955802,0.13790603466492946,0.0,-0.134589908641934,-0.0033161260229955802,-0.13790603466492957,-0.13790603466492957,linear_progress_interpolation,1.9499999999999797,1.9549999999999796,recorded_knot,1.9649999999999794,1.9649999999999794
1.9549999999999796,11.96658618837905,-0.28518486343503924,18,0.55,0.55,right,0.2648151365649608,-0.28804259397110743,0.0028577305360681926,1.9679559309447074,11.96658618837905,-0.4233964495337426,19,0.55,0.55,right,0.12660355046625743,-0.4208694326119364,-0.0025270169218062355,0.0,0.13282683864082895,0.005384747457874428,0.13821158609870332,0.0,-0.13282683864082895,-0.005384747457874428,-0.13821158609870338,-0.13821158609870338,recorded_knot,1.9549999999999796,1.9549999999999796,linear_progress_interpolation,1.9649999999999794,1.9699999999999793
1.956981137317583,11.977782917477448,-0.2835802028481679,18,0.55,0.55,right,0.26641979715183217,-0.28734692276168733,0.0037667199135194562,1.9699999999999793,11.977782917477448,-0.4220894146181754,19,0.55,0.55,right,0.12791058538182465,-0.4189553419741947,-0.00313407264398069,0.0,0.13160841921250738,0.006900792557500146,0.13850921177000752,0.0,-0.13160841921250738,-0.006900792557500146,-0.13850921177000752,-0.13850921177000752,linear_progress_interpolation,1.9549999999999796,1.9599999999999795,recorded_knot,1.9699999999999793,1.9699999999999793
1.9599999999999795,11.99484452514074,-0.2811350164794216,19,0.55,0.55,right,0.26886498352057847,-0.2812107558931398,7.573941371824544e-05,1.973117497326181,11.99484452514074,-0.41996483209153346,19,0.55,0.55,right,0.1300351679084666,-0.41603608030352013,-0.003928751788013329,0.0,0.1348253244103803,0.004004491201731575,0.13882981561211194,0.0,-0.1348253244103803,-0.004004491201731575,-0.13882981561211188,-0.13882981561211188,recorded_knot,1.9599999999999795,1.9599999999999795,linear_progress_interpolation,1.9699999999999793,1.9749999999999792
1.9618250618061066,12.005147187399823,-0.27957908102881146,19,0.55,0.55,right,0.2704209189711886,-0.27902530437115697,-0.0005537766576544922,1.9749999999999792,12.005147187399823,-0.418681901628853,19,0.55,0.55,right,0.13131809837114705,-0.4142732823519794,-0.004408619276873582,0.0,0.13524797798082244,0.00385484261921909,0.13910282060004153,0.0,-0.13524797798082244,-0.00385484261921909,-0.13910282060004153,-0.13910282060004153,linear_progress_interpolation,1.9599999999999795,1.9649999999999794,recorded_knot,1.9749999999999792,1.9749999999999792
1.9649999999999794,12.023070041187633,-0.2768723239903604,19,0.55,0.55,right,0.27312767600963966,-0.2752234202460762,-0.0016489037442841692,1.9782779060776925,12.023070041187633,-0.4163107432563559,19,0.55,0.55,right,0.13368925674364412,-0.41120381201360434,-0.005106931242751578,0.0,0.13598039176752813,0.0034580274984674086,0.13943841926599565,0.0,-0.13598039176752813,-0.0034580274984674086,-0.13943841926599554,-0.13943841926599554,recorded_knot,1.9649999999999794,1.9649999999999794,linear_progress_interpolation,1.9749999999999792,1.979999999999979
1.9666700443233958,12.03248606374785,-0.2753775168902039,19,0.55,0.55,right,0.27462248310979614,-0.2732235970641223,-0.002153919826081596,1.979999999999979,12.03248606374785,-0.41506502195585276,19,0.55,0.55,right,0.13493497804414728,-0.40959122272976417,-0.005473799226088594,0.0,0.13636762566564187,0.0033198794000069975,0.13968750506564875,0.0,-0.13636762566564187,-0.0033198794000069975,-0.13968750506564886,-0.13968750506564886,linear_progress_interpolation,1.9649999999999794,1.9699999999999793,recorded_knot,1.979999999999979,1.979999999999979
1.9699999999999793,12.05126097728493,-0.27239697241077304,19,0.55,0.55,right,0.277603027589227,-0.26923608459901105,-0.003160887811761992,1.9834370913261286,12.05126097728493,-0.4124355086111641,19,0.55,0.55,right,0.13756449138883592,-0.406372689426558,-0.006062819184606105,0.0,0.13713660482754697,0.002901931372844113,0.14003853620039108,0.0,-0.13713660482754697,-0.002901931372844113,-0.14003853620039108,-0.14003853620039108,recorded_knot,1.9699999999999793,1.9699999999999793,linear_progress_interpolation,1.979999999999979,1.984999999999979
1.9715161436040882,12.05979827595798,-0.27097550564841005,19,0.55,0.55,right,0.27902449435159,-0.2674205524696208,-0.003554953178789233,1.984999999999979,12.05979827595798,-0.4112398205061806,19,0.55,0.55,right,0.13876017949381947,-0.4049091631075489,-0.0063306573986317005,0.0,0.13748861063792805,0.0027757042198424675,0.14026431485777058,0.0,-0.13748861063792805,-0.0027757042198424675,-0.14026431485777052,-0.14026431485777052,linear_progress_interpolation,1.9699999999999793,1.9749999999999792,recorded_knot,1.984999999999979,1.984999999999979
1.9749999999999792,12.079415627840175,-0.2677092015475425,19,0.55,0.55,right,0.2822907984524575,-0.2632487489519459,-0.004460452595596631,1.988595022621888,12.079415627840175,-0.40833992691323695,19,0.55,0.55,right,0.1416600730867631,-0.40154274105575066,-0.0067971858574862876,0.0,0.13829399210380477,0.0023367332618896564,0.14063072536569443,0.0,-0.13829399210380477,-0.0023367332618896564,-0.14063072536569443,-0.14063072536569443,recorded_knot,1.9749999999999792,1.9749999999999792,linear_progress_interpolation,1.984999999999979,1.989999999999979
1.976363354992815,12.087082321074472,-0.26637332595482927,19,0.55,0.55,right,0.2836266740451708,-0.2616161761623038,-0.00475714979252545,1.989999999999979,12.087082321074472,-0.407206614184653,19,0.55,0.55,right,0.14279338581534706,-0.40022710348533364,-0.006979510699319347,0.0,0.13861092732302982,0.0022223609067938965,0.14083328822982366,0.0,-0.13861092732302982,-0.0022223609067938965,-0.14083328822982372,-0.14083328822982372,linear_progress_interpolation,1.9749999999999792,1.979999999999979,recorded_knot,1.989999999999979,1.989999999999979
1.979999999999979,12.10753263799008,-0.2628099801425046,19,0.55,0.55,right,0.2871900198574954,-0.2572614133048807,-0.005548566837623892,1.9937517409074268,12.10753263799008,-0.4040245119642402,19,0.55,0.55,right,0.14597548803575983,-0.3967139285621786,-0.007310583402061643,0.0,0.13945251525729785,0.0017620165644377517,0.1412145318217357,0.0,-0.13945251525729785,-0.0017620165644377517,-0.1412145318217356,-0.1412145318217356,recorded_knot,1.979999999999979,1.979999999999979,linear_progress_interpolation,1.989999999999979,1.9949999999999788
1.9812116429894622,12.114336757641519,-0.26157176071513244,19,0.55,0.55,right,0.2884282392848676,-0.25581051065239097,-0.005761250062741474,1.9949999999999788,12.114336757641519,-0.4029657799973886,19,0.55,0.55,right,0.14703422000261146,-0.3955450438631184,-0.007420736134270189,0.0,0.13973453321072743,0.0016594860715287152,0.14139401928225614,0.0,-0.13973453321072743,-0.0016594860715287152,-0.14139401928225614,-0.14139401928225614,linear_progress_interpolation,1.979999999999979,1.984999999999979,recorded_knot,1.9949999999999788,1.9949999999999788
