case,phase,method,channel,total,comparable,excluded,failures,contaminated,mean_signed,rms,max_abs,p95_abs,better_vs_A,worse_vs_A,tie_vs_A,better_vs_P2,worse_vs_P2,tie_vs_P2
D3-ref_A,all,A,vx,19,19,0,0,0,0.00024016579290402,0.0004503346622954833,0.0010701718458232534,,0,0,19,1,18,0
D3-ref_A,all,A,vy,19,19,0,0,0,-0.00017149823312718224,0.0016740952234104223,0.0022325669131919024,,0,0,19,2,17,0
D3-ref_A,all,A,r,19,19,0,0,0,-0.004047406728567166,0.04785987990973545,0.059603859466401676,,0,0,19,0,19,0
D3-ref_A,all,A,e_psi,19,19,0,0,0,-5.43316502267419e-05,0.0004688744472312826,0.0006264895178706986,,0,0,19,0,19,0
D3-ref_A,all,A,s_abs,19,19,0,0,0,6.8229256187569755e-06,9.363297321218562e-06,1.9452233868122448e-05,,0,0,19,2,17,0
D3-ref_A,all,A,e_y,19,19,0,0,0,-4.805965745805599e-06,4.0692493164247235e-05,5.612916152904733e-05,,0,0,19,0,19,0
D3-ref_A,all,A,delta,19,19,0,0,0,-0.0009108109440960745,0.009187087200921111,0.010000000000000009,,0,0,19,1,17,1
D3-ref_A,all,A,a_cmd,19,19,0,0,0,0.002079459526190503,0.00274374178852067,0.006024502942150178,,0,0,19,14,5,0
D3-ref_A,all,P0,vx,19,19,0,0,0,0.022788972361361928,0.036013599454315766,0.07733823648202875,,0,19,0,0,19,0
D3-ref_A,all,P0,vy,19,19,0,0,0,0.017257922940358796,0.17432059646771011,0.2553555495357456,,0,19,0,0,19,0
D3-ref_A,all,P0,r,19,19,0,0,0,-0.08285908331051789,0.824069142131197,1.251232243528629,,1,18,0,1,18,0
D3-ref_A,all,P0,e_psi,19,19,0,0,0,-0.007366211128775884,0.058660790159998505,0.08857359303663292,,0,19,0,0,19,0
D3-ref_A,all,P0,s_abs,19,19,0,0,0,0.0012493842052544036,0.0016041535309480833,0.0028725892237151385,,0,19,0,0,19,0
D3-ref_A,all,P0,e_y,19,19,0,0,0,-0.0010396908488211724,0.0077715257176864455,0.012335227815339467,,0,19,0,0,19,0
D3-ref_A,all,P0,delta,19,19,0,0,0,0.0008221801566860905,0.009139153291354564,0.02459467844139416,,14,4,1,2,4,13
D3-ref_A,all,P0,a_cmd,19,19,0,0,0,-0.01943507903250664,0.03258141302345309,0.07175609577517683,,2,17,0,1,17,1
D3-ref_A,all,P1a,vx,19,19,0,0,0,0.00772606054470571,0.010365200145236873,0.02302960004575816,,1,18,0,1,18,0
D3-ref_A,all,P1a,vy,19,19,0,0,0,0.00384956261234315,0.03871664823948126,0.06657870532607729,,0,19,0,0,19,0
D3-ref_A,all,P1a,r,19,19,0,0,0,-0.021261087135983122,0.2541339149227204,0.4073663805887917,,4,15,0,2,17,0
D3-ref_A,all,P1a,e_psi,19,19,0,0,0,-0.0025909684718043416,0.014625956696717114,0.025206894211024178,,0,19,0,0,19,0
D3-ref_A,all,P1a,s_abs,19,19,0,0,0,0.00041656430067906874,0.001119721113186188,0.0026602978205332306,,0,19,0,0,19,0
D3-ref_A,all,P1a,e_y,19,19,0,0,0,-0.0011668046810000702,0.006862923500326181,0.011097311626706574,,0,19,0,0,19,0
D3-ref_A,all,P1a,delta,19,19,0,0,0,0.00015075856255495593,0.005061978950115685,0.007864412688563083,,16,2,1,0,1,18
D3-ref_A,all,P1a,a_cmd,19,19,0,0,0,-0.004385268092121545,0.006119137567198963,0.013443978534525058,,5,14,0,3,15,1
D3-ref_A,all,P1b,vx,19,19,0,0,0,0.00772606054470571,0.010365200145236873,0.02302960004575816,,1,18,0,1,18,0
D3-ref_A,all,P1b,vy,19,19,0,0,0,-0.0005401950205887572,0.02137516091404577,0.0439654962040697,,0,19,0,0,19,0
D3-ref_A,all,P1b,r,19,19,0,0,0,-0.12707195497312682,1.3051117469183948,2.1133563980287615,,1,18,0,0,19,0
D3-ref_A,all,P1b,e_psi,19,19,0,0,0,-0.002818342607140867,0.019069160791052777,0.03126620333317387,,0,19,0,0,19,0
D3-ref_A,all,P1b,s_abs,19,19,0,0,0,0.00041656430067906874,0.001119721113186188,0.0026602978205332306,,0,19,0,0,19,0
D3-ref_A,all,P1b,e_y,19,19,0,0,0,-0.0008351931460118446,0.004983136714416353,0.009161803067642249,,0,19,0,0,19,0
D3-ref_A,all,P1b,delta,19,19,0,0,0,-0.0007379634739224058,0.005941271650406299,0.0134690563958927,,16,2,1,0,2,17
D3-ref_A,all,P1b,a_cmd,19,19,0,0,0,-0.004385268092121545,0.006119137567198963,0.013443978534525058,,5,14,0,3,15,1
D3-ref_A,all,P2,vx,19,19,0,0,0,5.924495734551496e-05,0.00032026170173781143,0.0012027439456439026,,18,1,0,0,0,19
D3-ref_A,all,P2,vy,19,19,0,0,0,-8.95724057991192e-05,0.0013938685075134277,0.0017361771956160843,,17,2,0,0,0,19
D3-ref_A,all,P2,r,19,19,0,0,0,-0.0015638284081549976,0.025337489266472293,0.03142159289834845,,19,0,0,0,0,19
D3-ref_A,all,P2,e_psi,19,19,0,0,0,-2.8621125156114147e-05,0.00014476844609299355,0.0002385604231016636,,19,0,0,0,0,19
D3-ref_A,all,P2,s_abs,19,19,0,0,0,1.6101183256853495e-06,4.013622959826194e-06,1.0838102162402663e-05,,17,2,0,0,0,19
D3-ref_A,all,P2,e_y,19,19,0,0,0,-2.645483512880451e-06,1.2410145835028073e-05,2.155558867515152e-05,,19,0,0,0,0,19
D3-ref_A,all,P2,delta,19,19,0,0,0,-0.0003139408029089132,0.004734703815880763,0.0050000000000000044,,17,1,1,0,0,19
D3-ref_A,all,P2,a_cmd,19,19,0,0,0,0.0021027590238384144,0.0028435155123573102,0.006283909072484661,,5,14,0,0,0,19
D3-ref_A,first,A,vx,1,1,0,0,0,0.00038144420603902773,0.00038144420603902773,0.00038144420603902773,,0,0,1,0,1,0
D3-ref_A,first,A,vy,1,1,0,0,0,-0.0006768940290986514,0.0006768940290986514,0.0006768940290986514,,0,0,1,0,1,0
D3-ref_A,first,A,r,1,1,0,0,0,-0.011504648552539964,0.011504648552539964,0.011504648552539964,,0,0,1,0,1,0
D3-ref_A,first,A,e_psi,1,1,0,0,0,-7.809196437547072e-05,7.809196437547072e-05,7.809196437547072e-05,,0,0,1,0,1,0
D3-ref_A,first,A,s_abs,1,1,0,0,0,-2.0411681278531546e-07,2.0411681278531546e-07,2.0411681278531546e-07,,0,0,1,1,0,0
D3-ref_A,first,A,e_y,1,1,0,0,0,-5.27500455919927e-06,5.27500455919927e-06,5.27500455919927e-06,,0,0,1,0,1,0
D3-ref_A,first,A,delta,1,1,0,0,0,0.0,0.0,0.0,,0,0,1,0,0,1
D3-ref_A,first,A,a_cmd,1,1,0,0,0,0.0019138406590428758,0.0019138406590428758,0.0019138406590428758,,0,0,1,0,1,0
D3-ref_A,first,P0,vx,1,1,0,0,0,0.003419560796618981,0.003419560796618981,0.003419560796618981,,0,1,0,0,1,0
D3-ref_A,first,P0,vy,1,1,0,0,0,0.028501050780998793,0.028501050780998793,0.028501050780998793,,0,1,0,0,1,0
D3-ref_A,first,P0,r,1,1,0,0,0,-0.09991963798141079,0.09991963798141079,0.09991963798141079,,0,1,0,0,1,0
D3-ref_A,first,P0,e_psi,1,1,0,0,0,-0.011266478312801365,0.011266478312801365,0.011266478312801365,,0,1,0,0,1,0
D3-ref_A,first,P0,s_abs,1,1,0,0,0,0.00033376661259598706,0.00033376661259598706,0.00033376661259598706,,0,1,0,0,1,0
D3-ref_A,first,P0,e_y,1,1,0,0,0,-0.0006112971820139562,0.0006112971820139562,0.0006112971820139562,,0,1,0,0,1,0
D3-ref_A,first,P0,delta,1,1,0,0,0,0.0,0.0,0.0,,0,0,1,0,0,1
D3-ref_A,first,P0,a_cmd,1,1,0,0,0,0.0,0.0,0.0,,1,0,0,0,0,1
D3-ref_A,first,P1a,vx,1,1,0,0,0,0.003170644147467705,0.003170644147467705,0.003170644147467705,,0,1,0,0,1,0
D3-ref_A,first,P1a,vy,1,1,0,0,0,0.02676054880235046,0.02676054880235046,0.02676054880235046,,0,1,0,0,1,0
D3-ref_A,first,P1a,r,1,1,0,0,0,-0.10620063118689504,0.10620063118689504,0.10620063118689504,,0,1,0,0,1,0
D3-ref_A,first,P1a,e_psi,1,1,0,0,0,-0.0081889675512139,0.0081889675512139,0.0081889675512139,,0,1,0,0,1,0
D3-ref_A,first,P1a,s_abs,1,1,0,0,0,0.0005918180310038323,0.0005918180310038323,0.0005918180310038323,,0,1,0,0,1,0
D3-ref_A,first,P1a,e_y,1,1,0,0,0,-9.352919727026454e-05,9.352919727026454e-05,9.352919727026454e-05,,0,1,0,0,1,0
D3-ref_A,first,P1a,delta,1,1,0,0,0,0.0,0.0,0.0,,0,0,1,0,0,1
D3-ref_A,first,P1a,a_cmd,1,1,0,0,0,0.0,0.0,0.0,,1,0,0,0,0,1
D3-ref_A,first,P1b,vx,1,1,0,0,0,0.003170644147467705,0.003170644147467705,0.003170644147467705,,0,1,0,0,1,0
D3-ref_A,first,P1b,vy,1,1,0,0,0,0.026368950559468418,0.026368950559468418,0.026368950559468418,,0,1,0,0,1,0
D3-ref_A,first,P1b,r,1,1,0,0,0,-0.13365246813221487,0.13365246813221487,0.13365246813221487,,0,1,0,0,1,0
D3-ref_A,first,P1b,e_psi,1,1,0,0,0,-0.00857061123943259,0.00857061123943259,0.00857061123943259,,0,1,0,0,1,0
D3-ref_A,first,P1b,s_abs,1,1,0,0,0,0.0005918180310038323,0.0005918180310038323,0.0005918180310038323,,0,1,0,0,1,0
D3-ref_A,first,P1b,e_y,1,1,0,0,0,0.00013251790202983837,0.00013251790202983837,0.00013251790202983837,,0,1,0,0,1,0
D3-ref_A,first,P1b,delta,1,1,0,0,0,0.0,0.0,0.0,,0,0,1,0,0,1
D3-ref_A,first,P1b,a_cmd,1,1,0,0,0,0.0,0.0,0.0,,1,0,0,0,0,1
D3-ref_A,first,P2,vx,1,1,0,0,0,0.0,0.0,0.0,,1,0,0,0,0,1
D3-ref_A,first,P2,vy,1,1,0,0,0,0.0,0.0,0.0,,1,0,0,0,0,1
D3-ref_A,first,P2,r,1,1,0,0,0,-1.1102230246251565e-16,1.1102230246251565e-16,1.1102230246251565e-16,,1,0,0,0,0,1
D3-ref_A,first,P2,e_psi,1,1,0,0,0,-2.4733122574893684e-05,2.4733122574893684e-05,2.4733122574893684e-05,,1,0,0,0,0,1
D3-ref_A,first,P2,s_abs,1,1,0,0,0,-2.2482682258129216e-06,2.2482682258129216e-06,2.2482682258129216e-06,,0,1,0,0,0,1
D3-ref_A,first,P2,e_y,1,1,0,0,0,-1.0847563055443876e-06,1.0847563055443876e-06,1.0847563055443876e-06,,1,0,0,0,0,1
D3-ref_A,first,P2,delta,1,1,0,0,0,0.0,0.0,0.0,,0,0,1,0,0,1
D3-ref_A,first,P2,a_cmd,1,1,0,0,0,0.0,0.0,0.0,,1,0,0,0,0,1
D3-ref_A,later,A,vx,18,18,0,0,0,0.00023231699217429735,0.0004538554083816054,0.0010701718458232534,,0,0,18,1,17,0
D3-ref_A,later,A,vy,18,18,0,0,0,-0.00014342068890654504,0.0017125535838695002,0.0022325669131919024,,0,0,18,2,16,0
D3-ref_A,later,A,r,18,18,0,0,0,-0.003633115516124232,0.04909652457500554,0.059603859466401676,,0,0,18,0,18,0
D3-ref_A,later,A,e_psi,18,18,0,0,0,-5.3011632774034747e-05,0.00048137092092171476,0.0006264895178706986,,0,0,18,0,18,0
D3-ref_A,later,A,s_abs,18,18,0,0,0,7.2133168649537695e-06,9.619753213836084e-06,1.9452233868122448e-05,,0,0,18,1,17,0
D3-ref_A,later,A,e_y,18,18,0,0,0,-4.779908033950394e-06,4.178907042478949e-05,5.612916152904733e-05,,0,0,18,0,18,0
D3-ref_A,later,A,delta,18,18,0,0,0,-0.000961411552101412,0.009438834831309193,0.010000000000000009,,0,0,18,1,17,0
D3-ref_A,later,A,a_cmd,18,18,0,0,0,0.0020886605743653717,0.0027825994538601627,0.006024502942150178,,0,0,18,14,4,0
D3-ref_A,later,P0,vx,18,18,0,0,0,0.023865050781625423,0.03699167636961665,0.07733823648202875,,0,18,0,0,18,0
D3-ref_A,later,P0,vy,18,18,0,0,0,0.01663330472698991,0.17897135506503786,0.2553555495357456,,0,18,0,0,18,0
D3-ref_A,later,P0,r,18,18,0,0,0,-0.08191127471769048,0.8463229333478692,1.251232243528629,,1,17,0,1,17,0
D3-ref_A,later,P0,e_psi,18,18,0,0,0,-0.007149529618552247,0.06020970031118987,0.08857359303663292,,0,18,0,0,18,0
D3-ref_A,later,P0,s_abs,18,18,0,0,0,0.0013002518492909825,0.0016462324379309101,0.0028725892237151385,,0,18,0,0,18,0
D3-ref_A,later,P0,e_y,18,18,0,0,0,-0.0010634904969771288,0.007983183517689044,0.012335227815339467,,0,18,0,0,18,0
D3-ref_A,later,P0,delta,18,18,0,0,0,0.0008678568320575396,0.009389587420751013,0.02459467844139416,,14,4,0,2,4,12
D3-ref_A,later,P0,a_cmd,18,18,0,0,0,-0.020514805645423677,0.033474219779715,0.07175609577517683,,1,17,0,1,17,0
D3-ref_A,later,P1a,vx,18,18,0,0,0,0.007979139233441155,0.01062297594487136,0.02302960004575816,,1,17,0,1,17,0
D3-ref_A,later,P1a,vy,18,18,0,0,0,0.002576730046231633,0.039274299763820554,0.06657870532607729,,0,18,0,0,18,0
D3-ref_A,later,P1a,r,18,18,0,0,0,-0.016542223577599127,0.2598950978012866,0.4073663805887917,,4,14,0,2,16,0
D3-ref_A,later,P1a,e_psi,18,18,0,0,0,-0.0022799685229482553,0.014902263785963314,0.025206894211024178,,0,18,0,0,18,0
D3-ref_A,later,P1a,s_abs,18,18,0,0,0,0.000406827982327693,0.00114191562913578,0.0026602978205332306,,0,18,0,0,18,0
D3-ref_A,later,P1a,e_y,18,18,0,0,0,-0.0012264310967628367,0.007050949158897828,0.011097311626706574,,0,18,0,0,18,0
D3-ref_A,later,P1a,delta,18,18,0,0,0,0.0001591340382524535,0.005200688987137887,0.007864412688563083,,16,2,0,0,1,17
D3-ref_A,later,P1a,a_cmd,18,18,0,0,0,-0.004628894097239409,0.006286816217555801,0.013443978534525058,,4,14,0,3,15,0
D3-ref_A,later,P1b,vx,18,18,0,0,0,0.007979139233441155,0.01062297594487136,0.02302960004575816,,1,17,0,1,17,0
D3-ref_A,later,P1b,vy,18,18,0,0,0,-0.0020351475528141557,0.021063041650559878,0.0439654962040697,,0,18,0,0,18,0
D3-ref_A,later,P1b,r,18,18,0,0,0,-0.12670637090873305,1.340504751218433,2.1133563980287615,,1,17,0,0,18,0
D3-ref_A,later,P1b,e_psi,18,18,0,0,0,-0.0024987721275691044,0.019487274473369624,0.03126620333317387,,0,18,0,0,18,0
D3-ref_A,later,P1b,s_abs,18,18,0,0,0,0.000406827982327693,0.00114191562913578,0.0026602978205332306,,0,18,0,0,18,0
D3-ref_A,later,P1b,e_y,18,18,0,0,0,-0.0008889548709030494,0.0051195910089596106,0.009161803067642249,,0,18,0,0,18,0
D3-ref_A,later,P1b,delta,18,18,0,0,0,-0.0007789614446958728,0.006104076359534531,0.0134690563958927,,16,2,0,0,2,16
D3-ref_A,later,P1b,a_cmd,18,18,0,0,0,-0.004628894097239409,0.006286816217555801,0.013443978534525058,,4,14,0,3,15,0
D3-ref_A,later,P2,vx,18,18,0,0,0,6.253634386471024e-05,0.0003290376198012064,0.0012027439456439026,,17,1,0,0,0,18
D3-ref_A,later,P2,vy,18,18,0,0,0,-9.454865056573693e-05,0.0014320637576688737,0.0017361771956160843,,16,2,0,0,0,18
D3-ref_A,later,P2,r,18,18,0,0,0,-0.0016507077641636026,0.02603179560571966,0.03142159289834845,,18,0,0,0,0,18
D3-ref_A,later,P2,e_psi,18,18,0,0,0,-2.8837125299515282e-05,0.00014862114948700848,0.0002385604231016636,,18,0,0,0,0,18
D3-ref_A,later,P2,s_abs,18,18,0,0,0,1.8244731341019203e-06,4.089413880809515e-06,1.0838102162402663e-05,,17,1,0,0,0,18
D3-ref_A,later,P2,e_y,18,18,0,0,0,-2.732190579954677e-06,1.274764897070177e-05,2.155558867515152e-05,,18,0,0,0,0,18
D3-ref_A,later,P2,delta,18,18,0,0,0,-0.000331381958626075,0.004864445750421003,0.0050000000000000044,,17,1,0,0,0,18
D3-ref_A,later,P2,a_cmd,18,18,0,0,0,0.0022195789696072155,0.0029214344736724846,0.006283909072484661,,4,14,0,0,0,18
D3-ref_A,after_second,A,vx,17,17,0,0,0,0.0003089339826447415,0.0003882432069264786,0.0006609831650266074,,0,0,17,0,17,0
D3-ref_A,after_second,A,vy,17,17,0,0,0,-2.052973453681815e-05,0.0016769503303065223,0.0021683845231274257,,0,0,17,2,15,0
D3-ref_A,after_second,A,r,17,17,0,0,0,-0.0005886521640003223,0.04870106688394246,0.059603859466401676,,0,0,17,0,17,0
D3-ref_A,after_second,A,e_psi,17,17,0,0,0,-2.0871983489205843e-05,0.00047351378394884524,0.0006264895178706986,,0,0,17,0,17,0
D3-ref_A,after_second,A,s_abs,17,17,0,0,0,8.003856936412244e-06,9.782795063150894e-06,1.9452233868122448e-05,,0,0,17,0,17,0
D3-ref_A,after_second,A,e_y,17,17,0,0,0,-1.8253816895637672e-06,4.087867352133307e-05,5.612916152904733e-05,,0,0,17,0,17,0
D3-ref_A,after_second,A,delta,17,17,0,0,0,-0.000429729878695613,0.009404782430198327,0.010000000000000009,,0,0,17,1,16,0
D3-ref_A,after_second,A,a_cmd,17,17,0,0,0,0.002163349355324166,0.0028563736135445257,0.006024502942150178,,0,0,17,13,4,0
D3-ref_A,after_second,P0,vx,17,17,0,0,0,0.024440975029982638,0.037910752134245405,0.07733823648202875,,0,17,0,0,17,0
D3-ref_A,after_second,P0,vy,17,17,0,0,0,0.011280915758484411,0.18230074041620228,0.2553555495357456,,0,17,0,0,17,0
D3-ref_A,after_second,P0,r,17,17,0,0,0,-0.06958475599168566,0.8679853273190254,1.251232243528629,,1,16,0,1,16,0
D3-ref_A,after_second,P0,e_psi,17,17,0,0,0,-0.004825066182390092,0.06091270702031389,0.08857359303663292,,0,17,0,0,17,0
D3-ref_A,after_second,P0,s_abs,17,17,0,0,0,0.001294426697245378,0.0016596151109417663,0.0028725892237151385,,0,17,0,0,17,0
D3-ref_A,after_second,P0,e_y,17,17,0,0,0,-0.0006368665742885238,0.007963166939603871,0.012335227815339467,,0,17,0,0,17,0
D3-ref_A,after_second,P0,delta,17,17,0,0,0,-0.0001423462899933699,0.008614179390151293,0.02459467844139416,,14,3,0,2,3,12
D3-ref_A,after_second,P0,a_cmd,17,17,0,0,0,-0.02089610696038596,0.034276131994989134,0.07175609577517683,,1,16,0,1,16,0
D3-ref_A,after_second,P1a,vx,17,17,0,0,0,0.008406978591644024,0.010929611343381903,0.02302960004575816,,0,17,0,0,17,0
D3-ref_A,after_second,P1a,vy,17,17,0,0,0,0.0020412734669076338,0.040313521789310455,0.06657870532607729,,0,17,0,0,17,0
D3-ref_A,after_second,P1a,r,17,17,0,0,0,-0.02276179920585395,0.26655353254771574,0.4073663805887917,,4,13,0,2,15,0
D3-ref_A,after_second,P1a,e_psi,17,17,0,0,0,-0.001851923989056125,0.015158114470006671,0.025206894211024178,,0,17,0,0,17,0
D3-ref_A,after_second,P1a,s_abs,17,17,0,0,0,0.0004062052330795354,0.0011706521165338517,0.0026602978205332306,,0,17,0,0,17,0
D3-ref_A,after_second,P1a,e_y,17,17,0,0,0,-0.001036841447340108,0.007174662368480739,0.011097311626706574,,0,17,0,0,17,0
D3-ref_A,after_second,P1a,delta,17,17,0,0,0,0.00046261251109083176,0.0052122535881204786,0.007864412688563083,,15,2,0,0,1,16
D3-ref_A,after_second,P1a,a_cmd,17,17,0,0,0,-0.004862110522047345,0.006467074369718396,0.013443978534525058,,3,14,0,2,15,0
D3-ref_A,after_second,P1b,vx,17,17,0,0,0,0.008406978591644024,0.010929611343381903,0.02302960004575816,,0,17,0,0,17,0
D3-ref_A,after_second,P1b,vy,17,17,0,0,0,-0.002421225740303725,0.021645848121661825,0.0439654962040697,,0,17,0,0,17,0
D3-ref_A,after_second,P1b,r,17,17,0,0,0,-0.09238803922929983,1.368573456459796,2.1133563980287615,,1,16,0,0,17,0
D3-ref_A,after_second,P1b,e_psi,17,17,0,0,0,-0.0017360788328167963,0.01969833829479221,0.03126620333317387,,0,17,0,0,17,0
D3-ref_A,after_second,P1b,s_abs,17,17,0,0,0,0.0004062052330795354,0.0011706521165338517,0.0026602978205332306,,0,17,0,0,17,0
D3-ref_A,after_second,P1b,e_y,17,17,0,0,0,-0.000836268461642569,0.005250204116893171,0.009161803067642249,,0,17,0,0,17,0
D3-ref_A,after_second,P1b,delta,17,17,0,0,0,-0.0005306650590897491,0.006162865393794515,0.0134690563958927,,15,2,0,0,2,15
D3-ref_A,after_second,P1b,a_cmd,17,17,0,0,0,-0.004862110522047345,0.006467074369718396,0.013443978534525058,,3,14,0,2,15,0
D3-ref_A,after_second,P2,vx,17,17,0,0,0,0.0001369645961887463,0.00017187385860445244,0.00031165259549847946,,17,0,0,0,0,17
D3-ref_A,after_second,P2,vy,17,17,0,0,0,2.0177344372246713e-06,0.0014121366300738826,0.001724735052521631,,15,2,0,0,0,17
D3-ref_A,after_second,P2,r,17,17,0,0,0,-5.40783442563684e-05,0.025860165307690832,0.03142159289834845,,17,0,0,0,0,17
D3-ref_A,after_second,P2,e_psi,17,17,0,0,0,-1.7497505196411152e-05,0.00014317351496692971,0.0002385604231016636,,17,0,0,0,0,17
D3-ref_A,after_second,P2,s_abs,17,17,0,0,0,2.569330504484543e-06,3.285933008441021e-06,6.319831326706549e-06,,17,0,0,0,0,17
D3-ref_A,after_second,P2,e_y,17,17,0,0,0,-1.6497814721190551e-06,1.2074367945923916e-05,2.155558867515152e-05,,17,0,0,0,0,17
D3-ref_A,after_second,P2,delta,17,17,0,0,0,-5.675736795702025e-05,0.004856354141184524,0.0050000000000000044,,16,1,0,0,0,17
D3-ref_A,after_second,P2,a_cmd,17,17,0,0,0,0.002296429421228652,0.0029979624297898472,0.006283909072484661,,4,13,0,0,0,17
D3-ref_B,all,A,vx,19,19,0,0,0,0.00023263277642418095,0.00044130666231841233,0.0010710279878480833,,0,0,19,1,18,0
D3-ref_B,all,A,vy,19,19,0,0,0,-0.0001497849157738811,0.0016781090853661006,0.0022325885913591637,,0,0,19,2,17,0
D3-ref_B,all,A,r,19,19,0,0,0,-0.0036484202729897947,0.047846170557428125,0.059627720761456615,,0,0,19,0,19,0
D3-ref_B,all,A,e_psi,19,19,0,0,0,-5.20964242793675e-05,0.00046795994002550784,0.0006264929721235823,,0,0,19,0,19,0
D3-ref_B,all,A,s_abs,19,19,0,0,0,6.73692412228296e-06,9.232236050172292e-06,1.914858347973336e-05,,0,0,19,2,17,0
D3-ref_B,all,A,e_y,19,19,0,0,0,-4.619972468259725e-06,4.064894991783661e-05,5.612933988467794e-05,,0,0,19,0,19,0
D3-ref_B,all,A,delta,19,19,0,0,0,-0.0007880026226369545,0.009216090537920371,0.010000000000000009,,0,0,19,1,17,1
D3-ref_B,all,A,a_cmd,19,19,0,0,0,0.00198134368913785,0.0026435579207883656,0.006058406795198756,,0,0,19,14,5,0
D3-ref_B,all,P0,vx,19,19,0,0,0,0.021564963425454057,0.03425823855229286,0.07648350404133097,,0,19,0,0,19,0
D3-ref_B,all,P0,vy,19,19,0,0,0,0.01657381116050374,0.1650495480746254,0.23655039823527813,,0,19,0,0,19,0
D3-ref_B,all,P0,r,19,19,0,0,0,-0.0797705273856423,0.7821026874445035,1.1724710869661992,,1,18,0,1,18,0
D3-ref_B,all,P0,e_psi,19,19,0,0,0,-0.00711601320840496,0.055532639873228984,0.0823384917448231,,0,19,0,0,19,0
D3-ref_B,all,P0,s_abs,19,19,0,0,0,0.0011597061066454383,0.0014983067505720787,0.002866370586522393,,0,19,0,0,19,0
D3-ref_B,all,P0,e_y,19,19,0,0,0,-0.0010030103772664858,0.007340022857969353,0.011381254441643174,,0,19,0,0,19,0
D3-ref_B,all,P0,delta,19,19,0,0,0,0.000612590508028506,0.008740821172000805,0.023010999418092738,,14,4,1,2,4,13
D3-ref_B,all,P0,a_cmd,19,19,0,0,0,-0.018365459686465736,0.03103976086298437,0.0691605566541229,,2,17,0,1,17,1
D3-ref_B,all,P1a,vx,19,19,0,0,0,0.00735920905928691,0.009895656409511842,0.023068755497631876,,1,18,0,1,18,0
D3-ref_B,all,P1a,vy,19,19,0,0,0,0.0035831714258304417,0.035674164012445074,0.06064595270670303,,0,19,0,0,19,0
D3-ref_B,all,P1a,r,19,19,0,0,0,-0.02105005438794012,0.24447937657882546,0.3879916285019591,,4,15,0,1,18,0
D3-ref_B,all,P1a,e_psi,19,19,0,0,0,-0.002513699873433113,0.013689000892362179,0.02518821548647132,,0,19,0,0,19,0
D3-ref_B,all,P1a,s_abs,19,19,0,0,0,0.00037886166390949984,0.0010609574370920214,0.002482437964207662,,0,19,0,0,19,0
D3-ref_B,all,P1a,e_y,19,19,0,0,0,-0.0011575500067492618,0.006737201410528394,0.010923955255583373,,0,19,0,0,19,0
D3-ref_B,all,P1a,delta,19,19,0,0,0,0.00014417156441262624,0.005051816458485021,0.0077392597238588184,,16,2,1,0,1,18
D3-ref_B,all,P1a,a_cmd,19,19,0,0,0,-0.004172806196569708,0.005813947944299869,0.01342515436171876,,5,14,0,3,15,1
D3-ref_B,all,P1b,vx,19,19,0,0,0,0.00735920905928691,0.009895656409511842,0.023068755497631876,,1,18,0,1,18,0
D3-ref_B,all,P1b,vy,19,19,0,0,0,-0.0005102221130800142,0.020018628359630006,0.04066993358108767,,0,19,0,0,19,0
D3-ref_B,all,P1b,r,19,19,0,0,0,-0.12252421056610707,1.2384729648398995,1.9882218836688719,,0,19,0,0,19,0
D3-ref_B,all,P1b,e_psi,19,19,0,0,0,-0.0027507757213648455,0.01785786684037133,0.028828689499015958,,0,19,0,0,19,0
D3-ref_B,all,P1b,s_abs,19,19,0,0,0,0.00037886166390949984,0.0010609574370920214,0.002482437964207662,,0,19,0,0,19,0
D3-ref_B,all,P1b,e_y,19,19,0,0,0,-0.0008399503157487072,0.00498045516260578,0.009148598083507042,,0,19,0,0,19,0
D3-ref_B,all,P1b,delta,19,19,0,0,0,-0.0007104058390298333,0.0057275109864094,0.012169178617711773,,16,2,1,0,2,17
D3-ref_B,all,P1b,a_cmd,19,19,0,0,0,-0.004172806196569708,0.005813947944299869,0.01342515436171876,,5,14,0,3,15,1
D3-ref_B,all,P2,vx,19,19,0,0,0,5.5140545772515205e-05,0.0003173812888515825,0.00120356357119622,,18,1,0,0,0,19
D3-ref_B,all,P2,vy,19,19,0,0,0,-8.221410448027134e-05,0.001390417355718313,0.0017362003769541001,,17,2,0,0,0,19
D3-ref_B,all,P2,r,19,19,0,0,0,-0.001455839969812832,0.02527388111867619,0.03143258321402698,,19,0,0,0,0,19
D3-ref_B,all,P2,e_psi,19,19,0,0,0,-2.8301004780409567e-05,0.00014456057913849292,0.00023856148385315024,,19,0,0,0,0,19
D3-ref_B,all,P2,s_abs,19,19,0,0,0,1.5791098991921764e-06,3.9790347530339555e-06,1.0844376237884035e-05,,17,2,0,0,0,19
D3-ref_B,all,P2,e_y,19,19,0,0,0,-2.6194757346278928e-06,1.2404095446112578e-05,2.1555344933506596e-05,,19,0,0,0,0,19
D3-ref_B,all,P2,delta,19,19,0,0,0,-0.0002678019757416841,0.004729569836138299,0.0050000000000000044,,17,1,1,0,0,19
D3-ref_B,all,P2,a_cmd,19,19,0,0,0,0.0020018291561260874,0.0027344206790575155,0.006315993286238886,,5,14,0,0,0,19
D3-ref_B,first,A,vx,1,1,0,0,0,0.00038144420603902773,0.00038144420603902773,0.00038144420603902773,,0,0,1,0,1,0
D3-ref_B,first,A,vy,1,1,0,0,0,-0.0006768940290986514,0.0006768940290986514,0.0006768940290986514,,0,0,1,0,1,0
D3-ref_B,first,A,r,1,1,0,0,0,-0.011504648552539964,0.011504648552539964,0.011504648552539964,,0,0,1,0,1,0
D3-ref_B,first,A,e_psi,1,1,0,0,0,-7.809196437547072e-05,7.809196437547072e-05,7.809196437547072e-05,,0,0,1,0,1,0
D3-ref_B,first,A,s_abs,1,1,0,0,0,-2.0411681278531546e-07,2.0411681278531546e-07,2.0411681278531546e-07,,0,0,1,1,0,0
D3-ref_B,first,A,e_y,1,1,0,0,0,-5.27500455919927e-06,5.27500455919927e-06,5.27500455919927e-06,,0,0,1,0,1,0
D3-ref_B,first,A,delta,1,1,0,0,0,0.0,0.0,0.0,,0,0,1,0,0,1
D3-ref_B,first,A,a_cmd,1,1,0,0,0,0.0019138406590428758,0.0019138406590428758,0.0019138406590428758,,0,0,1,0,1,0
D3-ref_B,first,P0,vx,1,1,0,0,0,0.003419560796618981,0.003419560796618981,0.003419560796618981,,0,1,0,0,1,0
D3-ref_B,first,P0,vy,1,1,0,0,0,0.028501050780998793,0.028501050780998793,0.028501050780998793,,0,1,0,0,1,0
D3-ref_B,first,P0,r,1,1,0,0,0,-0.09991963798141079,0.09991963798141079,0.09991963798141079,,0,1,0,0,1,0
D3-ref_B,first,P0,e_psi,1,1,0,0,0,-0.011266478312801365,0.011266478312801365,0.011266478312801365,,0,1,0,0,1,0
D3-ref_B,first,P0,s_abs,1,1,0,0,0,0.00033376661259598706,0.00033376661259598706,0.00033376661259598706,,0,1,0,0,1,0
D3-ref_B,first,P0,e_y,1,1,0,0,0,-0.0006112971820139562,0.0006112971820139562,0.0006112971820139562,,0,1,0,0,1,0
D3-ref_B,first,P0,delta,1,1,0,0,0,0.0,0.0,0.0,,0,0,1,0,0,1
D3-ref_B,first,P0,a_cmd,1,1,0,0,0,0.0,0.0,0.0,,1,0,0,0,0,1
D3-ref_B,first,P1a,vx,1,1,0,0,0,0.003170644147467705,0.003170644147467705,0.003170644147467705,,0,1,0,0,1,0
D3-ref_B,first,P1a,vy,1,1,0,0,0,0.02676054880235046,0.02676054880235046,0.02676054880235046,,0,1,0,0,1,0
D3-ref_B,first,P1a,r,1,1,0,0,0,-0.10620063118689504,0.10620063118689504,0.10620063118689504,,0,1,0,0,1,0
D3-ref_B,first,P1a,e_psi,1,1,0,0,0,-0.0081889675512139,0.0081889675512139,0.0081889675512139,,0,1,0,0,1,0
D3-ref_B,first,P1a,s_abs,1,1,0,0,0,0.0005918180310038323,0.0005918180310038323,0.0005918180310038323,,0,1,0,0,1,0
D3-ref_B,first,P1a,e_y,1,1,0,0,0,-9.352919727026454e-05,9.352919727026454e-05,9.352919727026454e-05,,0,1,0,0,1,0
D3-ref_B,first,P1a,delta,1,1,0,0,0,0.0,0.0,0.0,,0,0,1,0,0,1
D3-ref_B,first,P1a,a_cmd,1,1,0,0,0,0.0,0.0,0.0,,1,0,0,0,0,1
D3-ref_B,first,P1b,vx,1,1,0,0,0,0.003170644147467705,0.003170644147467705,0.003170644147467705,,0,1,0,0,1,0
D3-ref_B,first,P1b,vy,1,1,0,0,0,0.026368950559468418,0.026368950559468418,0.026368950559468418,,0,1,0,0,1,0
D3-ref_B,first,P1b,r,1,1,0,0,0,-0.13365246813221487,0.13365246813221487,0.13365246813221487,,0,1,0,0,1,0
D3-ref_B,first,P1b,e_psi,1,1,0,0,0,-0.00857061123943259,0.00857061123943259,0.00857061123943259,,0,1,0,0,1,0
D3-ref_B,first,P1b,s_abs,1,1,0,0,0,0.0005918180310038323,0.0005918180310038323,0.0005918180310038323,,0,1,0,0,1,0
D3-ref_B,first,P1b,e_y,1,1,0,0,0,0.00013251790202983837,0.00013251790202983837,0.00013251790202983837,,0,1,0,0,1,0
D3-ref_B,first,P1b,delta,1,1,0,0,0,0.0,0.0,0.0,,0,0,1,0,0,1
D3-ref_B,first,P1b,a_cmd,1,1,0,0,0,0.0,0.0,0.0,,1,0,0,0,0,1
D3-ref_B,first,P2,vx,1,1,0,0,0,0.0,0.0,0.0,,1,0,0,0,0,1
D3-ref_B,first,P2,vy,1,1,0,0,0,0.0,0.0,0.0,,1,0,0,0,0,1
D3-ref_B,first,P2,r,1,1,0,0,0,-1.1102230246251565e-16,1.1102230246251565e-16,1.1102230246251565e-16,,1,0,0,0,0,1
D3-ref_B,first,P2,e_psi,1,1,0,0,0,-2.4733122574893684e-05,2.4733122574893684e-05,2.4733122574893684e-05,,1,0,0,0,0,1
D3-ref_B,first,P2,s_abs,1,1,0,0,0,-2.2482682258129216e-06,2.2482682258129216e-06,2.2482682258129216e-06,,0,1,0,0,0,1
D3-ref_B,first,P2,e_y,1,1,0,0,0,-1.0847563055443876e-06,1.0847563055443876e-06,1.0847563055443876e-06,,1,0,0,0,0,1
D3-ref_B,first,P2,delta,1,1,0,0,0,0.0,0.0,0.0,,0,0,1,0,0,1
D3-ref_B,first,P2,a_cmd,1,1,0,0,0,0.0,0.0,0.0,,1,0,0,0,0,1
D3-ref_B,later,A,vx,18,18,0,0,0,0.00022436547477891169,0.00044439597905502796,0.0010710279878480833,,0,0,18,1,17,0
D3-ref_B,later,A,vy,18,18,0,0,0,-0.00012050107614472719,0.001716695249256343,0.0022325885913591637,,0,0,18,2,16,0
D3-ref_B,later,A,r,18,18,0,0,0,-0.0032119631463481185,0.04908241808138298,0.059627720761456615,,0,0,18,0,18,0
D3-ref_B,later,A,e_psi,18,18,0,0,0,-5.0652227607361766e-05,0.00048043066611605197,0.0006264929721235823,,0,0,18,0,18,0
D3-ref_B,later,A,s_abs,18,18,0,0,0,7.12253750756453e-06,9.485098850192615e-06,1.914858347973336e-05,,0,0,18,1,17,0
D3-ref_B,later,A,e_y,18,18,0,0,0,-4.583581796540861e-06,4.1744314174330254e-05,5.612933988467794e-05,,0,0,18,0,18,0
D3-ref_B,later,A,delta,18,18,0,0,0,-0.0008317805461167851,0.009468632927431036,0.010000000000000009,,0,0,18,1,17,0
D3-ref_B,later,A,a_cmd,18,18,0,0,0,0.00198509385747646,0.002678274579966338,0.006058406795198756,,0,0,18,14,4,0
D3-ref_B,later,P0,vx,18,18,0,0,0,0.022573041349278226,0.03518776450018491,0.07648350404133097,,0,18,0,0,18,0
D3-ref_B,later,P0,vy,18,18,0,0,0,0.015911186737142903,0.16943917348081358,0.23655039823527813,,0,18,0,0,18,0
D3-ref_B,later,P0,r,18,18,0,0,0,-0.07865113235254406,0.8031889125506059,1.1724710869661992,,1,17,0,1,17,0
D3-ref_B,later,P0,e_psi,18,18,0,0,0,-0.006885431813716271,0.05699253079762697,0.0823384917448231,,0,18,0,0,18,0
D3-ref_B,later,P0,s_abs,18,18,0,0,0,0.00120559163409263,0.0015373523254410772,0.002866370586522393,,0,18,0,0,18,0
D3-ref_B,later,P0,e_y,18,18,0,0,0,-0.0010247722214471817,0.007539780026668923,0.011381254441643174,,0,18,0,0,18,0
D3-ref_B,later,P0,delta,18,18,0,0,0,0.0006466233140300898,0.008980340071688245,0.023010999418092738,,14,4,0,2,4,12
D3-ref_B,later,P0,a_cmd,18,18,0,0,0,-0.0193857630023805,0.03189032275209821,0.0691605566541229,,1,17,0,1,17,0
D3-ref_B,later,P1a,vx,18,18,0,0,0,0.007591907109943532,0.010139316532459374,0.023068755497631876,,1,17,0,1,17,0
D3-ref_B,later,P1a,vy,18,18,0,0,0,0.002295539349357107,0.036104898566958726,0.06064595270670303,,0,18,0,0,18,0
D3-ref_B,later,P1a,r,18,18,0,0,0,-0.016319466787998182,0.24992827546791152,0.3879916285019591,,4,14,0,1,17,0
D3-ref_B,later,P1a,e_psi,18,18,0,0,0,-0.002198407224667514,0.013931034446786474,0.02518821548647132,,0,18,0,0,18,0
D3-ref_B,later,P1a,s_abs,18,18,0,0,0,0.0003670307546264813,0.001081067743824371,0.002482437964207662,,0,18,0,0,18,0
D3-ref_B,later,P1a,e_y,18,18,0,0,0,-0.0012166622739425397,0.006921781347327305,0.010923955255583373,,0,18,0,0,18,0
D3-ref_B,later,P1a,delta,18,18,0,0,0,0.00015218109576888326,0.0051902480195190346,0.0077392597238588184,,16,2,0,0,1,17
D3-ref_B,later,P1a,a_cmd,18,18,0,0,0,-0.004404628763045803,0.005973263686729135,0.01342515436171876,,4,14,0,3,15,0
D3-ref_B,later,P1b,vx,18,18,0,0,0,0.007591907109943532,0.010139316532459374,0.023068755497631876,,1,17,0,1,17,0
D3-ref_B,later,P1b,vy,18,18,0,0,0,-0.002003509483777149,0.01960561511547561,0.04066993358108767,,0,18,0,0,18,0
D3-ref_B,later,P1b,r,18,18,0,0,0,-0.12190597403465661,1.2720199908000542,1.9882218836688719,,0,18,0,0,18,0
D3-ref_B,later,P1b,e_psi,18,18,0,0,0,-0.0024274515259166377,0.018235663130651367,0.028828689499015958,,0,18,0,0,18,0
D3-ref_B,later,P1b,s_abs,18,18,0,0,0,0.0003670307546264813,0.001081067743824371,0.002482437964207662,,0,18,0,0,18,0
D3-ref_B,later,P1b,e_y,18,18,0,0,0,-0.0008939763278475154,0.005116835925069355,0.009148598083507042,,0,18,0,0,18,0
D3-ref_B,later,P1b,delta,18,18,0,0,0,-0.0007498728300870464,0.0058844581544634615,0.012169178617711773,,16,2,0,0,2,16
D3-ref_B,later,P1b,a_cmd,18,18,0,0,0,-0.004404628763045803,0.005973263686729135,0.01342515436171876,,4,14,0,3,15,0
D3-ref_B,later,P2,vx,18,18,0,0,0,5.820390942654383e-05,0.0003260782768795061,0.00120356357119622,,17,1,0,0,0,18
D3-ref_B,later,P2,vy,18,18,0,0,0,-8.67815547291753e-05,0.0014285180362601775,0.0017362003769541001,,16,2,0,0,0,18
D3-ref_B,later,P2,r,18,18,0,0,0,-0.001536719968135761,0.025966444446223452,0.03143258321402698,,18,0,0,0,0,18
D3-ref_B,later,P2,e_psi,18,18,0,0,0,-2.8499220458493786e-05,0.0001484074220261328,0.00023856148385315024,,18,0,0,0,0,18
D3-ref_B,later,P2,s_abs,18,18,0,0,0,1.7917420172480153e-06,4.053578143210076e-06,1.0844376237884035e-05,,17,1,0,0,0,18
D3-ref_B,later,P2,e_y,18,18,0,0,0,-2.704737925132532e-06,1.274143153619266e-05,2.1555344933506596e-05,,18,0,0,0,0,18
D3-ref_B,later,P2,delta,18,18,0,0,0,-0.00028267986328288873,0.00485917108765177,0.0050000000000000044,,17,1,0,0,0,18
D3-ref_B,later,P2,a_cmd,18,18,0,0,0,0.0021130418870219814,0.0028093501873316814,0.006315993286238886,,4,14,0,0,0,18
D3-ref_B,after_second,A,vx,17,17,0,0,0,0.0003005650902275585,0.00037633520734228017,0.0006348911040010563,,0,0,17,0,17,0
D3-ref_B,after_second,A,vy,17,17,0,0,0,3.7393659267102456e-06,0.0016814264707381166,0.0021683931167399834,,0,0,17,2,15,0
D3-ref_B,after_second,A,r,17,17,0,0,0,-0.00014277060452406928,0.048686059750262155,0.059627720761456615,,0,0,17,0,17,0
D3-ref_B,after_second,A,e_psi,17,17,0,0,0,-1.8374210880748245e-05,0.0004725021411968732,0.0006264929721235823,,0,0,17,0,17,0
D3-ref_B,after_second,A,s_abs,17,17,0,0,0,7.908152507585907e-06,9.64230428613964e-06,1.914858347973336e-05,,0,0,17,0,17,0
D3-ref_B,after_second,A,e_y,17,17,0,0,0,-1.6174564327803777e-06,4.0830158475000226e-05,5.612933988467794e-05,,0,0,17,0,17,0
D3-ref_B,after_second,A,delta,17,17,0,0,0,-0.00029247351941777286,0.009436444280677917,0.010000000000000009,,0,0,17,1,16,0
D3-ref_B,after_second,A,a_cmd,17,17,0,0,0,0.002053221142012915,0.0027486143225902717,0.006058406795198756,,0,0,17,13,4,0
D3-ref_B,after_second,P0,vx,17,17,0,0,0,0.023095291725723534,0.036055244160095555,0.07648350404133097,,0,17,0,0,17,0
D3-ref_B,after_second,P0,vy,17,17,0,0,0,0.010538720410575457,0.17240040903717413,0.23655039823527813,,0,17,0,0,17,0
D3-ref_B,after_second,P0,r,17,17,0,0,0,-0.0658721172368034,0.8233529097096505,1.1724710869661992,,1,16,0,1,16,0
D3-ref_B,after_second,P0,e_psi,17,17,0,0,0,-0.004553126011691934,0.057548548491936094,0.0823384917448231,,0,17,0,0,17,0
D3-ref_B,after_second,P0,s_abs,17,17,0,0,0,0.0011969849193975831,0.0015475690587487148,0.002866370586522393,,0,17,0,0,17,0
D3-ref_B,after_second,P0,e_y,17,17,0,0,0,-0.0005997023310028401,0.007495844905735112,0.011381254441643174,,0,17,0,0,17,0
D3-ref_B,after_second,P0,delta,17,17,0,0,0,-0.00037920286075741514,0.008133249633184724,0.023010999418092738,,14,3,0,2,3,12
D3-ref_B,after_second,P0,a_cmd,17,17,0,0,0,-0.019723627008294633,0.032647639430535585,0.0691605566541229,,1,16,0,1,16,0
D3-ref_B,after_second,P1a,vx,17,17,0,0,0,0.007996366751660645,0.010431824965672023,0.023068755497631876,,0,17,0,0,17,0
D3-ref_B,after_second,P1a,vy,17,17,0,0,0,0.0017437833535235998,0.037043560882100535,0.06064595270670303,,0,17,0,0,17,0
D3-ref_B,after_second,P1a,r,17,17,0,0,0,-0.02240793525135656,0.25630329405951374,0.3879916285019591,,4,13,0,1,16,0
D3-ref_B,after_second,P1a,e_psi,17,17,0,0,0,-0.0017642473123709427,0.014145394851981113,0.02518821548647132,,0,17,0,0,17,0
D3-ref_B,after_second,P1a,s_abs,17,17,0,0,0,0.0003648199139848028,0.0011080725466322667,0.002482437964207662,,0,17,0,0,17,0
D3-ref_B,after_second,P1a,e_y,17,17,0,0,0,-0.0010274017713497268,0.007040796516526736,0.010923955255583373,,0,17,0,0,17,0
D3-ref_B,after_second,P1a,delta,17,17,0,0,0,0.0004552505719905809,0.0052012223737150755,0.0077392597238588184,,15,2,0,0,1,16
D3-ref_B,after_second,P1a,a_cmd,17,17,0,0,0,-0.004624702034231742,0.006144331419494641,0.01342515436171876,,3,14,0,2,15,0
D3-ref_B,after_second,P1b,vx,17,17,0,0,0,0.007996366751660645,0.010431824965672023,0.023068755497631876,,0,17,0,0,17,0
D3-ref_B,after_second,P1b,vy,17,17,0,0,0,-0.0023640091219263963,0.020149189294742863,0.04066993358108767,,0,17,0,0,17,0
D3-ref_B,after_second,P1b,r,17,17,0,0,0,-0.08716335961524208,1.2974392840304916,1.9882218836688719,,0,17,0,0,17,0
D3-ref_B,after_second,P1b,e_psi,17,17,0,0,0,-0.0016637546899487135,0.018388346853867445,0.028828689499015958,,0,17,0,0,17,0
D3-ref_B,after_second,P1b,s_abs,17,17,0,0,0,0.0003648199139848028,0.0011080725466322667,0.002482437964207662,,0,17,0,0,17,0
D3-ref_B,after_second,P1b,e_y,17,17,0,0,0,-0.0008415282725813352,0.005247340136269378,0.009148598083507042,,0,17,0,0,17,0
D3-ref_B,after_second,P1b,delta,17,17,0,0,0,-0.0004998653495039328,0.005932380039635752,0.012169178617711773,,15,2,0,0,2,15
D3-ref_B,after_second,P1b,a_cmd,17,17,0,0,0,-0.004624702034231742,0.006144331419494641,0.01342515436171876,,3,14,0,2,15,0
D3-ref_B,after_second,P2,vx,17,17,0,0,0,0.00013242552593376524,0.00016544441004158583,0.00031093406931947953,,17,0,0,0,0,17
D3-ref_B,after_second,P2,vy,17,17,0,0,0,1.0243081872290867e-05,0.0014083272574569544,0.001725026008104702,,15,2,0,0,0,17
D3-ref_B,after_second,P2,r,17,17,0,0,0,6.657635498889242e-05,0.025790547045034008,0.03143258321402698,,17,0,0,0,0,17
D3-ref_B,after_second,P2,e_psi,17,17,0,0,0,-1.714002653180662e-05,0.00014293905059913441,0.00023856148385315024,,17,0,0,0,0,17
D3-ref_B,after_second,P2,s_abs,17,17,0,0,0,2.5350430910793124e-06,3.237341208889898e-06,6.212026283591854e-06,,17,0,0,0,0,17
D3-ref_B,after_second,P2,e_y,17,17,0,0,0,-1.6206626592488294e-06,1.2067327554610842e-05,2.1555344933506596e-05,,17,0,0,0,0,17
D3-ref_B,after_second,P2,delta,17,17,0,0,0,-5.190443475999483e-06,0.004850759709227338,0.0050000000000000044,,16,1,0,0,0,17
D3-ref_B,after_second,P2,a_cmd,17,17,0,0,0,0.002183158255995152,0.002882153140899786,0.006315993286238886,,4,13,0,0,0,17
D4-R1_A,all,A,vx,19,19,0,0,0,-2.783731165915302e-05,0.00018646535031057083,0.0007747157566102558,,0,0,19,0,19,0
D4-R1_A,all,A,vy,19,19,0,0,0,8.626563108946964e-05,0.00035338444147414895,0.0015207323101716352,,0,0,19,0,19,0
D4-R1_A,all,A,r,19,19,0,0,0,-0.0003758953095742439,0.013585920272498534,0.046295920715736044,,0,0,19,1,18,0
D4-R1_A,all,A,e_psi,19,19,0,0,0,-4.7381598395620916e-05,0.00023919653552049284,0.0009892549719943133,,0,0,19,16,3,0
D4-R1_A,all,A,s_abs,19,19,0,0,0,-6.522796083964865e-07,3.2709061586779813e-06,1.306264600686724e-05,,0,0,19,1,18,0
D4-R1_A,all,A,e_y,19,19,0,0,0,-4.599325113385883e-06,2.2270110408627596e-05,9.274190204233007e-05,,0,0,19,16,3,0
D4-R1_A,all,A,delta,19,19,0,0,0,0.00022142970735256455,0.0026938716395879282,0.009999999999999995,,0,0,19,16,3,0
D4-R1_A,all,A,a_cmd,19,19,0,0,0,2.7982348974270028e-05,0.0001730961359086253,0.0007283687389154636,,0,0,19,0,19,0
D4-R1_A,all,P0,vx,19,19,0,0,0,-2.669354547656903e-05,0.0005998208482667739,0.002131362384308666,,0,19,0,0,19,0
D4-R1_A,all,P0,vy,19,19,0,0,0,0.0011886813246288581,0.007000817144193742,0.02888627273917327,,0,19,0,0,19,0
D4-R1_A,all,P0,r,19,19,0,0,0,0.01493619017665867,0.046326274363662934,0.17248715300625372,,0,19,0,0,19,0
D4-R1_A,all,P0,e_psi,19,19,0,0,0,-0.0014896156751918728,0.0032679709138753988,0.010329165309427069,,0,19,0,0,19,0
D4-R1_A,all,P0,s_abs,19,19,0,0,0,1.2905908862644691e-05,0.00015671579490907713,0.00056616428831191,,0,19,0,0,19,0
D4-R1_A,all,P0,e_y,19,19,0,0,0,-0.0003027545361213261,0.0007025608797904502,0.0025290003445581355,,0,19,0,0,19,0
D4-R1_A,all,P0,delta,19,19,0,0,0,0.0008998563022474079,0.0023005132592396785,0.005133669943785843,,2,17,0,0,18,1
D4-R1_A,all,P0,a_cmd,19,19,0,0,0,6.311114799075874e-05,0.000491297942443992,0.001327722997936931,,0,19,0,0,19,0
D4-R1_A,all,P1a,vx,19,19,0,0,0,-3.780736098810572e-05,0.0008847864507923284,0.0032998831719774913,,0,19,0,0,19,0
D4-R1_A,all,P1a,vy,19,19,0,0,0,0.00047840281418669956,0.013880834767160836,0.04868395167410963,,0,19,0,0,19,0
D4-R1_A,all,P1a,r,19,19,0,0,0,0.00524888232576973,0.022810642956975255,0.0657173139299767,,1,18,0,0,19,0
D4-R1_A,all,P1a,e_psi,19,19,0,0,0,-0.0004489473219472999,0.002844501089384324,0.008574201729673714,,0,19,0,0,19,0
D4-R1_A,all,P1a,s_abs,19,19,0,0,0,-0.0003135975997053076,0.0005001051261633036,0.0011487277951447439,,0,19,0,0,19,0
D4-R1_A,all,P1a,e_y,19,19,0,0,0,5.796330949128418e-05,0.000383508828625308,0.001178623389391592,,0,19,0,0,19,0
D4-R1_A,all,P1a,delta,19,19,0,0,0,-0.0005383220725959861,0.003204436993170848,0.01369408858641454,,2,17,0,1,17,1
D4-R1_A,all,P1a,a_cmd,19,19,0,0,0,7.422496350229542e-05,0.0007580082912806825,0.0030782589223710133,,0,19,0,0,19,0
D4-R1_A,all,P1b,vx,19,19,0,0,0,-3.780736098810572e-05,0.0008847864507923284,0.0032998831719774913,,0,19,0,0,19,0
D4-R1_A,all,P1b,vy,19,19,0,0,0,0.0019858553980429,0.008579306075963895,0.02874960565047563,,0,19,0,0,19,0
D4-R1_A,all,P1b,r,19,19,0,0,0,0.00032198764377495,0.02100969773109319,0.07957235052846989,,2,17,0,1,18,0
D4-R1_A,all,P1b,e_psi,19,19,0,0,0,-0.000902351888886853,0.0024264650899488748,0.008126526137109735,,0,19,0,0,19,0
D4-R1_A,all,P1b,s_abs,19,19,0,0,0,-0.0003135975997053076,0.0005001051261633036,0.0011487277951447439,,0,19,0,0,19,0
D4-R1_A,all,P1b,e_y,19,19,0,0,0,0.00019865416614947437,0.0004388860454848244,0.0011967066826352787,,0,19,0,0,19,0
D4-R1_A,all,P1b,delta,19,19,0,0,0,0.0007191372959446364,0.0019251224800078258,0.0044030530111607395,,2,17,0,0,18,1
D4-R1_A,all,P1b,a_cmd,19,19,0,0,0,7.422496350229542e-05,0.0007580082912806825,0.0030782589223710133,,0,19,0,0,19,0
D4-R1_A,all,P2,vx,19,19,0,0,0,-5.7056795218326637e-08,2.606534679912049e-07,1.023756105666962e-06,,19,0,0,0,0,19
D4-R1_A,all,P2,vy,19,19,0,0,0,3.825304805379648e-06,8.970411299730033e-06,1.755876381991442e-05,,19,0,0,0,0,19
D4-R1_A,all,P2,r,19,19,0,0,0,0.00012899784959642676,0.0003088291635002088,0.0006110483927205951,,18,1,0,0,0,19
D4-R1_A,all,P2,e_psi,19,19,0,0,0,-1.7847677127337318e-05,3.8631981386019735e-05,7.44132418430965e-05,,3,16,0,0,0,19
D4-R1_A,all,P2,s_abs,19,19,0,0,0,-5.458804144498648e-07,1.1882231225483026e-06,3.81397783710824e-06,,18,1,0,0,0,19
D4-R1_A,all,P2,e_y,19,19,0,0,0,-1.6430263923108056e-06,3.7072585532540285e-06,7.118332386922641e-06,,3,16,0,0,0,19
D4-R1_A,all,P2,delta,19,19,0,0,0,3.0171772629482406e-05,7.297681218861697e-05,0.00014591710946765604,,3,16,0,0,0,19
D4-R1_A,all,P2,a_cmd,19,19,0,0,0,4.0643328889556967e-08,1.7491354483081805e-07,6.995988313107659e-07,,19,0,0,0,0,19
D4-R1_A,first,A,vx,1,1,0,0,0,-0.0007747157566102558,0.0007747157566102558,0.0007747157566102558,,0,0,1,0,1,0
D4-R1_A,first,A,vy,1,1,0,0,0,0.0015207323101716352,0.0015207323101716352,0.0015207323101716352,,0,0,1,0,1,0
D4-R1_A,first,A,r,1,1,0,0,0,0.03690172796035074,0.03690172796035074,0.03690172796035074,,0,0,1,0,1,0
D4-R1_A,first,A,e_psi,1,1,0,0,0,0.0003031805569788659,0.0003031805569788659,0.0003031805569788659,,0,0,1,0,1,0
D4-R1_A,first,A,s_abs,1,1,0,0,0,-1.306264600686724e-05,1.306264600686724e-05,1.306264600686724e-05,,0,0,1,0,1,0
D4-R1_A,first,A,e_y,1,1,0,0,0,2.590913328823219e-05,2.590913328823219e-05,2.590913328823219e-05,,0,0,1,0,1,0
D4-R1_A,first,A,delta,1,1,0,0,0,0.009999999999999995,0.009999999999999995,0.009999999999999995,,0,0,1,0,1,0
D4-R1_A,first,A,a_cmd,1,1,0,0,0,0.0007283687389154636,0.0007283687389154636,0.0007283687389154636,,0,0,1,0,1,0
D4-R1_A,first,P0,vx,1,1,0,0,0,0.002131362384308666,0.002131362384308666,0.002131362384308666,,0,1,0,0,1,0
D4-R1_A,first,P0,vy,1,1,0,0,0,0.02888627273917327,0.02888627273917327,0.02888627273917327,,0,1,0,0,1,0
D4-R1_A,first,P0,r,1,1,0,0,0,-0.04510685027378902,0.04510685027378902,0.04510685027378902,,0,1,0,0,1,0
D4-R1_A,first,P0,e_psi,1,1,0,0,0,-0.010329165309427069,0.010329165309427069,0.010329165309427069,,0,1,0,0,1,0
D4-R1_A,first,P0,s_abs,1,1,0,0,0,0.00032102251577170726,0.00032102251577170726,0.00032102251577170726,,0,1,0,0,1,0
D4-R1_A,first,P0,e_y,1,1,0,0,0,-0.0005317240347003094,0.0005317240347003094,0.0005317240347003094,,0,1,0,0,1,0
D4-R1_A,first,P0,delta,1,1,0,0,0,0.0,0.0,0.0,,1,0,0,0,0,1
D4-R1_A,first,P0,a_cmd,1,1,0,0,0,-0.001327722997936931,0.001327722997936931,0.001327722997936931,,0,1,0,0,1,0
D4-R1_A,first,P1a,vx,1,1,0,0,0,0.001938850043635476,0.001938850043635476,0.001938850043635476,,0,1,0,0,1,0
D4-R1_A,first,P1a,vy,1,1,0,0,0,0.027735074253548375,0.027735074253548375,0.027735074253548375,,0,1,0,0,1,0
D4-R1_A,first,P1a,r,1,1,0,0,0,-0.0657173139299767,0.0657173139299767,0.0657173139299767,,0,1,0,0,1,0
D4-R1_A,first,P1a,e_psi,1,1,0,0,0,-0.007633713805708986,0.007633713805708986,0.007633713805708986,,0,1,0,0,1,0
D4-R1_A,first,P1a,s_abs,1,1,0,0,0,0.0005777711860635026,0.0005777711860635026,0.0005777711860635026,,0,1,0,0,1,0
D4-R1_A,first,P1a,e_y,1,1,0,0,0,-4.053012633521702e-05,4.053012633521702e-05,4.053012633521702e-05,,0,1,0,0,1,0
D4-R1_A,first,P1a,delta,1,1,0,0,0,0.0,0.0,0.0,,1,0,0,0,0,1
D4-R1_A,first,P1a,a_cmd,1,1,0,0,0,-0.001135210657263741,0.001135210657263741,0.001135210657263741,,0,1,0,0,1,0
D4-R1_A,first,P1b,vx,1,1,0,0,0,0.001938850043635476,0.001938850043635476,0.001938850043635476,,0,1,0,0,1,0
D4-R1_A,first,P1b,vy,1,1,0,0,0,0.02874960565047563,0.02874960565047563,0.02874960565047563,,0,1,0,0,1,0
D4-R1_A,first,P1b,r,1,1,0,0,0,-0.07957235052846989,0.07957235052846989,0.07957235052846989,,0,1,0,0,1,0
D4-R1_A,first,P1b,e_psi,1,1,0,0,0,-0.008126526137109735,0.008126526137109735,0.008126526137109735,,0,1,0,0,1,0
D4-R1_A,first,P1b,s_abs,1,1,0,0,0,0.0005777711860635026,0.0005777711860635026,0.0005777711860635026,,0,1,0,0,1,0
D4-R1_A,first,P1b,e_y,1,1,0,0,0,0.00016902991634080988,0.00016902991634080988,0.00016902991634080988,,0,1,0,0,1,0
D4-R1_A,first,P1b,delta,1,1,0,0,0,0.0,0.0,0.0,,1,0,0,0,0,1
D4-R1_A,first,P1b,a_cmd,1,1,0,0,0,-0.001135210657263741,0.001135210657263741,0.001135210657263741,,0,1,0,0,1,0
D4-R1_A,first,P2,vx,1,1,0,0,0,0.0,0.0,0.0,,1,0,0,0,0,1
D4-R1_A,first,P2,vy,1,1,0,0,0,0.0,0.0,0.0,,1,0,0,0,0,1
D4-R1_A,first,P2,r,1,1,0,0,0,1.1102230246251565e-16,1.1102230246251565e-16,1.1102230246251565e-16,,1,0,0,0,0,1
D4-R1_A,first,P2,e_psi,1,1,0,0,0,-2.4740278817159123e-05,2.4740278817159123e-05,2.4740278817159123e-05,,1,0,0,0,0,1
D4-R1_A,first,P2,s_abs,1,1,0,0,0,-2.2508878754212702e-06,2.2508878754212702e-06,2.2508878754212702e-06,,1,0,0,0,0,1
D4-R1_A,first,P2,e_y,1,1,0,0,0,-1.0852126620802816e-06,1.0852126620802816e-06,1.0852126620802816e-06,,1,0,0,0,0,1
D4-R1_A,first,P2,delta,1,1,0,0,0,0.0,0.0,0.0,,1,0,0,0,0,1
D4-R1_A,first,P2,a_cmd,1,1,0,0,0,0.0,0.0,0.0,,1,0,0,0,0,1
D4-R1_A,later,A,vx,18,18,0,0,0,1.3655935282574916e-05,5.7942839132982706e-05,0.0002458249505918886,,0,0,18,0,18,0
D4-R1_A,later,A,vy,18,18,0,0,0,6.573037807127101e-06,5.778501672577642e-05,0.00021565940722512167,,0,0,18,0,18,0
D4-R1_A,later,A,r,18,18,0,0,0,-0.002446874380125632,0.010916933423975685,0.046295920715736044,,0,0,18,1,17,0
D4-R1_A,later,A,e_psi,18,18,0,0,0,-6.685727369420352e-05,0.00023513190380497142,0.0009892549719943133,,0,0,18,16,2,0
D4-R1_A,later,A,s_abs,18,18,0,0,0,3.7185191518555406e-08,1.346703674779207e-06,5.0368060477978815e-06,,0,0,18,1,17,0
D4-R1_A,later,A,e_y,18,18,0,0,0,-6.2942394690313315e-06,2.2050340570422816e-05,9.274190204233007e-05,,0,0,18,16,2,0
D4-R1_A,later,A,delta,18,18,0,0,0,-0.00032182419779451483,0.0014507075630139751,0.0061511802162936054,,0,0,18,16,2,0
D4-R1_A,later,A,a_cmd,18,18,0,0,0,-1.0928006022462947e-05,4.6405311737478205e-05,0.0001968762582826855,,0,0,18,0,18,0
D4-R1_A,later,P0,vx,18,18,0,0,0,-0.00014658554157574876,0.0003569321704196012,0.001051034279209162,,0,18,0,0,18,0
D4-R1_A,later,P0,vy,18,18,0,0,0,-0.0003500737539569425,0.0023190110473647893,0.006391400022292881,,0,18,0,0,18,0
D4-R1_A,later,P0,r,18,18,0,0,0,0.01827191464612799,0.046393080357065276,0.17248715300625372,,0,18,0,0,18,0
D4-R1_A,later,P0,e_psi,18,18,0,0,0,-0.0009985295844010286,0.002312062427013127,0.0072816772859063406,,0,18,0,0,18,0
D4-R1_A,later,P0,s_abs,18,18,0,0,0,-4.211680410081007e-06,0.00014212309052236268,0.00056616428831191,,0,18,0,0,18,0
D4-R1_A,later,P0,e_y,18,18,0,0,0,-0.00029003400842249376,0.0007108490055852901,0.0025290003445581355,,0,18,0,0,18,0
D4-R1_A,later,P0,delta,18,18,0,0,0,0.0009498483190389306,0.002363552691545479,0.005133669943785843,,1,17,0,0,18,0
D4-R1_A,later,P0,a_cmd,18,18,0,0,0,0.00014037971165340815,0.00039603951384606324,0.00127265852881564,,0,18,0,0,18,0
D4-R1_A,later,P1a,vx,18,18,0,0,0,-0.00014762166124497136,0.0007858100814836006,0.0032998831719774913,,0,18,0,0,18,0
D4-R1_A,later,P1a,vy,18,18,0,0,0,-0.0010358567102222824,0.012674645642605991,0.04868395167410963,,0,18,0,0,18,0
D4-R1_A,later,P1a,r,18,18,0,0,0,0.009191448784422311,0.017586955171898136,0.04377504106012692,,1,17,0,0,18,0
D4-R1_A,later,P1a,e_psi,18,18,0,0,0,-4.979362840498405e-05,0.0023028841341431877,0.008574201729673714,,0,18,0,0,18,0
D4-R1_A,later,P1a,s_abs,18,18,0,0,0,-0.00036311808780357485,0.0004954334837984609,0.0011487277951447439,,0,18,0,0,18,0
D4-R1_A,later,P1a,e_y,18,18,0,0,0,6.343516703720093e-05,0.00039390204083254656,0.001178623389391592,,0,18,0,0,18,0
D4-R1_A,later,P1a,delta,18,18,0,0,0,-0.0005682288544068743,0.0032922460453890293,0.01369408858641454,,1,17,0,1,17,0
D4-R1_A,later,P1a,a_cmd,18,18,0,0,0,0.00014141583132263078,0.0007313705394284596,0.0030782589223710133,,0,18,0,0,18,0
D4-R1_A,later,P1b,vx,18,18,0,0,0,-0.00014762166124497136,0.0007858100814836006,0.0032998831719774913,,0,18,0,0,18,0
D4-R1_A,later,P1b,vy,18,18,0,0,0,0.0004989803840188594,0.0056369097971341675,0.01648644873892534,,0,18,0,0,18,0
D4-R1_A,later,P1b,r,18,18,0,0,0,0.004760561986677441,0.010684832468037374,0.027073700555295302,,2,16,0,1,17,0
D4-R1_A,later,P1b,e_psi,18,18,0,0,0,-0.000501008875096693,0.0015955928324423243,0.0034395682087464685,,0,18,0,0,18,0
D4-R1_A,later,P1b,s_abs,18,18,0,0,0,-0.00036311808780357485,0.0004954334837984609,0.0011487277951447439,,0,18,0,0,18,0
D4-R1_A,later,P1b,e_y,18,18,0,0,0,0.00020029995780551134,0.0004491490191268285,0.0011967066826352787,,0,18,0,0,18,0
D4-R1_A,later,P1b,delta,18,18,0,0,0,0.0007590893679415606,0.001977875328865101,0.0044030530111607395,,1,17,0,0,18,0
D4-R1_A,later,P1b,a_cmd,18,18,0,0,0,0.00014141583132263078,0.0007313705394284596,0.0030782589223710133,,0,18,0,0,18,0
D4-R1_A,later,P2,vx,18,18,0,0,0,-6.022661717490034e-08,2.6779598133456826e-07,1.023756105666962e-06,,18,0,0,0,0,18
D4-R1_A,later,P2,vy,18,18,0,0,0,4.03782173901185e-06,9.216221504741159e-06,1.755876381991442e-05,,18,0,0,0,0,18
D4-R1_A,later,P2,r,18,18,0,0,0,0.0001361643967962221,0.00031729180333431377,0.0006110483927205951,,17,1,0,0,0,18
D4-R1_A,later,P2,e_psi,18,18,0,0,0,-1.7464754811236105e-05,3.925988080473427e-05,7.44132418430965e-05,,2,16,0,0,0,18
D4-R1_A,later,P2,s_abs,18,18,0,0,0,-4.511577777292312e-07,1.0994724331467104e-06,3.81397783710824e-06,,17,1,0,0,0,18
D4-R1_A,later,P2,e_y,18,18,0,0,0,-1.6740160439902792e-06,3.8002475585362163e-06,7.118332386922641e-06,,2,16,0,0,0,18
D4-R1_A,later,P2,delta,18,18,0,0,0,3.1847982220009207e-05,7.497654715792458e-05,0.00014591710946765604,,2,16,0,0,0,18
D4-R1_A,later,P2,a_cmd,18,18,0,0,0,4.2901291605643465e-08,1.7970658417733943e-07,6.995988313107659e-07,,18,0,0,0,0,18
D4-R1_A,after_second,A,vx,17,17,0,0,0,-1.0656179729467647e-09,4.0588238867007497e-07,1.27946343031482e-06,,0,0,17,0,17,0
D4-R1_A,after_second,A,vy,17,17,0,0,0,-5.7261603939314035e-06,2.8279037049166057e-05,7.331718384422786e-05,,0,0,17,0,17,0
D4-R1_A,after_second,A,r,17,17,0,0,0,0.00013248128667498068,0.00033585378345141436,0.0006627244211511174,,0,0,17,1,16,0
D4-R1_A,after_second,A,e_psi,17,17,0,0,0,-1.2598585558902939e-05,3.119277796281434e-05,6.91666326373408e-05,,0,0,17,16,1,0
D4-R1_A,after_second,A,s_abs,17,17,0,0,0,-2.5691015296846376e-07,6.541981627653921e-07,2.355007714172075e-06,,0,0,17,1,16,0
D4-R1_A,after_second,A,e_y,17,17,0,0,0,-1.2090828470725824e-06,2.978895891594242e-06,6.375479534991013e-06,,0,0,17,16,1,0
D4-R1_A,after_second,A,delta,17,17,0,0,0,2.1079097411314e-05,5.140711076082617e-05,0.00014182270093680144,,0,0,17,16,1,0
D4-R1_A,after_second,A,a_cmd,17,17,0,0,0,1.0126463432497451e-08,3.3362172616567843e-07,1.0387732194416799e-06,,0,0,17,0,17,0
D4-R1_A,after_second,P0,vx,17,17,0,0,0,-0.00021703376632780234,0.00026441247645379943,0.0004680687115472537,,0,17,0,0,17,0
D4-R1_A,after_second,P0,vy,17,17,0,0,0,-0.0007466310349128145,0.0018141701398165402,0.003621771526431882,,0,17,0,0,17,0
D4-R1_A,after_second,P0,r,17,17,0,0,0,0.009200430036708828,0.02299604101234577,0.0455139328817734,,0,17,0,0,17,0
D4-R1_A,after_second,P0,e_psi,17,17,0,0,0,-0.0006289326607830691,0.0015940802972472252,0.0031845433815593793,,0,17,0,0,17,0
D4-R1_A,after_second,P0,s_abs,17,17,0,0,0,-3.776320798196283e-05,5.0316358066073845e-05,0.0001114521647713751,,0,17,0,0,17,0
D4-R1_A,after_second,P0,e_y,17,17,0,0,0,-0.00015833010629686775,0.0003985024034596909,0.0008296855269331188,,0,17,0,0,17,0
D4-R1_A,after_second,P0,delta,17,17,0,0,0,0.0009248892030100449,0.0024091317278246206,0.005133669943785843,,0,17,0,0,17,0
D4-R1_A,after_second,P0,a_cmd,17,17,0,0,0,0.00022349960815158746,0.0002660817661288792,0.00047633973150329467,,0,17,0,0,17,0
D4-R1_A,after_second,P1a,vx,17,17,0,0,0,3.780548644517686e-05,0.00011523014469836538,0.0004425739457554201,,0,17,0,0,17,0
D4-R1_A,after_second,P1a,vy,17,17,0,0,0,0.001766972405300503,0.0055387002530022135,0.020947746507654234,,0,17,0,0,17,0
D4-R1_A,after_second,P1a,r,17,17,0,0,0,0.007157119827027921,0.014655181055566874,0.034839321846027296,,0,17,0,0,17,0
D4-R1_A,after_second,P1a,e_psi,17,17,0,0,0,-0.0005570874729978486,0.0011360929108145382,0.002842084543158485,,0,17,0,0,17,0
D4-R1_A,after_second,P1a,s_abs,17,17,0,0,0,-0.00038406529831897944,0.0005097940095111728,0.0011487277951447439,,0,17,0,0,17,0
D4-R1_A,after_second,P1a,e_y,17,17,0,0,0,0.00013649743506242404,0.000287351560234445,0.0008926272816582679,,0,17,0,0,17,0
D4-R1_A,after_second,P1a,delta,17,17,0,0,0,0.00020388054159357666,0.0006673851612280517,0.0016859821598239604,,1,16,0,1,16,0
D4-R1_A,after_second,P1a,a_cmd,17,17,0,0,0,-3.133964462139172e-05,9.473604004968207e-05,0.0003646888603316967,,0,17,0,0,17,0
D4-R1_A,after_second,P1b,vx,17,17,0,0,0,3.780548644517686e-05,0.00011523014469836538,0.0004425739457554201,,0,17,0,0,17,0
D4-R1_A,after_second,P1b,vy,17,17,0,0,0,0.00147609881063003,0.004286421337110536,0.01648644873892534,,0,17,0,0,17,0
D4-R1_A,after_second,P1b,r,17,17,0,0,0,0.005233851372034226,0.01096568989630995,0.027073700555295302,,1,16,0,1,16,0
D4-R1_A,after_second,P1b,e_psi,17,17,0,0,0,-0.0006830384608507809,0.001516580619990548,0.0034395682087464685,,0,17,0,0,17,0
D4-R1_A,after_second,P1b,s_abs,17,17,0,0,0,-0.00038406529831897944,0.0005097940095111728,0.0011487277951447439,,0,17,0,0,17,0
D4-R1_A,after_second,P1b,e_y,17,17,0,0,0,0.00021879468187803927,0.0004613411378211393,0.0011967066826352787,,0,17,0,0,17,0
D4-R1_A,after_second,P1b,delta,17,17,0,0,0,0.0007657121189521025,0.002029167738475783,0.0044030530111607395,,0,17,0,0,17,0
D4-R1_A,after_second,P1b,a_cmd,17,17,0,0,0,-3.133964462139172e-05,9.473604004968207e-05,0.0003646888603316967,,0,17,0,0,17,0
D4-R1_A,after_second,P2,vx,17,17,0,0,0,-3.548411969484946e-09,1.195057993302653e-07,3.1940322120505016e-07,,17,0,0,0,0,17
D4-R1_A,after_second,P2,vy,17,17,0,0,0,3.862062801280621e-06,9.32907064788918e-06,1.755876381991442e-05,,17,0,0,0,0,17
D4-R1_A,after_second,P2,r,17,17,0,0,0,0.0001261547861381384,0.00031792497124248913,0.0006110483927205951,,16,1,0,0,0,17
D4-R1_A,after_second,P2,e_psi,17,17,0,0,0,-1.4971883343317671e-05,3.7700706415690024e-05,7.44132418430965e-05,,1,16,0,0,0,17
D4-R1_A,after_second,P2,s_abs,17,17,0,0,0,-2.5334483305987774e-07,6.513644692462218e-07,2.3594430511586495e-06,,16,1,0,0,0,17
D4-R1_A,after_second,P2,e_y,17,17,0,0,0,-1.4570327472122104e-06,3.687777679675884e-06,7.118332386922641e-06,,1,16,0,0,0,17
D4-R1_A,after_second,P2,delta,17,17,0,0,0,3.0407663944029735e-05,7.593078739689087e-05,0.00014591710946765604,,1,16,0,0,0,17
D4-R1_A,after_second,P2,a_cmd,17,17,0,0,0,4.27202456416567e-09,7.350937930110756e-08,1.988655586870891e-07,,17,0,0,0,0,17
D4-R1_B,all,A,vx,19,19,0,0,0,-2.492773552488284e-05,0.00019072018857480444,0.0007747157566102558,,0,0,19,1,18,0
D4-R1_B,all,A,vy,19,19,0,0,0,8.411771200368231e-05,0.0003531896041471389,0.0015207323101716352,,0,0,19,1,18,0
D4-R1_B,all,A,r,19,19,0,0,0,-0.00098796161909037,0.01576470191404009,0.0579509188665949,,0,0,19,0,19,0
D4-R1_B,all,A,e_psi,19,19,0,0,0,-5.840500780647006e-05,0.00028716014477626954,0.0012081007417270584,,0,0,19,17,2,0
D4-R1_B,all,A,s_abs,19,19,0,0,0,-5.443101404337855e-07,3.4612027846240544e-06,1.306264600686724e-05,,0,0,19,1,18,0
D4-R1_B,all,A,e_y,19,19,0,0,0,-5.624610146155421e-06,2.6780045043578196e-05,0.00011320621289068189,,0,0,19,17,2,0
D4-R1_B,all,A,delta,19,19,0,0,0,0.00013212555649067177,0.002911420820052404,0.009999999999999995,,0,0,19,17,2,0
D4-R1_B,all,A,a_cmd,19,19,0,0,0,2.572262284912603e-05,0.0001759552422178344,0.0007283687389154636,,0,0,19,0,19,0
D4-R1_B,all,P0,vx,19,19,0,0,0,8.780626431141508e-06,0.0007020520325873514,0.002131362384308666,,0,19,0,0,19,0
D4-R1_B,all,P0,vy,19,19,0,0,0,0.001234219723405388,0.007076276139191263,0.02888627273917327,,0,19,0,0,19,0
D4-R1_B,all,P0,r,19,19,0,0,0,0.014550325484005243,0.046608136407328436,0.17650365944472565,,0,19,0,0,19,0
D4-R1_B,all,P0,e_psi,19,19,0,0,0,-0.0014993253784515612,0.0033309568489863265,0.010329165309427069,,0,19,0,0,19,0
D4-R1_B,all,P0,s_abs,19,19,0,0,0,1.7126092458887387e-05,0.00017859219307891512,0.0006729413102033455,,0,19,0,0,19,0
D4-R1_B,all,P0,e_y,19,19,0,0,0,-0.00030003120565316304,0.0007400401560969112,0.0028025965649443665,,0,19,0,0,19,0
D4-R1_B,all,P0,delta,19,19,0,0,0,0.0008795013172121904,0.002276752018228557,0.005137165844256284,,2,17,0,0,18,1
D4-R1_B,all,P0,a_cmd,19,19,0,0,0,2.7319166443904775e-05,0.0006291389941212175,0.0021327213534236833,,0,19,0,0,19,0
D4-R1_B,all,P1a,vx,19,19,0,0,0,-3.866677035367273e-05,0.0008772245632815667,0.0032684749114375578,,0,19,0,0,19,0
D4-R1_B,all,P1a,vy,19,19,0,0,0,0.00042410081808329984,0.013779392244605634,0.04883053346607574,,0,19,0,0,19,0
D4-R1_B,all,P1a,r,19,19,0,0,0,0.004612727378803039,0.02187278922342474,0.0657173139299767,,1,18,0,0,19,0
D4-R1_B,all,P1a,e_psi,19,19,0,0,0,-0.00044145503058989313,0.0028151958745162922,0.00846066182522165,,0,19,0,0,19,0
D4-R1_B,all,P1a,s_abs,19,19,0,0,0,-0.00031260163461607613,0.0005012937755146306,0.0011588380413734,,0,19,0,0,19,0
D4-R1_B,all,P1a,e_y,19,19,0,0,0,5.9958363201654446e-05,0.00040527908885407707,0.0012561877312367645,,0,19,0,0,19,0
D4-R1_B,all,P1a,delta,19,19,0,0,0,-0.0006487107522554956,0.0037197602416322198,0.015976433110123082,,1,18,0,0,18,1
D4-R1_B,all,P1a,a_cmd,19,19,0,0,0,7.476656322871902e-05,0.0007503640134394835,0.003047875428233482,,0,19,0,0,19,0
D4-R1_B,all,P1b,vx,19,19,0,0,0,-3.866677035367273e-05,0.0008772245632815667,0.0032684749114375578,,0,19,0,0,19,0
D4-R1_B,all,P1b,vy,19,19,0,0,0,0.001987405280007706,0.008275448230363365,0.02874960565047563,,0,19,0,0,19,0
D4-R1_B,all,P1b,r,19,19,0,0,0,-0.00022042657605753126,0.02067399158294808,0.07957235052846989,,2,17,0,1,18,0
D4-R1_B,all,P1b,e_psi,19,19,0,0,0,-0.0009017550268877534,0.0023756164267419856,0.008126526137109735,,0,19,0,0,19,0
D4-R1_B,all,P1b,s_abs,19,19,0,0,0,-0.00031260163461607613,0.0005012937755146306,0.0011588380413734,,0,19,0,0,19,0
D4-R1_B,all,P1b,e_y,19,19,0,0,0,0.00020076336639152155,0.0004484325847160016,0.0012070613990672208,,0,19,0,0,19,0
D4-R1_B,all,P1b,delta,19,19,0,0,0,0.0007133777125635854,0.0019153936347209772,0.004405993817962707,,2,17,0,0,18,1
D4-R1_B,all,P1b,a_cmd,19,19,0,0,0,7.476656322871902e-05,0.0007503640134394835,0.003047875428233482,,0,19,0,0,19,0
D4-R1_B,all,P2,vx,19,19,0,0,0,-5.6907881588361567e-08,2.6145957285290627e-07,1.0192865369518245e-06,,18,1,0,0,0,19
D4-R1_B,all,P2,vy,19,19,0,0,0,3.824958473787953e-06,8.970767837429795e-06,1.7558633340186702e-05,,18,1,0,0,0,19
D4-R1_B,all,P2,r,19,19,0,0,0,0.00012897314248726767,0.00030881238762454503,0.0006110230903236952,,19,0,0,0,0,19
D4-R1_B,all,P2,e_psi,19,19,0,0,0,-1.7847828285160417e-05,3.8632078701652236e-05,7.441149058839969e-05,,2,17,0,0,0,19
D4-R1_B,all,P2,s_abs,19,19,0,0,0,-5.410660308680093e-07,1.1844238424398874e-06,3.8124789507598678e-06,,18,1,0,0,0,19
D4-R1_B,all,P2,e_y,19,19,0,0,0,-1.6429769884993273e-06,3.707161246726772e-06,7.118082476578486e-06,,2,17,0,0,0,19
D4-R1_B,all,P2,delta,19,19,0,0,0,3.0170837065594784e-05,7.297760179805932e-05,0.00014591193920076954,,2,17,0,0,0,19
D4-R1_B,all,P2,a_cmd,19,19,0,0,0,4.0561111802617233e-08,1.7533795827590082e-07,6.963880005983469e-07,,19,0,0,0,0,19
D4-R1_B,first,A,vx,1,1,0,0,0,-0.0007747157566102558,0.0007747157566102558,0.0007747157566102558,,0,0,1,0,1,0
D4-R1_B,first,A,vy,1,1,0,0,0,0.0015207323101716352,0.0015207323101716352,0.0015207323101716352,,0,0,1,0,1,0
D4-R1_B,first,A,r,1,1,0,0,0,0.03690172796035074,0.03690172796035074,0.03690172796035074,,0,0,1,0,1,0
D4-R1_B,first,A,e_psi,1,1,0,0,0,0.0003031805569788659,0.0003031805569788659,0.0003031805569788659,,0,0,1,0,1,0
D4-R1_B,first,A,s_abs,1,1,0,0,0,-1.306264600686724e-05,1.306264600686724e-05,1.306264600686724e-05,,0,0,1,0,1,0
D4-R1_B,first,A,e_y,1,1,0,0,0,2.590913328823219e-05,2.590913328823219e-05,2.590913328823219e-05,,0,0,1,0,1,0
D4-R1_B,first,A,delta,1,1,0,0,0,0.009999999999999995,0.009999999999999995,0.009999999999999995,,0,0,1,0,1,0
D4-R1_B,first,A,a_cmd,1,1,0,0,0,0.0007283687389154636,0.0007283687389154636,0.0007283687389154636,,0,0,1,0,1,0
D4-R1_B,first,P0,vx,1,1,0,0,0,0.002131362384308666,0.002131362384308666,0.002131362384308666,,0,1,0,0,1,0
D4-R1_B,first,P0,vy,1,1,0,0,0,0.02888627273917327,0.02888627273917327,0.02888627273917327,,0,1,0,0,1,0
D4-R1_B,first,P0,r,1,1,0,0,0,-0.04510685027378902,0.04510685027378902,0.04510685027378902,,0,1,0,0,1,0
D4-R1_B,first,P0,e_psi,1,1,0,0,0,-0.010329165309427069,0.010329165309427069,0.010329165309427069,,0,1,0,0,1,0
D4-R1_B,first,P0,s_abs,1,1,0,0,0,0.00032102251577170726,0.00032102251577170726,0.00032102251577170726,,0,1,0,0,1,0
D4-R1_B,first,P0,e_y,1,1,0,0,0,-0.0005317240347003094,0.0005317240347003094,0.0005317240347003094,,0,1,0,0,1,0
D4-R1_B,first,P0,delta,1,1,0,0,0,0.0,0.0,0.0,,1,0,0,0,0,1
D4-R1_B,first,P0,a_cmd,1,1,0,0,0,-0.001327722997936931,0.001327722997936931,0.001327722997936931,,0,1,0,0,1,0
D4-R1_B,first,P1a,vx,1,1,0,0,0,0.001938850043635476,0.001938850043635476,0.001938850043635476,,0,1,0,0,1,0
D4-R1_B,first,P1a,vy,1,1,0,0,0,0.027735074253548375,0.027735074253548375,0.027735074253548375,,0,1,0,0,1,0
D4-R1_B,first,P1a,r,1,1,0,0,0,-0.0657173139299767,0.0657173139299767,0.0657173139299767,,0,1,0,0,1,0
D4-R1_B,first,P1a,e_psi,1,1,0,0,0,-0.007633713805708986,0.007633713805708986,0.007633713805708986,,0,1,0,0,1,0
D4-R1_B,first,P1a,s_abs,1,1,0,0,0,0.0005777711860635026,0.0005777711860635026,0.0005777711860635026,,0,1,0,0,1,0
D4-R1_B,first,P1a,e_y,1,1,0,0,0,-4.053012633521702e-05,4.053012633521702e-05,4.053012633521702e-05,,0,1,0,0,1,0
D4-R1_B,first,P1a,delta,1,1,0,0,0,0.0,0.0,0.0,,1,0,0,0,0,1
D4-R1_B,first,P1a,a_cmd,1,1,0,0,0,-0.001135210657263741,0.001135210657263741,0.001135210657263741,,0,1,0,0,1,0
D4-R1_B,first,P1b,vx,1,1,0,0,0,0.001938850043635476,0.001938850043635476,0.001938850043635476,,0,1,0,0,1,0
D4-R1_B,first,P1b,vy,1,1,0,0,0,0.02874960565047563,0.02874960565047563,0.02874960565047563,,0,1,0,0,1,0
D4-R1_B,first,P1b,r,1,1,0,0,0,-0.07957235052846989,0.07957235052846989,0.07957235052846989,,0,1,0,0,1,0
D4-R1_B,first,P1b,e_psi,1,1,0,0,0,-0.008126526137109735,0.008126526137109735,0.008126526137109735,,0,1,0,0,1,0
D4-R1_B,first,P1b,s_abs,1,1,0,0,0,0.0005777711860635026,0.0005777711860635026,0.0005777711860635026,,0,1,0,0,1,0
D4-R1_B,first,P1b,e_y,1,1,0,0,0,0.00016902991634080988,0.00016902991634080988,0.00016902991634080988,,0,1,0,0,1,0
D4-R1_B,first,P1b,delta,1,1,0,0,0,0.0,0.0,0.0,,1,0,0,0,0,1
D4-R1_B,first,P1b,a_cmd,1,1,0,0,0,-0.001135210657263741,0.001135210657263741,0.001135210657263741,,0,1,0,0,1,0
D4-R1_B,first,P2,vx,1,1,0,0,0,0.0,0.0,0.0,,1,0,0,0,0,1
D4-R1_B,first,P2,vy,1,1,0,0,0,0.0,0.0,0.0,,1,0,0,0,0,1
D4-R1_B,first,P2,r,1,1,0,0,0,1.1102230246251565e-16,1.1102230246251565e-16,1.1102230246251565e-16,,1,0,0,0,0,1
D4-R1_B,first,P2,e_psi,1,1,0,0,0,-2.4740278817159123e-05,2.4740278817159123e-05,2.4740278817159123e-05,,1,0,0,0,0,1
D4-R1_B,first,P2,s_abs,1,1,0,0,0,-2.2508878754212702e-06,2.2508878754212702e-06,2.2508878754212702e-06,,1,0,0,0,0,1
D4-R1_B,first,P2,e_y,1,1,0,0,0,-1.0852126620802816e-06,1.0852126620802816e-06,1.0852126620802816e-06,,1,0,0,0,0,1
D4-R1_B,first,P2,delta,1,1,0,0,0,0.0,0.0,0.0,,1,0,0,0,0,1
D4-R1_B,first,P2,a_cmd,1,1,0,0,0,0.0,0.0,0.0,,1,0,0,0,0,1
D4-R1_B,later,A,vx,18,18,0,0,0,1.672715453541566e-05,7.107316759273468e-05,0.00030153189524639856,,0,0,18,1,17,0
D4-R1_B,later,A,vy,18,18,0,0,0,4.305789883240481e-06,5.651365315601073e-05,0.00021180869405490466,,0,0,18,1,17,0
D4-R1_B,later,A,r,18,18,0,0,0,-0.0030929443735037646,0.013663115749817732,0.0579509188665949,,0,0,18,0,18,0
D4-R1_B,later,A,e_psi,18,18,0,0,0,-7.849309473898873e-05,0.0002862438331291677,0.0012081007417270584,,0,0,18,17,1,0
D4-R1_B,later,A,s_abs,18,18,0,0,0,1.5115296325696193e-07,1.7792921331056875e-06,7.046137525890117e-06,,0,0,18,1,17,0
D4-R1_B,later,A,e_y,18,18,0,0,0,-7.376484781399177e-06,2.682760006083917e-05,0.00011320621289068189,,0,0,18,17,1,0
D4-R1_B,later,A,delta,18,18,0,0,0,-0.0004160896903709573,0.001841663689850652,0.007811218427972012,,0,0,18,17,1,0
D4-R1_B,later,A,a_cmd,18,18,0,0,0,-1.3313272487892726e-05,5.6629241653984125e-05,0.00024025202797162137,,0,0,18,0,18,0
D4-R1_B,later,P0,vx,18,18,0,0,0,-0.00010914058233983208,0.000517577608753545,0.0019121218702196074,,0,18,0,0,18,0
D4-R1_B,later,P0,vy,18,18,0,0,0,-0.00030200544413727204,0.002549327179230715,0.007633159127295258,,0,18,0,0,18,0
D4-R1_B,later,P0,r,18,18,0,0,0,0.017864613026104925,0.04669012580972111,0.17650365944472565,,0,18,0,0,18,0
D4-R1_B,later,P0,e_psi,18,18,0,0,0,-0.0010087787156195886,0.0024050703509795697,0.00795621115478884,,0,18,0,0,18,0
D4-R1_B,later,P0,s_abs,18,18,0,0,0,2.4295783039739325e-07,0.00016715807580344708,0.0006729413102033455,,0,18,0,0,18,0
D4-R1_B,later,P0,e_y,18,18,0,0,0,-0.0002871593818172105,0.0007499184685685984,0.0028025965649443665,,0,18,0,0,18,0
D4-R1_B,later,P0,delta,18,18,0,0,0,0.0009283625015017565,0.002339140337075999,0.005137165844256284,,1,17,0,0,18,0
D4-R1_B,later,P0,a_cmd,18,18,0,0,0,0.00010259928668728453,0.0005655701766704434,0.0021327213534236833,,0,18,0,0,18,0
D4-R1_B,later,P1a,vx,18,18,0,0,0,-0.0001485288155752921,0.0007768095813561493,0.0032684749114375578,,0,18,0,0,18,0
D4-R1_B,later,P1a,vy,18,18,0,0,0,-0.001093175483886982,0.012557262215178333,0.04883053346607574,,0,18,0,0,18,0
D4-R1_B,later,P1a,r,18,18,0,0,0,0.008519951895957468,0.01628085772662661,0.038598849063852164,,1,17,0,0,18,0
D4-R1_B,later,P1a,e_psi,18,18,0,0,0,-4.1885098638832436e-05,0.0022645534506891382,0.00846066182522165,,0,18,0,0,18,0
D4-R1_B,later,P1a,s_abs,18,18,0,0,0,-0.00036206679132049717,0.0004966998867290275,0.0011588380413734,,0,18,0,0,18,0
D4-R1_B,later,P1a,e_y,18,18,0,0,0,6.554105706481396e-05,0.00041627508040855484,0.0012561877312367645,,0,18,0,0,18,0
D4-R1_B,later,P1a,delta,18,18,0,0,0,-0.000684750238491912,0.003821690353534153,0.015976433110123082,,0,18,0,0,18,0
D4-R1_B,later,P1a,a_cmd,18,18,0,0,0,0.00014198751992274458,0.0007230019849469448,0.003047875428233482,,0,18,0,0,18,0
D4-R1_B,later,P1b,vx,18,18,0,0,0,-0.0001485288155752921,0.0007768095813561493,0.0032684749114375578,,0,18,0,0,18,0
D4-R1_B,later,P1b,vy,18,18,0,0,0,0.000500616370537266,0.005135053823136719,0.014699690094853779,,0,18,0,0,18,0
D4-R1_B,later,P1b,r,18,18,0,0,0,0.004188013643520933,0.009969692023658149,0.02475015496994666,,2,16,0,1,17,0
D4-R1_B,later,P1b,e_psi,18,18,0,0,0,-0.0005003788540976433,0.0015126703334022175,0.003123092472317346,,0,18,0,0,18,0
D4-R1_B,later,P1b,s_abs,18,18,0,0,0,-0.00036206679132049717,0.0004966998867290275,0.0011588380413734,,0,18,0,0,18,0
D4-R1_B,later,P1b,e_y,18,18,0,0,0,0.0002025263358387833,0.00045899484171927393,0.0012070613990672208,,0,18,0,0,18,0
D4-R1_B,later,P1b,delta,18,18,0,0,0,0.0007530098077060067,0.00196787989051194,0.004405993817962707,,1,17,0,0,18,0
D4-R1_B,later,P1b,a_cmd,18,18,0,0,0,0.00014198751992274458,0.0007230019849469448,0.003047875428233482,,0,18,0,0,18,0
D4-R1_B,later,P2,vx,18,18,0,0,0,-6.006943056549277e-08,2.6862417535079047e-07,1.0192865369518245e-06,,17,1,0,0,0,18
D4-R1_B,later,P2,vy,18,18,0,0,0,4.037456166776172e-06,9.216587812405992e-06,1.7558633340186702e-05,,17,1,0,0,0,18
D4-R1_B,later,P2,r,18,18,0,0,0,0.00013613831706988747,0.00031727456776050483,0.0006110230903236952,,18,0,0,0,0,18
D4-R1_B,later,P2,e_psi,18,18,0,0,0,-1.7464914366716044e-05,3.925998188391189e-05,7.441149058839969e-05,,1,17,0,0,0,18
D4-R1_B,later,P2,s_abs,18,18,0,0,0,-4.4607592839282813e-07,1.0951367419576932e-06,3.8124789507598678e-06,,17,1,0,0,0,18
D4-R1_B,later,P2,e_y,18,18,0,0,0,-1.6739638955226077e-06,3.8001473593758596e-06,7.118082476578486e-06,,1,17,0,0,0,18
D4-R1_B,later,P2,delta,18,18,0,0,0,3.184699468035005e-05,7.497735840450846e-05,0.00014591193920076954,,1,17,0,0,0,18
D4-R1_B,later,P2,a_cmd,18,18,0,0,0,4.281450690276264e-08,1.8014262754132555e-07,6.963880005983469e-07,,18,0,0,0,0,18
D4-R1_B,after_second,A,vx,17,17,0,0,0,-2.6065506406864108e-08,4.620210769362064e-07,1.2739427814878468e-06,,0,0,17,1,16,0
D4-R1_B,after_second,A,vy,17,17,0,0,0,-7.900263303327999e-06,2.725193031202794e-05,7.317946862264724e-05,,0,0,17,1,16,0
D4-R1_B,after_second,A,r,17,17,0,0,0,0.00013399530256041954,0.0003381766323934547,0.0006626536728139842,,0,0,17,0,17,0
D4-R1_B,after_second,A,e_psi,17,17,0,0,0,-1.2045586092631686e-05,3.0031526492660596e-05,6.05348808653261e-05,,0,0,17,17,0,0
D4-R1_B,after_second,A,s_abs,17,17,0,0,0,-2.544343639567531e-07,6.569893398282483e-07,2.385207703792247e-06,,0,0,17,1,16,0
D4-R1_B,after_second,A,e_y,17,17,0,0,0,-1.1512066573237237e-06,2.862697343700316e-06,5.472920390568736e-06,,0,0,17,17,0,0
D4-R1_B,after_second,A,delta,17,17,0,0,0,1.891788242910465e-05,4.596629696802685e-05,0.00010809207607241373,,0,0,17,17,0,0
D4-R1_B,after_second,A,a_cmd,17,17,0,0,0,3.6066069973665384e-08,3.9416635926563484e-07,1.0377753927315325e-06,,0,0,17,0,17,0
D4-R1_B,after_second,P0,vx,17,17,0,0,0,-0.00022803837366685794,0.000261865301355998,0.0004665308512237232,,0,17,0,0,17,0
D4-R1_B,after_second,P0,vy,17,17,0,0,0,-0.0007687798306921268,0.0018584959912148584,0.0037723342901931356,,0,17,0,0,17,0
D4-R1_B,after_second,P0,r,17,17,0,0,0,0.008532904413244884,0.021809171666063214,0.043151699334711774,,0,17,0,0,17,0
D4-R1_B,after_second,P0,e_psi,17,17,0,0,0,-0.000600106219197868,0.0015495207064901886,0.0031891505282453103,,0,17,0,0,17,0
D4-R1_B,after_second,P0,s_abs,17,17,0,0,0,-3.932753348565838e-05,5.428833399511196e-05,0.000140968344207959,,0,17,0,0,17,0
D4-R1_B,after_second,P0,e_y,17,17,0,0,0,-0.00013919248869208369,0.0003652759847154198,0.0007668520193004622,,0,17,0,0,17,0
D4-R1_B,after_second,P0,delta,17,17,0,0,0,0.0009082946226205363,0.002387180508957782,0.005137165844256284,,0,17,0,0,17,0
D4-R1_B,after_second,P0,a_cmd,17,17,0,0,0,0.00023408873610557677,0.00026669578107707737,0.0004762958692099417,,0,17,0,0,17,0
D4-R1_B,after_second,P1a,vx,17,17,0,0,0,3.499742535778234e-05,0.00010257508459778701,0.00038464528183190794,,0,17,0,0,17,0
D4-R1_B,after_second,P1a,vy,17,17,0,0,0,0.0017149043974182391,0.005167238536325452,0.018418373368460167,,0,17,0,0,17,0
D4-R1_B,after_second,P1a,r,17,17,0,0,0,0.00675060500372837,0.01389312729079465,0.035222265988397713,,0,17,0,0,17,0
D4-R1_B,after_second,P1a,e_psi,17,17,0,0,0,-0.000542034917689449,0.0011041324365827982,0.0027798246305095198,,0,17,0,0,17,0
D4-R1_B,after_second,P1a,s_abs,17,17,0,0,0,-0.00038463504113551246,0.0005110731337822052,0.0011588380413734,,0,17,0,0,17,0
D4-R1_B,after_second,P1a,e_y,17,17,0,0,0,0.00014328980931784798,0.00030108835425296564,0.0009025758455651171,,0,17,0,0,17,0
D4-R1_B,after_second,P1a,delta,17,17,0,0,0,0.00021476051866286256,0.0006707894351429988,0.0016869751651854906,,0,17,0,0,17,0
D4-R1_B,after_second,P1a,a_cmd,17,17,0,0,0,-2.8947062919063506e-05,8.388684193272062e-05,0.0003150189084522026,,0,17,0,0,17,0
D4-R1_B,after_second,P1b,vx,17,17,0,0,0,3.499742535778234e-05,0.00010257508459778701,0.00038464528183190794,,0,17,0,0,17,0
D4-R1_B,after_second,P1b,vy,17,17,0,0,0,0.0013947520449720334,0.0038999027960168165,0.014434105931449295,,0,17,0,0,17,0
D4-R1_B,after_second,P1b,r,17,17,0,0,0,0.004830189280477061,0.010128081509800477,0.02475015496994666,,1,16,0,1,16,0
D4-R1_B,after_second,P1b,e_psi,17,17,0,0,0,-0.0006581362298737299,0.001463841853956689,0.003123092472317346,,0,17,0,0,17,0
D4-R1_B,after_second,P1b,s_abs,17,17,0,0,0,-0.00038463504113551246,0.0005110731337822052,0.0011588380413734,,0,17,0,0,17,0
D4-R1_B,after_second,P1b,e_y,17,17,0,0,0,0.0002223293685716407,0.00047118019472021876,0.0012070613990672208,,0,17,0,0,17,0
D4-R1_B,after_second,P1b,delta,17,17,0,0,0,0.000755707117606346,0.002017655217234318,0.004405993817962707,,0,17,0,0,17,0
D4-R1_B,after_second,P1b,a_cmd,17,17,0,0,0,-2.8947062919063506e-05,8.388684193272062e-05,0.0003150189084522026,,0,17,0,0,17,0
D4-R1_B,after_second,P2,vx,17,17,0,0,0,-3.6448948957085495e-09,1.2364941237719056e-07,3.2321767129417367e-07,,16,1,0,0,0,17
D4-R1_B,after_second,P2,vy,17,17,0,0,0,3.862728592812414e-06,9.330245649942332e-06,1.7558633340186702e-05,,16,1,0,0,0,17
D4-R1_B,after_second,P2,r,17,17,0,0,0,0.0001261687273357325,0.0003179467509278401,0.0006110230903236952,,17,0,0,0,0,17
D4-R1_B,after_second,P2,e_psi,17,17,0,0,0,-1.4971672677114236e-05,3.770021526821397e-05,7.441149058839969e-05,,0,17,0,0,0,17
D4-R1_B,after_second,P2,s_abs,17,17,0,0,0,-2.48052221194767e-07,6.441065382535142e-07,2.3434675409106376e-06,,16,1,0,0,0,17
D4-R1_B,after_second,P2,e_y,17,17,0,0,0,-1.4569490302368346e-06,3.6876269014834234e-06,7.118082476578486e-06,,0,17,0,0,0,17
D4-R1_B,after_second,P2,delta,17,17,0,0,0,3.0409474904909434e-05,7.593375391998241e-05,0.00014591193920076954,,0,17,0,0,0,17
D4-R1_B,after_second,P2,a_cmd,17,17,0,0,0,4.369007273610617e-09,7.637690798907052e-08,2.148410640501197e-07,,17,0,0,0,0,17
D4-R2_A,all,A,vx,19,19,0,0,0,-5.103125248315097e-05,0.00016169970019784977,0.0006012161750703626,,0,0,19,13,6,0
D4-R2_A,all,A,vy,19,19,0,0,0,1.0978226312696956e-05,0.0002026591869312209,0.0007396687039140093,,0,0,19,1,18,0
D4-R2_A,all,A,r,19,19,0,0,0,0.0024737200829141916,0.008389954225214477,0.033103592256629844,,0,0,19,17,2,0
D4-R2_A,all,A,e_psi,19,19,0,0,0,2.4392247428444964e-05,0.00013364467153566468,0.0005525315321524005,,0,0,19,17,2,0
D4-R2_A,all,A,s_abs,19,19,0,0,0,-1.370361605336855e-06,3.790907745377421e-06,1.4934945571809521e-05,,0,0,19,1,18,0
D4-R2_A,all,A,e_y,19,19,0,0,0,2.245687724320276e-06,1.2391983727062358e-05,5.095196466533419e-05,,0,0,19,17,2,0
D4-R2_A,all,A,delta,19,19,0,0,0,0.00047022405771925645,0.002327303817054275,0.009999999999999995,,0,0,19,18,1,0
D4-R2_A,all,A,a_cmd,19,19,0,0,0,4.8630883039167904e-05,0.00015317327158258343,0.0005636473675219023,,0,0,19,13,6,0
D4-R2_A,all,P0,vx,19,19,0,0,0,-0.00020644560831885097,0.0009442657902222506,0.0025642760326753944,,0,19,0,0,19,0
D4-R2_A,all,P0,vy,19,19,0,0,0,0.0016638092666631933,0.008856108287232111,0.02852843338117128,,0,19,0,0,19,0
D4-R2_A,all,P0,r,19,19,0,0,0,0.01586673577306616,0.06925172358394834,0.28235505928082383,,0,19,0,0,19,0
D4-R2_A,all,P0,e_psi,19,19,0,0,0,-0.0015254484370248221,0.003717599169895061,0.010644102546874201,,0,19,0,0,19,0
D4-R2_A,all,P0,s_abs,19,19,0,0,0,-7.254384683910854e-06,0.00019889943814416125,0.0007073131153751966,,0,19,0,0,19,0
D4-R2_A,all,P0,e_y,19,19,0,0,0,-0.00027935866258720494,0.0008456932213721106,0.00332994357951482,,0,19,0,0,19,0
D4-R2_A,all,P0,delta,19,19,0,0,0,0.0008426162635793064,0.0028661799985811648,0.005433331270939132,,1,18,0,0,17,2
D4-R2_A,all,P0,a_cmd,19,19,0,0,0,0.00024040150778097051,0.0009000224138515577,0.002537432007415852,,0,19,0,0,19,0
D4-R2_A,all,P1a,vx,19,19,0,0,0,-3.1317413104347515e-05,0.001098451813164543,0.00408444404332986,,0,19,0,0,19,0
D4-R2_A,all,P1a,vy,19,19,0,0,0,0.0015624570997779489,0.014303184291415862,0.0421167923857271,,0,19,0,0,19,0
D4-R2_A,all,P1a,r,19,19,0,0,0,0.012612083893318818,0.05444016848567333,0.2146715851282473,,0,19,0,0,19,0
D4-R2_A,all,P1a,e_psi,19,19,0,0,0,-0.0005448015042763119,0.003161594934291737,0.009356959919793795,,0,19,0,0,19,0
D4-R2_A,all,P1a,s_abs,19,19,0,0,0,-0.0003189914321665564,0.0005115798779049828,0.0011902305637137012,,0,19,0,0,19,0
D4-R2_A,all,P1a,e_y,19,19,0,0,0,5.8972977845453e-05,0.00045317056286801427,0.0014350233553112948,,0,19,0,0,19,0
D4-R2_A,all,P1a,delta,19,19,0,0,0,-0.00017226358509941583,0.004612373730031387,0.018147972829802107,,1,18,0,0,18,1
D4-R2_A,all,P1a,a_cmd,19,19,0,0,0,6.527331256646705e-05,0.0009340525476587112,0.003713558251275728,,0,19,0,0,19,0
D4-R2_A,all,P1b,vx,19,19,0,0,0,-3.1317413104347515e-05,0.001098451813164543,0.00408444404332986,,0,19,0,0,19,0
D4-R2_A,all,P1b,vy,19,19,0,0,0,0.00217181680203944,0.0083049323938914,0.027982248650314345,,0,19,0,0,19,0
D4-R2_A,all,P1b,r,19,19,0,0,0,0.0020080949352516315,0.028436237015847517,0.10086342022073591,,0,19,0,0,19,0
D4-R2_A,all,P1b,e_psi,19,19,0,0,0,-0.0009010778783100987,0.0024965609867192537,0.008341576718401633,,0,19,0,0,19,0
D4-R2_A,all,P1b,s_abs,19,19,0,0,0,-0.0003189914321665564,0.0005115798779049828,0.0011902305637137012,,0,19,0,0,19,0
D4-R2_A,all,P1b,e_y,19,19,0,0,0,0.00019996443385775068,0.00044280270925547874,0.0012145547156004743,,0,19,0,0,19,0
D4-R2_A,all,P1b,delta,19,19,0,0,0,0.0007770778299762402,0.0026575986273030664,0.0050000000000000044,,1,18,0,0,17,2
D4-R2_A,all,P1b,a_cmd,19,19,0,0,0,6.527331256646705e-05,0.0009340525476587112,0.003713558251275728,,0,19,0,0,19,0
D4-R2_A,all,P2,vx,19,19,0,0,0,-2.291473992468546e-05,0.0001048218644718052,0.0004566654517095259,,6,13,0,0,0,19
D4-R2_A,all,P2,vy,19,19,0,0,0,1.1112068549351028e-05,6.873930098842325e-05,0.0002093809669374419,,18,1,0,0,0,19
D4-R2_A,all,P2,r,19,19,0,0,0,-8.2712906774982e-05,0.001669671623484471,0.005697095705868904,,2,17,0,0,0,19
D4-R2_A,all,P2,e_psi,19,19,0,0,0,-2.3386430317886097e-05,5.728998098299555e-05,0.000172204851274671,,2,17,0,0,0,19
D4-R2_A,all,P2,s_abs,19,19,0,0,0,-8.186213784037926e-07,2.3566933619686412e-06,9.832222851002825e-06,,18,1,0,0,0,19
D4-R2_A,all,P2,e_y,19,19,0,0,0,-2.186406181322801e-06,5.405921404047674e-06,1.5961992818690207e-05,,2,17,0,0,0,19
D4-R2_A,all,P2,delta,19,19,0,0,0,9.389629885242657e-05,0.0016445371101177857,0.0050000000000000044,,1,18,0,0,0,19
D4-R2_A,all,P2,a_cmd,19,19,0,0,0,2.3371714815361972e-05,0.00010335229263471249,0.0004504655338468666,,6,13,0,0,0,19
D4-R2_A,first,A,vx,1,1,0,0,0,-0.0003678661981236786,0.0003678661981236786,0.0003678661981236786,,0,0,1,0,1,0
D4-R2_A,first,A,vy,1,1,0,0,0,0.0007396687039140093,0.0007396687039140093,0.0007396687039140093,,0,0,1,0,1,0
D4-R2_A,first,A,r,1,1,0,0,0,0.01549591650095028,0.01549591650095028,0.01549591650095028,,0,0,1,0,1,0
D4-R2_A,first,A,e_psi,1,1,0,0,0,8.910392813277213e-05,8.910392813277213e-05,8.910392813277213e-05,,0,0,1,0,1,0
D4-R2_A,first,A,s_abs,1,1,0,0,0,-6.375980454276231e-06,6.375980454276231e-06,6.375980454276231e-06,,0,0,1,0,1,0
D4-R2_A,first,A,e_y,1,1,0,0,0,8.108133828940711e-06,8.108133828940711e-06,8.108133828940711e-06,,0,0,1,0,1,0
D4-R2_A,first,A,delta,1,1,0,0,0,0.009999999999999995,0.009999999999999995,0.009999999999999995,,0,0,1,0,1,0
D4-R2_A,first,A,a_cmd,1,1,0,0,0,0.0003578703238567016,0.0003578703238567016,0.0003578703238567016,,0,0,1,0,1,0
D4-R2_A,first,P0,vx,1,1,0,0,0,0.0025642760326753944,0.0025642760326753944,0.0025642760326753944,,0,1,0,0,1,0
D4-R2_A,first,P0,vy,1,1,0,0,0,0.02852843338117128,0.02852843338117128,0.02852843338117128,,0,1,0,0,1,0
D4-R2_A,first,P0,r,1,1,0,0,0,-0.06609392958538207,0.06609392958538207,0.06609392958538207,,0,1,0,0,1,0
D4-R2_A,first,P0,e_psi,1,1,0,0,0,-0.010644102546874201,0.010644102546874201,0.010644102546874201,,0,1,0,0,1,0
D4-R2_A,first,P0,s_abs,1,1,0,0,0,0.00032751685910126227,0.00032751685910126227,0.00032751685910126227,,0,1,0,0,1,0
D4-R2_A,first,P0,e_y,1,1,0,0,0,-0.000559966874298351,0.000559966874298351,0.000559966874298351,,0,1,0,0,1,0
D4-R2_A,first,P0,delta,1,1,0,0,0,0.0050000000000000044,0.0050000000000000044,0.0050000000000000044,,1,0,0,0,0,1
D4-R2_A,first,P0,a_cmd,1,1,0,0,0,-0.0017219657636040608,0.0017219657636040608,0.0017219657636040608,,0,1,0,0,1,0
D4-R2_A,first,P1a,vx,1,1,0,0,0,0.0023536676421080927,0.0023536676421080927,0.0023536676421080927,,0,1,0,0,1,0
D4-R2_A,first,P1a,vy,1,1,0,0,0,0.027125248006614366,0.027125248006614366,0.027125248006614366,,0,1,0,0,1,0
D4-R2_A,first,P1a,r,1,1,0,0,0,-0.08502082439947078,0.08502082439947078,0.08502082439947078,,0,1,0,0,1,0
D4-R2_A,first,P1a,e_psi,1,1,0,0,0,-0.007857926476744215,0.007857926476744215,0.007857926476744215,,0,1,0,0,1,0
D4-R2_A,first,P1a,s_abs,1,1,0,0,0,0.00058458982571441,0.00058458982571441,0.00058458982571441,,0,1,0,0,1,0
D4-R2_A,first,P1a,e_y,1,1,0,0,0,-6.123455615865414e-05,6.123455615865414e-05,6.123455615865414e-05,,0,1,0,0,1,0
D4-R2_A,first,P1a,delta,1,1,0,0,0,0.0050000000000000044,0.0050000000000000044,0.0050000000000000044,,1,0,0,0,0,1
D4-R2_A,first,P1a,a_cmd,1,1,0,0,0,-0.001511357373036759,0.001511357373036759,0.001511357373036759,,0,1,0,0,1,0
D4-R2_A,first,P1b,vx,1,1,0,0,0,0.0023536676421080927,0.0023536676421080927,0.0023536676421080927,,0,1,0,0,1,0
D4-R2_A,first,P1b,vy,1,1,0,0,0,0.027982248650314345,0.027982248650314345,0.027982248650314345,,0,1,0,0,1,0
D4-R2_A,first,P1b,r,1,1,0,0,0,-0.10086342022073591,0.10086342022073591,0.10086342022073591,,0,1,0,0,1,0
D4-R2_A,first,P1b,e_psi,1,1,0,0,0,-0.008341576718401633,0.008341576718401633,0.008341576718401633,,0,1,0,0,1,0
D4-R2_A,first,P1b,s_abs,1,1,0,0,0,0.00058458982571441,0.00058458982571441,0.00058458982571441,,0,1,0,0,1,0
D4-R2_A,first,P1b,e_y,1,1,0,0,0,0.00015117384201754347,0.00015117384201754347,0.00015117384201754347,,0,1,0,0,1,0
D4-R2_A,first,P1b,delta,1,1,0,0,0,0.0050000000000000044,0.0050000000000000044,0.0050000000000000044,,1,0,0,0,0,1
D4-R2_A,first,P1b,a_cmd,1,1,0,0,0,-0.001511357373036759,0.001511357373036759,0.001511357373036759,,0,1,0,0,1,0
D4-R2_A,first,P2,vx,1,1,0,0,0,1.2958680402519462e-05,1.2958680402519462e-05,1.2958680402519462e-05,,1,0,0,0,0,1
D4-R2_A,first,P2,vy,1,1,0,0,0,-0.0001591851277152334,0.0001591851277152334,0.0001591851277152334,,1,0,0,0,0,1
D4-R2_A,first,P2,r,1,1,0,0,0,-0.0032676499347032983,0.0032676499347032983,0.0032676499347032983,,1,0,0,0,0,1
D4-R2_A,first,P2,e_psi,1,1,0,0,0,-4.8549012231724475e-05,4.8549012231724475e-05,4.8549012231724475e-05,,1,0,0,0,0,1
D4-R2_A,first,P2,s_abs,1,1,0,0,0,-2.0269066802747204e-06,2.0269066802747204e-06,2.0269066802747204e-06,,1,0,0,0,0,1
D4-R2_A,first,P2,e_y,1,1,0,0,0,-3.0894883166765474e-06,3.0894883166765474e-06,3.0894883166765474e-06,,1,0,0,0,0,1
D4-R2_A,first,P2,delta,1,1,0,0,0,0.0050000000000000044,0.0050000000000000044,0.0050000000000000044,,1,0,0,0,0,1
D4-R2_A,first,P2,a_cmd,1,1,0,0,0,0.0,0.0,0.0,,1,0,0,0,0,1
D4-R2_A,later,A,vx,18,18,0,0,0,-3.342931105867722e-05,0.00014170852873953907,0.0006012161750703626,,0,0,18,13,5,0
D4-R2_A,later,A,vy,18,18,0,0,0,-2.9504577998487062e-05,0.00011383086462794431,0.0004799851018092889,,0,0,18,1,17,0
D4-R2_A,later,A,r,18,18,0,0,0,0.0017502647263566314,0.007807801931110914,0.033103592256629844,,0,0,18,17,1,0
D4-R2_A,later,A,e_psi,18,18,0,0,0,2.0797154055982344e-05,0.00013569114364757196,0.0005525315321524005,,0,0,18,17,1,0
D4-R2_A,later,A,s_abs,18,18,0,0,0,-1.0922716692846674e-06,3.5931688458949074e-06,1.4934945571809521e-05,,0,0,18,1,17,0
D4-R2_A,later,A,e_y,18,18,0,0,0,1.919996274063585e-06,1.2587299858181073e-05,5.095196466533419e-05,,0,0,18,17,1,0
D4-R2_A,later,A,delta,18,18,0,0,0,-5.920793907411793e-05,0.00040211372635615947,0.0016180156234173598,,0,0,18,18,0,0
D4-R2_A,later,A,a_cmd,18,18,0,0,0,3.1450914104860476e-05,0.0001328549339864151,0.0005636473675219023,,0,0,18,13,5,0
D4-R2_A,later,P0,vx,18,18,0,0,0,-0.0003603745883740868,0.0007588590923713308,0.00216654621536172,,0,18,0,0,18,0
D4-R2_A,later,P0,vy,18,18,0,0,0,0.00017133014919052184,0.006129667902570781,0.022786368662898904,,0,18,0,0,18,0
D4-R2_A,later,P0,r,18,18,0,0,0,0.020420106070757733,0.06942294515006735,0.28235505928082383,,0,18,0,0,18,0
D4-R2_A,later,P0,e_psi,18,18,0,0,0,-0.00101885654203319,0.002879944146292025,0.010565069876486533,,0,18,0,0,18,0
D4-R2_A,later,P0,s_abs,18,18,0,0,0,-2.5852787116420473e-05,0.00018920762411107504,0.0007073131153751966,,0,18,0,0,18,0
D4-R2_A,later,P0,e_y,18,18,0,0,0,-0.0002637693174921413,0.0008587840424599238,0.00332994357951482,,0,18,0,0,18,0
D4-R2_A,later,P0,delta,18,18,0,0,0,0.0006116505004448232,0.0026986083646233063,0.005433331270939132,,0,18,0,0,17,1
D4-R2_A,later,P0,a_cmd,18,18,0,0,0,0.0003494219117468056,0.0008308496478586776,0.002537432007415852,,0,18,0,0,18,0
D4-R2_A,later,P1a,vx,18,18,0,0,0,-0.00016381658283837197,0.0009827845915656157,0.00408444404332986,,0,18,0,0,18,0
D4-R2_A,later,P1a,vy,18,18,0,0,0,0.0001423020493981482,0.013231405101310139,0.0421167923857271,,0,18,0,0,18,0
D4-R2_A,later,P1a,r,18,18,0,0,0,0.018036134354029353,0.052218752681311646,0.2146715851282473,,0,18,0,0,18,0
D4-R2_A,later,P1a,e_psi,18,18,0,0,0,-0.0001385167835836507,0.0026684469008554034,0.009356959919793795,,0,18,0,0,18,0
D4-R2_A,later,P1a,s_abs,18,18,0,0,0,-0.0003691903909377212,0.0005072157218985637,0.0011902305637137012,,0,18,0,0,18,0
D4-R2_A,later,P1a,e_y,18,18,0,0,0,6.56511741790145e-05,0.00046536472859015507,0.0014350233553112948,,0,18,0,0,18,0
D4-R2_A,later,P1a,delta,18,18,0,0,0,-0.0004596115620493836,0.004589879186767515,0.018147972829802107,,0,18,0,0,18,0
D4-R2_A,later,P1a,a_cmd,18,18,0,0,0,0.00015286390621109072,0.000891080117514515,0.003713558251275728,,0,18,0,0,18,0
D4-R2_A,later,P1b,vx,18,18,0,0,0,-0.00016381658283837197,0.0009827845915656157,0.00408444404332986,,0,18,0,0,18,0
D4-R2_A,later,P1b,vy,18,18,0,0,0,0.0007379039215797231,0.005413254821613582,0.01829427155812549,,0,18,0,0,18,0
D4-R2_A,later,P1b,r,18,18,0,0,0,0.007723179110584273,0.0169809409472681,0.06006002251794429,,0,18,0,0,18,0
D4-R2_A,later,P1b,e_psi,18,18,0,0,0,-0.00048771683163834686,0.0016472471361972964,0.0035810019289557182,,0,18,0,0,18,0
D4-R2_A,later,P1b,s_abs,18,18,0,0,0,-0.0003691903909377212,0.0005072157218985637,0.0011902305637137012,,0,18,0,0,18,0
D4-R2_A,later,P1b,e_y,18,18,0,0,0,0.00020267502229331775,0.00045353898623587066,0.0012145547156004743,,0,18,0,0,18,0
D4-R2_A,later,P1b,delta,18,18,0,0,0,0.0005424710427526977,0.0024629902649356454,0.0050000000000000044,,0,18,0,0,17,1
D4-R2_A,later,P1b,a_cmd,18,18,0,0,0,0.00015286390621109072,0.000891080117514515,0.003713558251275728,,0,18,0,0,18,0
D4-R2_A,later,P2,vx,18,18,0,0,0,-2.4907707720641287e-05,0.0001076509056466497,0.0004566654517095259,,5,13,0,0,0,18
D4-R2_A,later,P2,vy,18,18,0,0,0,2.0573023897383497e-05,5.983163118351768e-05,0.0002093809669374419,,17,1,0,0,0,18
D4-R2_A,later,P2,r,18,18,0,0,0,9.422803922103558e-05,0.001532802936876493,0.005697095705868904,,1,17,0,0,0,18
D4-R2_A,later,P2,e_psi,18,18,0,0,0,-2.1988509100450633e-05,5.773680220089345e-05,0.000172204851274671,,1,17,0,0,0,18
D4-R2_A,later,P2,s_abs,18,18,0,0,0,-7.514944171887411e-07,2.3736717660626285e-06,9.832222851002825e-06,,17,1,0,0,0,18
D4-R2_A,later,P2,e_y,18,18,0,0,0,-2.1362349515809263e-06,5.506111756994291e-06,1.5961992818690207e-05,,1,17,0,0,0,18
D4-R2_A,later,P2,delta,18,18,0,0,0,-0.0001786650178779944,0.001210728518623224,0.0050000000000000044,,0,18,0,0,0,18
D4-R2_A,later,P2,a_cmd,18,18,0,0,0,2.4670143416215416e-05,0.00010618438665939484,0.0004504655338468666,,5,13,0,0,0,18
D4-R2_A,after_second,A,vx,17,17,0,0,0,-3.0083763872192003e-08,3.939953126674025e-07,1.529666005417596e-06,,0,0,17,13,4,0
D4-R2_A,after_second,A,vy,17,17,0,0,0,-3.214774150439948e-05,0.00011707120083218865,0.0004799851018092889,,0,0,17,0,17,0
D4-R2_A,after_second,A,r,17,17,0,0,0,-9.404865777708695e-05,0.0002934638593907126,0.0007004917869975757,,0,0,17,17,0,0
D4-R2_A,after_second,A,e_psi,17,17,0,0,0,-1.0481338773218722e-05,3.9202687735190874e-05,8.496091405785222e-05,,0,0,17,17,0,0
D4-R2_A,after_second,A,s_abs,17,17,0,0,0,-2.779967338420289e-07,7.413391364544093e-07,2.7846174868173534e-06,,0,0,17,1,16,0
D4-R2_A,after_second,A,e_y,17,17,0,0,0,-9.642371607170387e-07,3.879201067672316e-06,8.01724053576874e-06,,0,0,17,17,0,0
D4-R2_A,after_second,A,delta,17,17,0,0,0,3.248663059313159e-05,0.00013118095338119468,0.000294618323921662,,0,0,17,17,0,0
D4-R2_A,after_second,A,a_cmd,17,17,0,0,0,1.452403744462525e-07,7.454886772507735e-07,3.0570504119253883e-06,,0,0,17,13,4,0
D4-R2_A,after_second,P0,vx,17,17,0,0,0,-0.0005090169885938402,0.0005776058952590082,0.0009925172611655597,,0,17,0,0,17,0
D4-R2_A,after_second,P0,vy,17,17,0,0,0,-0.0011589662339687948,0.003039856013259756,0.010868139828507515,,0,17,0,0,17,0
D4-R2_A,after_second,P0,r,17,17,0,0,0,0.005012167646636194,0.020331714053620376,0.04252891002310208,,0,17,0,0,17,0
D4-R2_A,after_second,P0,e_psi,17,17,0,0,0,-0.0004573145811829934,0.0014886375067128344,0.003272749313792289,,0,17,0,0,17,0
D4-R2_A,after_second,P0,s_abs,17,17,0,0,0,-6.898019314533913e-05,9.206762451010589e-05,0.0002535755533195072,,0,17,0,0,17,0
D4-R2_A,after_second,P0,e_y,17,17,0,0,0,-8.340612560845431e-05,0.0003586458457748584,0.0007822234963054637,,0,17,0,0,17,0
D4-R2_A,after_second,P0,delta,17,17,0,0,0,0.0009417475887062839,0.0024980553366105987,0.005433331270939132,,0,17,0,0,17,0
D4-R2_A,after_second,P0,a_cmd,17,17,0,0,0,0.0005192368481681383,0.0005934465276464433,0.0010063869822349858,,0,17,0,0,17,0
D4-R2_A,after_second,P1a,vx,17,17,0,0,0,6.680856189642144e-05,0.00020333930184119825,0.0008159325709833354,,0,17,0,0,17,0
D4-R2_A,after_second,P1a,vy,17,17,0,0,0,0.0026281311338172803,0.009001428828825968,0.03586677519878688,,0,17,0,0,17,0
D4-R2_A,after_second,P1a,r,17,17,0,0,0,0.006469343132016532,0.013280850670800043,0.03493653133093197,,0,17,0,0,17,0
D4-R2_A,after_second,P1a,e_psi,17,17,0,0,0,-0.0006970742367235004,0.0015457391262225456,0.005121627337060897,,0,17,0,0,17,0
D4-R2_A,after_second,P1a,s_abs,17,17,0,0,0,-0.00039281234191732836,0.0005218615744776192,0.0011902305637137012,,0,17,0,0,17,0
D4-R2_A,after_second,P1a,e_y,17,17,0,0,0,0.00015392614650197386,0.0003288899262309424,0.0009203895798017281,,0,17,0,0,17,0
D4-R2_A,after_second,P1a,delta,17,17,0,0,0,0.0005808802772301883,0.0017125302788727865,0.0065013854291533,,0,17,0,0,17,0
D4-R2_A,after_second,P1a,a_cmd,17,17,0,0,0,-5.6588702322123236e-05,0.0001718263623059854,0.0006907841890368971,,0,17,0,0,17,0
D4-R2_A,after_second,P1b,vx,17,17,0,0,0,6.680856189642144e-05,0.00020333930184119825,0.0008159325709833354,,0,17,0,0,17,0
D4-R2_A,after_second,P1b,vy,17,17,0,0,0,0.0015235692116827868,0.004654129914953173,0.01829427155812549,,0,17,0,0,17,0
D4-R2_A,after_second,P1b,r,17,17,0,0,0,0.004644541263092507,0.009650163343106867,0.022662725349981795,,0,17,0,0,17,0
D4-R2_A,after_second,P1b,e_psi,17,17,0,0,0,-0.0006897571919560295,0.0015369371428917793,0.0035810019289557182,,0,17,0,0,17,0
D4-R2_A,after_second,P1b,s_abs,17,17,0,0,0,-0.00039281234191732836,0.0005218615744776192,0.0011902305637137012,,0,17,0,0,17,0
D4-R2_A,after_second,P1b,e_y,17,17,0,0,0,0.00021943272070389135,0.00046626167954199173,0.0012145547156004743,,0,17,0,0,17,0
D4-R2_A,after_second,P1b,delta,17,17,0,0,0,0.0008684987511499157,0.0022254382094983615,0.0046426241897854666,,0,17,0,0,17,0
D4-R2_A,after_second,P1b,a_cmd,17,17,0,0,0,-5.6588702322123236e-05,0.0001718263623059854,0.0006907841890368971,,0,17,0,0,17,0
D4-R2_A,after_second,P2,vx,17,17,0,0,0,4.898066316460405e-07,1.77532056300761e-06,7.29920754860558e-06,,4,13,0,0,0,17
D4-R2_A,after_second,P2,vy,17,17,0,0,0,1.3386761333771797e-05,5.091069016121054e-05,0.0002093809669374419,,17,0,0,0,0,17
D4-R2_A,after_second,P2,r,17,17,0,0,0,-0.00023535241175825082,0.0007605658766966069,0.002938639946750171,,0,17,0,0,0,17
D4-R2_A,after_second,P2,e_psi,17,17,0,0,0,-2.3721548328329877e-05,5.938302481935e-05,0.000172204851274671,,0,17,0,0,0,17
D4-R2_A,after_second,P2,s_abs,17,17,0,0,0,-2.173339210820302e-07,5.283220699017543e-07,1.787643386208515e-06,,16,1,0,0,0,17
D4-R2_A,after_second,P2,e_y,17,17,0,0,0,-2.271042189993684e-06,5.6656167500806515e-06,1.5961992818690207e-05,,0,17,0,0,0,17
D4-R2_A,after_second,P2,delta,17,17,0,0,0,0.00010494292224682968,0.00028548656345599215,0.0010149486363271653,,0,17,0,0,0,17
D4-R2_A,after_second,P2,a_cmd,17,17,0,0,0,-3.7664425617583006e-07,1.3939845604497502e-06,5.733506606375727e-06,,4,13,0,0,0,17
D4-R2_B,all,A,vx,19,19,0,0,0,-5.201347108719252e-05,0.00016581764849705932,0.0006221639141390511,,0,0,19,13,6,0
D4-R2_B,all,A,vy,19,19,0,0,0,2.9070466706471085e-05,0.00018576420189791957,0.0007396687039140093,,0,0,19,0,19,0
D4-R2_B,all,A,r,19,19,0,0,0,0.002764571605563423,0.009726756808795858,0.039425408253854155,,0,0,19,17,2,0
D4-R2_B,all,A,e_psi,19,19,0,0,0,2.5642409286643747e-05,0.0001520227825834181,0.0006365040780029751,,0,0,19,17,2,0
D4-R2_B,all,A,s_abs,19,19,0,0,0,-1.3940019160049576e-06,3.935026848066181e-06,1.5674302682455732e-05,,0,0,19,1,18,0
D4-R2_B,all,A,e_y,19,19,0,0,0,2.337400003318388e-06,1.400892865956973e-05,5.84822613987207e-05,,0,0,19,17,2,0
D4-R2_B,all,A,delta,19,19,0,0,0,0.0005505279572335178,0.0023005769400389923,0.009999999999999995,,0,0,19,18,1,0
D4-R2_B,all,A,a_cmd,19,19,0,0,0,4.9232434591037066e-05,0.00015582919027353054,0.0005773214675768301,,0,0,19,13,6,0
D4-R2_B,all,P0,vx,19,19,0,0,0,-0.00017738551061202994,0.0009897460829428348,0.0025676246655059742,,0,19,0,0,19,0
D4-R2_B,all,P0,vy,19,19,0,0,0,0.0017435179539657777,0.008886474011873785,0.02852843338117128,,0,19,0,0,19,0
D4-R2_B,all,P0,r,19,19,0,0,0,0.01699799101684981,0.07083198604524583,0.2900345492045266,,0,19,0,0,19,0
D4-R2_B,all,P0,e_psi,19,19,0,0,0,-0.001567782512024607,0.003753622064146613,0.010791305089451697,,0,19,0,0,19,0
D4-R2_B,all,P0,s_abs,19,19,0,0,0,-3.1624993692574696e-06,0.00020700093068292023,0.0007583390391507905,,0,19,0,0,19,0
D4-R2_B,all,P0,e_y,19,19,0,0,0,-0.00030296879921307243,0.0008692303325178735,0.0034515702060763653,,0,19,0,0,19,0
D4-R2_B,all,P0,delta,19,19,0,0,0,0.000849575995294038,0.0028732234148161786,0.005433992439188079,,1,18,0,0,17,2
D4-R2_B,all,P0,a_cmd,19,19,0,0,0,0.00021108522032697863,0.0009558126349411404,0.002944134457755432,,0,19,0,0,19,0
D4-R2_B,all,P1a,vx,19,19,0,0,0,-3.184771765643141e-05,0.0011003157906270377,0.004093830831765288,,0,19,0,0,19,0
D4-R2_B,all,P1a,vy,19,19,0,0,0,0.0015115616107548864,0.014272779808818548,0.04215876043622227,,0,19,0,0,19,0
D4-R2_B,all,P1a,r,19,19,0,0,0,0.01306816432431894,0.055231995857003995,0.21796412503070178,,0,19,0,0,19,0
D4-R2_B,all,P1a,e_psi,19,19,0,0,0,-0.0005367483377510515,0.003164752677397249,0.00940424352456981,,0,19,0,0,19,0
D4-R2_B,all,P1a,s_abs,19,19,0,0,0,-0.0003179439421894131,0.0005107894444119595,0.0011834563085715288,,0,19,0,0,19,0
D4-R2_B,all,P1a,e_y,19,19,0,0,0,5.305859380923453e-05,0.00045010371040126666,0.001462867463415396,,0,19,0,0,19,0
D4-R2_B,all,P1a,delta,19,19,0,0,0,-0.00023442405480234425,0.00461772548786435,0.01846184920810967,,1,18,0,0,18,1
D4-R2_B,all,P1a,a_cmd,19,19,0,0,0,6.554742737138011e-05,0.0009348300537387996,0.0037173210395158307,,0,19,0,0,19,0
D4-R2_B,all,P1b,vx,19,19,0,0,0,-3.184771765643141e-05,0.0011003157906270377,0.004093830831765288,,0,19,0,0,19,0
D4-R2_B,all,P1b,vy,19,19,0,0,0,0.002247482372603181,0.008347493922393215,0.027982248650314345,,0,19,0,0,19,0
D4-R2_B,all,P1b,r,19,19,0,0,0,0.002468444953780573,0.02909412612713233,0.10086342022073591,,0,19,0,0,19,0
D4-R2_B,all,P1b,e_psi,19,19,0,0,0,-0.0009180908120068711,0.0025085600789881576,0.008341576718401633,,0,19,0,0,19,0
D4-R2_B,all,P1b,s_abs,19,19,0,0,0,-0.0003179439421894131,0.0005107894444119595,0.0011834563085715288,,0,19,0,0,19,0
D4-R2_B,all,P1b,e_y,19,19,0,0,0,0.00019895682658350978,0.0004399327820695399,0.0011933022560538693,,0,19,0,0,19,0
D4-R2_B,all,P1b,delta,19,19,0,0,0,0.000771727229739509,0.00265016255562411,0.0050000000000000044,,1,18,0,0,17,2
D4-R2_B,all,P1b,a_cmd,19,19,0,0,0,6.554742737138011e-05,0.0009348300537387996,0.0037173210395158307,,0,19,0,0,19,0
D4-R2_B,all,P2,vx,19,19,0,0,0,-2.2857900925026498e-05,0.0001044332031357799,0.00045497954487583314,,6,13,0,0,0,19
D4-R2_B,all,P2,vy,19,19,0,0,0,9.59592664968383e-06,6.435700846574421e-05,0.00018096122292104305,,19,0,0,0,0,19
D4-R2_B,all,P2,r,19,19,0,0,0,-5.907683222714257e-05,0.001630195053148321,0.005696577546334292,,2,17,0,0,0,19
D4-R2_B,all,P2,e_psi,19,19,0,0,0,-2.260773785631019e-05,5.500146653932668e-05,0.00015740225098470617,,2,17,0,0,0,19
D4-R2_B,all,P2,s_abs,19,19,0,0,0,-8.203138494092412e-07,2.3545293877481326e-06,9.810552852762555e-06,,18,1,0,0,0,19
D4-R2_B,all,P2,e_y,19,19,0,0,0,-2.1133092432330907e-06,5.195702845826488e-06,1.4576725260867507e-05,,2,17,0,0,0,19
D4-R2_B,all,P2,delta,19,19,0,0,0,8.74450767047006e-05,0.00164078242597421,0.0050000000000000044,,1,18,0,0,0,19
D4-R2_B,all,P2,a_cmd,19,19,0,0,0,2.3308968465164453e-05,0.000102951237536055,0.0004487238136556826,,6,13,0,0,0,19
D4-R2_B,first,A,vx,1,1,0,0,0,-0.0003678661981236786,0.0003678661981236786,0.0003678661981236786,,0,0,1,0,1,0
D4-R2_B,first,A,vy,1,1,0,0,0,0.0007396687039140093,0.0007396687039140093,0.0007396687039140093,,0,0,1,0,1,0
D4-R2_B,first,A,r,1,1,0,0,0,0.01549591650095028,0.01549591650095028,0.01549591650095028,,0,0,1,0,1,0
D4-R2_B,first,A,e_psi,1,1,0,0,0,8.910392813277213e-05,8.910392813277213e-05,8.910392813277213e-05,,0,0,1,0,1,0
D4-R2_B,first,A,s_abs,1,1,0,0,0,-6.375980454276231e-06,6.375980454276231e-06,6.375980454276231e-06,,0,0,1,0,1,0
D4-R2_B,first,A,e_y,1,1,0,0,0,8.108133828940711e-06,8.108133828940711e-06,8.108133828940711e-06,,0,0,1,0,1,0
D4-R2_B,first,A,delta,1,1,0,0,0,0.009999999999999995,0.009999999999999995,0.009999999999999995,,0,0,1,0,1,0
D4-R2_B,first,A,a_cmd,1,1,0,0,0,0.0003578703238567016,0.0003578703238567016,0.0003578703238567016,,0,0,1,0,1,0
D4-R2_B,first,P0,vx,1,1,0,0,0,0.0025642760326753944,0.0025642760326753944,0.0025642760326753944,,0,1,0,0,1,0
D4-R2_B,first,P0,vy,1,1,0,0,0,0.02852843338117128,0.02852843338117128,0.02852843338117128,,0,1,0,0,1,0
D4-R2_B,first,P0,r,1,1,0,0,0,-0.06609392958538207,0.06609392958538207,0.06609392958538207,,0,1,0,0,1,0
D4-R2_B,first,P0,e_psi,1,1,0,0,0,-0.010644102546874201,0.010644102546874201,0.010644102546874201,,0,1,0,0,1,0
D4-R2_B,first,P0,s_abs,1,1,0,0,0,0.00032751685910126227,0.00032751685910126227,0.00032751685910126227,,0,1,0,0,1,0
D4-R2_B,first,P0,e_y,1,1,0,0,0,-0.000559966874298351,0.000559966874298351,0.000559966874298351,,0,1,0,0,1,0
D4-R2_B,first,P0,delta,1,1,0,0,0,0.0050000000000000044,0.0050000000000000044,0.0050000000000000044,,1,0,0,0,0,1
D4-R2_B,first,P0,a_cmd,1,1,0,0,0,-0.0017219657636040608,0.0017219657636040608,0.0017219657636040608,,0,1,0,0,1,0
D4-R2_B,first,P1a,vx,1,1,0,0,0,0.0023536676421080927,0.0023536676421080927,0.0023536676421080927,,0,1,0,0,1,0
D4-R2_B,first,P1a,vy,1,1,0,0,0,0.027125248006614366,0.027125248006614366,0.027125248006614366,,0,1,0,0,1,0
D4-R2_B,first,P1a,r,1,1,0,0,0,-0.08502082439947078,0.08502082439947078,0.08502082439947078,,0,1,0,0,1,0
D4-R2_B,first,P1a,e_psi,1,1,0,0,0,-0.007857926476744215,0.007857926476744215,0.007857926476744215,,0,1,0,0,1,0
D4-R2_B,first,P1a,s_abs,1,1,0,0,0,0.00058458982571441,0.00058458982571441,0.00058458982571441,,0,1,0,0,1,0
D4-R2_B,first,P1a,e_y,1,1,0,0,0,-6.123455615865414e-05,6.123455615865414e-05,6.123455615865414e-05,,0,1,0,0,1,0
D4-R2_B,first,P1a,delta,1,1,0,0,0,0.0050000000000000044,0.0050000000000000044,0.0050000000000000044,,1,0,0,0,0,1
D4-R2_B,first,P1a,a_cmd,1,1,0,0,0,-0.001511357373036759,0.001511357373036759,0.001511357373036759,,0,1,0,0,1,0
D4-R2_B,first,P1b,vx,1,1,0,0,0,0.0023536676421080927,0.0023536676421080927,0.0023536676421080927,,0,1,0,0,1,0
D4-R2_B,first,P1b,vy,1,1,0,0,0,0.027982248650314345,0.027982248650314345,0.027982248650314345,,0,1,0,0,1,0
D4-R2_B,first,P1b,r,1,1,0,0,0,-0.10086342022073591,0.10086342022073591,0.10086342022073591,,0,1,0,0,1,0
D4-R2_B,first,P1b,e_psi,1,1,0,0,0,-0.008341576718401633,0.008341576718401633,0.008341576718401633,,0,1,0,0,1,0
D4-R2_B,first,P1b,s_abs,1,1,0,0,0,0.00058458982571441,0.00058458982571441,0.00058458982571441,,0,1,0,0,1,0
D4-R2_B,first,P1b,e_y,1,1,0,0,0,0.00015117384201754347,0.00015117384201754347,0.00015117384201754347,,0,1,0,0,1,0
D4-R2_B,first,P1b,delta,1,1,0,0,0,0.0050000000000000044,0.0050000000000000044,0.0050000000000000044,,1,0,0,0,0,1
D4-R2_B,first,P1b,a_cmd,1,1,0,0,0,-0.001511357373036759,0.001511357373036759,0.001511357373036759,,0,1,0,0,1,0
D4-R2_B,first,P2,vx,1,1,0,0,0,1.2958680402519462e-05,1.2958680402519462e-05,1.2958680402519462e-05,,1,0,0,0,0,1
D4-R2_B,first,P2,vy,1,1,0,0,0,-0.0001591851277152334,0.0001591851277152334,0.0001591851277152334,,1,0,0,0,0,1
D4-R2_B,first,P2,r,1,1,0,0,0,-0.0032676499347032983,0.0032676499347032983,0.0032676499347032983,,1,0,0,0,0,1
D4-R2_B,first,P2,e_psi,1,1,0,0,0,-4.8549012231724475e-05,4.8549012231724475e-05,4.8549012231724475e-05,,1,0,0,0,0,1
D4-R2_B,first,P2,s_abs,1,1,0,0,0,-2.0269066802747204e-06,2.0269066802747204e-06,2.0269066802747204e-06,,1,0,0,0,0,1
D4-R2_B,first,P2,e_y,1,1,0,0,0,-3.0894883166765474e-06,3.0894883166765474e-06,3.0894883166765474e-06,,1,0,0,0,0,1
D4-R2_B,first,P2,delta,1,1,0,0,0,0.0050000000000000044,0.0050000000000000044,0.0050000000000000044,,1,0,0,0,0,1
D4-R2_B,first,P2,a_cmd,1,1,0,0,0,0.0,0.0,0.0,,1,0,0,0,0,1
D4-R2_B,later,A,vx,18,18,0,0,0,-3.4466097362943295e-05,0.00014664560810691087,0.0006221639141390511,,0,0,18,13,5,0
D4-R2_B,later,A,vy,18,18,0,0,0,-1.040721313839215e-05,7.765616662886445e-05,0.0002830744963223525,,0,0,18,0,18,0
D4-R2_B,later,A,r,18,18,0,0,0,0.00205727466693082,0.009301919557355567,0.039425408253854155,,0,0,18,17,1,0
D4-R2_B,later,A,e_psi,18,18,0,0,0,2.2116769350747727e-05,0.00015477009689195432,0.0006365040780029751,,0,0,18,17,1,0
D4-R2_B,later,A,s_abs,18,18,0,0,0,-1.1172253305454423e-06,3.7531554342958388e-06,1.5674302682455732e-05,,0,0,18,1,17,0
D4-R2_B,later,A,e_y,18,18,0,0,0,2.016803679672703e-06,1.4265361559076816e-05,5.84822613987207e-05,,0,0,18,17,1,0
D4-R2_B,later,A,delta,18,18,0,0,0,2.555728819093566e-05,0.0001764512655010173,0.00046775870367538053,,0,0,18,18,0,0
D4-R2_B,later,A,a_cmd,18,18,0,0,0,3.2085885187389034e-05,0.00013607612771032883,0.0005773214675768301,,0,0,18,13,5,0
D4-R2_B,later,P0,vx,18,18,0,0,0,-0.0003297000407946646,0.0008177488507943809,0.0025676246655059742,,0,18,0,0,18,0
D4-R2_B,later,P0,vy,18,18,0,0,0,0.0002554670968988055,0.006175882643740205,0.023422518365938033,,0,18,0,0,18,0
D4-R2_B,later,P0,r,18,18,0,0,0,0.021614208828084912,0.07108595234218872,0.2900345492045266,,0,18,0,0,18,0
D4-R2_B,later,P0,e_psi,18,18,0,0,0,-0.0010635425100885183,0.0029288504986327494,0.010791305089451697,,0,18,0,0,18,0
D4-R2_B,later,P0,s_abs,18,18,0,0,0,-2.15335748398419e-05,0.0001981681423792477,0.0007583390391507905,,0,18,0,0,18,0
D4-R2_B,later,P0,e_y,18,18,0,0,0,-0.00028869112837500143,0.000883242232663965,0.0034515702060763653,,0,18,0,0,18,0
D4-R2_B,later,P0,delta,18,18,0,0,0,0.0006189968839214842,0.002706502899782001,0.005433992439188079,,0,18,0,0,17,1
D4-R2_B,later,P0,a_cmd,18,18,0,0,0,0.0003184769416564808,0.0008942039283359149,0.002944134457755432,,0,18,0,0,18,0
D4-R2_B,later,P1a,vx,18,18,0,0,0,-0.00016437634875446052,0.0009849830955530319,0.004093830831765288,,0,18,0,0,18,0
D4-R2_B,later,P1a,vy,18,18,0,0,0,8.857903320713746e-05,0.013196703179475067,0.04215876043622227,,0,18,0,0,18,0
D4-R2_B,later,P1a,r,18,18,0,0,0,0.018517552586751702,0.05308920866441503,0.21796412503070178,,0,18,0,0,18,0
D4-R2_B,later,P1a,e_psi,18,18,0,0,0,-0.00013001621891809792,0.0026723951196429923,0.00940424352456981,,0,18,0,0,18,0
D4-R2_B,later,P1a,s_abs,18,18,0,0,0,-0.00036808470707295885,0.0005063741485415964,0.0011834563085715288,,0,18,0,0,18,0
D4-R2_B,later,P1a,e_y,18,18,0,0,0,5.940821325189501e-05,0.00046221231180744037,0.001462867463415396,,0,18,0,0,18,0
D4-R2_B,later,P1a,delta,18,18,0,0,0,-0.0005252253911802525,0.0045955557331946555,0.01846184920810967,,0,18,0,0,18,0
D4-R2_B,later,P1a,a_cmd,18,18,0,0,0,0.00015315324961627673,0.0008919403395924054,0.0037173210395158307,,0,18,0,0,18,0
D4-R2_B,later,P1b,vx,18,18,0,0,0,-0.00016437634875446052,0.0009849830955530319,0.004093830831765288,,0,18,0,0,18,0
D4-R2_B,later,P1b,vy,18,18,0,0,0,0.0008177731349525608,0.005481920797673743,0.01915417606148384,,0,18,0,0,18,0
D4-R2_B,later,P1b,r,18,18,0,0,0,0.0082091041301426,0.018119151605573227,0.06411612254764315,,0,18,0,0,18,0
D4-R2_B,later,P1b,e_psi,18,18,0,0,0,-0.0005056749283182733,0.001666378268031005,0.0038214515298964358,,0,18,0,0,18,0
D4-R2_B,later,P1b,s_abs,18,18,0,0,0,-0.00036808470707295885,0.0005063741485415964,0.0011834563085715288,,0,18,0,0,18,0
D4-R2_B,later,P1b,e_y,18,18,0,0,0,0.0002016114368371746,0.000450581270973587,0.0011933022560538693,,0,18,0,0,18,0
D4-R2_B,later,P1b,delta,18,18,0,0,0,0.0005368231869472593,0.0024545181678489484,0.0050000000000000044,,0,18,0,0,17,1
D4-R2_B,later,P1b,a_cmd,18,18,0,0,0,0.00015315324961627673,0.0008919403395924054,0.0037173210395158307,,0,18,0,0,18,0
D4-R2_B,later,P2,vx,18,18,0,0,0,-2.4847710998779052e-05,0.00010725143278737525,0.00045497954487583314,,5,13,0,0,0,18
D4-R2_B,later,P2,vy,18,18,0,0,0,1.8972651892179232e-05,5.444403923541962e-05,0.00018096122292104305,,18,0,0,0,0,18
D4-R2_B,later,P2,r,18,18,0,0,0,0.00011917722902153275,0.0014872727878590664,0.005696577546334292,,1,17,0,0,0,18
D4-R2_B,later,P2,e_psi,18,18,0,0,0,-2.116655594656495e-05,5.533788059597585e-05,0.00015740225098470617,,1,17,0,0,0,18
D4-R2_B,later,P2,s_abs,18,18,0,0,0,-7.53280914361159e-07,2.3714038672281128e-06,9.810552852762555e-06,,17,1,0,0,0,18
D4-R2_B,later,P2,e_y,18,18,0,0,0,-2.059077072486232e-06,5.2881749378609875e-06,1.4576725260867507e-05,,1,17,0,0,0,18
D4-R2_B,later,P2,delta,18,18,0,0,0,-0.00018547464125614961,0.0012053393348470244,0.0050000000000000044,,0,18,0,0,0,18
D4-R2_B,later,P2,a_cmd,18,18,0,0,0,2.4603911157673587e-05,0.00010577234171504046,0.0004487238136556826,,5,13,0,0,0,18
D4-R2_B,after_second,A,vx,17,17,0,0,0,1.0436244741598824e-07,2.2787122236191124e-07,7.673224651227883e-07,,0,0,17,13,4,0
D4-R2_B,after_second,A,vy,17,17,0,0,0,-2.0475145995025185e-05,6.975117050223453e-05,0.0002830744963223525,,0,0,17,0,17,0
D4-R2_B,after_second,A,r,17,17,0,0,0,-0.00014085083818231713,0.0004270223953474245,0.0014327821932824808,,0,0,17,17,0,0
D4-R2_B,after_second,A,e_psi,17,17,0,0,0,-1.4023660569971535e-05,3.9130739188603915e-05,8.496137117486313e-05,,0,0,17,17,0,0
D4-R2_B,after_second,A,s_abs,17,17,0,0,0,-2.6092666278601355e-07,6.802853324581195e-07,2.508297721526276e-06,,0,0,17,1,16,0
D4-R2_B,after_second,A,e_y,17,17,0,0,0,-1.3046938332124733e-06,3.779471088837228e-06,8.018584841246656e-06,,0,0,17,17,0,0
D4-R2_B,after_second,A,delta,17,17,0,0,0,5.457587594777779e-05,0.00014176050202414027,0.0002947550731271162,,0,0,17,17,0,0
D4-R2_B,after_second,A,a_cmd,17,17,0,0,0,1.3203870363089636e-08,2.0985462952537105e-07,8.051310045331661e-07,,0,0,17,13,4,0
D4-R2_B,after_second,P0,vx,17,17,0,0,0,-0.0005001309058711728,0.0005659006808850556,0.0009922145440910413,,0,17,0,0,17,0
D4-R2_B,after_second,P0,vy,17,17,0,0,0,-0.0011073006248093844,0.002848457881275644,0.009924984251306362,,0,17,0,0,17,0
D4-R2_B,after_second,P0,r,17,17,0,0,0,0.0058247770412354054,0.020055492770947137,0.0425891038599478,,0,17,0,0,17,0
D4-R2_B,after_second,P0,e_psi,17,17,0,0,0,-0.0004913211818906843,0.0014941987592512857,0.003274630758970165,,0,17,0,0,17,0
D4-R2_B,after_second,P0,s_abs,17,17,0,0,0,-6.740843448634969e-05,8.804842567073291e-05,0.00022982904997270737,,0,17,0,0,17,0
D4-R2_B,after_second,P0,e_y,17,17,0,0,0,-0.00010263941792198,0.00035386656347106987,0.0007844784908147169,,0,17,0,0,17,0
D4-R2_B,after_second,P0,delta,17,17,0,0,0,0.0009495261123874543,0.0025070822394065366,0.005433992439188079,,0,17,0,0,17,0
D4-R2_B,after_second,P0,a_cmd,17,17,0,0,0,0.0005103952592689462,0.0005803084510835088,0.0010060864544128023,,0,17,0,0,17,0
D4-R2_B,after_second,P1a,vx,17,17,0,0,0,6.676803259911757e-05,0.00020349876345080592,0.0008167313617040151,,0,17,0,0,17,0
D4-R2_B,after_second,P1a,vy,17,17,0,0,0,0.002573716649055926,0.008935693346844284,0.03575119164638342,,0,17,0,0,17,0
D4-R2_B,after_second,P1a,r,17,17,0,0,0,0.006785401266519343,0.013771226564725446,0.03316065935978817,,0,17,0,0,17,0
D4-R2_B,after_second,P1a,e_psi,17,17,0,0,0,-0.0006908550273585631,0.0015360515824947203,0.005134013818026251,,0,17,0,0,17,0
D4-R2_B,after_second,P1a,s_abs,17,17,0,0,0,-0.00039241923516555047,0.0005209373024557148,0.0011834563085715288,,0,17,0,0,17,0
D4-R2_B,after_second,P1a,e_y,17,17,0,0,0,0.00014895384129114743,0.0003167428689791488,0.0009078498640793242,,0,17,0,0,17,0
D4-R2_B,after_second,P1a,delta,17,17,0,0,0,0.0005298701274626544,0.0015205360657112906,0.005631570024188224,,0,17,0,0,17,0
D4-R2_B,after_second,P1a,a_cmd,17,17,0,0,0,-5.650367920134409e-05,0.00017176600674324082,0.0006906313817918175,,0,17,0,0,17,0
D4-R2_B,after_second,P1b,vx,17,17,0,0,0,6.676803259911757e-05,0.00020349876345080592,0.0008167313617040151,,0,17,0,0,17,0
D4-R2_B,after_second,P1b,vy,17,17,0,0,0,0.0015667570346692505,0.004844403032274764,0.01915417606148384,,0,17,0,0,17,0
D4-R2_B,after_second,P1b,r,17,17,0,0,0,0.0049204559879366845,0.010285880149817746,0.025583409909146135,,0,17,0,0,17,0
D4-R2_B,after_second,P1b,e_psi,17,17,0,0,0,-0.0007031323814253669,0.001569074591456377,0.0038214515298964358,,0,17,0,0,17,0
D4-R2_B,after_second,P1b,s_abs,17,17,0,0,0,-0.00039241923516555047,0.0005209373024557148,0.0011834563085715288,,0,17,0,0,17,0
D4-R2_B,after_second,P1b,e_y,17,17,0,0,0,0.00021829392162119417,0.0004632176581210791,0.0011933022560538693,,0,17,0,0,17,0
D4-R2_B,after_second,P1b,delta,17,17,0,0,0,0.0008625186685323925,0.0022155051190537864,0.004643467632808755,,0,17,0,0,17,0
D4-R2_B,after_second,P1b,a_cmd,17,17,0,0,0,-5.650367920134409e-05,0.00017176600674324082,0.0006906313817918175,,0,17,0,0,17,0
D4-R2_B,after_second,P2,vx,17,17,0,0,0,4.541615822241303e-07,1.6318660121505488e-06,6.7062099793346874e-06,,4,13,0,0,0,17
D4-R2_B,after_second,P2,vy,17,17,0,0,0,1.1688180894582193e-05,4.4032373321767246e-05,0.00018096122292104305,,17,0,0,0,0,17
D4-R2_B,after_second,P2,r,17,17,0,0,0,-0.00020890514258510012,0.0006581904997665239,0.00248327720502442,,0,17,0,0,0,17
D4-R2_B,after_second,P2,e_psi,17,17,0,0,0,-2.2850799638811776e-05,5.6913413870539973e-05,0.00015740225098470617,,0,17,0,0,0,17
D4-R2_B,after_second,P2,s_abs,17,17,0,0,0,-2.2050021210225336e-07,5.410809524207104e-07,1.8541628930002219e-06,,16,1,0,0,0,17
D4-R2_B,after_second,P2,e_y,17,17,0,0,0,-2.1895013714332687e-06,5.441351952053841e-06,1.4576725260867507e-05,,0,17,0,0,0,17
D4-R2_B,after_second,P2,delta,17,17,0,0,0,9.773273278760656e-05,0.0002602230285883027,0.0008920064512153037,,0,17,0,0,0,17
D4-R2_B,after_second,P2,a_cmd,17,17,0,0,0,-3.4431840103282493e-07,1.2632346947757188e-06,5.193076753506887e-06,,4,13,0,0,0,17
D4-R3_A,all,A,vx,19,19,0,0,0,-5.8310776670476483e-05,0.00019016306904853073,0.0007427972447953124,,0,0,19,11,8,0
D4-R3_A,all,A,vy,19,19,0,0,0,-0.00011323635616581433,0.0007206651539894169,0.0030504883807094263,,0,0,19,15,4,0
D4-R3_A,all,A,r,19,19,0,0,0,0.002764494398870173,0.008719245440915926,0.03467634343596743,,0,0,19,16,3,0
D4-R3_A,all,A,e_psi,19,19,0,0,0,5.3648985900340606e-05,0.00031511204357909247,0.0013433966283309395,,0,0,19,15,4,0
D4-R3_A,all,A,s_abs,19,19,0,0,0,-2.5954076409209916e-06,8.626644733865968e-06,3.685653225904417e-05,,0,0,19,1,18,0
D4-R3_A,all,A,e_y,19,19,0,0,0,3.885385735837282e-06,3.3478768768871906e-05,0.00013808910738546953,,0,0,19,15,4,0
D4-R3_A,all,A,delta,19,19,0,0,0,0.0004931852349334408,0.002334468942293694,0.009999999999999995,,0,0,19,16,3,0
D4-R3_A,all,A,a_cmd,19,19,0,0,0,5.509613187408484e-05,0.00017849171571473774,0.000690835029361736,,0,0,19,14,5,0
D4-R3_A,all,P0,vx,19,19,0,0,0,-3.0390704350916796e-05,0.0007291492681534808,0.0025642760326753944,,0,19,0,0,19,0
D4-R3_A,all,P0,vy,19,19,0,0,0,-5.09046296866664e-06,0.007738825190912422,0.02852843338117128,,0,19,0,0,19,0
D4-R3_A,all,P0,r,19,19,0,0,0,0.019010093403349797,0.07282125552218395,0.2985518228843227,,0,19,0,0,19,0
D4-R3_A,all,P0,e_psi,19,19,0,0,0,-0.001266854221113214,0.0029573563631618,0.010644102546874201,,0,19,0,0,19,0
D4-R3_A,all,P0,s_abs,19,19,0,0,0,4.331135837148655e-05,0.00030059024389706313,0.0012368762483636608,,0,19,0,0,19,0
D4-R3_A,all,P0,e_y,19,19,0,0,0,-0.00035678547671270466,0.0010255354128256866,0.004162819435250507,,0,19,0,1,18,0
D4-R3_A,all,P0,delta,19,19,0,0,0,0.0008206134189554609,0.0027764951324270024,0.0050000000000000044,,1,18,0,0,17,2
D4-R3_A,all,P0,a_cmd,19,19,0,0,0,5.524203871578125e-05,0.0006741358970253155,0.001949025819629746,,0,19,0,0,19,0
D4-R3_A,all,P1a,vx,19,19,0,0,0,-0.00012619382454316433,0.001432467842643843,0.005737336704767948,,0,19,0,0,19,0
D4-R3_A,all,P1a,vy,19,19,0,0,0,-0.0005663690600336537,0.02161236566728911,0.08147448277513178,,0,19,0,0,19,0
D4-R3_A,all,P1a,r,19,19,0,0,0,0.017695269156015242,0.06104115789364068,0.23123227264946922,,0,19,0,0,19,0
D4-R3_A,all,P1a,e_psi,19,19,0,0,0,-0.00035437743615762685,0.004562632682062129,0.016267511965815995,,0,19,0,0,19,0
D4-R3_A,all,P1a,s_abs,19,19,0,0,0,-0.00029924504489862053,0.0005390269532153205,0.0012712396265950332,,0,19,0,0,19,0
D4-R3_A,all,P1a,e_y,19,19,0,0,0,-1.8426360032453245e-05,0.000596327311101874,0.0022716887936955962,,0,19,0,0,19,0
D4-R3_A,all,P1a,delta,19,19,0,0,0,-0.0012585964591874481,0.008976683677995199,0.03838593357614489,,1,18,0,0,18,1
D4-R3_A,all,P1a,a_cmd,19,19,0,0,0,0.00015104515890802879,0.0012431836832196416,0.005171829882921308,,0,19,0,0,19,0
D4-R3_A,all,P1b,vx,19,19,0,0,0,-0.00012619382454316433,0.001432467842643843,0.005737336704767948,,0,19,0,0,19,0
D4-R3_A,all,P1b,vy,19,19,0,0,0,0.0010026496818757522,0.008806891791102864,0.027982248650314345,,1,18,0,1,18,0
D4-R3_A,all,P1b,r,19,19,0,0,0,0.007689166201172262,0.0381616437641019,0.10855014543952152,,0,19,0,0,19,0
D4-R3_A,all,P1b,e_psi,19,19,0,0,0,-0.0009175987473833443,0.002811795176458198,0.008341576718401633,,0,19,0,0,19,0
D4-R3_A,all,P1b,s_abs,19,19,0,0,0,-0.00029924504489862053,0.0005390269532153205,0.0012712396265950332,,0,19,0,0,19,0
D4-R3_A,all,P1b,e_y,19,19,0,0,0,0.0001557262366548692,0.00036835864059630197,0.001199609002741294,,1,18,0,1,18,0
D4-R3_A,all,P1b,delta,19,19,0,0,0,0.0008099821490372674,0.002735995598724239,0.0050000000000000044,,1,18,0,0,17,2
D4-R3_A,all,P1b,a_cmd,19,19,0,0,0,0.00015104515890802879,0.0012431836832196416,0.005171829882921308,,0,19,0,0,19,0
D4-R3_A,all,P2,vx,19,19,0,0,0,-2.334890348200172e-05,0.00010564093547076244,0.0004602779359386133,,8,11,0,0,0,19
D4-R3_A,all,P2,vy,19,19,0,0,0,-1.378800508582253e-05,0.00016441970437296988,0.0006219676103490779,,4,15,0,0,0,19
D4-R3_A,all,P2,r,19,19,0,0,0,-7.920545230939449e-05,0.0009419008199590204,0.0032676499347032983,,3,16,0,0,0,19
D4-R3_A,all,P2,e_psi,19,19,0,0,0,-2.813759839046993e-05,7.231959962812811e-05,0.00016381408277998943,,4,15,0,0,0,19
D4-R3_A,all,P2,s_abs,19,19,0,0,0,-1.6335849015725046e-06,5.440491639145603e-06,2.336612448416986e-05,,18,1,0,0,0,19
D4-R3_A,all,P2,e_y,19,19,0,0,0,-4.930661954032961e-06,1.2075160661388728e-05,2.5340963670631572e-05,,4,15,0,0,0,19
D4-R3_A,all,P2,delta,19,19,0,0,0,6.613140416173122e-05,0.0016323299716658397,0.0050000000000000044,,3,16,0,0,0,19
D4-R3_A,all,P2,a_cmd,19,19,0,0,0,2.4017089206296305e-05,0.00010541493021026677,0.00045947749328245635,,5,14,0,0,0,19
D4-R3_A,first,A,vx,1,1,0,0,0,-0.0003678661981236786,0.0003678661981236786,0.0003678661981236786,,0,0,1,0,1,0
D4-R3_A,first,A,vy,1,1,0,0,0,0.0007396687039140093,0.0007396687039140093,0.0007396687039140093,,0,0,1,0,1,0
D4-R3_A,first,A,r,1,1,0,0,0,0.01549591650095028,0.01549591650095028,0.01549591650095028,,0,0,1,0,1,0
D4-R3_A,first,A,e_psi,1,1,0,0,0,8.910392813277213e-05,8.910392813277213e-05,8.910392813277213e-05,,0,0,1,0,1,0
D4-R3_A,first,A,s_abs,1,1,0,0,0,-6.375980454276231e-06,6.375980454276231e-06,6.375980454276231e-06,,0,0,1,0,1,0
D4-R3_A,first,A,e_y,1,1,0,0,0,8.108133828940711e-06,8.108133828940711e-06,8.108133828940711e-06,,0,0,1,0,1,0
D4-R3_A,first,A,delta,1,1,0,0,0,0.009999999999999995,0.009999999999999995,0.009999999999999995,,0,0,1,0,1,0
D4-R3_A,first,A,a_cmd,1,1,0,0,0,0.0003578703238567016,0.0003578703238567016,0.0003578703238567016,,0,0,1,0,1,0
D4-R3_A,first,P0,vx,1,1,0,0,0,0.0025642760326753944,0.0025642760326753944,0.0025642760326753944,,0,1,0,0,1,0
D4-R3_A,first,P0,vy,1,1,0,0,0,0.02852843338117128,0.02852843338117128,0.02852843338117128,,0,1,0,0,1,0
D4-R3_A,first,P0,r,1,1,0,0,0,-0.06609392958538207,0.06609392958538207,0.06609392958538207,,0,1,0,0,1,0
D4-R3_A,first,P0,e_psi,1,1,0,0,0,-0.010644102546874201,0.010644102546874201,0.010644102546874201,,0,1,0,0,1,0
D4-R3_A,first,P0,s_abs,1,1,0,0,0,0.00032751685910126227,0.00032751685910126227,0.00032751685910126227,,0,1,0,0,1,0
D4-R3_A,first,P0,e_y,1,1,0,0,0,-0.000559966874298351,0.000559966874298351,0.000559966874298351,,0,1,0,0,1,0
D4-R3_A,first,P0,delta,1,1,0,0,0,0.0050000000000000044,0.0050000000000000044,0.0050000000000000044,,1,0,0,0,0,1
D4-R3_A,first,P0,a_cmd,1,1,0,0,0,-0.0017219657636040608,0.0017219657636040608,0.0017219657636040608,,0,1,0,0,1,0
D4-R3_A,first,P1a,vx,1,1,0,0,0,0.0023536676421080927,0.0023536676421080927,0.0023536676421080927,,0,1,0,0,1,0
D4-R3_A,first,P1a,vy,1,1,0,0,0,0.027125248006614366,0.027125248006614366,0.027125248006614366,,0,1,0,0,1,0
D4-R3_A,first,P1a,r,1,1,0,0,0,-0.08502082439947078,0.08502082439947078,0.08502082439947078,,0,1,0,0,1,0
D4-R3_A,first,P1a,e_psi,1,1,0,0,0,-0.007857926476744215,0.007857926476744215,0.007857926476744215,,0,1,0,0,1,0
D4-R3_A,first,P1a,s_abs,1,1,0,0,0,0.00058458982571441,0.00058458982571441,0.00058458982571441,,0,1,0,0,1,0
D4-R3_A,first,P1a,e_y,1,1,0,0,0,-6.123455615865414e-05,6.123455615865414e-05,6.123455615865414e-05,,0,1,0,0,1,0
D4-R3_A,first,P1a,delta,1,1,0,0,0,0.0050000000000000044,0.0050000000000000044,0.0050000000000000044,,1,0,0,0,0,1
D4-R3_A,first,P1a,a_cmd,1,1,0,0,0,-0.001511357373036759,0.001511357373036759,0.001511357373036759,,0,1,0,0,1,0
D4-R3_A,first,P1b,vx,1,1,0,0,0,0.0023536676421080927,0.0023536676421080927,0.0023536676421080927,,0,1,0,0,1,0
D4-R3_A,first,P1b,vy,1,1,0,0,0,0.027982248650314345,0.027982248650314345,0.027982248650314345,,0,1,0,0,1,0
D4-R3_A,first,P1b,r,1,1,0,0,0,-0.10086342022073591,0.10086342022073591,0.10086342022073591,,0,1,0,0,1,0
D4-R3_A,first,P1b,e_psi,1,1,0,0,0,-0.008341576718401633,0.008341576718401633,0.008341576718401633,,0,1,0,0,1,0
D4-R3_A,first,P1b,s_abs,1,1,0,0,0,0.00058458982571441,0.00058458982571441,0.00058458982571441,,0,1,0,0,1,0
D4-R3_A,first,P1b,e_y,1,1,0,0,0,0.00015117384201754347,0.00015117384201754347,0.00015117384201754347,,0,1,0,0,1,0
D4-R3_A,first,P1b,delta,1,1,0,0,0,0.0050000000000000044,0.0050000000000000044,0.0050000000000000044,,1,0,0,0,0,1
D4-R3_A,first,P1b,a_cmd,1,1,0,0,0,-0.001511357373036759,0.001511357373036759,0.001511357373036759,,0,1,0,0,1,0
D4-R3_A,first,P2,vx,1,1,0,0,0,1.2958680402519462e-05,1.2958680402519462e-05,1.2958680402519462e-05,,1,0,0,0,0,1
D4-R3_A,first,P2,vy,1,1,0,0,0,-0.0001591851277152334,0.0001591851277152334,0.0001591851277152334,,1,0,0,0,0,1
D4-R3_A,first,P2,r,1,1,0,0,0,-0.0032676499347032983,0.0032676499347032983,0.0032676499347032983,,1,0,0,0,0,1
D4-R3_A,first,P2,e_psi,1,1,0,0,0,-4.8549012231724475e-05,4.8549012231724475e-05,4.8549012231724475e-05,,1,0,0,0,0,1
D4-R3_A,first,P2,s_abs,1,1,0,0,0,-2.0269066802747204e-06,2.0269066802747204e-06,2.0269066802747204e-06,,1,0,0,0,0,1
D4-R3_A,first,P2,e_y,1,1,0,0,0,-3.0894883166765474e-06,3.0894883166765474e-06,3.0894883166765474e-06,,1,0,0,0,0,1
D4-R3_A,first,P2,delta,1,1,0,0,0,0.0050000000000000044,0.0050000000000000044,0.0050000000000000044,,1,0,0,0,0,1
D4-R3_A,first,P2,a_cmd,1,1,0,0,0,0.0,0.0,0.0,,1,0,0,0,0,1
D4-R3_A,later,A,vx,18,18,0,0,0,-4.11132532564097e-05,0.00017507971581971193,0.0007427972447953124,,0,0,18,11,7,0
D4-R3_A,later,A,vy,18,18,0,0,0,-0.0001606199706146934,0.0007195946863712538,0.0030504883807094263,,0,0,18,15,3,0
D4-R3_A,later,A,r,18,18,0,0,0,0.002057193170976834,0.008179772313848714,0.03467634343596743,,0,0,18,16,2,0
D4-R3_A,later,A,e_psi,18,18,0,0,0,5.1679266887427744e-05,0.00032306491351107714,0.0013433966283309395,,0,0,18,15,3,0
D4-R3_A,later,A,s_abs,18,18,0,0,0,-2.3853758179568117e-06,8.734694108900498e-06,3.685653225904417e-05,,0,0,18,1,17,0
D4-R3_A,later,A,e_y,18,18,0,0,0,3.6507886195537577e-06,3.4343032103506214e-05,0.00013808910738546953,,0,0,18,15,3,0
D4-R3_A,later,A,delta,18,18,0,0,0,-3.4971140903589985e-05,0.0004437942220934173,0.0017378938966440063,,0,0,18,16,2,0
D4-R3_A,later,A,a_cmd,18,18,0,0,0,3.827534343060613e-05,0.0001628317792999409,0.000690835029361736,,0,0,18,14,4,0
D4-R3_A,later,P0,vx,18,18,0,0,0,-0.00017453885640793409,0.0004425935480508873,0.0013835189977831064,,0,18,0,0,18,0
D4-R3_A,later,P0,vy,18,18,0,0,0,-0.0015902862320875527,0.004242819949243565,0.016480437708208145,,0,18,0,0,18,0
D4-R3_A,later,P0,r,18,18,0,0,0,0.02373809468050157,0.07317686426000118,0.2985518228843227,,0,18,0,0,18,0
D4-R3_A,later,P0,e_psi,18,18,0,0,0,-0.0007458959807931591,0.0017139340303582978,0.003680673403112511,,0,18,0,0,18,0
D4-R3_A,later,P0,s_abs,18,18,0,0,0,2.7522163886499012e-05,0.0002990232345859381,0.0012368762483636608,,0,18,0,0,18,0
D4-R3_A,later,P0,e_y,18,18,0,0,0,-0.0003454976212912798,0.001045338113188477,0.004162819435250507,,0,18,0,1,17,0
D4-R3_A,later,P0,delta,18,18,0,0,0,0.0005884252755640972,0.0025977509416526046,0.0050000000000000044,,0,18,0,0,17,1
D4-R3_A,later,P0,a_cmd,18,18,0,0,0,0.00015397580551132804,0.0005612267740544367,0.001949025819629746,,0,18,0,0,18,0
D4-R3_A,later,P1a,vx,18,18,0,0,0,-0.0002639639060237897,0.0013631574237461988,0.005737336704767948,,0,18,0,0,18,0
D4-R3_A,later,P1a,vy,18,18,0,0,0,-0.0021047922304029878,0.021264228655414327,0.08147448277513178,,0,18,0,0,18,0
D4-R3_A,later,P1a,r,18,18,0,0,0,0.02340171879798669,0.05942590886574896,0.23123227264946922,,0,18,0,0,18,0
D4-R3_A,later,P1a,e_psi,18,18,0,0,0,6.248639943051693e-05,0.004306246846946692,0.016267511965815995,,0,18,0,0,18,0
D4-R3_A,later,P1a,s_abs,18,18,0,0,0,-0.00034834698215489997,0.0005363822126696199,0.0012712396265950332,,0,18,0,0,18,0
D4-R3_A,later,P1a,e_y,18,18,0,0,0,-1.6048126914330966e-05,0.0006124980411073386,0.0022716887936955962,,0,18,0,0,18,0
D4-R3_A,later,P1a,delta,18,18,0,0,0,-0.0016062962624756399,0.009147058261906827,0.03838593357614489,,0,18,0,0,18,0
D4-R3_A,later,P1a,a_cmd,18,18,0,0,0,0.00024340085512718367,0.001226567174978266,0.005171829882921308,,0,18,0,0,18,0
D4-R3_A,later,P1b,vx,18,18,0,0,0,-0.0002639639060237897,0.0013631574237461988,0.005737336704767948,,0,18,0,0,18,0
D4-R3_A,later,P1b,vy,18,18,0,0,0,-0.0004962169274819473,0.0061943490280150885,0.02308578656766755,,1,17,0,1,17,0
D4-R3_A,later,P1b,r,18,18,0,0,0,0.013719865446833828,0.031177342647578557,0.10855014543952152,,0,18,0,0,18,0
D4-R3_A,later,P1b,e_psi,18,18,0,0,0,-0.0005051555267712171,0.002116545246172772,0.004627916289352996,,0,18,0,0,18,0
D4-R3_A,later,P1b,s_abs,18,18,0,0,0,-0.00034834698215489997,0.0005363822126696199,0.0012712396265950332,,0,18,0,0,18,0
D4-R3_A,later,P1b,e_y,18,18,0,0,0,0.00015597914746805395,0.0003767713824520419,0.001199609002741294,,1,17,0,1,17,0
D4-R3_A,later,P1b,delta,18,18,0,0,0,0.0005772033795393379,0.0025519901428811913,0.0050000000000000044,,0,18,0,0,17,1
D4-R3_A,later,P1b,a_cmd,18,18,0,0,0,0.00024340085512718367,0.001226567174978266,0.005171829882921308,,0,18,0,0,18,0
D4-R3_A,later,P2,vx,18,18,0,0,0,-2.536599147558623e-05,0.00010849275713097253,0.0004602779359386133,,7,11,0,0,0,18
D4-R3_A,later,P2,vy,18,18,0,0,0,-5.710387161966369e-06,0.00016470563635536891,0.0006219676103490779,,3,15,0,0,0,18
D4-R3_A,later,P2,r,18,18,0,0,0,9.793035226804463e-05,0.0005858910517979127,0.0015631731558330975,,2,16,0,0,0,18
D4-R3_A,later,P2,e_psi,18,18,0,0,0,-2.700363095484468e-05,7.341486328788002e-05,0.00016381408277998943,,3,15,0,0,0,18
D4-R3_A,later,P2,s_abs,18,18,0,0,0,-1.6117336916446036e-06,5.569119646896669e-06,2.336612448416986e-05,,17,1,0,0,0,18
D4-R3_A,later,P2,e_y,18,18,0,0,0,-5.03294937833054e-06,1.2384658199450206e-05,2.5340963670631572e-05,,3,15,0,0,0,18
D4-R3_A,later,P2,delta,18,18,0,0,0,-0.00020797240671817287,0.0011931638983897993,0.0050000000000000044,,2,16,0,0,0,18
D4-R3_A,later,P2,a_cmd,18,18,0,0,0,2.5351371939979434e-05,0.00010830354531836098,0.00045947749328245635,,4,14,0,0,0,18
D4-R3_A,after_second,A,vx,17,17,0,0,0,1.6227565764339984e-07,5.188886139360964e-07,2.0375680014339537e-06,,0,0,17,11,6,0
D4-R3_A,after_second,A,vy,17,17,0,0,0,9.372288802643805e-06,2.9919369020714782e-05,8.39714011177245e-05,,0,0,17,15,2,0
D4-R3_A,after_second,A,r,17,17,0,0,0,0.00013841962597738733,0.0003349589813470499,0.0007579927964389693,,0,0,17,16,1,0
D4-R3_A,after_second,A,e_psi,17,17,0,0,0,-2.4304107315131773e-05,6.596005437500828e-05,0.0001464029748392548,,0,0,17,15,2,0
D4-R3_A,after_second,A,s_abs,17,17,0,0,0,-3.5766073318696685e-07,9.363223114974668e-07,3.4251782699001865e-06,,0,0,17,1,16,0
D4-R3_A,after_second,A,e_y,17,17,0,0,0,-4.257347778441288e-06,1.1275657785973444e-05,2.3926265722872594e-05,,0,0,17,15,2,0
D4-R3_A,after_second,A,delta,17,17,0,0,0,6.52007859046698e-05,0.0001757144093576675,0.00040087003605746713,,0,0,17,15,2,0
D4-R3_A,after_second,A,a_cmd,17,17,0,0,0,-1.1052044769562198e-07,3.719982995795211e-07,1.4372760901437687e-06,,0,0,17,14,3,0
D4-R3_A,after_second,P0,vx,17,17,0,0,0,-0.00026618931841917174,0.00030792264696588833,0.0006410194536075053,,0,17,0,0,17,0
D4-R3_A,after_second,P0,vy,17,17,0,0,0,-0.0007143949687863413,0.0017560408868423655,0.0034224497108017735,,0,17,0,0,17,0
D4-R3_A,after_second,P0,r,17,17,0,0,0,0.007572581256747383,0.0206571044396602,0.042657452615526045,,0,17,0,0,17,0
D4-R3_A,after_second,P0,e_psi,17,17,0,0,0,-0.0005732620147743737,0.0015210078080625756,0.0032225820875106947,,0,17,0,0,17,0
D4-R3_A,after_second,P0,s_abs,17,17,0,0,0,-4.3616311670981094e-05,6.842997839530881e-05,0.0002279336867410109,,0,17,0,0,17,0
D4-R3_A,after_second,P0,e_y,17,17,0,0,0,-0.00012094927929367823,0.0003710165863916138,0.0007985042251425589,,0,17,0,1,16,0
D4-R3_A,after_second,P0,delta,17,17,0,0,0,0.0009171561741266916,0.0023821589217917654,0.004995182881230089,,0,17,0,0,17,0
D4-R3_A,after_second,P0,a_cmd,17,17,0,0,0,0.00027768178346080296,0.00033173848744566086,0.0007808873858019538,,0,17,0,0,17,0
D4-R3_A,after_second,P1a,vx,17,17,0,0,0,5.799919978469018e-05,0.00017665760345288625,0.0006957160491252168,,0,17,0,0,17,0
D4-R3_A,after_second,P1a,vy,17,17,0,0,0,0.002564013095757529,0.009396251511984925,0.03787016714588988,,0,17,0,0,17,0
D4-R3_A,after_second,P1a,r,17,17,0,0,0,0.01117639210084066,0.024371550056580486,0.07180108388819195,,0,17,0,0,17,0
D4-R3_A,after_second,P1a,e_psi,17,17,0,0,0,-0.0008907503985921582,0.002016924985701856,0.006683399946482371,,0,17,0,0,17,0
D4-R3_A,after_second,P1a,s_abs,17,17,0,0,0,-0.0003995860281395568,0.0005371752344529458,0.0012712396265950332,,0,17,0,0,17,0
D4-R3_A,after_second,P1a,e_y,17,17,0,0,0,0.00011663661819044932,0.00030603722679013436,0.0007994567010782896,,0,17,0,0,17,0
D4-R3_A,after_second,P1a,delta,17,17,0,0,0,0.0005572118147990221,0.0013838618327988417,0.0035634785290180123,,0,17,0,0,17,0
D4-R3_A,after_second,P1a,a_cmd,17,17,0,0,0,-4.650673474305896e-05,0.00013987016823113882,0.0005558481169307683,,0,17,0,0,17,0
D4-R3_A,after_second,P1b,vx,17,17,0,0,0,5.799919978469018e-05,0.00017665760345288625,0.0006957160491252168,,0,17,0,0,17,0
D4-R3_A,after_second,P1b,vy,17,17,0,0,0,0.0008325812866466176,0.003045785288556543,0.01228306334314742,,1,16,0,1,16,0
D4-R3_A,after_second,P1b,r,17,17,0,0,0,0.008141613682558082,0.018332463053315616,0.04407355800306306,,0,17,0,0,17,0
D4-R3_A,after_second,P1b,e_psi,17,17,0,0,0,-0.0008071009277197003,0.0018663922234917678,0.004354951688547715,,0,17,0,0,17,0
D4-R3_A,after_second,P1b,s_abs,17,17,0,0,0,-0.0003995860281395568,0.0005371752344529458,0.0012712396265950332,,0,17,0,0,17,0
D4-R3_A,after_second,P1b,e_y,17,17,0,0,0,0.00016238863879838557,0.0003875268089696981,0.001199609002741294,,0,17,0,1,16,0
D4-R3_A,after_second,P1b,delta,17,17,0,0,0,0.0009052741665710639,0.0023291978726406033,0.004838139117869667,,0,17,0,0,17,0
D4-R3_A,after_second,P1b,a_cmd,17,17,0,0,0,-4.650673474305896e-05,0.00013987016823113882,0.0005558481169307683,,0,17,0,0,17,0
D4-R3_A,after_second,P2,vx,17,17,0,0,0,2.170640810624203e-07,9.831517725340008e-07,3.9611727871147195e-06,,6,11,0,0,0,17
D4-R3_A,after_second,P2,vy,17,17,0,0,0,3.054003773139313e-05,7.725409995849218e-05,0.00025475511513191156,,2,15,0,0,0,17
D4-R3_A,after_second,P2,r,17,17,0,0,0,0.00019564232333281768,0.00046874798994181455,0.001386697408653978,,1,16,0,0,0,17
D4-R3_A,after_second,P2,e_psi,17,17,0,0,0,-2.926059408762051e-05,7.549296864835565e-05,0.00016381408277998943,,2,15,0,0,0,17
D4-R3_A,after_second,P2,s_abs,17,17,0,0,0,-3.3206364502547103e-07,8.504639611407438e-07,3.0347655890494707e-06,,16,1,0,0,0,17
D4-R3_A,after_second,P2,e_y,17,17,0,0,0,-5.0094515238461974e-06,1.2675415173486056e-05,2.5340963670631572e-05,,2,15,0,0,0,17
D4-R3_A,after_second,P2,delta,17,17,0,0,0,7.391156935722901e-05,0.00019182123902114663,0.0004144789389727878,,2,15,0,0,0,17
D4-R3_A,after_second,P2,a_cmd,17,17,0,0,0,-1.8545872722509168e-07,9.163829260985914e-07,3.6450133586996003e-06,,3,14,0,0,0,17
D4-R3_B,all,A,vx,19,19,0,0,0,-6.155850520818187e-05,0.00020294978923474037,0.0008045206297744301,,0,0,19,11,8,0
D4-R3_B,all,A,vy,19,19,0,0,0,-0.0001345362454545571,0.0008060078465179664,0.003432432073569247,,0,0,19,15,4,0
D4-R3_B,all,A,r,19,19,0,0,0,0.0033282975194171955,0.010992693894652949,0.045318970225185884,,0,0,19,16,3,0
D4-R3_B,all,A,e_psi,19,19,0,0,0,6.962820222763224e-05,0.0003825952782927897,0.0016432053103709876,,0,0,19,15,4,0
D4-R3_B,all,A,s_abs,19,19,0,0,0,-2.741454912180112e-06,9.249958964656457e-06,3.9625447157298765e-05,,0,0,19,1,18,0
D4-R3_B,all,A,e_y,19,19,0,0,0,5.465305809772867e-06,4.014193393245071e-05,0.00016845465096530093,,0,0,19,15,4,0
D4-R3_B,all,A,delta,19,19,0,0,0,0.0005511216535177557,0.0023038069310785956,0.009999999999999995,,0,0,19,16,3,0
D4-R3_B,all,A,a_cmd,19,19,0,0,0,5.749437306535935e-05,0.00018784136977370198,0.0007364302866337269,,0,0,19,14,5,0
D4-R3_B,all,P0,vx,19,19,0,0,0,-5.069220705890057e-07,0.0007619128675540647,0.0025642760326753944,,0,19,0,0,19,0
D4-R3_B,all,P0,vy,19,19,0,0,0,-1.5288578835204455e-05,0.0077319787790610115,0.02852843338117128,,0,19,0,0,19,0
D4-R3_B,all,P0,r,19,19,0,0,0,0.020103912238607764,0.07431748332512664,0.3042179700446501,,0,19,0,0,19,0
D4-R3_B,all,P0,e_psi,19,19,0,0,0,-0.001300670413703952,0.0029840529126392967,0.010644102546874201,,0,19,0,0,19,0
D4-R3_B,all,P0,s_abs,19,19,0,0,0,4.84403223988946e-05,0.00031196099638324687,0.0012955398576868227,,0,19,0,0,19,0
D4-R3_B,all,P0,e_y,19,19,0,0,0,-0.0003899376138586165,0.0010616282046835006,0.004299714094065356,,0,19,0,0,19,0
D4-R3_B,all,P0,delta,19,19,0,0,0,0.0008272600859969988,0.0027842927870369827,0.0050000000000000044,,1,18,0,0,17,2
D4-R3_B,all,P0,a_cmd,19,19,0,0,0,2.4639634317757952e-05,0.0007243196107358572,0.0023257988505678284,,0,19,0,0,19,0
D4-R3_B,all,P1a,vx,19,19,0,0,0,-0.00013020511855314703,0.0014392799063701572,0.0057739527763107645,,0,19,0,0,19,0
D4-R3_B,all,P1a,vy,19,19,0,0,0,-0.0008249100768726997,0.021471237116264925,0.0820243502282923,,0,19,0,0,19,0
D4-R3_B,all,P1a,r,19,19,0,0,0,0.01800289680990315,0.061685918028125744,0.23250813044174273,,0,19,0,0,19,0
D4-R3_B,all,P1a,e_psi,19,19,0,0,0,-0.0003118579575635637,0.004553313815213611,0.016419482858748502,,0,19,0,0,19,0
D4-R3_B,all,P1a,s_abs,19,19,0,0,0,-0.0002973788986091931,0.0005383160302223811,0.0012559216909928672,,0,19,0,0,19,0
D4-R3_B,all,P1a,e_y,19,19,0,0,0,-3.071663769213202e-05,0.0005931807278627929,0.002314766103151407,,0,19,0,0,19,0
D4-R3_B,all,P1a,delta,19,19,0,0,0,-0.0013742459601686883,0.009019277364580108,0.03870130543646284,,1,18,0,0,18,1
D4-R3_B,all,P1a,a_cmd,19,19,0,0,0,0.00015433783080031596,0.0012480326489169367,0.0051975254690717065,,0,19,0,0,19,0
D4-R3_B,all,P1b,vx,19,19,0,0,0,-0.00013020511855314703,0.0014392799063701572,0.0057739527763107645,,0,19,0,0,19,0
D4-R3_B,all,P1b,vy,19,19,0,0,0,0.0010314717355835578,0.008752247732411119,0.027982248650314345,,0,19,0,0,19,0
D4-R3_B,all,P1b,r,19,19,0,0,0,0.008029780178466226,0.03885405232479947,0.11146908128574451,,0,19,0,0,19,0
D4-R3_B,all,P1b,e_psi,19,19,0,0,0,-0.0009299721715450366,0.0028212736169051867,0.008341576718401633,,0,19,0,0,19,0
D4-R3_B,all,P1b,s_abs,19,19,0,0,0,-0.0002973788986091931,0.0005383160302223811,0.0012559216909928672,,0,19,0,0,19,0
D4-R3_B,all,P1b,e_y,19,19,0,0,0,0.000153282923805878,0.0003593991840197426,0.0011448343166062316,,1,18,0,1,18,0
D4-R3_B,all,P1b,delta,19,19,0,0,0,0.0008067423892044818,0.0027317386380347575,0.0050000000000000044,,1,18,0,0,17,2
D4-R3_B,all,P1b,a_cmd,19,19,0,0,0,0.00015433783080031596,0.0012480326489169367,0.0051975254690717065,,0,19,0,0,19,0
D4-R3_B,all,P2,vx,19,19,0,0,0,-2.3325383222016465e-05,0.00010528688071311033,0.00045874208232898894,,8,11,0,0,0,19
D4-R3_B,all,P2,vy,19,19,0,0,0,-2.2636131828949248e-05,0.00015513474832911284,0.00062185627786987,,4,15,0,0,0,19
D4-R3_B,all,P2,r,19,19,0,0,0,-9.640732980079492e-05,0.0009194144850927443,0.0032676499347032983,,3,16,0,0,0,19
D4-R3_B,all,P2,e_psi,19,19,0,0,0,-2.6125188507852253e-05,6.81810747180523e-05,0.00015419401505178953,,4,15,0,0,0,19
D4-R3_B,all,P2,s_abs,19,19,0,0,0,-1.6431103283356514e-06,5.433419579748189e-06,2.3304475575081085e-05,,18,1,0,0,0,19
D4-R3_B,all,P2,e_y,19,19,0,0,0,-4.673093652202041e-06,1.1577136988330582e-05,2.510501132843134e-05,,4,15,0,0,0,19
D4-R3_B,all,P2,delta,19,19,0,0,0,6.027873979848082e-05,0.0016311865133845597,0.0050000000000000044,,3,16,0,0,0,19
D4-R3_B,all,P2,a_cmd,19,19,0,0,0,2.3998981412061488e-05,0.00010504438811970018,0.00045787062228352937,,5,14,0,0,0,19
D4-R3_B,first,A,vx,1,1,0,0,0,-0.0003678661981236786,0.0003678661981236786,0.0003678661981236786,,0,0,1,0,1,0
D4-R3_B,first,A,vy,1,1,0,0,0,0.0007396687039140093,0.0007396687039140093,0.0007396687039140093,,0,0,1,0,1,0
D4-R3_B,first,A,r,1,1,0,0,0,0.01549591650095028,0.01549591650095028,0.01549591650095028,,0,0,1,0,1,0
D4-R3_B,first,A,e_psi,1,1,0,0,0,8.910392813277213e-05,8.910392813277213e-05,8.910392813277213e-05,,0,0,1,0,1,0
D4-R3_B,first,A,s_abs,1,1,0,0,0,-6.375980454276231e-06,6.375980454276231e-06,6.375980454276231e-06,,0,0,1,0,1,0
D4-R3_B,first,A,e_y,1,1,0,0,0,8.108133828940711e-06,8.108133828940711e-06,8.108133828940711e-06,,0,0,1,0,1,0
D4-R3_B,first,A,delta,1,1,0,0,0,0.009999999999999995,0.009999999999999995,0.009999999999999995,,0,0,1,0,1,0
D4-R3_B,first,A,a_cmd,1,1,0,0,0,0.0003578703238567016,0.0003578703238567016,0.0003578703238567016,,0,0,1,0,1,0
D4-R3_B,first,P0,vx,1,1,0,0,0,0.0025642760326753944,0.0025642760326753944,0.0025642760326753944,,0,1,0,0,1,0
D4-R3_B,first,P0,vy,1,1,0,0,0,0.02852843338117128,0.02852843338117128,0.02852843338117128,,0,1,0,0,1,0
D4-R3_B,first,P0,r,1,1,0,0,0,-0.06609392958538207,0.06609392958538207,0.06609392958538207,,0,1,0,0,1,0
D4-R3_B,first,P0,e_psi,1,1,0,0,0,-0.010644102546874201,0.010644102546874201,0.010644102546874201,,0,1,0,0,1,0
D4-R3_B,first,P0,s_abs,1,1,0,0,0,0.00032751685910126227,0.00032751685910126227,0.00032751685910126227,,0,1,0,0,1,0
D4-R3_B,first,P0,e_y,1,1,0,0,0,-0.000559966874298351,0.000559966874298351,0.000559966874298351,,0,1,0,0,1,0
D4-R3_B,first,P0,delta,1,1,0,0,0,0.0050000000000000044,0.0050000000000000044,0.0050000000000000044,,1,0,0,0,0,1
D4-R3_B,first,P0,a_cmd,1,1,0,0,0,-0.0017219657636040608,0.0017219657636040608,0.0017219657636040608,,0,1,0,0,1,0
D4-R3_B,first,P1a,vx,1,1,0,0,0,0.0023536676421080927,0.0023536676421080927,0.0023536676421080927,,0,1,0,0,1,0
D4-R3_B,first,P1a,vy,1,1,0,0,0,0.027125248006614366,0.027125248006614366,0.027125248006614366,,0,1,0,0,1,0
D4-R3_B,first,P1a,r,1,1,0,0,0,-0.08502082439947078,0.08502082439947078,0.08502082439947078,,0,1,0,0,1,0
D4-R3_B,first,P1a,e_psi,1,1,0,0,0,-0.007857926476744215,0.007857926476744215,0.007857926476744215,,0,1,0,0,1,0
D4-R3_B,first,P1a,s_abs,1,1,0,0,0,0.00058458982571441,0.00058458982571441,0.00058458982571441,,0,1,0,0,1,0
D4-R3_B,first,P1a,e_y,1,1,0,0,0,-6.123455615865414e-05,6.123455615865414e-05,6.123455615865414e-05,,0,1,0,0,1,0
D4-R3_B,first,P1a,delta,1,1,0,0,0,0.0050000000000000044,0.0050000000000000044,0.0050000000000000044,,1,0,0,0,0,1
D4-R3_B,first,P1a,a_cmd,1,1,0,0,0,-0.001511357373036759,0.001511357373036759,0.001511357373036759,,0,1,0,0,1,0
D4-R3_B,first,P1b,vx,1,1,0,0,0,0.0023536676421080927,0.0023536676421080927,0.0023536676421080927,,0,1,0,0,1,0
D4-R3_B,first,P1b,vy,1,1,0,0,0,0.027982248650314345,0.027982248650314345,0.027982248650314345,,0,1,0,0,1,0
D4-R3_B,first,P1b,r,1,1,0,0,0,-0.10086342022073591,0.10086342022073591,0.10086342022073591,,0,1,0,0,1,0
D4-R3_B,first,P1b,e_psi,1,1,0,0,0,-0.008341576718401633,0.008341576718401633,0.008341576718401633,,0,1,0,0,1,0
D4-R3_B,first,P1b,s_abs,1,1,0,0,0,0.00058458982571441,0.00058458982571441,0.00058458982571441,,0,1,0,0,1,0
D4-R3_B,first,P1b,e_y,1,1,0,0,0,0.00015117384201754347,0.00015117384201754347,0.00015117384201754347,,0,1,0,0,1,0
D4-R3_B,first,P1b,delta,1,1,0,0,0,0.0050000000000000044,0.0050000000000000044,0.0050000000000000044,,1,0,0,0,0,1
D4-R3_B,first,P1b,a_cmd,1,1,0,0,0,-0.001511357373036759,0.001511357373036759,0.001511357373036759,,0,1,0,0,1,0
D4-R3_B,first,P2,vx,1,1,0,0,0,1.2958680402519462e-05,1.2958680402519462e-05,1.2958680402519462e-05,,1,0,0,0,0,1
D4-R3_B,first,P2,vy,1,1,0,0,0,-0.0001591851277152334,0.0001591851277152334,0.0001591851277152334,,1,0,0,0,0,1
D4-R3_B,first,P2,r,1,1,0,0,0,-0.0032676499347032983,0.0032676499347032983,0.0032676499347032983,,1,0,0,0,0,1
D4-R3_B,first,P2,e_psi,1,1,0,0,0,-4.8549012231724475e-05,4.8549012231724475e-05,4.8549012231724475e-05,,1,0,0,0,0,1
D4-R3_B,first,P2,s_abs,1,1,0,0,0,-2.0269066802747204e-06,2.0269066802747204e-06,2.0269066802747204e-06,,1,0,0,0,0,1
D4-R3_B,first,P2,e_y,1,1,0,0,0,-3.0894883166765474e-06,3.0894883166765474e-06,3.0894883166765474e-06,,1,0,0,0,0,1
D4-R3_B,first,P2,delta,1,1,0,0,0,0.0050000000000000044,0.0050000000000000044,0.0050000000000000044,,1,0,0,0,0,1
D4-R3_B,first,P2,a_cmd,1,1,0,0,0,0.0,0.0,0.0,,1,0,0,0,0,1
D4-R3_B,later,A,vx,18,18,0,0,0,-4.4541411157320944e-05,0.00018962802511116858,0.0008045206297744301,,0,0,18,11,7,0
D4-R3_B,later,A,vy,18,18,0,0,0,-0.00018310318708614413,0.0008095339719991246,0.003432432073569247,,0,0,18,15,3,0
D4-R3_B,later,A,r,18,18,0,0,0,0.0026523186871098025,0.010687021292631443,0.045318970225185884,,0,0,18,16,2,0
D4-R3_B,later,A,e_psi,18,18,0,0,0,6.854621745512447e-05,0.00039251781859469745,0.0016432053103709876,,0,0,18,15,3,0
D4-R3_B,later,A,s_abs,18,18,0,0,0,-2.5395368265081054e-06,9.383851227139059e-06,3.9625447157298765e-05,,0,0,18,1,17,0
D4-R3_B,later,A,e_y,18,18,0,0,0,5.3184820309302084e-06,4.119761353843441e-05,0.00016845465096530093,,0,0,18,15,3,0
D4-R3_B,later,A,delta,18,18,0,0,0,2.6183967602075683e-05,0.0002164102505825807,0.0005864946088965581,,0,0,18,16,2,0
D4-R3_B,later,A,a_cmd,18,18,0,0,0,4.080682024361811e-05,0.00017357868133844017,0.0007364302866337269,,0,0,18,14,4,0
D4-R3_B,later,P0,vx,18,18,0,0,0,-0.00014299486400092142,0.0004974491356126124,0.0017493715433287704,,0,18,0,0,18,0
D4-R3_B,later,P0,vy,18,18,0,0,0,-0.0016010509099466759,0.004229623766911573,0.01635302258603627,,0,18,0,0,18,0
D4-R3_B,later,P0,r,18,18,0,0,0,0.024892681228829424,0.07474782445730133,0.3042179700446501,,0,18,0,0,18,0
D4-R3_B,later,P0,e_psi,18,18,0,0,0,-0.0007815908507500494,0.0017621001499917406,0.0038019807650124804,,0,18,0,0,18,0
D4-R3_B,later,P0,s_abs,18,18,0,0,0,3.2936070359874175e-05,0.0003110739737879953,0.0012955398576868227,,0,18,0,0,18,0
D4-R3_B,later,P0,e_y,18,18,0,0,0,-0.0003804915438341868,0.001082704216156607,0.004299714094065356,,0,18,0,0,18,0
D4-R3_B,later,P0,delta,18,18,0,0,0,0.0005954412018857206,0.0026065456083885895,0.0050000000000000044,,0,18,0,0,17,1
D4-R3_B,later,P0,a_cmd,18,18,0,0,0,0.00012167326753563678,0.0006237419774772353,0.0023257988505678284,,0,18,0,0,18,0
D4-R3_B,later,P1a,vx,18,18,0,0,0,-0.0002681980497009937,0.0013707105813172275,0.0057739527763107645,,0,18,0,0,18,0
D4-R3_B,later,P1a,vy,18,18,0,0,0,-0.0023776966370664255,0.02111277570484311,0.0820243502282923,,0,18,0,0,18,0
D4-R3_B,later,P1a,r,18,18,0,0,0,0.023726436877090588,0.06012457280740578,0.23250813044174273,,0,18,0,0,18,0
D4-R3_B,later,P1a,e_psi,18,18,0,0,0,0.0001073680712798058,0.0042958226400291715,0.016419482858748502,,0,18,0,0,18,0
D4-R3_B,later,P1a,s_abs,18,18,0,0,0,-0.0003463771610716155,0.0005356280610006912,0.0012559216909928672,,0,18,0,0,18,0
D4-R3_B,later,P1a,e_y,18,18,0,0,0,-2.9021197777325237e-05,0.0006092643319511052,0.002314766103151407,,0,18,0,0,18,0
D4-R3_B,later,P1a,delta,18,18,0,0,0,-0.0017283707357336156,0.009191179102829803,0.03870130543646284,,0,18,0,0,18,0
D4-R3_B,later,P1a,a_cmd,18,18,0,0,0,0.00024687645323570904,0.001231754017052677,0.0051975254690717065,,0,18,0,0,18,0
D4-R3_B,later,P1b,vx,18,18,0,0,0,-0.0002681980497009937,0.0013707105813172275,0.0057739527763107645,,0,18,0,0,18,0
D4-R3_B,later,P1b,vy,18,18,0,0,0,-0.0004657936485681526,0.006112049699352532,0.022534129105191175,,0,18,0,0,18,0
D4-R3_B,later,P1b,r,18,18,0,0,0,0.014079402422866347,0.03206736028397626,0.11146908128574451,,0,18,0,0,18,0
D4-R3_B,later,P1b,e_psi,18,18,0,0,0,-0.0005182163633863368,0.002129817538591824,0.004606305299209801,,0,18,0,0,18,0
D4-R3_B,later,P1b,s_abs,18,18,0,0,0,-0.0003463771610716155,0.0005356280610006912,0.0012559216909928672,,0,18,0,0,18,0
D4-R3_B,later,P1b,e_y,18,18,0,0,0,0.000153400095016341,0.0003675243125364281,0.0011448343166062316,,1,17,0,1,17,0
D4-R3_B,later,P1b,delta,18,18,0,0,0,0.0005737836330491753,0.00254717189299239,0.0050000000000000044,,0,18,0,0,17,1
D4-R3_B,later,P1b,a_cmd,18,18,0,0,0,0.00024687645323570904,0.001231754017052677,0.0051975254690717065,,0,18,0,0,18,0
D4-R3_B,later,P2,vx,18,18,0,0,0,-2.5341164534490684e-05,0.00010812885583564513,0.00045874208232898894,,7,11,0,0,0,18
D4-R3_B,later,P2,vy,18,18,0,0,0,-1.505007650193346e-05,0.00015490662200856703,0.00062185627786987,,3,15,0,0,0,18
D4-R3_B,later,P2,r,18,18,0,0,0,7.977281491601082e-05,0.000546890239688728,0.0015635211402983962,,2,16,0,0,0,18
D4-R3_B,later,P2,e_psi,18,18,0,0,0,-2.4879420523192684e-05,6.910841460897502e-05,0.00015419401505178953,,3,15,0,0,0,18
D4-R3_B,later,P2,s_abs,18,18,0,0,0,-1.6217883087834807e-06,5.5618270757593e-06,2.3304475575081085e-05,,17,1,0,0,0,18
D4-R3_B,later,P2,e_y,18,18,0,0,0,-4.7610717263979015e-06,1.1872065667931004e-05,2.510501132843134e-05,,3,15,0,0,0,18
D4-R3_B,later,P2,delta,18,18,0,0,0,-0.0002141502191016038,0.0011915120969103314,0.0050000000000000044,,2,16,0,0,0,18
D4-R3_B,later,P2,a_cmd,18,18,0,0,0,2.5332258157176016e-05,0.00010792284950973128,0.00045787062228352937,,4,14,0,0,0,18
D4-R3_B,after_second,A,vx,17,17,0,0,0,1.6324876133253115e-07,5.279596391704503e-07,2.0795527628791888e-06,,0,0,17,11,6,0
D4-R3_B,after_second,A,vy,17,17,0,0,0,8.033806236391341e-06,2.933036281172798e-05,8.396371274248249e-05,,0,0,17,15,2,0
D4-R3_B,after_second,A,r,17,17,0,0,0,0.00014251565545826868,0.0003442444150135029,0.0008089381666634074,,0,0,17,16,1,0
D4-R3_B,after_second,A,e_psi,17,17,0,0,0,-2.4080788010514537e-05,6.559258854595502e-05,0.00014639961469509188,,0,0,17,15,2,0
D4-R3_B,after_second,A,s_abs,17,17,0,0,0,-3.580126894027725e-07,9.344355622371685e-07,3.4103762862613962e-06,,0,0,17,1,16,0
D4-R3_B,after_second,A,e_y,17,17,0,0,0,-4.277763200503363e-06,1.1306976167466503e-05,2.392600009791697e-05,,0,0,17,15,2,0
D4-R3_B,after_second,A,delta,17,17,0,0,0,6.22238838667012e-05,0.0001713313287798802,0.00040083588909318145,,0,0,17,15,2,0
D4-R3_B,after_second,A,a_cmd,17,17,0,0,0,-1.1220719109417132e-07,3.8256118454688927e-07,1.4853886751708956e-06,,0,0,17,14,3,0
D4-R3_B,after_second,P0,vx,17,17,0,0,0,-0.00025431053502031505,0.0002863462290123158,0.0005108690145796402,,0,17,0,0,17,0
D4-R3_B,after_second,P0,vy,17,17,0,0,0,-0.0007332878701766998,0.0017920340410666133,0.0036549684151983867,,0,17,0,0,17,0
D4-R3_B,after_second,P0,r,17,17,0,0,0,0.008461781886722322,0.0217224435329318,0.042697496499054896,,0,17,0,0,17,0
D4-R3_B,after_second,P0,e_psi,17,17,0,0,0,-0.0006039208557934358,0.0015612002765084604,0.00322266717097186,,0,17,0,0,17,0
D4-R3_B,after_second,P0,s_abs,17,17,0,0,0,-4.1334740659358085e-05,6.106061895092289e-05,0.00018903996145214208,,0,17,0,0,17,0
D4-R3_B,after_second,P0,e_y,17,17,0,0,0,-0.00014994904087941213,0.00039204818608363855,0.0008010112525972187,,0,17,0,0,17,0
D4-R3_B,after_second,P0,delta,17,17,0,0,0,0.0009245848019966455,0.0023923092480965047,0.004994870787028821,,0,17,0,0,17,0
D4-R3_B,after_second,P0,a_cmd,17,17,0,0,0,0.00026564221565937004,0.0003061749487492387,0.0005775624236674659,,0,17,0,0,17,0
D4-R3_B,after_second,P1a,vx,17,17,0,0,0,5.5669875393698724e-05,0.00016816033948086336,0.0006590522384151143,,0,17,0,0,17,0
D4-R3_B,after_second,P1a,vy,17,17,0,0,0,0.0023074006330056846,0.00872957560103342,0.03521489552436735,,0,17,0,0,17,0
D4-R3_B,after_second,P1a,r,17,17,0,0,0,0.011445160785052227,0.02544813164689425,0.07952182113791337,,0,17,0,0,17,0
D4-R3_B,after_second,P1a,e_psi,17,17,0,0,0,-0.0008521680926889411,0.001918550945740557,0.00629914580974944,,0,17,0,0,17,0
D4-R3_B,after_second,P1a,s_abs,17,17,0,0,0,-0.0003987484672752065,0.0005351353991748008,0.0012559216909928672,,0,17,0,0,17,0
D4-R3_B,after_second,P1a,e_y,17,17,0,0,0,0.0001054343848917384,0.00027902270191025954,0.0007441738101193161,,0,17,0,0,17,0
D4-R3_B,after_second,P1a,delta,17,17,0,0,0,0.00044650777607398585,0.0011583171596284785,0.0026049298609077277,,0,17,0,0,17,0
D4-R3_B,after_second,P1a,a_cmd,17,17,0,0,0,-4.433819475464376e-05,0.00013187611205179548,0.0005216914188066468,,0,17,0,0,17,0
D4-R3_B,after_second,P1b,vx,17,17,0,0,0,5.5669875393698724e-05,0.00016816033948086336,0.0006590522384151143,,0,17,0,0,17,0
D4-R3_B,after_second,P1b,vy,17,17,0,0,0,0.0008323437312332016,0.003112042576479624,0.012606427242990485,,0,17,0,0,17,0
D4-R3_B,after_second,P1b,r,17,17,0,0,0,0.00835059778387351,0.01891828346552642,0.049006649939630914,,0,17,0,0,17,0
D4-R3_B,after_second,P1b,e_psi,17,17,0,0,0,-0.0008167673452702594,0.0018924399180866578,0.004606305299209801,,0,17,0,0,17,0
D4-R3_B,after_second,P1b,s_abs,17,17,0,0,0,-0.0003987484672752065,0.0005351353991748008,0.0012559216909928672,,0,17,0,0,17,0
D4-R3_B,after_second,P1b,e_y,17,17,0,0,0,0.00015944751055206336,0.00037798026788935977,0.0011448343166062316,,0,17,0,1,16,0
D4-R3_B,after_second,P1b,delta,17,17,0,0,0,0.0009016532585226562,0.002323606777304575,0.00483799076878215,,0,17,0,0,17,0
D4-R3_B,after_second,P1b,a_cmd,17,17,0,0,0,-4.433819475464376e-05,0.00013187611205179548,0.0005216914188066468,,0,17,0,0,17,0
D4-R3_B,after_second,P2,vx,17,17,0,0,0,1.5300710047980333e-07,7.272938691694317e-07,2.8724812954905588e-06,,6,11,0,0,0,17
D4-R3_B,after_second,P2,vy,17,17,0,0,0,2.064440593147457e-05,5.157739896717318e-05,0.00012870284017735267,,2,15,0,0,0,17
D4-R3_B,after_second,P2,r,17,17,0,0,0,0.00017643716522274065,0.0004157914112687289,0.001067908742949264,,1,16,0,0,0,17
D4-R3_B,after_second,P2,e_psi,17,17,0,0,0,-2.7010254528376014e-05,7.10587205111465e-05,0.00015419401505178953,,2,15,0,0,0,17
D4-R3_B,after_second,P2,s_abs,17,17,0,0,0,-3.463361166483276e-07,8.98102108112553e-07,3.249992361453735e-06,,16,1,0,0,0,17
D4-R3_B,after_second,P2,e_y,17,17,0,0,0,-4.721962652831043e-06,1.2145166807557479e-05,2.510501132843134e-05,,2,15,0,0,0,17
D4-R3_B,after_second,P2,delta,17,17,0,0,0,6.737035624536092e-05,0.00018062300477314353,0.0004144280204704566,,2,15,0,0,0,17
D4-R3_B,after_second,P2,a_cmd,17,17,0,0,0,-1.1117502672712309e-07,6.249368483629363e-07,2.3762792906723007e-06,,3,14,0,0,0,17
D4-R4_A,all,A,vx,19,19,0,0,0,0.0009475678739515894,0.0013795441217752586,0.002746276820837501,,0,0,19,1,18,0
D4-R4_A,all,A,vy,19,19,0,0,0,0.00023321460379655538,0.0021714946601014188,0.0059051921322755,,0,0,19,1,18,0
D4-R4_A,all,A,r,19,19,0,0,0,0.004031486553849954,0.12532431859252086,0.15577339228820442,,0,0,19,0,19,0
D4-R4_A,all,A,e_psi,19,19,0,0,0,-2.8358659960408217e-05,0.0025989415884670273,0.003920752628331581,,0,0,19,0,19,0
D4-R4_A,all,A,s_abs,19,19,0,0,0,3.5776159448532385e-05,4.815364612914315e-05,0.0001097710509085914,,0,0,19,2,17,0
D4-R4_A,all,A,e_y,19,19,0,0,0,-9.033360671739536e-06,0.0002446853915361214,0.0003970214533900729,,0,0,19,0,19,0
D4-R4_A,all,A,delta,19,19,0,0,0,0.0015204059277609838,0.01852946860749959,0.020000000000000018,,0,0,19,2,16,1
D4-R4_A,all,A,a_cmd,19,19,0,0,0,0.0015415716551171992,0.0021797260673205674,0.005331706982167894,,0,0,19,12,5,2
D4-R4_A,all,P0,vx,19,19,0,0,0,0.02473974094333154,0.038436993752174534,0.08649585984216923,,1,18,0,1,18,0
D4-R4_A,all,P0,vy,19,19,0,0,0,-0.018666572114544432,0.19647792390180605,0.29680534424978955,,1,18,0,0,19,0
D4-R4_A,all,P0,r,19,19,0,0,0,0.12257569444334128,0.885435675839978,1.3887103076294334,,2,17,0,2,17,0
D4-R4_A,all,P0,e_psi,19,19,0,0,0,0.005159283652785735,0.06647668140236299,0.10244633675496218,,0,19,0,0,19,0
D4-R4_A,all,P0,s_abs,19,19,0,0,0,0.0016246358179073763,0.0020019164484399365,0.0035506835721363927,,0,19,0,0,19,0
D4-R4_A,all,P0,e_y,19,19,0,0,0,0.0003343949233889533,0.009417302614089988,0.014868601674969562,,1,18,0,1,18,0
D4-R4_A,all,P0,delta,19,19,0,0,0,0.0033676063246968276,0.016640462159533163,0.03163571122733337,,15,3,1,3,3,13
D4-R4_A,all,P0,a_cmd,19,19,0,0,0,-0.013799984753430455,0.027910516949628216,0.07308927862769743,,1,18,0,0,18,1
D4-R4_A,all,P1a,vx,19,19,0,0,0,0.014757658270224554,0.020571551125357336,0.045981519181147235,,1,18,0,0,19,0
D4-R4_A,all,P1a,vy,19,19,0,0,0,-0.012029281599957148,0.09314772280230514,0.14678300847600373,,0,19,0,0,19,0
D4-R4_A,all,P1a,r,19,19,0,0,0,0.08058524526200109,0.4552185772345002,0.7298692061715055,,2,17,0,1,18,0
D4-R4_A,all,P1a,e_psi,19,19,0,0,0,0.0026438710942567013,0.03182991444936412,0.05039755580938454,,2,17,0,2,17,0
D4-R4_A,all,P1a,s_abs,19,19,0,0,0,0.0008079181781761357,0.0015677218850187258,0.0035615536350572796,,0,19,0,0,19,0
D4-R4_A,all,P1a,e_y,19,19,0,0,0,-9.167065384790786e-05,0.009621247462268202,0.013873949267933061,,0,19,0,0,19,0
D4-R4_A,all,P1a,delta,19,19,0,0,0,0.0017652539900040011,0.014812379497302686,0.018539825810056587,,16,2,1,0,2,17
D4-R4_A,all,P1a,a_cmd,19,19,0,0,0,-0.006885785899294286,0.012058160073712864,0.03257493796667543,,4,13,2,3,13,3
D4-R4_A,all,P1b,vx,19,19,0,0,0,0.014757658270224554,0.020571551125357336,0.045981519181147235,,1,18,0,0,19,0
D4-R4_A,all,P1b,vy,19,19,0,0,0,-0.016832295049468343,0.1374961081767583,0.22428681504403725,,0,19,0,0,19,0
D4-R4_A,all,P1b,r,19,19,0,0,0,0.15751046327941687,1.2604229638506295,2.0080675010288833,,2,17,0,1,18,0
D4-R4_A,all,P1b,e_psi,19,19,0,0,0,0.0041138899700669035,0.04541889165741717,0.07287134694925346,,0,19,0,0,19,0
D4-R4_A,all,P1b,s_abs,19,19,0,0,0,0.0008079181781761357,0.0015677218850187258,0.0035615536350572796,,0,19,0,0,19,0
D4-R4_A,all,P1b,e_y,19,19,0,0,0,-0.000364674981041989,0.007084118684160335,0.011610487218698284,,1,18,0,1,18,0
D4-R4_A,all,P1b,delta,19,19,0,0,0,0.0025055029200091007,0.01526503597998597,0.026326862215087475,,17,1,1,2,2,15
D4-R4_A,all,P1b,a_cmd,19,19,0,0,0,-0.006885785899294286,0.012058160073712864,0.03257493796667543,,4,13,2,3,13,3
D4-R4_A,all,P2,vx,19,19,0,0,0,0.0005283211457820046,0.000836280801031769,0.001668206397337002,,18,1,0,0,0,19
D4-R4_A,all,P2,vy,19,19,0,0,0,4.691458684349217e-05,0.00047013398483013917,0.001179426082553614,,18,1,0,0,0,19
D4-R4_A,all,P2,r,19,19,0,0,0,0.0029864299884352526,0.08655193297124696,0.10821022531496494,,19,0,0,0,0,19
D4-R4_A,all,P2,e_psi,19,19,0,0,0,2.331860799307718e-06,0.001423065506674427,0.001802307879933629,,19,0,0,0,0,19
D4-R4_A,all,P2,s_abs,19,19,0,0,0,1.8733907971159096e-05,2.7191640636268817e-05,6.062344217561133e-05,,17,2,0,0,0,19
D4-R4_A,all,P2,e_y,19,19,0,0,0,-4.1711654295898e-06,0.00012890496296012196,0.00018112380456267868,,19,0,0,0,0,19
D4-R4_A,all,P2,delta,19,19,0,0,0,0.0006191719377359389,0.014207985095919312,0.015000000000000006,,16,2,1,0,0,19
D4-R4_A,all,P2,a_cmd,19,19,0,0,0,0.00168528221736033,0.0023820566868665,0.0060415651311336305,,5,12,2,0,0,19
D4-R4_A,first,A,vx,1,1,0,0,0,0.00038144420603902773,0.00038144420603902773,0.00038144420603902773,,0,0,1,0,1,0
D4-R4_A,first,A,vy,1,1,0,0,0,-0.0006768940290986514,0.0006768940290986514,0.0006768940290986514,,0,0,1,0,1,0
D4-R4_A,first,A,r,1,1,0,0,0,-0.011504648552539964,0.011504648552539964,0.011504648552539964,,0,0,1,0,1,0
D4-R4_A,first,A,e_psi,1,1,0,0,0,-7.809196437547072e-05,7.809196437547072e-05,7.809196437547072e-05,,0,0,1,0,1,0
D4-R4_A,first,A,s_abs,1,1,0,0,0,-2.0411681278531546e-07,2.0411681278531546e-07,2.0411681278531546e-07,,0,0,1,1,0,0
D4-R4_A,first,A,e_y,1,1,0,0,0,-5.27500455919927e-06,5.27500455919927e-06,5.27500455919927e-06,,0,0,1,0,1,0
D4-R4_A,first,A,delta,1,1,0,0,0,0.0,0.0,0.0,,0,0,1,0,0,1
D4-R4_A,first,A,a_cmd,1,1,0,0,0,0.0019138406590428758,0.0019138406590428758,0.0019138406590428758,,0,0,1,0,1,0
D4-R4_A,first,P0,vx,1,1,0,0,0,0.003419560796618981,0.003419560796618981,0.003419560796618981,,0,1,0,0,1,0
D4-R4_A,first,P0,vy,1,1,0,0,0,0.028501050780998793,0.028501050780998793,0.028501050780998793,,0,1,0,0,1,0
D4-R4_A,first,P0,r,1,1,0,0,0,-0.09991963798141079,0.09991963798141079,0.09991963798141079,,0,1,0,0,1,0
D4-R4_A,first,P0,e_psi,1,1,0,0,0,-0.011266478312801365,0.011266478312801365,0.011266478312801365,,0,1,0,0,1,0
D4-R4_A,first,P0,s_abs,1,1,0,0,0,0.00033376661259598706,0.00033376661259598706,0.00033376661259598706,,0,1,0,0,1,0
D4-R4_A,first,P0,e_y,1,1,0,0,0,-0.0006112971820139562,0.0006112971820139562,0.0006112971820139562,,0,1,0,0,1,0
D4-R4_A,first,P0,delta,1,1,0,0,0,0.0,0.0,0.0,,0,0,1,0,0,1
D4-R4_A,first,P0,a_cmd,1,1,0,0,0,0.0,0.0,0.0,,1,0,0,0,0,1
D4-R4_A,first,P1a,vx,1,1,0,0,0,0.003170644147467705,0.003170644147467705,0.003170644147467705,,0,1,0,0,1,0
D4-R4_A,first,P1a,vy,1,1,0,0,0,0.02676054880235046,0.02676054880235046,0.02676054880235046,,0,1,0,0,1,0
D4-R4_A,first,P1a,r,1,1,0,0,0,-0.10620063118689504,0.10620063118689504,0.10620063118689504,,0,1,0,0,1,0
D4-R4_A,first,P1a,e_psi,1,1,0,0,0,-0.0081889675512139,0.0081889675512139,0.0081889675512139,,0,1,0,0,1,0
D4-R4_A,first,P1a,s_abs,1,1,0,0,0,0.0005918180310038323,0.0005918180310038323,0.0005918180310038323,,0,1,0,0,1,0
D4-R4_A,first,P1a,e_y,1,1,0,0,0,-9.352919727026454e-05,9.352919727026454e-05,9.352919727026454e-05,,0,1,0,0,1,0
D4-R4_A,first,P1a,delta,1,1,0,0,0,0.0,0.0,0.0,,0,0,1,0,0,1
D4-R4_A,first,P1a,a_cmd,1,1,0,0,0,0.0,0.0,0.0,,1,0,0,0,0,1
D4-R4_A,first,P1b,vx,1,1,0,0,0,0.003170644147467705,0.003170644147467705,0.003170644147467705,,0,1,0,0,1,0
D4-R4_A,first,P1b,vy,1,1,0,0,0,0.026368950559468418,0.026368950559468418,0.026368950559468418,,0,1,0,0,1,0
D4-R4_A,first,P1b,r,1,1,0,0,0,-0.13365246813221487,0.13365246813221487,0.13365246813221487,,0,1,0,0,1,0
D4-R4_A,first,P1b,e_psi,1,1,0,0,0,-0.00857061123943259,0.00857061123943259,0.00857061123943259,,0,1,0,0,1,0
D4-R4_A,first,P1b,s_abs,1,1,0,0,0,0.0005918180310038323,0.0005918180310038323,0.0005918180310038323,,0,1,0,0,1,0
D4-R4_A,first,P1b,e_y,1,1,0,0,0,0.00013251790202983837,0.00013251790202983837,0.00013251790202983837,,0,1,0,0,1,0
D4-R4_A,first,P1b,delta,1,1,0,0,0,0.0,0.0,0.0,,0,0,1,0,0,1
D4-R4_A,first,P1b,a_cmd,1,1,0,0,0,0.0,0.0,0.0,,1,0,0,0,0,1
D4-R4_A,first,P2,vx,1,1,0,0,0,0.0,0.0,0.0,,1,0,0,0,0,1
D4-R4_A,first,P2,vy,1,1,0,0,0,0.0,0.0,0.0,,1,0,0,0,0,1
D4-R4_A,first,P2,r,1,1,0,0,0,-1.1102230246251565e-16,1.1102230246251565e-16,1.1102230246251565e-16,,1,0,0,0,0,1
D4-R4_A,first,P2,e_psi,1,1,0,0,0,-2.4733122574893684e-05,2.4733122574893684e-05,2.4733122574893684e-05,,1,0,0,0,0,1
D4-R4_A,first,P2,s_abs,1,1,0,0,0,-2.2482682258129216e-06,2.2482682258129216e-06,2.2482682258129216e-06,,0,1,0,0,0,1
D4-R4_A,first,P2,e_y,1,1,0,0,0,-1.0847563055443876e-06,1.0847563055443876e-06,1.0847563055443876e-06,,1,0,0,0,0,1
D4-R4_A,first,P2,delta,1,1,0,0,0,0.0,0.0,0.0,,0,0,1,0,0,1
D4-R4_A,first,P2,a_cmd,1,1,0,0,0,0.0,0.0,0.0,,1,0,0,0,0,1
D4-R4_A,later,A,vx,18,18,0,0,0,0.0009790191888356208,0.0014144924101804936,0.002746276820837501,,0,0,18,1,17,0
D4-R4_A,later,A,vy,18,18,0,0,0,0.0002837761945129558,0.0022252865806889925,0.0059051921322755,,0,0,18,1,17,0
D4-R4_A,later,A,r,18,18,0,0,0,0.004894605170871614,0.12872994015133565,0.15577339228820442,,0,0,18,0,18,0
D4-R4_A,later,A,e_psi,18,18,0,0,0,-2.5595698604015855e-05,0.002670095211266474,0.003920752628331581,,0,0,18,0,18,0
D4-R4_A,later,A,s_abs,18,18,0,0,0,3.7775063685272256e-05,4.947314502244337e-05,0.0001097710509085914,,0,0,18,1,17,0
D4-R4_A,later,A,e_y,18,18,0,0,0,-9.242158233547329e-06,0.00025138726765683175,0.0003970214533900729,,0,0,18,0,18,0
D4-R4_A,later,A,delta,18,18,0,0,0,0.001604872923747705,0.019037219291940754,0.020000000000000018,,0,0,18,2,16,0
D4-R4_A,later,A,a_cmd,18,18,0,0,0,0.001520890043787995,0.0021935527090692812,0.005331706982167894,,0,0,18,12,4,2
D4-R4_A,later,P0,vx,18,18,0,0,0,0.02592419539592668,0.03948203099677653,0.08649585984216923,,1,17,0,1,17,0
D4-R4_A,later,P0,vy,18,18,0,0,0,-0.02128699560874128,0.201750066382874,0.29680534424978955,,1,17,0,0,18,0
D4-R4_A,later,P0,r,18,18,0,0,0,0.13493654624471643,0.9093937678750437,1.3887103076294334,,2,16,0,2,16,0
D4-R4_A,later,P0,e_psi,18,18,0,0,0,0.00607182598420724,0.068246652625109,0.10244633675496218,,0,18,0,0,18,0
D4-R4_A,later,P0,s_abs,18,18,0,0,0,0.0016963507737580092,0.002055268564668607,0.0035506835721363927,,0,18,0,0,18,0
D4-R4_A,later,P0,e_y,18,18,0,0,0,0.0003869333736891149,0.009674285783964847,0.014868601674969562,,1,17,0,1,17,0
D4-R4_A,later,P0,delta,18,18,0,0,0,0.0035546955649577608,0.0170964496586836,0.03163571122733337,,15,3,0,3,3,12
D4-R4_A,later,P0,a_cmd,18,18,0,0,0,-0.01456665057306548,0.02867533025239852,0.07308927862769743,,0,18,0,0,18,0
D4-R4_A,later,P1a,vx,18,18,0,0,0,0.01540138127704438,0.02112204300678789,0.045981519181147235,,1,17,0,0,18,0
D4-R4_A,later,P1a,vy,18,18,0,0,0,-0.014184272177863127,0.09549209974002024,0.14678300847600373,,0,18,0,0,18,0
D4-R4_A,later,P1a,r,18,18,0,0,0,0.09096223839805084,0.4670222772502492,0.7298692061715055,,2,16,0,1,17,0
D4-R4_A,later,P1a,e_psi,18,18,0,0,0,0.0032456954634495125,0.03264511741071456,0.05039755580938454,,2,16,0,2,16,0
D4-R4_A,later,P1a,s_abs,18,18,0,0,0,0.0008199237419079303,0.0016046293736967116,0.0035615536350572796,,0,18,0,0,18,0
D4-R4_A,later,P1a,e_y,18,18,0,0,0,-9.15674014355549e-05,0.00988486751488552,0.013873949267933061,,0,18,0,0,18,0
D4-R4_A,later,P1a,delta,18,18,0,0,0,0.0018633236561153353,0.015218273265077208,0.018539825810056587,,16,2,0,0,2,16
D4-R4_A,later,P1a,a_cmd,18,18,0,0,0,-0.007268329560366191,0.012388581801406168,0.03257493796667543,,3,13,2,3,13,2
D4-R4_A,later,P1b,vx,18,18,0,0,0,0.01540138127704438,0.02112204300678789,0.045981519181147235,,1,17,0,0,18,0
D4-R4_A,later,P1b,vy,18,18,0,0,0,-0.01923236424996483,0.14112702984619013,0.22428681504403725,,0,18,0,0,18,0
D4-R4_A,later,P1b,r,18,18,0,0,0,0.17368618169117417,1.2945782652191378,2.0080675010288833,,2,16,0,1,17,0
D4-R4_A,later,P1b,e_psi,18,18,0,0,0,0.004818584481705764,0.04661972835337125,0.07287134694925346,,0,18,0,0,18,0
D4-R4_A,later,P1b,s_abs,18,18,0,0,0,0.0008199237419079303,0.0016046293736967116,0.0035615536350572796,,0,18,0,0,18,0
D4-R4_A,later,P1b,e_y,18,18,0,0,0,-0.00039229680787931275,0.007278173046474732,0.011610487218698284,,1,17,0,1,17,0
D4-R4_A,later,P1b,delta,18,18,0,0,0,0.002644697526676272,0.01568333359180846,0.026326862215087475,,17,1,0,2,2,14
D4-R4_A,later,P1b,a_cmd,18,18,0,0,0,-0.007268329560366191,0.012388581801406168,0.03257493796667543,,3,13,2,3,13,2
D4-R4_A,later,P2,vx,18,18,0,0,0,0.0005576723205476716,0.0008591968467157249,0.001668206397337002,,17,1,0,0,0,18
D4-R4_A,later,P2,vy,18,18,0,0,0,4.9520952779241734e-05,0.0004830167532264191,0.001179426082553614,,17,1,0,0,0,18
D4-R4_A,later,P2,r,18,18,0,0,0,0.0031523427655705477,0.08892365793199783,0.10821022531496494,,18,0,0,0,0,18
D4-R4_A,later,P2,e_psi,18,18,0,0,0,3.8354709867633515e-06,0.0014620492004582706,0.001802307879933629,,18,0,0,0,0,18
D4-R4_A,later,P2,s_abs,18,18,0,0,0,1.989958442654643e-05,2.793172865252836e-05,6.062344217561133e-05,,17,1,0,0,0,18
D4-R4_A,later,P2,e_y,18,18,0,0,0,-4.342632603147878e-06,0.00013243701298332465,0.00018112380456267868,,18,0,0,0,0,18
D4-R4_A,later,P2,delta,18,18,0,0,0,0.0006535703787212688,0.014597317046543254,0.015000000000000006,,16,2,0,0,0,18
D4-R4_A,later,P2,a_cmd,18,18,0,0,0,0.0017789090072136817,0.0024473305993976233,0.0060415651311336305,,4,12,2,0,0,18
D4-R4_A,after_second,A,vx,17,17,0,0,0,0.001054242272805,0.0014536836377578044,0.002746276820837501,,0,0,17,0,17,0
D4-R4_A,after_second,A,vy,17,17,0,0,0,0.00026978740110610716,0.002286303913813037,0.0059051921322755,,0,0,17,0,17,0
D4-R4_A,after_second,A,r,17,17,0,0,0,0.014048962432736692,0.12731752391661266,0.15577339228820442,,0,0,17,0,17,0
D4-R4_A,after_second,A,e_psi,17,17,0,0,0,0.00015546579515322926,0.0026423782050978444,0.003920752628331581,,0,0,17,0,17,0
D4-R4_A,after_second,A,s_abs,17,17,0,0,0,4.044257041822247e-05,5.087430524813824e-05,0.0001097710509085914,,0,0,17,0,17,0
D4-R4_A,after_second,A,e_y,17,17,0,0,0,8.564922253536784e-06,0.00024736249087599837,0.0003970214533900729,,0,0,17,0,17,0
D4-R4_A,after_second,A,delta,17,17,0,0,0,0.0028757478016152166,0.018979064209637048,0.020000000000000018,,0,0,17,2,15,0
D4-R4_A,after_second,A,a_cmd,17,17,0,0,0,0.0015467966043412966,0.002241883254481695,0.005331706982167894,,0,0,17,11,4,2
D4-R4_A,after_second,P0,vx,17,17,0,0,0,0.0265228589667569,0.040446761352960214,0.08649585984216923,,1,16,0,1,16,0
D4-R4_A,after_second,P0,vy,17,17,0,0,0,-0.029209152291557204,0.20576948700940603,0.29680534424978955,,1,16,0,0,17,0
D4-R4_A,after_second,P0,r,17,17,0,0,0,0.14806234769343357,0.9355139148922144,1.3887103076294334,,1,16,0,1,16,0
D4-R4_A,after_second,P0,e_psi,17,17,0,0,0,0.009492783095171757,0.06907971154475528,0.10244633675496218,,0,17,0,0,17,0
D4-R4_A,after_second,P0,s_abs,17,17,0,0,0,0.0016623813825576133,0.0020416834880963826,0.0035506835721363927,,0,17,0,0,17,0
D4-R4_A,after_second,P0,e_y,17,17,0,0,0,0.001127179406119079,0.009505043893935472,0.014868601674969562,,1,16,0,1,16,0
D4-R4_A,after_second,P0,delta,17,17,0,0,0,0.0021143064860186297,0.016224309240218646,0.03163571122733337,,15,2,0,3,2,12
D4-R4_A,after_second,P0,a_cmd,17,17,0,0,0,-0.014527614108590596,0.02927454328066008,0.07308927862769743,,0,17,0,0,17,0
D4-R4_A,after_second,P1a,vx,17,17,0,0,0,0.01621955506684661,0.021731388624247075,0.045981519181147235,,1,16,0,0,17,0
D4-R4_A,after_second,P1a,vy,17,17,0,0,0,-0.016039525641994342,0.0981703629442673,0.14678300847600373,,0,17,0,0,17,0
D4-R4_A,after_second,P1a,r,17,17,0,0,0,0.0790789817924246,0.47527952515619815,0.7298692061715055,,2,15,0,1,16,0
D4-R4_A,after_second,P1a,e_psi,17,17,0,0,0,0.0043160028751606586,0.03339529552147417,0.05039755580938454,,2,15,0,2,15,0
D4-R4_A,after_second,P1a,s_abs,17,17,0,0,0,0.0007939594980727114,0.0016225636925353613,0.0035615536350572796,,0,17,0,0,17,0
D4-R4_A,after_second,P1a,e_y,17,17,0,0,0,0.0003932674870824004,0.0099685958064423,0.013873949267933061,,0,17,0,0,17,0
D4-R4_A,after_second,P1a,delta,17,17,0,0,0,0.002855283871180939,0.015231015456221419,0.018539825810056587,,15,2,0,0,2,15
D4-R4_A,after_second,P1a,a_cmd,17,17,0,0,0,-0.007638479379932914,0.01274554849895305,0.03257493796667543,,2,13,2,2,13,2
D4-R4_A,after_second,P1b,vx,17,17,0,0,0,0.01621955506684661,0.021731388624247075,0.045981519181147235,,1,16,0,0,17,0
D4-R4_A,after_second,P1b,vy,17,17,0,0,0,-0.024532123850624473,0.14419787291128214,0.22428681504403725,,0,17,0,0,17,0
D4-R4_A,after_second,P1b,r,17,17,0,0,0,0.2131921889116026,1.326624900255897,2.0080675010288833,,2,15,0,1,16,0
D4-R4_A,after_second,P1b,e_psi,17,17,0,0,0,0.006957816457243445,0.04735714389819388,0.07287134694925346,,0,17,0,0,17,0
D4-R4_A,after_second,P1b,s_abs,17,17,0,0,0,0.0007939594980727114,0.0016225636925353613,0.0035615536350572796,,0,17,0,0,17,0
D4-R4_A,after_second,P1b,e_y,17,17,0,0,0,-0.00018201130658033088,0.00742711316873064,0.011610487218698284,,1,16,0,1,16,0
D4-R4_A,after_second,P1b,delta,17,17,0,0,0,0.001994545948379508,0.01579238427981771,0.026326862215087475,,16,1,0,1,2,14
D4-R4_A,after_second,P1b,a_cmd,17,17,0,0,0,-0.007638479379932914,0.01274554849895305,0.03257493796667543,,2,13,2,2,13,2
D4-R4_A,after_second,P2,vx,17,17,0,0,0,0.000632132442312743,0.0008672631026820968,0.001668206397337002,,17,0,0,0,0,17
D4-R4_A,after_second,P2,vy,17,17,0,0,0,0.00012181195485764501,0.00040645146052325495,0.0007354375968914861,,17,0,0,0,0,17
D4-R4_A,after_second,P2,r,17,17,0,0,0,0.009491283257097508,0.0879138371527281,0.10821022531496494,,17,0,0,0,0,17
D4-R4_A,after_second,P2,e_psi,17,17,0,0,0,0.00011007919751149231,0.0014395315387514334,0.001771929134140926,,17,0,0,0,0,17
D4-R4_A,after_second,P2,s_abs,17,17,0,0,0,2.2516912668818175e-05,2.8115677609224513e-05,6.062344217561133e-05,,17,0,0,0,0,17
D4-R4_A,after_second,P2,e_y,17,17,0,0,0,6.056259865059816e-06,0.00012900211825979857,0.0001671861025675861,,17,0,0,0,0,17
D4-R4_A,after_second,P2,delta,17,17,0,0,0,0.0015743686362931072,0.014573283309720528,0.015000000000000006,,15,2,0,0,0,17
D4-R4_A,after_second,P2,a_cmd,17,17,0,0,0,0.001803196623609772,0.0024963936079316455,0.0060415651311336305,,4,11,2,0,0,17
D4-R4_B,all,A,vx,19,19,0,0,0,0.0009768994013985683,0.0014093494186682132,0.00272516794618749,,0,0,19,1,18,0
D4-R4_B,all,A,vy,19,19,0,0,0,0.00023687704526115073,0.0020840200385996766,0.005477564786568662,,0,0,19,1,18,0
D4-R4_B,all,A,r,19,19,0,0,0,0.005341089977795956,0.12379321748486857,0.15499415261368354,,0,0,19,0,19,0
D4-R4_B,all,A,e_psi,19,19,0,0,0,-3.772411967064103e-06,0.002555260815837483,0.0032283989299735083,,0,0,19,0,19,0
D4-R4_B,all,A,s_abs,19,19,0,0,0,3.8163220312452906e-05,5.1391598955993875e-05,0.000120278093884707,,0,0,19,2,17,0
D4-R4_B,all,A,e_y,19,19,0,0,0,-7.802011597442315e-06,0.00023932773324025983,0.00033109583301745016,,0,0,19,0,19,0
D4-R4_B,all,A,delta,19,19,0,0,0,0.00180484987623329,0.018399913584561514,0.020000000000000018,,0,0,19,2,16,1
D4-R4_B,all,A,a_cmd,19,19,0,0,0,0.0017709976306906452,0.0024211197668579307,0.005439735434099369,,0,0,19,13,5,1
D4-R4_B,all,P0,vx,19,19,0,0,0,0.02392932413275699,0.03715681253905851,0.08412209027361595,,2,17,0,1,18,0
D4-R4_B,all,P0,vy,19,19,0,0,0,-0.027457858434728005,0.18701979127550217,0.27313523700564135,,1,18,0,0,19,0
D4-R4_B,all,P0,r,19,19,0,0,0,0.1746468452420304,0.866555686456303,1.316127040218285,,2,17,0,2,17,0
D4-R4_B,all,P0,e_psi,19,19,0,0,0,0.007978574882721561,0.06349596744417353,0.09493601016316999,,0,19,0,0,19,0
D4-R4_B,all,P0,s_abs,19,19,0,0,0,0.0015799566015447344,0.0019512674703998215,0.003045140987213202,,0,19,0,0,19,0
D4-R4_B,all,P0,e_y,19,19,0,0,0,0.0006451580035104751,0.008782023568327224,0.013398943196878788,,0,19,0,0,19,0
D4-R4_B,all,P0,delta,19,19,0,0,0,0.006257916261085309,0.015624557186344036,0.02839649003703746,,16,2,1,4,2,13
D4-R4_B,all,P0,a_cmd,19,19,0,0,0,-0.015376481858170771,0.028286460610812064,0.07173861631488432,,2,17,0,1,17,1
D4-R4_B,all,P1a,vx,19,19,0,0,0,0.01437671693184691,0.019871967710349894,0.043135230102726574,,1,18,0,0,19,0
D4-R4_B,all,P1a,vy,19,19,0,0,0,-0.0173224316866329,0.0888928126049125,0.14596776914599552,,0,19,0,0,19,0
D4-R4_B,all,P1a,r,19,19,0,0,0,0.11370155330467756,0.456981878229929,0.7081939904094808,,2,17,0,1,18,0
D4-R4_B,all,P1a,e_psi,19,19,0,0,0,0.004350062797944301,0.030536151125374084,0.04610335533340493,,1,18,0,1,18,0
D4-R4_B,all,P1a,s_abs,19,19,0,0,0,0.000895048677188791,0.0017012522046028398,0.003934656910283607,,0,19,0,0,19,0
D4-R4_B,all,P1a,e_y,19,19,0,0,0,0.00025149753254190754,0.009309003152305635,0.013248501684018033,,1,18,0,0,19,0
D4-R4_B,all,P1a,delta,19,19,0,0,0,0.0017741889209580135,0.014823609794040368,0.01870958949818284,,16,2,1,0,2,17
D4-R4_B,all,P1a,a_cmd,19,19,0,0,0,-0.007733231579453708,0.01249062112334394,0.030751756143994946,,4,14,1,3,14,2
D4-R4_B,all,P1b,vx,19,19,0,0,0,0.01437671693184691,0.019871967710349894,0.043135230102726574,,1,18,0,0,19,0
D4-R4_B,all,P1b,vy,19,19,0,0,0,-0.02194000826345369,0.13014704009308306,0.21992534564222216,,0,19,0,0,19,0
D4-R4_B,all,P1b,r,19,19,0,0,0,0.2229799928864661,1.2252332042914937,1.8983826783983004,,1,18,0,1,18,0
D4-R4_B,all,P1b,e_psi,19,19,0,0,0,0.006164994504356422,0.043457063364787156,0.0693951582652712,,0,19,0,0,19,0
D4-R4_B,all,P1b,s_abs,19,19,0,0,0,0.000895048677188791,0.0017012522046028398,0.003934656910283607,,0,19,0,0,19,0
D4-R4_B,all,P1b,e_y,19,19,0,0,0,-0.00010085474956495342,0.007022295646458277,0.011550887619308225,,0,19,0,0,19,0
D4-R4_B,all,P1b,delta,19,19,0,0,0,0.005198179210722804,0.014337460084347808,0.023547726317435895,,17,1,1,3,1,15
D4-R4_B,all,P1b,a_cmd,19,19,0,0,0,-0.007733231579453708,0.01249062112334394,0.030751756143994946,,4,14,1,3,14,2
D4-R4_B,all,P2,vx,19,19,0,0,0,0.0005551319138490385,0.0008608997601781639,0.0016394550475551384,,18,1,0,0,0,19
D4-R4_B,all,P2,vy,19,19,0,0,0,3.041108056420454e-05,0.00045803523694154963,0.0011794647721112828,,18,1,0,0,0,19
D4-R4_B,all,P2,r,19,19,0,0,0,0.002156211705080218,0.0872390741929801,0.10745209965293107,,19,0,0,0,0,19
D4-R4_B,all,P2,e_psi,19,19,0,0,0,-6.962033147270724e-06,0.0014304358026169342,0.0018022878340668846,,19,0,0,0,0,19
D4-R4_B,all,P2,s_abs,19,19,0,0,0,2.0274302739974853e-05,2.9198320421165408e-05,6.698015541317659e-05,,17,2,0,0,0,19
D4-R4_B,all,P2,e_y,19,19,0,0,0,-5.596604576505114e-06,0.00012915505122079046,0.00018112616232554557,,19,0,0,0,0,19
D4-R4_B,all,P2,delta,19,19,0,0,0,0.0004258570135824914,0.014276831373021288,0.015000000000000013,,16,2,1,0,0,19
D4-R4_B,all,P2,a_cmd,19,19,0,0,0,0.0019356140738781996,0.0026455911840681657,0.005898791421672378,,5,13,1,0,0,19
D4-R4_B,first,A,vx,1,1,0,0,0,0.00038144420603902773,0.00038144420603902773,0.00038144420603902773,,0,0,1,0,1,0
D4-R4_B,first,A,vy,1,1,0,0,0,-0.0006768940290986514,0.0006768940290986514,0.0006768940290986514,,0,0,1,0,1,0
D4-R4_B,first,A,r,1,1,0,0,0,-0.011504648552539964,0.011504648552539964,0.011504648552539964,,0,0,1,0,1,0
D4-R4_B,first,A,e_psi,1,1,0,0,0,-7.809196437547072e-05,7.809196437547072e-05,7.809196437547072e-05,,0,0,1,0,1,0
D4-R4_B,first,A,s_abs,1,1,0,0,0,-2.0411681278531546e-07,2.0411681278531546e-07,2.0411681278531546e-07,,0,0,1,1,0,0
D4-R4_B,first,A,e_y,1,1,0,0,0,-5.27500455919927e-06,5.27500455919927e-06,5.27500455919927e-06,,0,0,1,0,1,0
D4-R4_B,first,A,delta,1,1,0,0,0,0.0,0.0,0.0,,0,0,1,0,0,1
D4-R4_B,first,A,a_cmd,1,1,0,0,0,0.0019138406590428758,0.0019138406590428758,0.0019138406590428758,,0,0,1,0,1,0
D4-R4_B,first,P0,vx,1,1,0,0,0,0.003419560796618981,0.003419560796618981,0.003419560796618981,,0,1,0,0,1,0
D4-R4_B,first,P0,vy,1,1,0,0,0,0.028501050780998793,0.028501050780998793,0.028501050780998793,,0,1,0,0,1,0
D4-R4_B,first,P0,r,1,1,0,0,0,-0.09991963798141079,0.09991963798141079,0.09991963798141079,,0,1,0,0,1,0
D4-R4_B,first,P0,e_psi,1,1,0,0,0,-0.011266478312801365,0.011266478312801365,0.011266478312801365,,0,1,0,0,1,0
D4-R4_B,first,P0,s_abs,1,1,0,0,0,0.00033376661259598706,0.00033376661259598706,0.00033376661259598706,,0,1,0,0,1,0
D4-R4_B,first,P0,e_y,1,1,0,0,0,-0.0006112971820139562,0.0006112971820139562,0.0006112971820139562,,0,1,0,0,1,0
D4-R4_B,first,P0,delta,1,1,0,0,0,0.0,0.0,0.0,,0,0,1,0,0,1
D4-R4_B,first,P0,a_cmd,1,1,0,0,0,0.0,0.0,0.0,,1,0,0,0,0,1
D4-R4_B,first,P1a,vx,1,1,0,0,0,0.003170644147467705,0.003170644147467705,0.003170644147467705,,0,1,0,0,1,0
D4-R4_B,first,P1a,vy,1,1,0,0,0,0.02676054880235046,0.02676054880235046,0.02676054880235046,,0,1,0,0,1,0
D4-R4_B,first,P1a,r,1,1,0,0,0,-0.10620063118689504,0.10620063118689504,0.10620063118689504,,0,1,0,0,1,0
D4-R4_B,first,P1a,e_psi,1,1,0,0,0,-0.0081889675512139,0.0081889675512139,0.0081889675512139,,0,1,0,0,1,0
D4-R4_B,first,P1a,s_abs,1,1,0,0,0,0.0005918180310038323,0.0005918180310038323,0.0005918180310038323,,0,1,0,0,1,0
D4-R4_B,first,P1a,e_y,1,1,0,0,0,-9.352919727026454e-05,9.352919727026454e-05,9.352919727026454e-05,,0,1,0,0,1,0
D4-R4_B,first,P1a,delta,1,1,0,0,0,0.0,0.0,0.0,,0,0,1,0,0,1
D4-R4_B,first,P1a,a_cmd,1,1,0,0,0,0.0,0.0,0.0,,1,0,0,0,0,1
D4-R4_B,first,P1b,vx,1,1,0,0,0,0.003170644147467705,0.003170644147467705,0.003170644147467705,,0,1,0,0,1,0
D4-R4_B,first,P1b,vy,1,1,0,0,0,0.026368950559468418,0.026368950559468418,0.026368950559468418,,0,1,0,0,1,0
D4-R4_B,first,P1b,r,1,1,0,0,0,-0.13365246813221487,0.13365246813221487,0.13365246813221487,,0,1,0,0,1,0
D4-R4_B,first,P1b,e_psi,1,1,0,0,0,-0.00857061123943259,0.00857061123943259,0.00857061123943259,,0,1,0,0,1,0
D4-R4_B,first,P1b,s_abs,1,1,0,0,0,0.0005918180310038323,0.0005918180310038323,0.0005918180310038323,,0,1,0,0,1,0
D4-R4_B,first,P1b,e_y,1,1,0,0,0,0.00013251790202983837,0.00013251790202983837,0.00013251790202983837,,0,1,0,0,1,0
D4-R4_B,first,P1b,delta,1,1,0,0,0,0.0,0.0,0.0,,0,0,1,0,0,1
D4-R4_B,first,P1b,a_cmd,1,1,0,0,0,0.0,0.0,0.0,,1,0,0,0,0,1
D4-R4_B,first,P2,vx,1,1,0,0,0,0.0,0.0,0.0,,1,0,0,0,0,1
D4-R4_B,first,P2,vy,1,1,0,0,0,0.0,0.0,0.0,,1,0,0,0,0,1
D4-R4_B,first,P2,r,1,1,0,0,0,-1.1102230246251565e-16,1.1102230246251565e-16,1.1102230246251565e-16,,1,0,0,0,0,1
D4-R4_B,first,P2,e_psi,1,1,0,0,0,-2.4733122574893684e-05,2.4733122574893684e-05,2.4733122574893684e-05,,1,0,0,0,0,1
D4-R4_B,first,P2,s_abs,1,1,0,0,0,-2.2482682258129216e-06,2.2482682258129216e-06,2.2482682258129216e-06,,0,1,0,0,0,1
D4-R4_B,first,P2,e_y,1,1,0,0,0,-1.0847563055443876e-06,1.0847563055443876e-06,1.0847563055443876e-06,,1,0,0,0,0,1
D4-R4_B,first,P2,delta,1,1,0,0,0,0.0,0.0,0.0,,0,0,1,0,0,1
D4-R4_B,first,P2,a_cmd,1,1,0,0,0,0.0,0.0,0.0,,1,0,0,0,0,1
D4-R4_B,later,A,vx,18,18,0,0,0,0.0010099802455852095,0.0014451749262015044,0.00272516794618749,,0,0,18,1,17,0
D4-R4_B,later,A,vy,18,18,0,0,0,0.0002876421049478064,0.002135174535902361,0.005477564786568662,,0,0,18,1,17,0
D4-R4_B,later,A,r,18,18,0,0,0,0.006276964340592396,0.12715653001791533,0.15499415261368354,,0,0,18,0,18,0
D4-R4_B,later,A,e_psi,18,18,0,0,0,3.5645205562515355e-07,0.002625216398987523,0.0032283989299735083,,0,0,18,0,18,0
D4-R4_B,later,A,s_abs,18,18,0,0,0,4.029473904163281e-05,5.2799826787461696e-05,0.000120278093884707,,0,0,18,1,17,0
D4-R4_B,later,A,e_y,18,18,0,0,0,-7.942400877344706e-06,0.00024588272818870817,0.00033109583301745016,,0,0,18,0,18,0
D4-R4_B,later,A,delta,18,18,0,0,0,0.0019051193138018062,0.018904114159015013,0.020000000000000018,,0,0,18,2,16,0
D4-R4_B,later,A,a_cmd,18,18,0,0,0,0.001763061906893299,0.0024462194359156668,0.005439735434099369,,0,0,18,13,4,1
D4-R4_B,later,P0,vx,18,18,0,0,0,0.025068755429209104,0.03816648635121176,0.08412209027361595,,2,16,0,1,17,0
D4-R4_B,later,P0,vy,18,18,0,0,0,-0.030566686724490595,0.19202710085793942,0.27313523700564135,,1,17,0,0,18,0
D4-R4_B,later,P0,r,18,18,0,0,0,0.18990053875444374,0.8899897771825809,1.316127040218285,,2,16,0,2,16,0
D4-R4_B,later,P0,e_psi,18,18,0,0,0,0.009047744504695057,0.06518183379259837,0.09493601016316999,,0,18,0,0,18,0
D4-R4_B,later,P0,s_abs,18,18,0,0,0,0.0016491893787085538,0.0020031925897327834,0.003045140987213202,,0,18,0,0,18,0
D4-R4_B,later,P0,e_y,18,18,0,0,0,0.000714961069372944,0.009021520988089483,0.013398943196878788,,0,18,0,0,18,0
D4-R4_B,later,P0,delta,18,18,0,0,0,0.006605578275590048,0.016052706518281456,0.02839649003703746,,16,2,0,4,2,12
D4-R4_B,later,P0,a_cmd,18,18,0,0,0,-0.01623073085029137,0.029061575647286713,0.07173861631488432,,1,17,0,1,17,0
D4-R4_B,later,P1a,vx,18,18,0,0,0,0.014999276530979088,0.020402823781461552,0.043135230102726574,,1,17,0,0,18,0
D4-R4_B,later,P1a,vy,18,18,0,0,0,-0.01977148615824309,0.09111061151492568,0.14596776914599552,,0,18,0,0,18,0
D4-R4_B,later,P1a,r,18,18,0,0,0,0.1259183413319871,0.468836487103744,0.7081939904094808,,2,16,0,1,17,0
D4-R4_B,later,P1a,e_psi,18,18,0,0,0,0.005046675595119756,0.031313482005827585,0.04610335533340493,,1,17,0,1,17,0
D4-R4_B,later,P1a,s_abs,18,18,0,0,0,0.0009118948241990665,0.0017422953192051183,0.003934656910283607,,0,18,0,0,18,0
D4-R4_B,later,P1a,e_y,18,18,0,0,0,0.0002706656841981399,0.009564066157562978,0.013248501684018033,,1,17,0,0,18,0
D4-R4_B,later,P1a,delta,18,18,0,0,0,0.0018727549721223482,0.015229811298155083,0.01870958949818284,,16,2,0,0,2,16
D4-R4_B,later,P1a,a_cmd,18,18,0,0,0,-0.008162855556090025,0.012832893293086914,0.030751756143994946,,3,14,1,3,14,1
D4-R4_B,later,P1b,vx,18,18,0,0,0,0.014999276530979088,0.020402823781461552,0.043135230102726574,,1,17,0,0,18,0
D4-R4_B,later,P1b,vy,18,18,0,0,0,-0.02462383930917159,0.13356884768646324,0.21992534564222216,,0,18,0,0,18,0
D4-R4_B,later,P1b,r,18,18,0,0,0,0.24279290738750398,1.2584132140391855,1.8983826783983004,,1,17,0,1,17,0
D4-R4_B,later,P1b,e_psi,18,18,0,0,0,0.006983639267900256,0.04460216449189303,0.0693951582652712,,0,18,0,0,18,0
D4-R4_B,later,P1b,s_abs,18,18,0,0,0,0.0009118948241990665,0.0017422953192051183,0.003934656910283607,,0,18,0,0,18,0
D4-R4_B,later,P1b,e_y,18,18,0,0,0,-0.00011381989687577519,0.007214655323193479,0.011550887619308225,,0,18,0,0,18,0
D4-R4_B,later,P1b,delta,18,18,0,0,0,0.005486966944651848,0.014730339951827065,0.023547726317435895,,17,1,0,3,1,14
D4-R4_B,later,P1b,a_cmd,18,18,0,0,0,-0.008162855556090025,0.012832893293086914,0.030751756143994946,,3,14,1,3,14,1
D4-R4_B,later,P2,vx,18,18,0,0,0,0.0005859725757295406,0.0008844904227991512,0.0016394550475551384,,17,1,0,0,0,18
D4-R4_B,later,P2,vy,18,18,0,0,0,3.210058503999368e-05,0.0004705864714092836,0.0011794647721112828,,17,1,0,0,0,18
D4-R4_B,later,P2,r,18,18,0,0,0,0.002276001244251346,0.089629628426876,0.10745209965293107,,18,0,0,0,0,18
D4-R4_B,later,P2,e_psi,18,18,0,0,0,-5.974750401291671e-06,0.0014696215195947257,0.0018022878340668846,,18,0,0,0,0,18
D4-R4_B,later,P2,s_abs,18,18,0,0,0,2.1525556682518616e-05,2.999374164620629e-05,6.698015541317659e-05,,17,1,0,0,0,18
D4-R4_B,later,P2,e_y,18,18,0,0,0,-5.847262813780711e-06,0.00013269395472389605,0.00018112616232554557,,18,0,0,0,0,18
D4-R4_B,later,P2,delta,18,18,0,0,0,0.00044951573655929646,0.014668049872313205,0.015000000000000013,,16,2,0,0,0,18
D4-R4_B,later,P2,a_cmd,18,18,0,0,0,0.002043148189093655,0.002718086556866846,0.005898791421672378,,4,13,1,0,0,18
D4-R4_B,after_second,A,vx,17,17,0,0,0,0.0010870544033549792,0.0014852882839851876,0.00272516794618749,,0,0,17,0,17,0
D4-R4_B,after_second,A,vy,17,17,0,0,0,0.00027388308428304365,0.002193432117439428,0.005477564786568662,,0,0,17,0,17,0
D4-R4_B,after_second,A,r,17,17,0,0,0,0.015512596323705915,0.12563226715075823,0.15499415261368354,,0,0,17,0,17,0
D4-R4_B,after_second,A,e_psi,17,17,0,0,0,0.00018294303364136823,0.0025943294699772596,0.0032283989299735083,,0,0,17,0,17,0
D4-R4_B,after_second,A,s_abs,17,17,0,0,0,4.3111884843300845e-05,5.4299323095011015e-05,0.000120278093884707,,0,0,17,0,17,0
D4-R4_B,after_second,A,e_y,17,17,0,0,0,9.941265135244167e-06,0.00024143294038303064,0.00033109583301745016,,0,0,17,0,17,0
D4-R4_B,after_second,A,delta,17,17,0,0,0,0.003193655744025442,0.018837664989663182,0.020000000000000018,,0,0,17,2,15,0
D4-R4_B,after_second,A,a_cmd,17,17,0,0,0,0.0018027093398907239,0.002503242245023463,0.005439735434099369,,0,0,17,12,4,1
D4-R4_B,after_second,P0,vx,17,17,0,0,0,0.02563806303858375,0.03909519599978236,0.08412209027361595,,2,15,0,1,16,0
D4-R4_B,after_second,P0,vy,17,17,0,0,0,-0.03902965327848865,0.19567403804297323,0.27313523700564135,,1,16,0,0,17,0
D4-R4_B,after_second,P0,r,17,17,0,0,0,0.20645113232156154,0.9155232387958686,1.316127040218285,,1,16,0,1,16,0
D4-R4_B,after_second,P0,e_psi,17,17,0,0,0,0.012639581352175563,0.06587451703967065,0.09493601016316999,,0,17,0,0,17,0
D4-R4_B,after_second,P0,s_abs,17,17,0,0,0,0.0016157088334554223,0.0019898113247369988,0.003045140987213202,,0,17,0,0,17,0
D4-R4_B,after_second,P0,e_y,17,17,0,0,0,0.0014701768680569173,0.008805068236860197,0.013398943196878788,,0,17,0,0,17,0
D4-R4_B,after_second,P0,delta,17,17,0,0,0,0.005342043569129599,0.01504816618704331,0.02839649003703746,,16,1,0,4,1,12
D4-R4_B,after_second,P0,a_cmd,17,17,0,0,0,-0.016311472131609935,0.02968619130807708,0.07173861631488432,,1,16,0,1,16,0
D4-R4_B,after_second,P1a,vx,17,17,0,0,0,0.01579204235235936,0.020991085867900692,0.043135230102726574,,1,16,0,0,17,0
D4-R4_B,after_second,P1a,vy,17,17,0,0,0,-0.021972482629601765,0.09365431478062507,0.14596776914599552,,0,17,0,0,17,0
D4-R4_B,after_second,P1a,r,17,17,0,0,0,0.11614009830682209,0.47719690099211576,0.7081939904094808,,2,15,0,1,16,0
D4-R4_B,after_second,P1a,e_psi,17,17,0,0,0,0.0062277529819892655,0.0320143943685896,0.04610335533340493,,1,16,0,1,16,0
D4-R4_B,after_second,P1a,s_abs,17,17,0,0,0,0.0008925771651937008,0.0017673899312281368,0.003934656910283607,,0,17,0,0,17,0
D4-R4_B,after_second,P1a,e_y,17,17,0,0,0,0.0007754109593119572,0.00963275154641108,0.013248501684018033,,1,16,0,0,17,0
D4-R4_B,after_second,P1a,delta,17,17,0,0,0,0.002865269970482484,0.01524322171287449,0.01870958949818284,,15,2,0,0,2,15
D4-R4_B,after_second,P1a,a_cmd,17,17,0,0,0,-0.008584796437886495,0.013202755685957381,0.030751756143994946,,2,14,1,2,14,1
D4-R4_B,after_second,P1b,vx,17,17,0,0,0,0.01579204235235936,0.020991085867900692,0.043135230102726574,,1,16,0,0,17,0
D4-R4_B,after_second,P1b,vy,17,17,0,0,0,-0.030222394505990232,0.1363718832446068,0.21992534564222216,,0,17,0,0,17,0
D4-R4_B,after_second,P1b,r,17,17,0,0,0,0.286463128675589,1.289214710749161,1.8983826783983004,,1,16,0,1,16,0
D4-R4_B,after_second,P1b,e_psi,17,17,0,0,0,0.009247892430876328,0.04525454767772981,0.0693951582652712,,0,17,0,0,17,0
D4-R4_B,after_second,P1b,s_abs,17,17,0,0,0,0.0008925771651937008,0.0017673899312281368,0.003934656910283607,,0,17,0,0,17,0
D4-R4_B,after_second,P1b,e_y,17,17,0,0,0,0.00011303726526410895,0.007361100125199016,0.011550887619308225,,0,17,0,0,17,0
D4-R4_B,after_second,P1b,delta,17,17,0,0,0,0.005000165029741303,0.014785293422040357,0.023547726317435895,,16,1,0,2,1,14
D4-R4_B,after_second,P1b,a_cmd,17,17,0,0,0,-0.008584796437886495,0.013202755685957381,0.030751756143994946,,2,14,1,2,14,1
D4-R4_B,after_second,P2,vx,17,17,0,0,0,0.0006621250216086531,0.0008937587071163327,0.0016394550475551384,,17,0,0,0,0,17
D4-R4_B,after_second,P2,vy,17,17,0,0,0,0.00010336913546065699,0.0003907001361560769,0.0006959001219791761,,17,0,0,0,0,17
D4-R4_B,after_second,P2,r,17,17,0,0,0,0.008563361335018173,0.08866971006302375,0.10745209965293107,,17,0,0,0,0,17
D4-R4_B,after_second,P2,e_psi,17,17,0,0,0,9.969072510844909e-05,0.0014476742394081393,0.0017721104523475972,,17,0,0,0,0,17
D4-R4_B,after_second,P2,s_abs,17,17,0,0,0,2.423985232650782e-05,3.0280280799343723e-05,6.698015541317659e-05,,17,0,0,0,0,17
D4-R4_B,after_second,P2,e_y,17,17,0,0,0,4.4632606869113405e-06,0.00012928119250096867,0.00017091574735312882,,17,0,0,0,0,17
D4-R4_B,after_second,P2,delta,17,17,0,0,0,0.0013583107798863135,0.014648289133226073,0.015000000000000013,,15,2,0,0,0,17
D4-R4_B,after_second,P2,a_cmd,17,17,0,0,0,0.002082476948539077,0.0027769480532856177,0.005898791421672378,,4,12,1,0,0,17
