s_abs,A_clearance,A_ey,A_nominal_ey,A_kind,B_clearance,B_ey,B_nominal_ey,B_kind
1.0,0.4373138184436819,-0.11268618155631815,-0.11268618155631815,recorded_knot,0.4373138184436819,-0.11268618155631815,-0.11268618155631815,recorded_knot
1.026022597904767,0.43821066261433284,-0.11178933738566722,-0.11181195624700732,recorded_knot,0.43821066261433284,-0.11178933738566722,-0.11181195624700732,recorded_knot
1.052069272623353,0.4390866972687969,-0.11091330273120314,-0.1109377309376965,recorded_knot,0.4390866972687969,-0.11091330273120314,-0.1109377309376965,recorded_knot
1.0781396794802087,0.4399461141329595,-0.11005388586704057,-0.11006350562838565,recorded_knot,0.4399461141329595,-0.11005388586704057,-0.11006350562838565,recorded_knot
1.1042334782985987,0.44079290970360385,-0.10920709029639622,-0.10918928031907484,recorded_knot,0.44079290970360385,-0.10920709029639622,-0.10918928031907484,recorded_knot
1.1303503335641003,0.4416308956075807,-0.10836910439241937,-0.108315055009764,recorded_knot,0.4416308956075807,-0.10836910439241937,-0.108315055009764,recorded_knot
1.1564899145174652,0.4424637086302022,-0.10753629136979785,-0.10744082970045317,recorded_knot,0.4424637086302022,-0.10753629136979785,-0.10744082970045317,recorded_knot
1.1826518951849878,0.44329482036641743,-0.10670517963358263,-0.10656660439114235,recorded_knot,0.44329482036641743,-0.10670517963358263,-0.10656660439114235,recorded_knot
1.2088359060856286,0.4441279512897178,-0.10587204871028222,-0.10569237908183152,recorded_knot,0.4441279512897178,-0.10587204871028222,-0.10569237908183152,recorded_knot
1.2350415838635538,0.4449666562226296,-0.10503334377737046,-0.10481815377252068,recorded_knot,0.4449666562226296,-0.10503334377737046,-0.10481815377252068,recorded_knot
1.2612686177935042,0.445813945302147,-0.10418605469785303,-0.10394392846320985,recorded_knot,0.445813945302147,-0.10418605469785303,-0.10394392846320985,recorded_knot
1.2875167003555519,0.446672707657063,-0.10332729234293705,-0.10306970315389903,recorded_knot,0.446672707657063,-0.10332729234293705,-0.10306970315389903,recorded_knot
1.31378552262099,0.44754562411148,-0.10245437588852001,-0.10219547784458821,recorded_knot,0.44754562411148,-0.10245437588852001,-0.10219547784458821,recorded_knot
1.340074778162883,0.44843527107539916,-0.1015647289246009,-0.10132125253527738,recorded_knot,0.44843527107539916,-0.1015647289246009,-0.10132125253527738,recorded_knot
1.3663841677267643,0.44934421601970864,-0.10065578398029137,-0.10044702722596655,recorded_knot,0.44934421601970864,-0.10065578398029137,-0.10044702722596655,recorded_knot
1.39271339481656,0.45027492682446857,-0.09972507317553148,-0.09957280191665571,recorded_knot,0.45027492682446857,-0.09972507317553148,-0.09957280191665571,recorded_knot
1.4190622249496068,0.45122903465416214,-0.09877096534583792,-0.09869857660734489,recorded_knot,0.45122903465416214,-0.09877096534583792,-0.09869857660734489,recorded_knot
1.4454304230216681,0.4522081141590701,-0.09779188584092996,-0.09782435129803405,recorded_knot,0.4522081141590701,-0.09779188584092996,-0.09782435129803405,recorded_knot
1.4718176971911594,0.45321440030812254,-0.09678559969187753,-0.09695012598872321,recorded_knot,0.45321440030812254,-0.09678559969187753,-0.09695012598872321,recorded_knot
1.4982237601733632,0.454250031204814,-0.09574996879518605,-0.0960759006794124,recorded_knot,0.454250031204814,-0.09574996879518605,-0.0960759006794124,recorded_knot
1.5246484270031058,0.4553160926146422,-0.09468390738535787,-0.09520167537010156,recorded_knot,0.4553160926146422,-0.09468390738535787,-0.09520167537010156,recorded_knot
1.5510915125096263,0.45641362691134774,-0.09358637308865231,-0.0940906597349396,recorded_knot,0.45641362691134774,-0.09358637308865231,-0.0940906597349396,recorded_knot
1.5775527378703207,0.4575445612908133,-0.09245543870918678,-0.09297964409977766,recorded_knot,0.4575445612908133,-0.09245543870918678,-0.09297964409977766,recorded_knot
1.6040318312080963,0.4587107265709419,-0.09128927342905814,-0.0918686284646157,recorded_knot,0.4587107265709419,-0.09128927342905814,-0.0918686284646157,recorded_knot
1.6305296442588624,0.4599115357691027,-0.09008846423089736,-0.09075761282945376,recorded_knot,0.4599115357691027,-0.09008846423089736,-0.09075761282945376,recorded_knot
1.6570470245436633,0.46114641750030383,-0.0888535824996962,-0.08964659719429181,recorded_knot,0.46114641750030383,-0.0888535824996962,-0.08964659719429181,recorded_knot
1.683583711038958,0.46241705439290653,-0.08758294560709351,-0.08853558155912986,recorded_knot,0.46241705439290653,-0.08758294560709351,-0.08853558155912986,recorded_knot
1.7101394581323552,0.4637250010656213,-0.08627499893437872,-0.08742456592396791,recorded_knot,0.4637250010656213,-0.08627499893437872,-0.08742456592396791,recorded_knot
1.7367143422795654,0.4650692672259526,-0.08493073277404743,-0.08631355028880597,recorded_knot,0.4650692672259526,-0.08493073277404743,-0.08631355028880597,recorded_knot
1.7633084404604875,0.4664488594571895,-0.08355114054281054,-0.08520253465364402,recorded_knot,0.4664488594571895,-0.08355114054281054,-0.08520253465364402,recorded_knot
1.7899215363532488,0.4678651204909854,-0.08213487950901469,-0.08409151901848208,recorded_knot,0.4678651204909854,-0.08213487950901469,-0.08409151901848208,recorded_knot
1.8165534356305522,0.4693192479131525,-0.08068075208684754,-0.08298050338332014,recorded_knot,0.4693192479131525,-0.08068075208684754,-0.08298050338332014,recorded_knot
1.8432042849676837,0.4708098547585863,-0.07919014524141377,-0.07996305827509605,recorded_knot,0.4708098547585863,-0.07919014524141377,-0.07993524294451433,recorded_knot
1.869874235138001,0.47233553787559474,-0.07766446212440532,-0.07870083248928207,recorded_knot,0.47233553787559474,-0.07766446212440532,-0.07867027005610408,recorded_knot
1.896563135013253,0.4738972437688737,-0.07610275623112635,-0.0774386067034681,recorded_knot,0.4738972437688737,-0.07610275623112635,-0.07740529716769382,recorded_knot
1.9232708602289015,0.4754957641231925,-0.07450423587680757,-0.07617638091765414,recorded_knot,0.4754957641231925,-0.07450423587680757,-0.07614032427928356,recorded_knot
1.9499982156955276,0.4771293446348983,-0.07287065536510175,-0.07491415513184016,recorded_knot,0.47712934480039204,-0.07287065519960799,-0.07487535149454877,linear_progress_interpolation
1.9499982178860658,0.47712934477140734,-0.07287065522859273,-0.07491415502846889,linear_progress_interpolation,0.47712934493427817,-0.0728706550657219,-0.0748753513908733,recorded_knot
1.9767460130003256,0.47879620228497916,-0.07120379771502088,-0.07365192934602618,recorded_knot,0.47879620291756597,-0.07120379708243404,-0.07361037891702998,linear_progress_interpolation
1.9767460217663277,0.47879620284190405,-0.07120379715809602,-0.07365192893267426,linear_progress_interpolation,0.4787962034638421,-0.07120379653615797,-0.07361037850246305,recorded_knot
2.003514180635446,0.4804968472996836,-0.06950315270031641,-0.07238970356021224,recorded_knot,0.4804968486543391,-0.06950315134566093,-0.07234540654655022,linear_progress_interpolation
2.003514200368089,0.48049684857753916,-0.06950315142246087,-0.07238970263044558,linear_progress_interpolation,0.4804968499080011,-0.06950315009199892,-0.0723454056140528,recorded_knot
2.030302676759735,0.4822316290503942,-0.06776837094960589,-0.07112747777439826,recorded_knot,0.4822316313326398,-0.06776836866736025,-0.07108043438296124,linear_progress_interpolation
2.03030271185701,0.48223163136315145,-0.06776836863684861,-0.0711274761219533,linear_progress_interpolation,0.4822316336054865,-0.06776836639451353,-0.07108043272564253,recorded_knot
2.057111851381409,0.48399823668279524,-0.06600176331720481,-0.06986525198858429,recorded_knot,0.4839982400636749,-0.06600175993632511,-0.06981546242545737,linear_progress_interpolation
2.05711190623494,0.48399824035485295,-0.06600175964514711,-0.06986524940800273,linear_progress_interpolation,0.4839982436782856,-0.06600175632171443,-0.06981545983723228,recorded_knot
2.0839420598066734,0.48579433023440394,-0.0642056697655961,-0.06860302620277033,recorded_knot,0.4857943348484331,-0.06420566515156693,-0.06855049067325215,linear_progress_interpolation
2.0839421388023003,0.4857943356053871,-0.06420566439461294,-0.06860302248933785,linear_progress_interpolation,0.48579434013663797,-0.06420565986336209,-0.06855048694882203,recorded_knot
2.1107933135100327,0.487619970931682,-0.062380029068318,-0.06734080041695636,recorded_knot,0.48761997685524117,-0.062380023144758906,-0.0672855191262708,linear_progress_interpolation
2.1107934210418318,0.48761997835495513,-0.06238002164504492,-0.06734079536605991,linear_progress_interpolation,0.48761998416642965,-0.06238001583357037,-0.06728551406041178,recorded_knot
2.137665654099502,0.4894750568165275,-0.06052494318347257,-0.06607857463114239,recorded_knot,0.48947506407084834,-0.060524935929151695,-0.06602054778441752,linear_progress_interpolation
2.137665794569953,0.4894750666450386,-0.06052493335496143,-0.06607856803835604,linear_progress_interpolation,0.48947507376799226,-0.06052492623200778,-0.06602054117200151,recorded_knot
2.1645595069189167,0.4913567801940008,-0.05864321980599922,-0.06483954368468718,recorded_knot,0.491356788771407,-0.058643211228593055,-0.06477941007947713,linear_progress_interpolation
2.1645596846921182,0.49135679277958433,-0.058643207220415716,-0.06483953560327738,linear_progress_interpolation,0.4913568012099464,-0.05864319879005366,-0.06477940198036522,recorded_knot
2.1914752996312727,0.4932623033777858,-0.05673769662221424,-0.06361597596447116,recorded_knot,0.49326231323467196,-0.05673768676532809,-0.06355416190741836,linear_progress_interpolation
2.191475519033081,0.49326231908843393,-0.056737680911566134,-0.06361596599881877,linear_progress_interpolation,0.4932623287673947,-0.05673767123260536,-0.06355415191991155,recorded_knot
2.218413121628195,0.49519123297765505,-0.054808767022345016,-0.06239240824425514,recorded_knot,0.49519124400282355,-0.05480875599717647,-0.06232891392939257,linear_progress_interpolation
2.218413386993052,0.4951912521888643,-0.05480874781113579,-0.062392396200774164,linear_progress_interpolation,0.49519126300474897,-0.05480873699525106,-0.062328901859457886,recorded_knot
2.2453730905466656,0.49714301216193857,-0.052856987838061475,-0.06116884052403912,recorded_knot,0.49714302419197565,-0.05285697580802438,-0.06110366614526946,linear_progress_interpolation
2.2453734062174,0.4971430352236057,-0.05285696477639433,-0.061168826208912876,linear_progress_interpolation,0.49714304704511597,-0.05285695295488409,-0.061103651799004226,recorded_knot
2.2723546563401227,0.4991141796521094,-0.05088582034789065,-0.05994527280382309,recorded_knot,0.4991141924695817,-0.050885807530418305,-0.059878418523175894,linear_progress_interpolation
2.2723550259596745,0.4991142068518053,-0.05088579314819474,-0.05994525605527193,linear_progress_interpolation,0.49911421947255175,-0.05088578052744828,-0.05987840173855056,recorded_knot
2.2993572637808293,0.5011012571957996,-0.04889874280420051,-0.05872170508360707,recorded_knot,0.5011012705169995,-0.04889872948300061,-0.0586531710310472,linear_progress_interpolation
2.2993576902906803,0.501101288795402,-0.04889871120459808,-0.05872168577234385,linear_progress_interpolation,0.5011013019031701,-0.04889869809682993,-0.058653151678096885,recorded_knot
2.326381062266325,0.503103417957857,-0.04689658204214311,-0.057498137363391044,recorded_knot,0.5031034314338356,-0.046896568566164414,-0.057427923668410166,linear_progress_interpolation
2.326381548613415,0.503103454215744,-0.04689654578425604,-0.05749811536024743,linear_progress_interpolation,0.5031034674667139,-0.0468965325332862,-0.057427901617643225,recorded_knot
2.35342622502569,0.505119674406905,-0.044880325593095106,-0.05627456964317502,recorded_knot,0.5051196876592041,-0.044880312340795966,-0.056202676435116755,linear_progress_interpolation
2.3534267741618815,0.5051197155219873,-0.0448802844780127,-0.05627454481944975,linear_progress_interpolation,0.5051197285981105,-0.0448802714018895,-0.05620265155718956,recorded_knot
2.3804932872918334,0.5071462472546613,-0.042853752745338716,-0.04316571527185269,recorded_knot,0.50714625996026,-0.042853740039740115,-0.05497742933890333,linear_progress_interpolation
2.380493902356088,0.5071462934157316,-0.042853706584268424,-0.04316567619736229,linear_progress_interpolation,0.5071463060115188,-0.04285369398848129,-0.043034820150806834,recorded_knot
2.4075827735446693,0.5091793351308417,-0.040820664869158356,-0.04144474406824757,recorded_knot,0.5091793469781579,-0.040820653021842165,-0.0412930459093166,linear_progress_interpolation
2.40758345786302,0.5091793865792855,-0.04082061342071447,-0.04144470063036423,linear_progress_interpolation,0.5091793983367853,-0.04082060166321479,-0.041293001908661565,recorded_knot
2.434694872142323,0.5112176777845637,-0.03878232221543629,-0.039723772864642445,recorded_knot,0.5112176883825711,-0.03878231161742898,-0.03955123229362684,linear_progress_interpolation
2.434695629044802,0.5112177347492337,-0.038782265250766314,-0.039723724859800844,linear_progress_interpolation,0.5112177452880048,-0.038782254711995263,-0.0395511836665163,recorded_knot
2.4618297886742617,0.5132598583930226,-0.03674014160697751,-0.038002801661037325,recorded_knot,0.513259867330604,-0.03674013266939606,-0.037809418883795236,linear_progress_interpolation
2.461830621494264,0.5132599210051895,-0.03674007899481058,-0.03800274888671587,linear_progress_interpolation,0.5132599300087967,-0.036740069991203425,-0.03780936542437102,recorded_knot
2.4889880581190043,0.5153016418461274,-0.03469835815387264,-0.0362818304574322,recorded_knot,0.5153016481965483,-0.03469835180345166,-0.03606760510182452,linear_progress_interpolation
2.4889889611983844,0.5153017095264617,-0.0346982904735383,-0.03628177328114744,linear_progress_interpolation,0.5153017160907911,-0.034698283909208885,-0.036067547182225754,recorded_knot
2.516170195164225,0.5173387785185737,-0.0326612214814264,-0.03456085925382708,recorded_knot,0.5173387808708669,-0.03266121912913313,-0.03432579037107648,linear_progress_interpolation
2.5161711538343816,0.5173388500789933,-0.03266114992100676,-0.034560798611628876,linear_progress_interpolation,0.517338852717245,-0.03266114728275507,-0.034325728940080485,recorded_knot
2.5433763945212755,0.5193695990563661,-0.030630400943633857,-0.03283988805022196,recorded_knot,0.5193695960519062,-0.030630403948093764,-0.032583974692949144,linear_progress_interpolation
2.543377394088097,0.5193696733044547,-0.030630326695545305,-0.03283982487738475,linear_progress_interpolation,0.5193696706648708,-0.03063032933512918,-0.03258391069793523,recorded_knot
2.5706068592512357,0.5213922851974514,-0.02860771480254863,-0.031118916846616843,recorded_knot,0.521392275612993,-0.028607724387007063,-0.030842158068258612,linear_progress_interpolation
2.5706078849953045,0.5213923608399446,-0.02860763916005546,-0.031118852078323444,linear_progress_interpolation,0.5213923518052728,-0.028607648194727244,-0.03084209245578996,recorded_knot
2.5978621088808125,0.523402196925677,-0.026597803074323047,-0.02939794564301172,recorded_knot,0.5234021797472315,-0.02659782025276857,-0.029100340517628817,linear_progress_interpolation
2.5978631463785113,0.5234022727016173,-0.02659772729838268,-0.029397880193251725,linear_progress_interpolation,0.5234022562561745,-0.026597743743825456,-0.02910027421364469,recorded_knot
2.6251426315806303,0.5253946902714822,-0.024605309728517842,-0.027676974439406594,recorded_knot,0.5253946645828661,-0.024605335417133976,-0.027358522062529984,linear_progress_interpolation
2.6251436667045365,0.5253947650659735,-0.02460523493402656,-0.0276769092002185,linear_progress_interpolation,0.5253947401850805,-0.024605259814919546,-0.02735845597149942,recorded_knot
2.652448588117859,0.5273677247227628,-0.022632275277237268,-0.025956003235801474,recorded_knot,0.5273676896190809,-0.022632310380919164,-0.02561670270475727,linear_progress_interpolation
2.6524496067169396,0.527367797447943,-0.022632202552056987,-0.025955939098210916,linear_progress_interpolation,0.5273677632191638,-0.022632236780836264,-0.02561663772935415,recorded_knot
2.6797801369088496,0.5293191223343721,-0.02068087766562797,-0.02423503203219635,recorded_knot,0.5293190770180713,-0.020680922981928734,-0.023874882445423812,linear_progress_interpolation
2.679781124809624,0.5293191918394751,-0.020680808160524946,-0.024234969886718916,linear_progress_interpolation,0.529319147551076,-0.020680852448924078,-0.023874819487208883,recorded_knot
2.7071376994414647,0.5312439008661075,-0.018756099133892527,-0.022514060828591226,recorded_knot,0.5312438447113196,-0.018756155288680486,-0.022133061314111437,linear_progress_interpolation
2.7071386429038897,0.5312439660922921,-0.018756033907707977,-0.02251400153577919,linear_progress_interpolation,0.5312439110894928,-0.01875608891050724,-0.02213300124506361,recorded_knot
2.734521653911452,0.5331370879401932,-0.016862912059806865,-0.020793089624986102,recorded_knot,0.5331370203696467,-0.016862979630353308,-0.020391239341183132,linear_progress_interpolation
2.7345225396302872,0.5331371480180828,-0.016862851981917282,-0.020793034014886427,linear_progress_interpolation,0.5331370816033272,-0.016862918396672835,-0.020391183002918343,recorded_knot
2.7619320814928137,0.5349963242760385,-0.015003675723961496,-0.019072118421380978,recorded_knot,0.5349962446851521,-0.015003755314847985,-0.0186494165286197,linear_progress_interpolation
2.7619328961444793,0.5349963783982867,-0.015003621601713361,-0.01907206732272925,linear_progress_interpolation,0.5349962999421976,-0.0150037000578025,-0.01864936476077307,recorded_knot
2.7893690492036747,0.5368191283493209,-0.013180871650679151,-0.01735114721777585,recorded_knot,0.5368190361938417,-0.013180963806158314,-0.016907592877845795,linear_progress_interpolation
2.7893697794477514,0.5368191757085097,-0.013180824291490315,-0.017351101458263952,linear_progress_interpolation,0.5368190847080174,-0.01318091529198257,-0.0169075465186278,recorded_knot
2.8168328261467552,0.5386002618631306,-0.011399738136869503,-0.01563017601417073,recorded_knot,0.5386001566866258,-0.011399843313374304,-0.015165768418466574,linear_progress_interpolation
2.81683345907536,0.5386003017912763,-0.011399698208723745,-0.015630136391755433,linear_progress_interpolation,0.5386001977341983,-0.01139980226580174,-0.015165728276482531,recorded_knot
2.844323626349827,0.5403345122500948,-0.009665487749905242,-0.013909204810565604,recorded_knot,0.5403343935776355,-0.009665606422364586,-0.013423943180593844,linear_progress_interpolation
2.8443241494890708,0.5403345442788717,-0.009665455721128268,-0.013909172093258619,linear_progress_interpolation,0.5403344265794682,-0.009665573420531847,-0.01342391003433726,recorded_knot
2.8718414038637055,0.542019265915671,-0.007980734084329038,-0.012188233606960482,recorded_knot,0.5420191332200505,-0.007980866779949554,-0.011682117166135065,linear_progress_interpolation
2.8718418047272403,0.54201928967436,-0.007980710325640048,-0.012188208561306195,linear_progress_interpolation,0.5420191577623776,-0.007980842237622406,-0.011682091792191991,recorded_knot
2.8993860865587924,0.5436518054026377,-0.0063481945973623026,-0.010467262403355356,recorded_knot,0.5436516581631955,-0.006348341836804563,-0.009940290376646446,linear_progress_interpolation
2.899386352649175,0.543651820602096,-0.006348179397903988,-0.010467245794489393,linear_progress_interpolation,0.5436516739338974,-0.006348326066102718,-0.009940273550046721,recorded_knot
2.9269577393853283,0.5452267371369679,-0.0047732628630321045,-0.005065907083497141,recorded_knot,0.5452265748132914,-0.004773425186708676,-0.00819846284139921,linear_progress_interpolation
2.92695785863421,0.545226743669942,-0.004773256330058088,-0.0050659023901123345,linear_progress_interpolation,0.5452265816248881,-0.004773418375111902,-0.004944334122465031,recorded_knot
2.954556322360443,0.5467387079213425,-0.0032612920786575256,-0.0039796849918001045,linear_progress_interpolation,0.546738529887323,-0.0032614701126770307,-0.0038445176026842913,recorded_knot
2.954556361591192,0.5467387100705741,-0.003261289929425944,-0.003979683447760465,recorded_knot,0.5467385319410739,-0.0032614680589261188,-0.0038445160408269465,linear_progress_interpolation
2.9821815251121926,0.5481849186143732,-0.0018150813856268229,-0.0028934680438624343,linear_progress_interpolation,0.5481847241857903,-0.0018152758142097015,-0.0027447010829035516,recorded_knot
2.982181734468355,0.548184929574405,-0.0018150704255950076,-0.0028934598120237904,recorded_knot,0.548184734615579,-0.0018152653844209629,-0.0027446927559838154,linear_progress_interpolation
3.0098332106824692,0.5495624984301081,-0.0004375015698919553,-0.0018072515408575937,linear_progress_interpolation,0.5495622868767699,-0.00043771312323018924,-0.0016448845631228124,recorded_knot
3.009833601816533,0.5495625179160155,-0.0004374820839845655,-0.001807236176287115,recorded_knot,0.5495623053687554,-0.00043769463124467483,-0.0016448690203259156,linear_progress_interpolation
3.0375100636697536,0.5491289811266685,0.0008710188733315649,-0.0007210352790485417,linear_progress_interpolation,0.5491292104590866,0.0008707895409134478,-0.0005450680433420718,recorded_knot
3.037510643048004,0.5491289537345474,0.0008710462654526799,-0.0007210125405504391,recorded_knot,0.5491291845471196,0.0008708154528805188,-0.0005450450399544465,linear_progress_interpolation
3.0652107563283315,0.5478900839409407,0.0021099160590593215,0.0003651809447210927,linear_progress_interpolation,0.5478903316511831,0.0021096683488169964,0.000554748476438667,recorded_knot
3.0652115252256884,0.5478900495524998,0.002109950447500271,0.0003652110951862359,recorded_knot,0.547890299309092,0.0021097006909080213,0.0005547789785356693,linear_progress_interpolation
3.092934949028712,0.5467239035195087,0.0032760964804912675,0.0014513971308869598,linear_progress_interpolation,0.5467241703217567,0.0032758296782434055,0.0016545649962194072,recorded_knot
3.092935908718579,0.5467238631515319,0.003276136848468141,0.0014514347309229113,recorded_knot,0.5467241326081937,0.003275867391806328,0.001654603035325661,linear_progress_interpolation
3.12068225629346,0.5456334794845014,0.0043665205154987275,0.0025376132792505595,linear_progress_interpolation,0.5456337661664352,0.004366233833564852,0.0027543815160001464,recorded_knot
3.12068340804786,0.5456334342225373,0.004366565777462763,0.0025376583666595867,recorded_knot,0.5456337241013607,0.004366275898639401,0.0027544271307771754,linear_progress_interpolation
3.148452172059142,0.5446192291242502,0.005380770875749894,0.00362382939960449,linear_progress_interpolation,0.5446195364165578,0.0053804635834422705,0.0038541980357808875,recorded_knot
3.1484535168883325,0.5446191800067374,0.005380819993262684,0.003623882002396263,recorded_knot,0.5446194910472387,0.005380508952761327,0.003854251254877479,linear_progress_interpolation
3.1762441763399245,0.5436816133733086,0.006318386626691461,0.004710045501811698,linear_progress_interpolation,0.5436819420230233,0.0063180579769766786,0.004954014555561627,recorded_knot
3.1762457149922776,0.5436815614641731,0.006318438535826946,0.004710105638132938,recorded_knot,0.5436818945581291,0.0063181054418709045,0.004954075397522632,linear_progress_interpolation
3.204057797863009,0.5428235866248371,0.007176413375162931,0.0057962615856746984,linear_progress_interpolation,0.5428239375485335,0.007176062451466544,0.006053831075342365,recorded_knot
3.2040595310852877,0.5428235331566696,0.00717646684333045,0.005796329273869613,recorded_knot,0.5428238892533631,0.007176110746636944,0.006053899559088555,linear_progress_interpolation
3.231892526544242,0.5420479658235363,0.007952034176463691,0.006882477650817149,linear_progress_interpolation,0.5420483399917126,0.007951660008287443,0.007153647595123104,recorded_knot
3.23189445508143,0.5420479120847842,0.007952087915215804,0.00688255290960629,recorded_knot,0.5420482920085803,0.007951707991419723,0.0071537237399328605,linear_progress_interpolation
3.2597478336230328,0.5413548854335309,0.008645114566469096,0.00796869370395545,linear_progress_interpolation,0.5413552836727745,0.008644716327225528,0.008253464114903833,recorded_knot
3.259749958036863,0.5413548325754763,0.008645167424523655,0.007968776545342953,recorded_knot,0.541355237153741,0.008644762846259056,0.008253547933236929,linear_progress_interpolation
3.2876231842657426,0.5407444642203175,0.00925553577968257,0.009054909751812893,linear_progress_interpolation,0.5407448873588756,0.009255112641124469,0.009353280634684573,recorded_knot
3.28762550493451,0.5407444134022755,0.009255586597724472,0.009055000181079628,recorded_knot,0.5407448436666991,0.009255156333300986,0.009353372132286304,linear_progress_interpolation
3.315518012098216,0.5402192509845436,0.009780749015456487,0.010141125793949995,linear_progress_interpolation,0.5402197000685995,0.009780299931400541,0.010453097154465312,recorded_knot
3.3155205293977517,0.540219203588621,0.009780796411379071,0.010141223816816302,recorded_knot,0.5402196606041885,0.00978033939581155,0.010453196337522588,linear_progress_interpolation
3.343431727306642,0.539781612818552,0.010218387181448055,0.011227341829936711,linear_progress_interpolation,0.539782088924515,0.010217911075485081,0.011552913674246053,recorded_knot
3.3434344416099777,0.5397815702638007,0.010218429736199406,0.011227447452552981,recorded_knot,0.5397820548770199,0.010217945122980085,0.011553020549021216,linear_progress_interpolation
3.371363815528135,0.5394312123106421,0.010568787689357987,0.01231355786658222,linear_progress_interpolation,0.539431716281344,0.010568283718655983,0.012652730194026792,recorded_knot
3.371366727028993,0.5394311757875362,0.010568824212463886,0.012313671088289655,recorded_knot,0.539431688831141,0.010568311168859089,0.012652844760113578,linear_progress_interpolation
3.3993137685282098,0.5391676659604585,0.010832334039541569,0.013399773910467996,linear_progress_interpolation,0.5391681986236146,0.01083180137638539,0.013752546713807531,recorded_knot
3.39931687724081,0.5391676366487218,0.010832363351278188,0.013399894724026331,recorded_knot,0.5391681792097119,0.010831820790288106,0.013752668964571581,linear_progress_interpolation
3.4272809841079823,0.538992980981521,0.011007019018479034,0.014485989960876423,linear_progress_interpolation,0.5389935434295393,0.011006456570460715,0.01485236323358827,recorded_knot
3.427284290042917,0.5389929603336142,0.011007039666385813,0.014486118359763007,recorded_knot,0.538993533507602,0.011006466492398028,0.01485249316278657,linear_progress_interpolation
3.4552648545706175,0.5389089635062777,0.011091036493722325,0.01557220601743392,linear_progress_interpolation,0.5389095568375449,0.011090443162455147,0.015952179753369013,recorded_knot
3.455268357734489,0.5389089529898834,0.01109104701011668,0.015572341995499681,recorded_knot,0.5389095575606266,0.011090442439373441,0.015952317354310273,linear_progress_interpolation
3.4832649355425014,0.5389147112944264,0.011085288705573643,0.016658422087314502,linear_progress_interpolation,0.5389153362835168,0.01108466371648322,0.01121884050303776,recorded_knot
3.4832686357655396,0.5389147120554841,0.011085287944515942,0.011349502403065589,recorded_knot,0.5389153487757757,0.011084651224224256,0.011218796316878422,linear_progress_interpolation
3.511280801265757,0.5390092627737915,0.010990737226208597,0.011035531329608632,linear_progress_interpolation,0.5390099201629506,0.010990079837049489,0.010884289451911935,recorded_knot
3.5112846982016883,0.5390092759272941,0.010990724072706006,0.011035487651259042,recorded_knot,0.5390099458538714,0.010990054146128584,0.010884242941958933,linear_progress_interpolation
3.539311876935753,0.5391940268530909,0.010805973146909086,0.01072151875380775,linear_progress_interpolation,0.5391947176963493,0.010805282303650725,0.01054973840078611,recorded_knot
3.5393159702335955,0.5391940538354916,0.010805946164508426,0.010721472899452494,recorded_knot,0.5391947580099721,0.010805241990028004,0.010549689572765912,linear_progress_interpolation
3.567357599251626,0.5394702059954612,0.010529794004538849,0.01040750617262545,linear_progress_interpolation,0.5394709313294396,0.0105290686705605,0.010215187349660286,recorded_knot
3.5673618885553764,0.5394702482362488,0.010529751763751245,0.010407458147645947,recorded_knot,0.5394709872791497,0.010529012720850408,0.01021513620667581,linear_progress_interpolation
3.595416014165309,0.5398361658613053,0.010163834138694653,0.010093493719550092,linear_progress_interpolation,0.5398369255027229,0.010163074497277118,0.009880636298534466,recorded_knot
3.5954205108138924,0.5398362245123214,0.010163775487678642,0.010093443395839405,recorded_knot,0.5398369982445829,0.010163001755417147,0.009880582703867604,linear_progress_interpolation
3.623485197130304,0.540290204976762,0.009709795023238071,0.009779481525632353,linear_progress_interpolation,0.5402909980278402,0.009709001972159887,0.009546085247408643,recorded_knot
3.6234899241549607,0.54029028144214,0.009709718557860023,0.009779428644032856,recorded_knot,0.5402910894296588,0.009708910570341267,0.009546028927555746,linear_progress_interpolation
3.6515646573255243,0.5408331167400198,0.00916688325998024,0.00946546958820018,linear_progress_interpolation,0.5408339428851658,0.009166057114834206,0.009211534196282817,recorded_knot
3.6515696377507614,0.5408332130383746,0.00916678696162539,0.00946541389222631,recorded_knot,0.5408340550156274,0.009165944984372619,0.009211474878031211,linear_progress_interpolation
3.679653929227839,0.5414654922279901,0.00853450777200997,0.009151457907027701,linear_progress_interpolation,0.5414663513390837,0.008533648660916318,0.008876983145156992,recorded_knot
3.6796591860747356,0.5414656105786666,0.00853438942133346,0.009151399140419764,recorded_knot,0.5414664859910281,0.008533514008971989,0.008876920556127571,linear_progress_interpolation
3.7077528416256507,0.5421852016871396,0.007814798312860492,0.008837446479441617,linear_progress_interpolation,0.5421860932799174,0.007813906720082657,0.008542432094031169,recorded_knot
3.7077583977446547,0.5421853440016143,0.007814655998385765,0.008837384388613215,recorded_knot,0.5421862523796009,0.007813747620399122,0.0085423659641813,linear_progress_interpolation
3.7358612594822893,0.5429900552229939,0.0070099447770061,0.008523435303292033,linear_progress_interpolation,0.5429909789172601,0.00700902108273988,0.008207881042905343,recorded_knot
3.7358671375569363,0.5429902235386862,0.007009776461313814,0.00852336963680667,recorded_knot,0.5429911650225487,0.007008834977451286,0.008207811103830365,linear_progress_interpolation
3.7639788182612874,0.5438802507511863,0.006119749248813806,0.008209424379020815,linear_progress_interpolation,0.5438812068754518,0.006118793124548237,0.00787332999177952,recorded_knot
3.7639850409821984,0.5438804477650541,0.006119552234945983,0.008209354885000122,recorded_knot,0.5438814227118477,0.0061185772881523865,0.007873255975199077,linear_progress_interpolation
3.7921051895309965,0.5448557869245313,0.005144213075468796,0.007895413706550489,linear_progress_interpolation,0.5448567760340307,0.005143223965969371,0.007538778940653695,recorded_knot
3.7921117795990336,0.5448560154991211,0.005143984500878979,0.007895340133193575,recorded_knot,0.5448570238888248,0.005142976111175175,0.007538700579287949,linear_progress_interpolation
3.8202404085619333,0.5459139293866252,0.004086070613374829,0.00758140328105634,linear_progress_interpolation,0.5459149515920627,0.004085048407937311,0.007204227889527871,recorded_knot
3.8202473883442667,0.545914191895284,0.004085808104716052,0.007581325381387029,recorded_knot,0.5459152338146135,0.004084766185386523,0.007204144920450689,linear_progress_interpolation
3.8483845508795524,0.547051884506062,0.0029481154939380175,0.0072673930984856645,linear_progress_interpolation,0.547052940035707,0.0029470599642930154,0.006869676838402047,recorded_knot
3.8483919424130635,0.5470521833739044,0.00294781662609563,0.0072673106295804805,recorded_knot,0.5470532596678382,0.0029467403321618165,0.006869589002015036,linear_progress_interpolation
3.8765374085919078,0.5482692643188173,0.0017307356811827126,0.006953383159665557,linear_progress_interpolation,0.5482703542429888,0.0017296457570113199,0.006535125787276223,recorded_knot
3.876545233932995,0.5482696027063027,0.0017303972936973514,0.006953295877773933,recorded_knot,0.548270714439891,0.0017292855601091,0.006535032824024864,linear_progress_interpolation
3.9046988169745305,0.5495654854903053,0.00043451450969481586,0.006639373464577996,linear_progress_interpolation,0.5495666111024202,0.00043338889757978897,0.006200574736150398,recorded_knot
3.904707098201459,0.5495658666673437,0.0004341333326563048,0.006639281125967387,recorded_knot,0.5495670143601967,0.00043298563980336766,0.006200476387739285,linear_progress_interpolation
3.932869004395009,0.5490627919193697,-0.0009372080806303853,0.006325364008146071,linear_progress_interpolation,0.5490616299494867,-0.0009383700505132932,0.005866023685024573,recorded_knot
3.932877763264715,0.5490623654070207,-0.0009376345929793305,0.006325266374160839,recorded_knot,0.5490611811575502,-0.0009388188424497944,0.005865919697495505,linear_progress_interpolation
3.9610482398581293,0.5476189653723573,-0.0023810346276427197,0.006011354786316655,linear_progress_interpolation,0.5476177662916001,-0.0023822337084000045,0.005531472633898749,recorded_knot
3.961057497808774,0.5476184910131027,-0.002381508986897426,0.006011251622354293,recorded_knot,0.5476172687130472,-0.0023827312869528737,0.005531362756294,linear_progress_interpolation
3.989236487377947,0.5461039964189331,-0.0038960035810669336,0.005697345800198731,linear_progress_interpolation,0.5461027584948425,-0.0038972415051576233,0.005196921582772925,recorded_knot
3.9892462658760897,0.5461034708684147,-0.0038965291315853426,0.005697236870547746,recorded_knot,0.5461022088348166,-0.003897791165183382,0.005196805564206219,linear_progress_interpolation
4.017433757219592,0.5445190379472954,-0.005480962052704618,0.005383337049729238,linear_progress_interpolation,0.5445177592606856,-0.005482240739314502,0.004862370531647101,recorded_knot
4.01744407776142,0.5445184578245014,-0.0054815421754986545,0.005383222118741199,recorded_knot,0.5445171551585857,-0.005482844841414371,0.00486224812289332,linear_progress_interpolation
4.04564046637926,0.5428680295964506,-0.007131970403549396,0.005069328529473679,linear_progress_interpolation,0.5428667091008416,-0.007133290899158454,-0.0069978376782277195,recorded_knot
4.045651350150554,0.5428673925331865,-0.007132607466813586,-0.0068665717154043,recorded_knot,0.5428660483174809,-0.007133951682519141,-0.0069984824639512,linear_progress_interpolation
4.073857068922665,0.5411549657783623,-0.008845034221637713,-0.008508917858123754,linear_progress_interpolation,0.541153602407199,-0.008846397592801088,-0.008669469872031143,recorded_knot
4.073868536800279,0.5411542695401064,-0.008845730459893703,-0.008509585603013244,recorded_knot,0.5411528818137361,-0.008847118186263972,-0.008670149020504754,linear_progress_interpolation
4.1020837000041865,0.5393813674132752,-0.010618632586724797,-0.010151896767491574,linear_progress_interpolation,0.5393799589727576,-0.010620041027242493,-0.010341102065834565,recorded_knot
4.102095772897708,0.5393806088120067,-0.010619391187993424,-0.010152599490622187,recorded_knot,0.5393791754840483,-0.010620824515951718,-0.0103418167859494,linear_progress_interpolation
4.130320539940988,0.5375489423081352,-0.012451057691864874,-0.011794874487927078,linear_progress_interpolation,0.5375474864809258,-0.012452513519074296,-0.012012734259637987,recorded_knot
4.130333238792725,0.5375481182070424,-0.012451881792957689,-0.01179561337823113,recorded_knot,0.5375466383384524,-0.012453361661547641,-0.012013485799835145,linear_progress_interpolation
4.15856628044656,0.535662486155013,-0.014337513844987028,-0.013437849216911634,linear_progress_interpolation,0.5356609842435969,-0.014339015756403126,-0.013684366453441375,recorded_knot
4.158579656532556,0.5356615927912446,-0.014338407208755422,-0.013438627265840039,recorded_knot,0.5356600678216115,-0.014339932178388557,-0.013685157860032484,linear_progress_interpolation
4.186819641272626,0.5337268355042174,-0.01627316449578262,-0.015080819187569428,linear_progress_interpolation,0.533725290870309,-0.01627470912969108,-0.015355998647244795,recorded_knot
4.186833776224569,0.5337258671006745,-0.01627413289932552,-0.015081641153448979,recorded_knot,0.5337242991470726,-0.016275700852927392,-0.015356834718757924,linear_progress_interpolation
4.215080908825263,0.5317440362570329,-0.018255963742967084,-0.01672378444118934,linear_progress_interpolation,0.5317424503320198,-0.01825754966798017,-0.01702763084104822,recorded_knot
4.215095884345435,0.531742985568165,-0.01825701443183505,-0.016724655041057922,recorded_knot,0.5317413761420758,-0.018258623857924216,-0.017028516373570314,linear_progress_interpolation
4.2433504088304135,0.5297163132702997,-0.020283686729700358,-0.018366744980091457,linear_progress_interpolation,0.5297146868699821,-0.020285313130017964,-0.01869926303485164,recorded_knot
4.243366306697531,0.5297151729302136,-0.02028482706978642,-0.018367668928666866,recorded_knot,0.52971352448156,-0.020286475518440077,-0.018700202810368487,linear_progress_interpolation
4.2716288498097414,0.5276487452408695,-0.022351254759130558,-0.02000970083295983,linear_progress_interpolation,0.5276470804328347,-0.022352919567165376,-0.020370895228655064,recorded_knot
4.271645751640778,0.5276475094564067,-0.02235249054359329,-0.02001068281627581,recorded_knot,0.5276458243135956,-0.022354175686404396,-0.020371894010382884,linear_progress_interpolation
4.299916957319434,0.5255464511486297,-0.024453548851370254,-0.021652652018242253,linear_progress_interpolation,0.525544749862813,-0.024455250137187124,-0.022042527422458484,recorded_knot
4.299934944576828,0.5255451143723702,-0.024454885627629847,-0.02165369670388475,recorded_knot,0.52554339310072,-0.02445660689928005,-0.022043589967144745,linear_progress_interpolation
4.3282151351998595,0.5234119825455856,-0.02658801745441442,-0.02329559852763317,linear_progress_interpolation,0.5234102446291089,-0.026589755370891116,-0.023714159616261908,recorded_knot
4.32823428943765,0.5234105377705205,-0.026589462229479534,-0.023296710591493696,recorded_knot,0.5234087804512356,-0.026591219548764443,-0.023715290677064123,linear_progress_interpolation
4.356523817170089,0.5212480628586774,-0.02875193714132259,-0.024938540364973692,linear_progress_interpolation,0.5212462876908489,-0.028753712309151185,-0.025385791810065332,recorded_knot
4.356544220034034,0.5212465032468724,-0.02875349675312764,-0.02493972447910264,recorded_knot,0.5212447114968253,-0.028755288503174815,-0.02538699612095859,linear_progress_interpolation
4.384843816936838,0.5190602778442832,-0.030939722155716783,-0.02658147759109416,linear_progress_interpolation,0.5190584666819029,-0.030941533318097156,-0.027057424003868753,recorded_knot
4.384865549462574,0.5190585989440506,-0.030941401055949478,-0.02658273836671158,recorded_knot,0.5190567744893443,-0.03094322551065578,-0.027058706250774143,linear_progress_interpolation
4.413175949788107,0.5168542447040122,-0.03314575529598785,-0.028224410253518885,linear_progress_interpolation,0.5168523989213293,-0.03314760107867079,-0.028729056197672177,recorded_knot
4.4131990924028015,0.5168524427329966,-0.033147557267003504,-0.028225752254320523,recorded_knot,0.5168505853031904,-0.03314941469680967,-0.02873042103444651,linear_progress_interpolation
4.441520687049222,0.5146329871783125,-0.035367012821687506,-0.029867338342609583,linear_progress_interpolation,0.5146311058515347,-0.03536889414846532,-0.030400688391475597,recorded_knot
4.44154532027063,0.5146310567665272,-0.03536894323347283,-0.029868766141929466,recorded_knot,0.514629165850804,-0.035370834149196034,-0.030402140466154637,linear_progress_interpolation
4.469878516393183,0.5123996899012804,-0.03760031009871963,-0.03151026186467871,linear_progress_interpolation,0.512397771902374,-0.03760222809762608,-0.03207232058527902,recorded_knot
4.4699047208249825,0.5123976261841979,-0.037602373815802136,-0.03151178002953841,recorded_knot,0.5123957036296171,-0.037604296370383,-0.03207386452182199,linear_progress_interpolation
4.498250260047715,0.5101603898238669,-0.039839610176133175,-0.033153180885468356,linear_progress_interpolation,0.5101584367809051,-0.039841563219094885,-0.033743952779082445,recorded_knot
4.498278115676375,0.5101581912548155,-0.03984180874518447,-0.03315479391714736,recorded_knot,0.5101562393760302,-0.0398437606239699,-0.03374559315131347,linear_progress_interpolation
4.526636723050186,0.5079211427491198,-0.04207885725088028,-0.034796095454686975,linear_progress_interpolation,0.5079191567794322,-0.04208084322056787,-0.03541558497288587,recorded_knot
4.5266663092427235,0.5079188088634344,-0.04208119113656561,-0.0347978078047563,recorded_knot,0.5079168277519404,-0.042083172248059686,-0.03541732632315173,linear_progress_interpolation
4.555038379458891,0.5056853953968988,-0.04431460460310121,-0.03643900556239456,linear_progress_interpolation,0.5056833760683888,-0.044316623931611336,-0.03708721716668929,recorded_knot
4.555069775655242,0.5056829239280496,-0.044317076071950484,-0.03644082169236524,recorded_knot,0.5056809137548214,-0.044319086245178684,-0.03708906402932958,linear_progress_interpolation
4.583455702674227,0.5034567399620556,-0.046543260037944414,-0.03808191121717256,linear_progress_interpolation,0.5034546869712049,-0.04654531302879511,-0.03875884936049271,recorded_knot
4.583488988379376,0.5034541295099451,-0.046545870490055034,-0.03808383557997418,recorded_knot,0.5034520937800951,-0.04654790621990491,-0.038760806241894215,linear_progress_interpolation
4.611889442336339,0.5012415813527022,-0.04875841864729779,-0.039724812487892586,linear_progress_interpolation,0.5012394981812752,-0.04876050181872485,-0.048619400020798655,recorded_knot
4.611924696426529,0.50123883486941,-0.04876116513059006,-0.04848372990449757,recorded_knot,0.5012367779622812,-0.04876322203771893,-0.048621512622013634,linear_progress_interpolation
4.6403403098819185,0.4990463273992341,-0.05095367260076593,-0.05016471078024315,linear_progress_interpolation,0.4990442184313815,-0.05095578156861851,-0.05032431814573851,recorded_knot
4.640377610600165,0.49904344932998085,-0.05095655067001919,-0.050166917376772265,recorded_knot,0.49904137313268676,-0.05095862686731328,-0.05032655201484374,linear_progress_interpolation
4.668808706021758,0.4968747824783978,-0.053125217521602285,-0.05184777399132248,linear_progress_interpolation,0.49687264924487795,-0.05312735075512211,-0.052029236270678375,recorded_knot
4.6688481316561665,0.49687177517019604,-0.05312822482980399,-0.051850104849046966,recorded_knot,0.4968696820041288,-0.05313031799587125,-0.05203159591254494,linear_progress_interpolation
4.697295011356084,0.49473087661065623,-0.055269123389343824,-0.053530832761196495,linear_progress_interpolation,0.4947287211319085,-0.0552712788680915,-0.05373415439561824,recorded_knot
4.697336640230389,0.4947277436414879,-0.05527225635851215,-0.05353329232132167,recorded_knot,0.49472564023816545,-0.05527435976183456,-0.05373664431852676,linear_progress_interpolation
4.725799436967033,0.49262132060605746,-0.05737867939394259,-0.055213888178141726,linear_progress_interpolation,0.4926191491586013,-0.057380850841398795,-0.0554390725205581,recorded_knot
4.725843328913812,0.49261807233047084,-0.05738192766952918,-0.05521647979359637,recorded_knot,0.4926159660256946,-0.05738403397430545,-0.05544169612158632,linear_progress_interpolation
4.754322133367077,0.490552805829804,-0.05944719417019605,-0.05689694133830933,linear_progress_interpolation,0.4905506254279507,-0.05944937457204933,-0.057143990645497966,recorded_knot
4.754368329698215,0.49054945569847,-0.05945054430153004,-0.05689966726587106,recorded_knot,0.490547350383036,-0.05945264961696408,-0.057146750197690194,linear_progress_interpolation
4.78286334468592,0.48852940891735175,-0.0614705910826483,-0.05857999226046652,linear_progress_interpolation,0.4885272234242107,-0.06147277657578937,-0.058848908770437816,recorded_knot
4.782911886690969,0.4885259677147031,-0.06147403228529695,-0.05858285473814577,recorded_knot,0.4885238681359563,-0.0614761318640438,-0.058851806541723235,linear_progress_interpolation
4.81142327439686,0.48655530875432523,-0.06344469124567483,-0.06026304095003572,linear_progress_interpolation,0.486553122918697,-0.06344687708130305,-0.06055382689537769,recorded_knot
4.811474203334278,0.48655178863219367,-0.06344821136780636,-0.060266042210420465,recorded_knot,0.48654970499185074,-0.06345029500814932,-0.06055686513507487,linear_progress_interpolation
4.840002213895151,0.48463731770634266,-0.06536268229365737,-0.06194608749644451,linear_progress_interpolation,0.4846351421104876,-0.06536485788951246,-0.062258745020317544,recorded_knot
4.840055569791738,0.4846337370741594,-0.06536626292584063,-0.06194922968269516,recorded_knot,0.48463168106185844,-0.06536831893814159,-0.06226192590458056,linear_progress_interpolation
4.86860037328799,0.4827822123232819,-0.06721778767671815,-0.06362913197184539,linear_progress_interpolation,0.4827800590420119,-0.06721994095798817,-0.06396366314525741,recorded_knot
4.868656194931512,0.48277859151872354,-0.06722140848127652,-0.06363241715496985,recorded_knot,0.48277657147951886,-0.06722342852048117,-0.0639669887927204,linear_progress_interpolation
4.897217757681505,0.48099425653463507,-0.06900574346536498,-0.06531217436240624,linear_progress_interpolation,0.48099213396205254,-0.06900786603794751,-0.06566858127019727,recorded_knot
4.897276083803872,0.4809906127094866,-0.0690093872905134,-0.06531560462724456,recorded_knot,0.48098863799356406,-0.06901136200643601,-0.0656720537992089,linear_progress_interpolation
4.925854311285031,0.4792777901252126,-0.07072220987478746,-0.0669952146686433,linear_progress_interpolation,0.47927570768590677,-0.0707242923140933,-0.06737349939513712,recorded_knot
4.925915180552808,0.47927414195435925,-0.07072585804564081,-0.06699879209951926,recorded_knot,0.479272221900857,-0.07072777809914303,-0.06737712093091591,linear_progress_interpolation
4.95450986633809,0.4776374160849512,-0.07236258391504884,-0.06867825110448852,linear_progress_interpolation,0.4776346972212925,-0.07236530277870756,-0.06907841752007698,recorded_knot
4.954573347703663,0.47763378248694494,-0.0723662175130551,-0.06868197957179395,recorded_knot,0.4776312399866849,-0.07236876001331514,-0.06908219199539478,linear_progress_interpolation
4.9831841910188714,0.47607776491782455,-0.0739222350821755,-0.07036128238808222,linear_progress_interpolation,0.4760730756849476,-0.07392692431505245,-0.07078333564501685,recorded_knot
4.98325037520119,0.47607416545207826,-0.0739258345479218,-0.07036516704406864,recorded_knot,0.47606966701842507,-0.07393033298157499,-0.07078726828531232,linear_progress_interpolation
5.0118770293010115,0.4746032780893646,-0.07539672191063546,-0.0720443092892538,linear_progress_interpolation,0.4745953159867452,-0.07540468401325481,-0.07248825376995671,recorded_knot
5.0119459938672835,0.4745997345697954,-0.07540026543020469,-0.07204835451634335,recorded_knot,0.4745919781407859,-0.07540802185921415,-0.0724923491593272,linear_progress_interpolation
5.040587105042055,0.4732182849707881,-0.07678171502921197,-0.07372733271186528,linear_progress_interpolation,0.4732057645767268,-0.07679423542327327,-0.07419317189489658,recorded_knot
5.040658909645452,0.47321482161212286,-0.0767851783878772,-0.07373154198861806,recorded_knot,0.47320251516953465,-0.07679748483046539,-0.07419743360668625,linear_progress_interpolation
5.069312879056389,0.47192420898290666,-0.07807579101709337,-0.07541035330363069,linear_progress_interpolation,0.4719058237335745,-0.07809417626642559,-0.07589809001983644,recorded_knot
5.069387571355161,0.4719208447431143,-0.07807915525688573,-0.07541472946089274,recorded_knot,0.4719026817862464,-0.07809731821375368,-0.07590252079311278,linear_progress_interpolation
5.098053743467157,0.4707224155458116,-0.07927758445418842,-0.0770933720880361,linear_progress_interpolation,0.4706968332000613,-0.07930316679993876,-0.0776030081447763,recorded_knot
5.0981313557657195,0.47071917085571824,-0.07928082914428179,-0.07709791693316743,recorded_knot,0.4706938256371789,-0.07930617436282116,-0.07760760981268164,linear_progress_interpolation
5.126809102884455,0.46961665363507815,-0.08038334636492188,-0.07877639008567616,linear_progress_interpolation,0.4695825310436329,-0.08041746895636716,-0.07930792626971615,recorded_knot
5.126889649939905,0.46961355700006924,-0.08038644299993081,-0.07878110440544214,recorded_knot,0.4695796865190451,-0.08042031348095495,-0.0793126996432991,linear_progress_interpolation
5.1555783019342645,0.4686105774571344,-0.0813894225428656,-0.08045940840724332,linear_progress_interpolation,0.4685665448773908,-0.08143345512260922,-0.08101284439465602,recorded_knot
5.155661779173662,0.4686076590222274,-0.08139234097777265,-0.08046429187771685,recorded_knot,0.46856388656815107,-0.081436113431849,-0.08101778915345484,linear_progress_interpolation
5.184360668124076,0.4677053506379535,-0.08229464936204658,-0.08214242826104962,linear_progress_interpolation,0.4676499785110655,-0.08235002148893455,-0.0825176557204677,recorded_knot
5.18444705004277,0.46770263474433044,-0.0822973652556696,-0.08269438670905967,recorded_knot,0.46764753045887775,-0.08235246954112233,-0.08251859129302185,linear_progress_interpolation
5.213155500974725,0.4669021371122879,-0.08309786288771213,-0.08302373354899611,linear_progress_interpolation,0.46683393674420065,-0.0831660632557994,-0.0828295225523633,recorded_knot
5.213244739083007,0.4668996488242735,-0.08310035117572658,-0.08302475729942536,recorded_knot,0.46683173077089485,-0.0831682692291052,-0.08283048866712817,linear_progress_interpolation
5.241962022856059,0.46620439431893307,-0.08379560568106698,-0.08335407264796212,linear_progress_interpolation,0.46612183717679795,-0.08387816282320211,-0.08314138938425888,recorded_knot
5.242054043101049,0.46620216647975377,-0.08379783352024625,-0.08335512788979108,recorded_knot,0.4661199055860795,-0.0838800944139205,-0.08314238524352927,linear_progress_interpolation
5.27077941014092,0.46561542841726467,-0.08438457158273538,-0.08368441290859313,linear_progress_interpolation,0.46551693335575584,-0.08448306664424424,-0.08345325621615449,recorded_knot
5.270874110597465,0.4656134940864583,-0.08438650591354176,-0.08368549848015677,recorded_knot,0.4655153006611488,-0.08448469933885122,-0.08345428072929452,linear_progress_interpolation
5.2996066942500075,0.4651360304748802,-0.0848639695251198,-0.08401475495071462,linear_progress_interpolation,0.46501993309813794,-0.08498006690186212,-0.08376512304805009,recorded_knot
5.2997039179751,0.46513441485995766,-0.0848655851400424,-0.08401586907052248,recorded_knot,0.46501862348657974,-0.08498137651342029,-0.08376617453397317,linear_progress_interpolation
5.328442891163704,0.46476695044709593,-0.08523304955290414,-0.08434509942469064,linear_progress_interpolation,0.4646315071585244,-0.0853684928414756,-0.08407698987994569,recorded_knot
5.328542423959193,0.4647656777934066,-0.08523432220659344,-0.0843462396608882,recorded_knot,0.4646305515858977,-0.08536944841410232,-0.08407806603976928,linear_progress_interpolation
5.357287098983106,0.4645111758628452,-0.08548882413715486,-0.08467544672773161,linear_progress_interpolation,0.4643545860161383,-0.08564541398386173,-0.08438885671184128,recorded_knot
5.357388691898018,0.46451027637127135,-0.0854897236287287,-0.08467661025125389,recorded_knot,0.4643540132003183,-0.08564598679968173,-0.08438995487629533,linear_progress_interpolation
5.386138388423128,0.46437151823984524,-0.08562848176015482,-0.08500579727861017,linear_progress_interpolation,0.4641919125163886,-0.08580808748361148,-0.08470072354373687,recorded_knot
5.3862417554288475,0.4643710193471855,-0.08562898065281452,-0.08500698084161959,recorded_knot,0.4641917398326379,-0.08580826016736214,-0.0847018406396918,linear_progress_interpolation
5.414996017397493,0.4643482961388754,-0.08565170386112467,-0.08533615148427819,linear_progress_interpolation,0.46414370328780735,-0.0858562967121927,-0.08501259037563247,recorded_knot
5.415100837227232,0.464348213304448,-0.0856517866955521,-0.08533735143198529,recorded_knot,0.4641439445000321,-0.08585605549996793,-0.08501372295273733,linear_progress_interpolation
5.443859242762216,0.464441770500289,-0.08555822949971102,-0.0856665097683327,linear_progress_interpolation,0.46421012357127656,-0.08578987642872347,-0.08532445720752807,recorded_knot
5.443965156812751,0.4644421150611707,-0.08555788493882929,-0.08566772202235098,recorded_knot,0.4642107965494026,-0.08578920345059741,-0.08532560142376613,linear_progress_interpolation
5.472727107327272,0.4646543862478745,-0.08534561375212554,-0.08599687261638173,linear_progress_interpolation,0.4643935500505812,-0.08560644994941886,-0.08563632403942366,recorded_knot
5.472833713466987,0.4646551730308076,-0.08534482696919245,-0.0859980926127167,recorded_knot,0.4643946674342958,-0.08560533256570427,-0.08563747558592404,linear_progress_interpolation
5.5015986457695485,0.4649884049178844,-0.08501159508211566,-0.08632724054670443,linear_progress_interpolation,0.4646961647682429,-0.08530383523175715,-0.08594819087131926,recorded_knot
5.501705496289665,0.46498964274455745,-0.08501035725544258,-0.0863284632030824,recorded_knot,0.46469772445031765,-0.08530227554968237,-0.08594934493784641,linear_progress_interpolation
5.530473179785542,0.46544361632596193,-0.0845563836740381,-0.08665761403490443,linear_progress_interpolation,0.4651176422966037,-0.08488235770339633,-0.08626005770321485,recorded_knot
5.530579786314626,0.46544529864938633,-0.08455470135061374,-0.0866588337934481,recorded_knot,0.46511963569293524,-0.08488036430706483,-0.08626120904154422,linear_progress_interpolation
5.559350043898474,0.4660197459867173,-0.08398025401328273,-0.08698799356566175,linear_progress_interpolation,0.4656576001723752,-0.08434239982762488,-0.08657192453511045,recorded_knot
5.559455875634495,0.46602185909810623,-0.08397814090189382,-0.08698920438381381,recorded_knot,0.46566001979945154,-0.08433998020054849,-0.08657306745092044,linear_progress_interpolation
5.588228293668138,0.46671867525694954,-0.08328132474305047,-0.08731837971012381,linear_progress_interpolation,0.466317842531506,-0.08368215746849406,-0.08688379136700605,recorded_knot
5.588332768804403,0.4667212054566381,-0.08327879454336196,-0.08731957497417951,recorded_knot,0.4663206720893252,-0.08367932791067485,-0.08688491961478184,linear_progress_interpolation
5.617106994302605,0.4675421035672064,-0.08245789643279369,-0.08764877307197638,linear_progress_interpolation,0.46709998033108224,-0.08290001966891777,-0.08719565819890165,recorded_knot
5.6172094783867985,0.4675450273293449,-0.08245497267065514,-0.08764994556454521,recorded_knot,0.4671031854202336,-0.08289681457976646,-0.08719676494929536,linear_progress_interpolation
5.645985580511982,0.46848927404982393,-0.08151072595017611,-0.08797917418228612,linear_progress_interpolation,0.46800312977222536,-0.08199687022777466,-0.08750752503079724,recorded_knot
5.64608539419495,0.4684925492933712,-0.08150745070662883,-0.0879803161549109,recorded_knot,0.4680066664276544,-0.0819933335723456,-0.08750860296732184,linear_progress_interpolation
5.674863511982182,0.46955936451610203,-0.080440635483898,-0.0883095835736113,linear_progress_interpolation,0.46902634913531727,-0.08097365086468275,-0.08781939186269283,recorded_knot
5.674959929672852,0.46956293875472693,-0.0804370612452731,-0.08831068674527662,recorded_knot,0.4690301706826072,-0.08096982931739283,-0.08782043317924983,linear_progress_interpolation
5.703739918033504,0.4707536980118803,-0.07924630198811979,-0.08864000188669002,linear_progress_interpolation,0.4701708751089379,-0.07982912489106214,-0.08813125869458843,recorded_knot
5.703832157365202,0.47075751437332963,-0.07924248562667041,-0.08864105733564231,recorded_knot,0.4701749222127747,-0.07982507778722536,-0.08813225496643204,linear_progress_interpolation
5.732613953104978,0.47207341991377455,-0.07792658008622548,-0.08897042979221845,linear_progress_interpolation,0.4714377556898146,-0.07856224431018541,-0.08844312552648402,recorded_knot
5.732701173764383,0.4720774076478962,-0.07792259235210387,-0.08897142792600801,recorded_knot,0.471441948224806,-0.07855805177519402,-0.08844406768261313,linear_progress_interpolation
5.761485209029623,0.47351722048435074,-0.07648277951564929,-0.08930086785522354,linear_progress_interpolation,0.47282554330268806,-0.077174456697312,-0.07731520257805065,recorded_knot
5.761566523348233,0.4735212879265507,-0.07647871207344935,-0.0767364973980233,recorded_knot,0.47282978868379477,-0.07717021131620526,-0.07730976680807251,linear_progress_interpolation
5.790353312591728,0.47508372588327386,-0.07491627411672616,-0.07477578424196797,linear_progress_interpolation,0.47433273297782996,-0.07566726702217007,-0.07538540259507548,recorded_knot
5.790427784694632,0.4750877679471286,-0.07491223205287145,-0.07477071183077656,recorded_knot,0.4743369314808279,-0.07566306851917215,-0.07538042354722765,linear_progress_interpolation
5.819217518622233,0.4767737142782646,-0.07322628572173545,-0.07280946553966683,linear_progress_interpolation,0.47596000615565326,-0.07403999384434676,-0.07345560261210028,recorded_knot
5.819284152044461,0.4767776163766313,-0.07322238362336876,-0.0728049262635298,recorded_knot,0.47596404174446555,-0.0740359582555345,-0.07345114693111494,linear_progress_interpolation
5.848077119995072,0.47858778961804405,-0.07141221038195598,-0.07084307469522982,linear_progress_interpolation,0.47770786001836496,-0.07229213998163511,-0.07152580262912508,recorded_knot
5.848134857036662,0.4785914194643282,-0.07140858053567183,-0.07083914069628303,recorded_knot,0.4777115941944641,-0.07228840580553599,-0.07152194091187804,linear_progress_interpolation
5.87692981291659,0.480523715026247,-0.06947628497375305,-0.06887660507270432,linear_progress_interpolation,0.4795739243911671,-0.07042607560883293,-0.06959600264614989,recorded_knot
5.87697749713868,0.48052691489260907,-0.06947308510739096,-0.06887335512903625,recorded_knot,0.4795772007859742,-0.07042279921402582,-0.06959281229356065,linear_progress_interpolation
5.905773336760243,0.4825791889262997,-0.06742081107370038,-0.06691004968994511,linear_progress_interpolation,0.48155577011702755,-0.0684442298829725,-0.06766620266317468,recorded_knot
5.905809712848847,0.4825817814432421,-0.06741821855675796,-0.06690756956178949,recorded_knot,0.48155841661223686,-0.06844158338776317,-0.067663768067959,linear_progress_interpolation
5.934607113610238,0.48475445658629335,-0.06524554341370671,-0.06494340393653143,linear_progress_interpolation,0.4836535342040456,-0.06634646579595443,-0.06573640268019948,recorded_knot
5.934630864213578,0.48475624849612353,-0.06524375150387648,-0.06494178399454271,recorded_knot,0.48365535824817124,-0.06634464175182879,-0.06573481252232875,linear_progress_interpolation
5.963430612688339,0.4870495943030848,-0.06295040569691525,-0.06297666340718193,linear_progress_interpolation,0.48586717625015863,-0.06413282374984144,-0.06380660269722428,recorded_knot
5.963440358275241,0.48705037035155885,-0.06294962964844117,-0.06297599842729594,recorded_knot,0.48586796329346715,-0.06413203670653288,-0.06380594997563406,linear_progress_interpolation
5.9922381842059655,0.4894616896272429,-0.06053831037275715,-0.06101021286004916,recorded_knot,0.4881936453101554,-0.061806354689844606,-0.061877183352788453,linear_progress_interpolation
5.992243867403855,0.4894621883316601,-0.060537811668339915,-0.061009824759124504,linear_progress_interpolation,0.4881941042792165,-0.06180589572078354,-0.06187680271424907,recorded_knot
6.021024377889583,0.49198769738296333,-0.05801230261703669,-0.05904442729280239,recorded_knot,0.49062976289986454,-0.05937023710013551,-0.059948515562755364,linear_progress_interpolation
6.021046957546499,0.4919897693681474,-0.058010230631852615,-0.05904288469933136,linear_progress_interpolation,0.49063167378799993,-0.059368326212000104,-0.059947002731273874,recorded_knot
6.049798494020931,0.4946281069574485,-0.05537189304255155,-0.057078641725555615,recorded_knot,0.49317586982749895,-0.0568241301725011,-0.058019951088766925,linear_progress_interpolation
6.049839499155134,0.49463203380000137,-0.055367966199998675,-0.05707583912890013,linear_progress_interpolation,0.493179498332714,-0.056820501667286055,-0.05801720274829866,recorded_knot
6.0785601429158405,0.4973824563570361,-0.05261754364296395,-0.05511285615830885,recorded_knot,0.49583137948233563,-0.054168620517664426,-0.05609149415821458,linear_progress_interpolation
6.078621163279106,0.4973885378645237,-0.052611462135476364,-0.05510868380044261,linear_progress_interpolation,0.4958370137136723,-0.054162986286327736,-0.056087402765323466,recorded_knot
6.107309582264322,0.5002477282319554,-0.04975227176804463,-0.05314707059106208,recorded_knot,0.49859311736731127,-0.051406882632688757,-0.05416314741695657,linear_progress_interpolation
6.107392246345728,0.5002562804790546,-0.049743719520945424,-0.05314141597093129,linear_progress_interpolation,0.4986010589264786,-0.05139894107352146,-0.05415760278234826,recorded_knot
6.136047119782184,0.5032208517179461,-0.04677914828205395,-0.051181285023815304,recorded_knot,0.5014578535802876,-0.048542146419712474,-0.05223491344752552,linear_progress_interpolation
6.136153093596658,0.5032322150764856,-0.046767784923514355,-0.051174032845393756,linear_progress_interpolation,0.5014684188137131,-0.04853158118628702,-0.05222780279937306,recorded_knot
6.164772529292263,0.5063010194846711,-0.04369898051532898,-0.049215499456568536,recorded_knot,0.5044246470549232,-0.045575352945076836,-0.050306796318012284,linear_progress_interpolation
6.164903536166229,0.5063155570133809,-0.043684442986619096,-0.04920653033544117,linear_progress_interpolation,0.5044381793350399,-0.04556182066496019,-0.05029800281639786,recorded_knot
6.193485646040002,0.5094872474010493,-0.04051275259895073,-0.04724971388932176,recorded_knot,0.5074923833514506,-0.04250761664854939,-0.048378799907258484,linear_progress_interpolation
6.193643465063344,0.5095053307905552,-0.040494669209444896,-0.047238904690531186,linear_progress_interpolation,0.5075092474492058,-0.04249075255079431,-0.048368202833422656,recorded_knot
6.222186973893655,0.5127759338972697,-0.03722406610273032,-0.045283928322074986,recorded_knot,0.5106573095413233,-0.03934269045867673,-0.04645092610575979,linear_progress_interpolation
6.222373414193814,0.5127979472239791,-0.03720205277602094,-0.04527115382002864,linear_progress_interpolation,0.5106778720322511,-0.03932212796774891,-0.04643840285044745,recorded_knot
6.2508770668518,0.5161634224878457,-0.03383657751215425,-0.04331814275482821,recorded_knot,0.5139156095605899,-0.03608439043941011,-0.04452317677480018,linear_progress_interpolation
6.251093965314925,0.5161897792408824,-0.03381022075911765,-0.043303275503454225,linear_progress_interpolation,0.513940247115023,-0.03605975288497715,-0.044508602867472255,recorded_knot
6.279555930055477,0.5196483790151464,-0.03035162098485371,-0.04135235718758144,recorded_knot,0.5172658048012303,-0.03273419519876973,-0.042595555525339196,linear_progress_interpolation
6.279805172749298,0.5196795121732911,-0.030320487826708955,-0.041335266257754195,linear_progress_interpolation,0.517294926858113,-0.032705073141887066,-0.04257880288449705,recorded_knot
6.30822363246877,0.5232292908533148,-0.02677070914668518,-0.03938657162033467,recorded_knot,0.5207062520195164,-0.02929374798048365,-0.040668065555992366,linear_progress_interpolation
6.308507151961551,0.5232656262270946,-0.026734373772905422,-0.03936712321574769,linear_progress_interpolation,0.5207402854326226,-0.029259714567377453,-0.04064900290152185,recorded_knot
6.336880920240147,0.5269019598908853,-0.023098040109114704,-0.02337032271559911,recorded_knot,0.5242326190579915,-0.025767380942008627,-0.03874070759254191,linear_progress_interpolation
6.337200665634885,0.5269439283450069,-0.023056071654993078,-0.02333001419698756,linear_progress_interpolation,0.5242719743379329,-0.02572802566206708,-0.02587851329210753,recorded_knot
6.365528585826691,0.5306621336373915,-0.019337866362608553,-0.019758871290571675,recorded_knot,0.527840502262478,-0.022159497737521978,-0.02244219678739471,linear_progress_interpolation
6.36588651927302,0.5307102002774878,-0.019289799722512227,-0.019713733824784953,linear_progress_interpolation,0.5278855918945339,-0.022114408105466173,-0.0223987776941156,recorded_knot
6.394166862971402,0.534507948479817,-0.015492051520183034,-0.01614741986554425,recorded_knot,0.53152788678995,-0.01847211321005005,-0.018967348452184913,linear_progress_interpolation
6.39456498289634,0.5345625912456377,-0.015437408754362367,-0.016097198708673606,linear_progress_interpolation,0.531579161632499,-0.018420838367501073,-0.01891904209612368,recorded_knot
6.422796047558936,0.5384373620335258,-0.011562637966474314,-0.012535968440516819,recorded_knot,0.535292607119598,-0.014707392880402058,-0.015492748490531196,linear_progress_interpolation
6.423236384703618,0.5384990227990828,-0.011500977200917242,-0.012480398401624463,linear_progress_interpolation,0.5353505279951393,-0.014649472004860824,-0.015439306498131748,recorded_knot
6.451413198821542,0.5424446448081642,-0.007555355191835758,-0.008924517015489387,recorded_knot,0.5391289214802455,-0.010871078519754497,-0.012018457344517865,linear_progress_interpolation
6.451898234063611,0.5425138229769532,-0.0074861770230468675,-0.008863274157321908,linear_progress_interpolation,0.5391939626872113,-0.010806037312788693,-0.011959570900139821,recorded_knot
6.480015410876518,0.5465240363279104,-0.0034759636720896343,-0.005313065590461959,recorded_knot,0.5430310174750274,-0.00696898252497271,-0.008544530812701628,linear_progress_interpolation
6.480548070834429,0.5466013452430148,-0.003398654756985219,-0.005245775289332561,linear_progress_interpolation,0.5431037077545451,-0.006896292245454931,-0.008479835302147895,recorded_knot
6.508603120126842,0.5493268160693117,0.0006731839306883605,-0.0017016141654345278,recorded_knot,0.5469963754122742,-0.0030036245877258227,-0.005070965952942926,linear_progress_interpolation
6.5091863504883545,0.5492407536786992,0.0007592463213008886,-0.001627899234703703,linear_progress_interpolation,0.5470772992396253,-0.0029227007603747036,-0.005000099704155965,recorded_knot
6.537176817467701,0.5451104362920057,0.004889563707994286,0.0019098372595928986,recorded_knot,0.5489776445990793,0.0010223554009207584,-0.0015977644970743068,linear_progress_interpolation
6.537813578090656,0.5450150528684016,0.004984947131598492,0.0019903542638602303,linear_progress_interpolation,0.5488878977427403,0.0011121022572598196,-0.0015203641061640391,recorded_knot
6.5657376175135695,0.5408321772554966,0.009167822744503413,0.005521288684620335,recorded_knot,0.5448964548504251,0.005103545149574876,0.0018750779916410516,linear_progress_interpolation
6.566430845362701,0.5407269208298616,0.009273079170138376,0.005608981953751884,linear_progress_interpolation,0.5447973653408716,0.0052026346591284535,0.0019593714918278906,recorded_knot
6.594286658145879,0.5364974264574315,0.013502573542568532,0.009132740109647682,recorded_knot,0.5407655481241113,0.009234451875888821,0.00534756542849894,linear_progress_interpolation
6.595039261871427,0.5363816948501512,0.013618305149848903,0.009227981648761983,linear_progress_interpolation,0.5406566171558541,0.009343382844145888,0.0054391070898197405,recorded_knot
6.622824540065714,0.5321090148261197,0.017890985173880367,0.012744191534675034,recorded_knot,0.536587914884471,0.01341208511552908,0.00881969684597108,linear_progress_interpolation
6.623639425927666,0.5319822123926087,0.018017787607391374,0.012847352846034539,linear_progress_interpolation,0.5364685880980247,0.013531411901975411,0.00891884268781159,recorded_knot
6.651351908209796,0.5276699395258446,0.022330060474155432,0.016355642959702384,recorded_knot,0.5323666421381132,0.017633357861886773,0.012291473606726397,linear_progress_interpolation
6.652231973829966,0.5275315671588473,0.022468432841152776,0.016467091791451373,linear_progress_interpolation,0.532236376592849,0.01776362340715112,0.012398578285803444,recorded_knot
6.6798700558494035,0.5231860425290353,0.026813957470964694,0.019967094384729732,recorded_knot,0.5281075664740436,0.021892433525956434,0.01576290537930052,linear_progress_interpolation
6.680818141342973,0.5230356385242515,0.026964361475748568,0.020087190402124182,linear_progress_interpolation,0.5279659334556385,0.022034066544361623,0.015878313883795292,recorded_knot
6.708380282758535,0.5186631884894857,0.03133681151051439,0.023578545809757087,recorded_knot,0.52381661381405,0.02618338618595009,0.01923400077943869,linear_progress_interpolation
6.709399164431013,0.518500236961176,0.0314997630388241,0.023707642379228427,linear_progress_interpolation,0.5236632271206023,0.026336772879397716,0.01935804948178714,recorded_knot
6.73688329940008,0.5141046511748638,0.03589534882513625,0.027189997234784432,recorded_knot,0.5194972079703415,0.03050279202965856,0.02270476161314205,linear_progress_interpolation
6.737975725269891,0.5139286614147552,0.036071338585244764,0.027328443591190507,linear_progress_interpolation,0.5193316190915576,0.0306683809084425,0.02283778507977899,recorded_knot
6.765379845403017,0.5095138588533267,0.04048614114667333,0.030801448659811784,recorded_knot,0.5151528299366006,0.03484717006339941,0.02617519279861011,linear_progress_interpolation
6.766548527993642,0.5093244842538687,0.040675515746131395,0.030949585937185484,linear_progress_interpolation,0.5149746203056559,0.03502537969434414,0.026317520677770843,recorded_knot
6.793871258787563,0.5048970792067604,0.045102920793239576,0.03441290008483914,recorded_knot,0.5107896601918849,0.0392103398081152,0.02964530857610334,linear_progress_interpolation
6.795118822099704,0.504694032276351,0.04530596772364903,0.0345710570914478,linear_progress_interpolation,0.5105985737759591,0.039401426224040956,0.029797256275762695,recorded_knot
6.82235886359279,0.5002605844861105,0.04973941551388946,0.03802435150986648,recorded_knot,0.5064139765406959,0.043586023459304124,0.03311512159179261,linear_progress_interpolation
6.823687836524824,0.5000435152023605,0.04995648479763962,0.03819284713446145,linear_progress_interpolation,0.5062098205940707,0.043790179405929344,0.03327699187375455,recorded_knot
6.8508434085223975,0.49560802940633647,0.054391970593663554,0.041635802934893835,recorded_knot,0.5020295700236116,0.04797042997638843,0.03658463674257868,linear_progress_interpolation
6.852256263399919,0.4953766318907742,0.05462336810922586,0.04181494811581822,linear_progress_interpolation,0.5018120792114769,0.04818792078852321,0.036756727471746395,recorded_knot
6.879325652557403,0.49094320458094476,0.0590567954190553,0.04524725435992118,recorded_knot,0.4976402399555151,0.05235976004448496,0.04005386258347242,linear_progress_interpolation
6.8808247975592245,0.49069736641031164,0.059302633589688396,0.04543734756680973,linear_progress_interpolation,0.49740919698913744,0.052590803010862615,0.04023646306973824,recorded_knot
6.907806887851235,0.486272692540081,0.06372730745991906,0.06343087129598675,recorded_knot,0.4932523914583493,0.05674760854165072,0.043522817690239225,linear_progress_interpolation
6.909394611514064,0.48601237990369733,0.0639876200963027,0.06365254037333769,linear_progress_interpolation,0.49300779000488204,0.05699220999511798,0.056831619204593654,recorded_knot
6.936288370174561,0.4816030576878244,0.06839694231217566,0.06740729619663856,recorded_knot,0.48887253430504485,0.061127465694955196,0.06034592632243232,linear_progress_interpolation
6.937966835246605,0.4813281613694122,0.06867183863058783,0.0676416262546734,linear_progress_interpolation,0.4886144490614101,0.061385550938589925,0.060565257574125106,recorded_knot
6.964770803727142,0.47693825038653886,0.07306174961346117,0.07138372109729142,recorded_knot,0.4845047404918996,0.06549525950810042,0.06406746015663252,linear_progress_interpolation
6.966542088338624,0.47664872177535983,0.07335127822464023,0.07163099538759306,linear_progress_interpolation,0.48423315893291763,0.0657668410670824,0.06429889594365756,recorded_knot
6.993254881981487,0.47228233254914653,0.07771766745085351,0.07536014599794427,recorded_knot,0.480153035168029,0.06984696483197106,0.0677887421943394,linear_progress_interpolation
6.9951209723748216,0.47197836148359773,0.07802163851640229,0.07562062658437471,linear_progress_interpolation,0.47986800770654114,0.07013199229345889,0.06803253431319002,recorded_knot
7.021742104037506,0.4676419939707883,0.08235800602921171,0.07933657089859715,recorded_knot,0.47582384187284205,0.07417615812715801,0.07150977528504168,linear_progress_interpolation
7.02370503641317,0.4673238310264872,0.08267616897351279,0.07961052520419878,linear_progress_interpolation,0.4755256417757121,0.07447435822428791,0.07176617268272246,recorded_knot
7.0502339109457575,0.4630238842046165,0.08697611579538357,0.08331299579925001,recorded_knot,0.4715236977029308,0.07847630229706927,0.07523055513311927,linear_progress_interpolation
7.052295766586173,0.4626916562097631,0.08730834379023696,0.08360070411571499,linear_progress_interpolation,0.47121266185597255,0.07878733814402752,0.07549981105225492,recorded_knot
7.078730876938392,0.4584321515510009,0.09156784844899912,0.08728942069990288,recorded_knot,0.46725685942230677,0.08274314057769325,0.07895108813629435,linear_progress_interpolation
7.080893627583863,0.45808605853224266,0.09191394146775737,0.08759114739052404,linear_progress_interpolation,0.4669332211188243,0.08306677888117572,0.07923344942178737,recorded_knot
7.107233544378402,0.453871027392913,0.09612897260708703,0.09126584560055576,recorded_knot,0.4630274803381833,0.08697251966181677,0.08267138985328047,linear_progress_interpolation
7.109499045843443,0.4535115479021852,0.09648845209781484,0.09158183488907595,linear_progress_interpolation,0.46269154679937846,0.0873084532006216,0.08296708779131982,recorded_knot
7.1357427273328025,0.449347319627698,0.100652680372302,0.09524227050120862,recorded_knot,0.4588420188178238,0.09115798118217622,0.08639148506899305,linear_progress_interpolation
7.138112669854101,0.4489750332150139,0.10102496678498614,0.09557274304089214,linear_progress_interpolation,0.4584943861865517,0.09150561381344834,0.08670072616085228,recorded_knot
7.164259161599418,0.4448677675203137,0.10513223247968634,0.09921869540186148,recorded_knot,0.4547070482854141,0.09529295171458593,0.09011139601166668,linear_progress_interpolation
7.166735066356556,0.44448313967109243,0.10551686032890761,0.09956385150938382,linear_progress_interpolation,0.45434841172270984,0.0956515882772902,0.09043436453038473,recorded_knot
7.192783209453014,0.44043660224815073,0.10956339775184934,0.10319512030251433,recorded_knot,0.45062689911888615,0.09937310088111388,0.09383113665235034,linear_progress_interpolation
7.195366467883642,0.44004017748221946,0.10995982251778058,0.10355514213726948,linear_progress_interpolation,0.4502578275588554,0.09974217244114464,0.09416800289991718,recorded_knot
7.221315182118943,0.4360581086171827,0.11394189138281736,0.10717154520316721,recorded_knot,0.4466057427598428,0.1033942572401572,0.09755072436918896,linear_progress_interpolation
7.224007050913911,0.43565073652357467,0.11434926347642536,0.10754659304288042,linear_progress_interpolation,0.44622688263529514,0.1037731173647049,0.09790164126944964,recorded_knot
7.249855578762173,0.4317389675228287,0.11826103247717135,0.11114797010382008,recorded_knot,0.44264984623602754,0.10735015376397251,0.10127018518001717,linear_progress_interpolation
7.252657131759655,0.43132159855592295,0.1186784014440771,0.11153817911052351,linear_progress_interpolation,0.4422621546388387,0.10773784536116131,0.10163527963898208,recorded_knot
7.278404804711109,0.42748576904649255,0.12251423095350748,0.11512439500447294,recorded_knot,0.43876559510901564,0.11123440489098442,0.10498954245738323,linear_progress_interpolation
7.281316931203619,0.4270592157455874,0.12294078425441261,0.11552987847407781,linear_progress_interpolation,0.43837012544235365,0.11162987455764639,0.10536891800851454,recorded_knot
7.306962941273251,0.42330272018181747,0.1266972798181826,0.1191008199051258,recorded_knot,0.43495728991790167,0.11504271008209839,0.1087088114503438,linear_progress_interpolation
7.309986386947976,0.4228678720474792,0.12713212795252082,0.11952167189383672,linear_progress_interpolation,0.4345549457412856,0.11544505425871446,0.10910255637804699,recorded_knot
7.335530002827542,0.4191940525367348,0.1308059474632652,0.12307724480577867,recorded_knot,0.43122902442705885,0.11877097557294121,0.11242801029130686,linear_progress_interpolation
7.338665366369182,0.41875211543289814,0.13124788456710193,0.12351353697866516,linear_progress_interpolation,0.4308207825994274,0.11917921740057263,0.11283619474757943,recorded_knot
7.3641061232220215,0.41516617898449576,0.13483382101550428,0.12705366970643153,recorded_knot,0.42758675541011804,0.12241324458988201,0.11614716452905298,linear_progress_interpolation
7.367353814831383,0.4147184500527868,0.13528154994721325,0.1275054488745425,linear_progress_interpolation,0.42717390908530456,0.12282609091469548,0.1165698331171119,recorded_knot
7.392691331874092,0.41122540305134475,0.1387745969486553,0.1310300946070844,recorded_knot,0.42403655819946123,0.1259634418005388,0.11986629704650613,linear_progress_interpolation
7.396051573352503,0.4107730162526311,0.139226983747369,0.13149738589147433,linear_progress_interpolation,0.4236204852053643,0.12637951479463572,0.12030347148664434,recorded_knot
7.421285376602328,0.4073758081814548,0.14262419181854522,0.1350065195077373,recorded_knot,0.420582607619732,0.1294173923802681,0.12358542338736475,linear_progress_interpolation
7.424758239041935,0.40691996483756376,0.14308003516243625,0.13548932879135359,linear_progress_interpolation,0.4201645124614708,0.12983548753852928,0.1240371098561768,recorded_knot
7.449887926615364,0.4036214751871345,0.14637852481286556,0.13898294440839012,recorded_knot,0.4172288331385754,0.13277116686142468,0.12730456146302865,linear_progress_interpolation
7.453473328667675,0.403163688389146,0.14683631161085403,0.13948125577615592,linear_progress_interpolation,0.4168099823017522,0.13319001769824784,0.12777074822570925,recorded_knot
7.478498716819856,0.3999684282360422,0.1500315717639579,0.14979149087141427,recorded_knot,0.41398078376730574,0.13601921623269433,0.13102373519703728,linear_progress_interpolation
7.482196391576003,0.39951028513632986,0.1504897148636702,0.15010951330811134,linear_progress_interpolation,0.4135627500514115,0.1364372499485885,0.1363141783859468,recorded_knot
7.507117372330421,0.39642256755064453,0.15357743244935554,0.15225286867251753,recorded_knot,0.41084412223811206,0.13915587776188798,0.13816790373702434,linear_progress_interpolation
7.510926869032175,0.3959654685839595,0.15403453141604057,0.15258042554140927,linear_progress_interpolation,0.41042854454515854,0.13957145545484154,0.13845126981641256,recorded_knot
7.535743273679404,0.39298776475346053,0.15701223524653954,0.15471424647362142,recorded_knot,0.40782281079482113,0.1421771892051789,0.14029678959383468,linear_progress_interpolation
7.539663990332852,0.3925331619174159,0.15746683808258416,0.15505128950088287,linear_progress_interpolation,0.4074111337668782,0.14258886623312184,0.14058836124687887,recorded_knot
7.564375715696161,0.38966786421123384,0.1603321357887662,0.15717562427472534,recorded_knot,0.4049205386713154,0.14507946132868463,0.1424257263244168,linear_progress_interpolation
7.568406898942355,0.38921704671330737,0.1607829532866927,0.15752201063537272,linear_progress_interpolation,0.40451425197644986,0.14548574802355022,0.14272545267734518,recorded_knot
7.5930207955307685,0.3864644119168893,0.16353558808311072,0.15963700207582926,recorded_knot,0.40213906684329687,0.14786093315670318,0.1445548561950081,linear_progress_interpolation
7.597160613998442,0.3860188009413804,0.16398119905861963,0.15999249130582582,linear_progress_interpolation,0.401739583760923,0.14826041623907701,0.14486254410781155,recorded_knot
7.621684553577758,0.3833790386608372,0.16662096133916282,0.16209837987693315,recorded_knot,0.3994800503152791,0.15051994968472093,0.14668426276531532,linear_progress_interpolation
7.625930095444081,0.3829403796013589,0.16705962039864114,0.16246272185937216,linear_progress_interpolation,0.39908888380588475,0.1509111161941153,0.14699963553827786,recorded_knot
7.650366075354279,0.38041559847745465,0.16958440152254542,0.16455975767803704,recorded_knot,0.3969470022588786,0.15305299774112147,0.1488138933213101,linear_progress_interpolation
7.654714275812236,0.3799856355917296,0.17001436440827045,0.16493269148906775,linear_progress_interpolation,0.3965658704050381,0.15343412959496194,0.14913672696874417,recorded_knot
7.6790643691678255,0.3775778265433487,0.17242217345665134,0.16702113547914094,recorded_knot,0.3945435322565003,0.15545646774349978,0.1509437570053909,linear_progress_interpolation
7.683512012864716,0.3771580267197509,0.17284197328024914,0.16740238920406458,linear_progress_interpolation,0.39417414395938066,0.1558258560406194,0.1512738183992105,recorded_knot
7.707778400656802,0.3748675947497627,0.17513240525023732,0.16948251328024483,recorded_knot,0.39227173393814607,0.157728266061854,0.15307385936110937,linear_progress_interpolation
7.712322184686658,0.37445940267842115,0.17554059732157892,0.16987180951601738,linear_progress_interpolation,0.3919155152727729,0.15808448472722714,0.1534109098296768,recorded_knot
7.736507086208837,0.37228674548726426,0.1777132545127358,0.17194389108134878,recorded_knot,0.39013341396603995,0.15986658603396012,0.1552042051509136,linear_progress_interpolation
7.74114362038531,0.37189184990721363,0.1781081500927864,0.17234094746868944,linear_progress_interpolation,0.38979176388294867,0.16020823611705134,0.15554800126014315,recorded_knot
7.7652492564896525,0.3698387626679963,0.18016123733200376,0.17440526888245267,recorded_knot,0.38813168674432025,0.1618683132556798,0.15733480232363034,linear_progress_interpolation
7.769975004805906,0.3694588243165031,0.18054117568349692,0.17480979277392195,linear_progress_interpolation,0.38780623975305367,0.16219376024694637,0.15768509269060946,recorded_knot
7.794003681739994,0.36752697875640433,0.1824730212435957,0.17686664668355656,recorded_knot,0.38626978956335783,0.1637302104366422,0.15946565959506642,linear_progress_interpolation
7.7988149655132215,0.3671633455451671,0.18283665445483294,0.17727833473392252,linear_progress_interpolation,0.3859621447485254,0.16403785525147463,0.1598221841210758,recorded_knot
7.822769119706207,0.3653529085761118,0.18464709142388824,0.17932802448466045,recorded_knot,0.3845494996272243,0.16545050037277576,0.1615967815161028,linear_progress_interpolation
7.827662194633108,0.36500688526808567,0.18499311473191435,0.17974656951935455,linear_progress_interpolation,0.38426094097606256,0.16573905902393749,0.1619592755515421,recorded_knot
7.851544293238044,0.3633180162265648,0.18668198377343523,0.18178940228576437,recorded_knot,0.3829722753873752,0.16702772461262483,0.16372817144978324,linear_progress_interpolation
7.856515350051077,0.36299113887934986,0.18700886112065018,0.18221449399444029,linear_progress_interpolation,0.382704039753634,0.16729596024636603,0.1640963669820084,recorded_knot
7.880327844264566,0.3614253219450775,0.18857467805492253,0.1842507800868683,recorded_knot,0.3815407911692358,0.16845920883076423,0.1658598365971386,linear_progress_interpolation
7.885372936756885,0.361119075919466,0.18888092408053406,0.1846820982630698,linear_progress_interpolation,0.38129433665475987,0.1687056633452402,0.16623345841247475,recorded_knot
7.909118373739738,0.3596776859521899,0.19032231404781014,0.18671215788797219,recorded_knot,0.3802578444234761,0.16974215557652392,0.16799178540111775,linear_progress_interpolation
7.914233421875125,0.3593932184001619,0.19060678159983815,0.18714937029453033,linear_progress_interpolation,0.3800345717307563,0.16996542826924377,0.16837054984294106,recorded_knot
7.937914596681196,0.3580762169472087,0.19192378305279134,0.18917353568907608,recorded_knot,0.37912484335840524,0.1708751566415948,0.1701240238193465,linear_progress_interpolation
7.943095461701445,0.35781461586968777,0.19218538413031228,0.18961630636265217,linear_progress_interpolation,0.3789258169190145,0.17107418308098551,0.1705076412734074,recorded_knot
7.966715208176899,0.3566219673245895,0.1933780326754105,0.19163491349018,recorded_knot,0.37814286702125993,0.1718571329787401,0.17225655517125793,linear_progress_interpolation
7.971957693195241,0.35638453864327235,0.19361546135672766,0.1920829050696168,linear_progress_interpolation,0.377969088563758,0.17203091143624205,0.1726447327038737,recorded_knot
7.995518732258735,0.3553174747573987,0.19468252524260135,0.19409629129128392,recorded_knot,0.3773141362922938,0.17268586370770622,0.17438938503954965,linear_progress_interpolation
8.00081851184996,0.3551054548861257,0.19489454511387433,0.19454915668625647,linear_progress_interpolation,0.3771668124551668,0.1728331875448332,0.17478182413434004,recorded_knot
8.024323670726986,0.3541651212979876,0.19583487870201247,0.1965576690923878,recorded_knot,0.37664100196856554,0.1733589980314345,0.17652252180627512,linear_progress_interpolation
8.029676293656491,0.35397938987477595,0.19602061012522412,0.19701504767275363,linear_progress_interpolation,0.3765212637748404,0.1734787362251596,0.17691891556480632,recorded_knot
8.053128752167023,0.3531656096861955,0.19683439031380456,0.19702470984277454,recorded_knot,0.3761244994589349,0.17387550054106515,0.1786559729956096,linear_progress_interpolation
8.058529713939233,0.3530069741419335,0.19699302585806655,0.19699150122998665,linear_progress_interpolation,0.3760331269957102,0.17396687300428987,0.17406534794798081,recorded_knot
8.081932698976114,0.3523195881863833,0.19768041181361676,0.1968476045128925,recorded_knot,0.37576533539041923,0.1742346646095808,0.17340560408826203,linear_progress_interpolation
8.087377442187881,0.3521890605652803,0.19781093943471972,0.1968141236086035,linear_progress_interpolation,0.3757030332301273,0.1742969667698727,0.17325211358711232,recorded_knot
8.110733983264007,0.3516291308082126,0.19837086919178742,0.19667049918301047,recorded_knot,0.3755652977510596,0.1744347022489404,0.17259351140145743,linear_progress_interpolation
8.116217828946178,0.351527638070166,0.19847236192983403,0.19663677291564088,linear_progress_interpolation,0.3755329590537455,0.17446704094625456,0.17243887922624362,recorded_knot
8.139531071537114,0.3510961662599742,0.19890383374002582,0.1964933938531284,recorded_knot,0.37552631389372115,0.1744736861062789,0.171781292882314,linear_progress_interpolation
8.145049221375833,0.35102435010854216,0.19897564989145788,0.19645945417748925,linear_progress_interpolation,0.3755247410113315,0.17447525898866853,0.1716256448653749,recorded_knot
8.16832609473993,0.3507214124371779,0.19927858756282213,0.1963162885232463,recorded_knot,0.3756496770109551,0.17435032298904496,0.1709689746153512,linear_progress_interpolation
8.173875794884516,0.3506798095582601,0.19932019044173993,0.19628215488055822,linear_progress_interpolation,0.37567946440225675,0.17432053559774333,0.1708124105045062,recorded_knot
8.197121189474917,0.35050555233510466,0.19949444766489538,0.19613918319336424,recorded_knot,0.3759364883769476,0.17406351162305247,0.1701566137899976,linear_progress_interpolation
8.202701730109016,0.35049483375050194,0.1995051662494981,0.19610485813889988,linear_progress_interpolation,0.37599819232992293,0.1740018076700771,0.1699991761436375,recorded_knot
8.22591483613757,0.35045024817050663,0.19954975182949344,0.19596207786348216,recorded_knot,0.37638824447144187,0.17361175552855818,0.16934423870801435,linear_progress_interpolation
8.231525392367606,0.3504710557794216,0.1995289442205784,0.1959275646451269,linear_progress_interpolation,0.37648251920873665,0.17351748079126336,0.16918594178276877,recorded_knot
8.254705527336355,0.35055702286775514,0.1994429771322449,0.1957849725336001,recorded_knot,0.3770064355047895,0.17299356449521053,0.16853184629576762,linear_progress_interpolation
8.260345163518432,0.350609692210301,0.19939030778969902,0.1957502756741269,linear_progress_interpolation,0.3771339022906207,0.17286609770937936,0.16837270742190008,recorded_knot
8.283492271773913,0.3508258662566924,0.19917413374330767,0.19560786720371803,recorded_knot,0.3777913808228648,0.17220861917713523,0.16771943175103238,linear_progress_interpolation
8.289159987990775,0.35091070950309877,0.1990892904969013,0.1955729916280958,linear_progress_interpolation,0.37795236861012144,0.1720476313898786,0.16755947306103136,recorded_knot
8.312274097804188,0.35125671767276123,0.1987432823272388,0.19543076187383596,recorded_knot,0.3787430811906889,0.17125691880931113,0.1669069932839004,linear_progress_interpolation
8.31796883231054,0.3513742930696978,0.19862570693030226,0.19539571228940344,linear_progress_interpolation,0.3789378928556638,0.17106210714433623,0.1667462387001627,recorded_knot
8.341049555478428,0.35185082541462454,0.1981491745853755,0.19525365654395388,recorded_knot,0.3798624953487415,0.17013750465125857,0.16609453101444888,linear_progress_interpolation
8.346770145484047,0.35200165410706563,0.1979983458929344,0.19521843828694926,linear_progress_interpolation,0.3800916593893392,0.16990834061066085,0.16593300433929395,recorded_knot
8.369817219361734,0.35260931171128995,0.1973906882887101,0.19507655121407183,recorded_knot,0.3811507256795437,0.16884927432045632,0.16528204214099476,linear_progress_interpolation
8.375562404763901,0.3527935965570249,0.19720640344297513,0.19504117084539319,linear_progress_interpolation,0.3814147302218428,0.16858526977815727,0.16511976997842526,recorded_knot
8.398576189205345,0.353531795834975,0.19646820416502503,0.19489944588418975,recorded_knot,0.3826077366368615,0.16739226336313856,0.16446952129282438,linear_progress_interpolation
8.40434462408375,0.3537497078187488,0.19625029218125123,0.19486391051972154,linear_progress_interpolation,0.38290676524000433,0.16709323475999574,0.16430653561755654,recorded_knot
8.427325593561584,0.3546178512152718,0.19538214878472826,0.1947223405543077,recorded_knot,0.3842331766404987,0.16576682335950133,0.16365696596983925,linear_progress_interpolation
8.433115848372209,0.3548698026794137,0.19513019732058634,0.19468665723999679,linear_progress_interpolation,0.3845673775104833,0.16543262248951676,0.16349330125668785,recorded_knot
8.45606409524342,0.35586835016787344,0.19413164983212658,0.19454523522442563,recorded_knot,0.38602764153035296,0.16397235846964706,0.16284437637726984,linear_progress_interpolation
8.461874651539231,0.356154707975606,0.19384529202439407,0.19450941158545326,linear_progress_interpolation,0.3863973842101237,0.16360261578987637,0.16268006689581913,recorded_knot
8.484790392154862,0.3572840492832514,0.19271595071674866,0.19436812989454355,recorded_knot,0.38799188597335466,0.16200811402664536,0.16203174992042518,linear_progress_interpolation
8.490619645702095,0.35760484729369346,0.19239515270630655,0.19433217478866033,linear_progress_interpolation,0.3883974916753604,0.16160250832463963,0.16186683253495043,recorded_knot
8.513503751414648,0.3588642153283569,0.19113578467164316,0.19419102456466147,recorded_knot,0.39012554869332594,0.15987445130667408,0.16121908110794397,linear_progress_interpolation
8.519350020205792,0.3592194470674389,0.19078055293256116,0.19415494737795527,linear_progress_interpolation,0.3905670204266045,0.15943297957339556,0.1610535981740817,recorded_knot
8.542203477124037,0.36060807176724763,0.18939192823275244,0.19401391923477943,recorded_knot,0.3924279503657334,0.15757204963426666,0.16040636755071108,linear_progress_interpolation
8.548065003334623,0.3609979703356109,0.1890020296643892,0.19397772920690684,linear_progress_interpolation,0.3929052475052116,0.1570947524947884,0.16024036381321302,recorded_knot
8.570888382722716,0.3625161419907265,0.18748385800927353,0.19383681390489735,recorded_knot,0.3948993528554452,0.15510064714455482,0.15959360985390145,linear_progress_interpolation
8.57676332992747,0.3629408871299633,0.18705911287003674,0.19380052081788252,linear_progress_interpolation,0.39541265386377233,0.15458734613622774,0.15942712945234427,recorded_knot
8.599557326268698,0.36458884051784796,0.1854111594821521,0.19365970857501527,recorded_knot,0.3975401899406169,0.15245981005938317,0.15878080557351915,linear_progress_interpolation
8.605443782025105,0.3650482610724924,0.18495173892750766,0.1936233234524299,linear_progress_interpolation,0.39808961737751847,0.15191038262248158,0.15861389509147558,recorded_knot
8.62820977030344,0.3668250794832104,0.18317492051678966,0.18333914105836116,recorded_knot,0.4003497791624884,0.14965022083751164,0.15796794911659517,linear_progress_interpolation
8.634105751674355,0.3673189562528301,0.18268104374716992,0.18264598038010957,linear_progress_interpolation,0.4009351204012044,0.14906487959879566,0.14914876195675714,recorded_knot
8.656845222034645,0.36922372756364297,0.18077627243635705,0.17997261598045314,recorded_knot,0.4033271111197262,0.14667288888027388,0.14589452771074932,linear_progress_interpolation
8.66274867741792,0.3697520833472495,0.1802479166527505,0.17927814024056615,linear_progress_interpolation,0.40394810229763234,0.14605189770236773,0.14504968715933592,recorded_knot
8.685462680431888,0.3717849732536065,0.17821502674639356,0.17660609090254425,recorded_knot,0.40647212667490756,0.14352787332509248,0.1417968131823259,linear_progress_interpolation
8.691371488495498,0.3723477701063176,0.17765222989368243,0.17591052511226532,linear_progress_interpolation,0.4071287249673363,0.14287127503266372,0.14095061236191364,recorded_knot
8.714061198077095,0.37450889922135766,0.17549110077864238,0.17323956582463532,recorded_knot,0.4097849515670357,0.14021504843296434,0.13769881694241118,linear_progress_interpolation
8.719973169938603,0.37510568759863,0.17489431240137004,0.17254313079729441,linear_progress_interpolation,0.41047705107843485,0.1395229489215652,0.1368515375644913,recorded_knot
8.742639314843638,0.37739373837995516,0.1726062616200449,0.16987304074672643,recorded_knot,0.4132641158571372,0.1367358841428629,0.13360040877380383,linear_progress_interpolation
8.748551005304916,0.3780238904214304,0.17197610957856962,0.16917610700673003,linear_progress_interpolation,0.41399102660160875,0.1360089733983913,0.132752462767069,recorded_knot
8.771195622349756,0.3804376757426844,0.16956232425731566,0.16650651566881752,recorded_knot,0.4169077408519115,0.13309225914808853,0.12950140612749858,linear_progress_interpolation
8.777102331632484,0.3811006996210319,0.16889930037896814,0.16580961779561884,linear_progress_interpolation,0.41766854785090884,0.1323314521490912,0.1286533879696467,recorded_knot
8.799729336819208,0.3836405647161636,0.16635943528383645,0.1631399905909086,recorded_knot,0.42071539906728006,0.12928460093271996,0.12540174431276171,linear_progress_interpolation
8.805626301811584,0.38433586107706424,0.1656641389229358,0.1624436734016545,linear_progress_interpolation,0.4215094579721881,0.12849054202781193,0.12455431317222439,recorded_knot
8.82823973529386,0.38700215433605833,0.1629978456639417,0.1597734655129997,recorded_knot,0.4246869498633262,0.1253130501366738,0.12130141046837879,linear_progress_interpolation
8.834122129602806,0.38772869220301553,0.16227130779698448,0.1590783018710207,linear_progress_interpolation,0.42551350546939126,0.12448649453060878,0.1204552383748021,recorded_knot
8.856726881000789,0.390520617905584,0.159479382094416,0.1564069404350908,recorded_knot,0.42882109250731953,0.12117890749268051,0.11720036902109873,linear_progress_interpolation
8.86258980577913,0.3912772654589349,0.15872273454106517,0.1557135145790308,linear_progress_interpolation,0.4296789711744975,0.12032102882550255,0.1163561635773798,recorded_knot
8.885190895031542,0.39419407908565485,0.15580592091434517,0.15304041535718188,recorded_knot,0.4331161678899148,0.11688383211008523,0.11309860573110586,linear_progress_interpolation
8.891029379140758,0.3949799189358807,0.15502008106411935,0.15234930547524989,linear_progress_interpolation,0.43400409051077127,0.11599590948922876,0.11225708877995749,recorded_knot
8.91363123959108,0.3980220514995493,0.15197794850045077,0.149673890279273,recorded_knot,0.43757151703774677,0.11242848296225327,0.10899612855685646,linear_progress_interpolation
8.919440249009838,0.39883605242327924,0.1511639475767208,0.14898568528117787,linear_progress_interpolation,0.43848839794414285,0.11151160205585721,0.10815801398253519,recorded_knot
8.942047446884242,0.4020039384820083,0.14799606151799172,0.14630736520136406,recorded_knot,0.442186692034267,0.10781330796573302,0.10489292400209815,linear_progress_interpolation
8.947821884922643,0.4028446159460902,0.14715538405390985,0.14562268301990686,linear_progress_interpolation,0.4431313279059858,0.10686867209401425,0.10405893918511286,recorded_knot
8.97043987623845,0.4061374793304662,0.14386252066953387,0.14294084012345518,recorded_knot,0.4469600162523297,0.10303998374767039,0.10078895752826979,linear_progress_interpolation
8.97617459386733,0.40700324875747923,0.14299675124252081,0.14226030788564514,linear_progress_interpolation,0.447930767644383,0.10206923235561705,0.09995986438769057,recorded_knot
8.998808952146566,0.4104203543006593,0.13957964569934073,0.13957431504554624,recorded_knot,0.4518894271773315,0.09811057282266855,0.09668421758411443,linear_progress_interpolation
9.004498748802762,0.4113098611607815,0.13869013883921857,0.13889855109409724,linear_progress_interpolation,0.4528845500562624,0.09711544994373764,0.09586078959026825,recorded_knot
9.027154416698519,0.41485170513722325,0.1351482948627768,0.13620778996763735,recorded_knot,0.45697391604243365,0.0930260839575664,0.0925787132173573,linear_progress_interpolation
9.032794031038348,0.41576347811701875,0.13423652188298127,0.13553742341856337,linear_progress_interpolation,0.4579918708942851,0.09200812910571493,0.09176171479284596,recorded_knot
9.055476091058608,0.41943055324066986,0.1305694467593302,0.13284126488972844,recorded_knot,0.46221269021179556,0.08778730978820448,0.08847243087844708,linear_progress_interpolation
9.06106020173151,0.4203626503166503,0.12963734968334972,0.13217695362184617,linear_progress_interpolation,0.46325181638367957,0.08674818361632049,0.08766263999542365,recorded_knot
9.083774645557115,0.42415413438861105,0.12584586561138897,0.12947473981181953,recorded_knot,0.4676036222680691,0.08239637773193091,0.08436533680191932,linear_progress_interpolation
9.089297885304688,0.425104517739512,0.12489548226048801,0.12881715001619065,linear_progress_interpolation,0.46866180654142947,0.08133819345857059,0.08356356519800134,recorded_knot
9.112050822050586,0.429019613454288,0.12098038654571204,0.12610821473391062,recorded_knot,0.47314416700541606,0.07685583299458401,0.08025742060746568,linear_progress_interpolation
9.117507779647918,0.4299864932944539,0.12001350670554618,0.12545800305984095,linear_progress_interpolation,0.4742191953088434,0.0757808046911567,0.07946449040057905,recorded_knot
9.140304674346897,0.43402571432736137,0.11597428567263866,0.12274168965600173,recorded_knot,0.47883291644271636,0.0711670835572837,0.07614869192617284,linear_progress_interpolation
9.14568988336784,0.4350071859615547,0.11499281403844536,0.12209952283945136,linear_progress_interpolation,0.47992279526166626,0.07007720473833379,0.07536541560315674,recorded_knot
9.168536343675711,0.4391710267050978,0.11082897329490228,0.11937516457809282,recorded_knot,0.48466867989401197,0.06533132010598806,0.07203913813358037,linear_progress_interpolation
9.17384428435058,0.44016470624981957,0.10983529375018047,0.11874173672485598,linear_progress_interpolation,0.4857712959552659,0.06422870404473416,0.07126634080573443,recorded_knot
9.196746842002687,0.4444522076472005,0.10554779235279951,0.10574035305355686,recorded_knot,0.49064879475844164,0.0593512052415584,0.0679287278669492,linear_progress_interpolation
9.20197196080381,0.44545562744657924,0.1045443725534208,0.10467641760289087,linear_progress_interpolation,0.4917615748717397,0.058238425128260315,0.058339101649031985,recorded_knot
9.224937257032547,0.44986583012552295,0.10013416987447707,0.10000023822347032,recorded_knot,0.496770147936926,0.05322985206307408,0.052980054354321626,linear_progress_interpolation
9.230073970373626,0.4508767927448961,0.09912320725510393,0.09895357271266815,linear_progress_interpolation,0.4978904297668428,0.05210957023315728,0.051781380953376276,recorded_knot
9.25310798027004,0.4554101434369271,0.09458985656307292,0.09426012339338224,recorded_knot,0.5030308709452171,0.04696912905478293,0.04640145186931255,linear_progress_interpolation
9.258150660798622,0.4564263460452571,0.09357365395474294,0.09323191715120031,linear_progress_interpolation,0.5041562330838584,0.04584376691614169,0.045223660257718824,recorded_knot
9.281259497055315,0.46108324618922153,0.08891675381077853,0.08852000856329417,recorded_knot,0.5094293069365654,0.04057069306343461,0.03982146843157794,linear_progress_interpolation
9.286202477292766,0.46210157279760045,0.08789842720239958,0.08751108422808732,linear_progress_interpolation,0.5105572174706585,0.03944278252934156,0.038665939562061366,recorded_knot
9.309381798377359,0.4668768537598338,0.08312314624016624,0.08277989373320609,recorded_knot,0.5159569610207716,0.034043038979228404,0.0332394733997497,linear_progress_interpolation
9.314213987738261,0.46789304899246176,0.0821069510075383,0.08179220722026033,linear_progress_interpolation,0.5170826446954243,0.03291735530457573,0.032108218866403915,recorded_knot
9.337464921360974,0.47278265205576897,0.07721734794423107,0.077039778903118,recorded_knot,0.5226044283467578,0.02739557165324225,0.026654142140987443,linear_progress_interpolation
9.342169796995671,0.47379189039751396,0.07620810960248608,0.07607679505400466,linear_progress_interpolation,0.523721772956776,0.02627822704322401,0.025550498170746457,recorded_knot
9.365509552046438,0.47879847877797066,0.07120152122202936,0.07129966407302993,recorded_knot,0.5293690632968963,0.020630936703103748,0.020064779913440307,linear_progress_interpolation
9.370070536251491,0.47979571269640836,0.07020428730359167,0.07036487415217409,linear_progress_interpolation,0.5304726396620558,0.019527360337944277,0.018992777475089,recorded_knot
9.393516457652835,0.4849220334682584,0.06507796653174162,0.06555954924294186,recorded_knot,0.5362490252405251,0.013750974759474992,0.01347134814802459,linear_progress_interpolation
9.397916913501799,0.48590163114117546,0.0640983688588246,0.06465649712640159,linear_progress_interpolation,0.5373331681611437,0.012666831838856318,0.01243505677943155,recorded_knot
9.421487292796389,0.4911486986040125,0.05885130139598753,0.05981943441285377,recorded_knot,0.543240581593288,0.006759418406712054,0.006873775458806609,linear_progress_interpolation
9.425710501920243,0.49210487401063757,0.05789512598936246,0.058951690498585056,linear_progress_interpolation,0.5442990389898873,0.005700961010112796,0.005877336083774089,recorded_knot
9.449423766822633,0.49747378661844144,0.0525262133815586,0.054079319582765704,recorded_knot,0.5496604699144787,-0.00033953008552138706,0.0002720235226900125,linear_progress_interpolation
9.453452927755983,0.49840095153351455,0.051599048466485484,0.053250456223810375,linear_progress_interpolation,0.548634119859311,-0.0013658801406890523,-0.0006803846118833626,recorded_knot
9.477326853835045,0.5038946677220003,0.04610533227799977,0.048339204752677625,recorded_knot,0.5424566422282915,-0.007543357771708569,-0.006333914855245641,linear_progress_interpolation
9.481145101034631,0.5047870591977606,0.04521294080223948,0.04755281861679123,linear_progress_interpolation,0.5414686548906817,-0.008531345109318349,-0.007238105307540817,recorded_knot
9.505197611437586,0.5104085535987934,0.03959144640120656,0.042599089922589546,recorded_knot,0.5351502261435203,-0.01484977385647976,-0.012944075231240401,linear_progress_interpolation
9.508788016675817,0.5112599266019577,0.03874007339804226,0.041858826734962454,linear_progress_interpolation,0.5342070514274037,-0.015792948572596433,-0.013795826003198276,recorded_knot
9.53303816692983,0.5170102310603799,0.032989768939620176,0.03685897509250148,recorded_knot,0.5277455671848944,-0.02225443281510565,-0.0195585039970023,linear_progress_interpolation
9.536383817163806,0.5178142904742125,0.03218570952578756,0.03616847989115976,linear_progress_interpolation,0.5268541143055784,-0.02314588569442168,-0.02035354669885572,recorded_knot
9.560850694065453,0.5236944098304045,0.026305590169595553,0.031118860262413395,recorded_knot,0.5202474683110635,-0.029752531688936518,-0.02617720648389758,linear_progress_interpolation
9.563934695981992,0.5244451084723059,0.025554891527694207,0.030481752187796047,linear_progress_interpolation,0.5194147135221755,-0.030585286477824537,-0.026911267394513185,recorded_knot
9.588636443206646,0.5304579348569752,0.019542065143024822,0.02537874543232533,recorded_knot,0.5126589233602356,-0.03734107663976453,-0.032800176483849634,linear_progress_interpolation
9.591441855039234,0.5311491282348108,0.018850871765189278,0.024798658542588295,linear_progress_interpolation,0.511891658863258,-0.03810834113674196,-0.033468988090170626,recorded_knot
9.616396743171439,0.5372974780853549,0.012702521914645139,0.019638630602237247,recorded_knot,0.5049827817844031,-0.045017218215596864,-0.03942743723327382,linear_progress_interpolation
9.618906583265,0.5379227073407673,0.012077292659232703,0.01911922892331342,linear_progress_interpolation,0.5042879208576729,-0.04571207914232709,-0.04002670878582809,recorded_knot
9.644133985707978,0.5442071356140583,0.0057928643859417326,0.013898515772149164,recorded_knot,0.4972242186891673,-0.052775781310832784,-0.046059006561710504,linear_progress_interpolation
9.64633133337588,0.5447600117751863,0.005239988224813733,0.013443444607494089,linear_progress_interpolation,0.4966089587740093,-0.05339104122599074,-0.046584429481485556,recorded_knot
9.671850591186473,0.5488190701792748,-0.0011809298207252654,0.008158400942061094,recorded_knot,0.48938881580745786,-0.06061118419254216,-0.05269486683689581,linear_progress_interpolation
9.673718598042651,0.5483446588198666,-0.00165534118013344,0.007771268755424873,linear_progress_interpolation,0.48886030213890974,-0.06113969786109029,-0.053142150177142994,recorded_knot
9.699548039830628,0.5417848431795423,-0.008215156820457746,0.002418286111973013,recorded_knot,0.48148010583378054,-0.06851989416621948,-0.05933500180446781,linear_progress_interpolation
9.701069853193497,0.5413949982835182,-0.00860500171648186,0.0021026995784510956,linear_progress_interpolation,0.48104528105320904,-0.06895471894679099,-0.05969987087280046,recorded_knot
9.727227875707477,0.5346940638483424,-0.015305936151657668,-0.003321828718115056,recorded_knot,0.4735015798606529,-0.07649842013934717,-0.06597941300237171,linear_progress_interpolation
9.728386654650981,0.5343949629280574,-0.015605037071942572,-0.003562261522816903,linear_progress_interpolation,0.473167400084894,-0.07683259991510605,-0.0662575915684579,recorded_knot
9.754892670478919,0.5275533010462397,-0.0224466989537604,-0.022178057704530758,recorded_knot,0.46545934061102884,-0.0845406593889712,-0.07262807742446555,linear_progress_interpolation
9.755671708331835,0.5273509057273507,-0.022649094272649377,-0.0223619424449247,linear_progress_interpolation,0.4652327931683028,-0.08476720683169726,-0.08462257842134974,recorded_knot
9.782544996834522,0.5203691810579628,-0.029630818942037177,-0.02870513573315054,recorded_knot,0.4573597895830019,-0.09264021041699817,-0.09188319834040264,linear_progress_interpolation
9.782927738541385,0.5202691632981797,-0.029730836701820272,-0.028795513844252905,linear_progress_interpolation,0.45724765865306094,-0.09275234134693912,-0.09198660742114931,recorded_knot
9.810156436821462,0.5131537814232778,-0.03684621857672226,-0.03522511969645807,linear_progress_interpolation,0.449215863354767,-0.10078413664523304,-0.09935063642095085,recorded_knot
9.81018647943503,0.5131459307112878,-0.03685406928871226,-0.03523221376177206,recorded_knot,0.4492069461238148,-0.10079305387618526,-0.09935876911605927,linear_progress_interpolation
9.837359556402209,0.5060085645967615,-0.04399143540323856,-0.04165081715068822,linear_progress_interpolation,0.4411414493438289,-0.10885855065617119,-0.10671466542075236,recorded_knot
9.83781878242929,0.5058879428398455,-0.04411205716015457,-0.041759291790393574,recorded_knot,0.4410044501199256,-0.10899554988007443,-0.10683914644650086,linear_progress_interpolation
9.864526377695297,0.49884523650662266,-0.051154763493377386,-0.04807112917698213,linear_progress_interpolation,0.4330368707407173,-0.11696312925928276,-0.1140786944205539,recorded_knot
9.865437136258949,0.49860507242444363,-0.05139492757555641,-0.0482863698190151,recorded_knot,0.4327640963362449,-0.11723590366375514,-0.11432599983252675,linear_progress_interpolation
9.89164609343886,0.4916748155549438,-0.058325184445056244,-0.05448458002716283,linear_progress_interpolation,0.4249144499294908,-0.12508555007050925,-0.12144272342035543,recorded_knot
9.893036701749194,0.4913071064267506,-0.05869289357324945,-0.054813447847636615,recorded_knot,0.42449655443491763,-0.12550344556508244,-0.12182095957648842,linear_progress_interpolation
9.918720395455255,0.4845016620956606,-0.06549833790433947,-0.060891223400454705,linear_progress_interpolation,0.4167782776175012,-0.13322172238249888,-0.12880675242015696,recorded_knot
9.92061907484373,0.483998566356055,-0.06600143364394508,-0.06134052587625813,recorded_knot,0.41620611007994074,-0.1337938899200593,-0.1293240152352877,linear_progress_interpolation
9.945751006721062,0.47733016621711855,-0.07266983378288153,-0.06729109581004457,linear_progress_interpolation,0.4086325957395656,-0.14136740426043443,-0.1361707814199585,recorded_knot
9.948185859571687,0.47668411269577976,-0.07331588730422028,-0.06786760390487964,recorded_knot,0.4078975220559166,-0.14210247794408343,-0.1368351269932457,linear_progress_interpolation
9.97274046480314,0.47016717507540406,-0.07983282492459598,-0.07368428022591804,linear_progress_interpolation,0.40048457136635074,-0.1495154286336493,-0.14353481041976004,recorded_knot
9.975739365295912,0.4693712491276282,-0.0806287508723719,-0.07439468193350117,recorded_knot,0.3995784504711759,-0.15042154952882417,-0.14435422961016084,linear_progress_interpolation
9.99969124952358,0.46301961886122933,-0.08698038113877073,-0.08007085637942915,linear_progress_interpolation,0.3923413638023079,-0.15765863619769216,-0.15089883941956156,recorded_knot
10.003281826997148,0.4620674590921615,-0.08793254090783853,-0.0809217599621227,recorded_knot,0.3912562111116591,-0.15874378888834098,-0.15188127751955885,linear_progress_interpolation
10.026605023166367,0.45589216593440146,-0.0941078340655986,-0.08645086622491865,linear_progress_interpolation,0.38420742041883005,-0.16579257958117,-0.1582628684193631,recorded_knot
10.030814725450858,0.45477756116389684,-0.09522243883610321,-0.08744883799074421,recorded_knot,0.38293564971489913,-0.16706435028510094,-0.15941622349561868,linear_progress_interpolation
10.053483449716648,0.4487892846271284,-0.10121071537287163,-0.09282437483026668,linear_progress_interpolation,0.3760873223348541,-0.17391267766514598,-0.16562689741916464,recorded_knot
10.058339517208264,0.44750648305964486,-0.1024935169403552,-0.09397591601936572,recorded_knot,0.37462233356329855,-0.17537766643670152,-0.1669589643170862,linear_progress_interpolation
10.080329114817289,0.44171751175645424,-0.10828248824354583,-0.09919153403651618,linear_progress_interpolation,0.3679884649764503,-0.18201153502354972,-0.17299092641896616,recorded_knot
10.085858369037545,0.44026188284599277,-0.10973811715400728,-0.10050299404798724,recorded_knot,0.36632440183791615,-0.1836755981620839,-0.1745093670884082,linear_progress_interpolation
10.107144511193761,0.43468367618425224,-0.11531632381574779,-0.10555247469512843,linear_progress_interpolation,0.35991820615351633,-0.1900817938464837,-0.1803549554187677,recorded_knot
10.113373339485172,0.4330513610744972,-0.11694863892550285,-0.10703007207660876,recorded_knot,0.35804933269458616,-0.1919506673054139,-0.18206734974586558,linear_progress_interpolation
10.133931140562284,0.42769268780027037,-0.12230731219972968,-0.1119072456058875,linear_progress_interpolation,0.3518812498691273,-0.19811875013087277,-0.1877189844185692,recorded_knot
10.140885662128946,0.42587989621256517,-0.1241201037874349,-0.11355715010523028,recorded_knot,0.3498024177238007,-0.20019758227619935,-0.1896328326328475,linear_progress_interpolation
10.160690471900356,0.42074897695846,-0.12925102304154007,-0.11825593360623331,linear_progress_interpolation,0.3438824022647582,-0.20611759773524183,-0.19508301341837075,recorded_knot
10.168396514393667,0.4187525386054413,-0.13124746139455873,-0.1200842281338518,recorded_knot,0.34158992178656356,-0.20841007821343652,-0.19720566142620682,linear_progress_interpolation
10.187424777439922,0.4138586475590511,-0.13614135244094897,-0.12459872282308883,linear_progress_interpolation,0.33592917937496125,-0.21407082062503882,-0.2024470424181723,recorded_knot
10.195907668177533,0.4116769275078103,-0.13832307249218972,-0.12661130616247335,recorded_knot,0.333420283715259,-0.21657971628474107,-0.2047856767234938,linear_progress_interpolation
10.214136201817718,0.40702833177421743,-0.1429716682257826,-0.13093575895359078,linear_progress_interpolation,0.32802902142658796,-0.22197097857341205,-0.20981107141797384,recorded_knot
10.22342075877277,0.4046606069368006,-0.14533939306319946,-0.13313838419109483,recorded_knot,0.32530093033813234,-0.22469906966186767,-0.21237279481056467,linear_progress_interpolation
10.24082594781647,0.4002630890922073,-0.14973691090779276,-0.137267089792708,linear_progress_interpolation,0.3201867454230227,-0.22981325457697735,-0.21717510041777538,recorded_knot
10.250936653087624,0.397708563155161,-0.15229143684483903,-0.13966546221971635,recorded_knot,0.3172374118578809,-0.23276258814211914,-0.2199669170211683,linear_progress_interpolation
10.26749515192348,0.3935672070968582,-0.15643279290314183,-0.14359281142262575,linear_progress_interpolation,0.3124072308670176,-0.23759276913298247,-0.2245391294175769,recorded_knot
10.278456134639814,0.3908258153422538,-0.15917418465774621,-0.1461925402483379,recorded_knot,0.30923648531973436,-0.2407635146802657,-0.22756785625195375,linear_progress_interpolation
10.29414562223769,0.38694621948634067,-0.1630537805136594,-0.14991312162891973,linear_progress_interpolation,0.3046978983857376,-0.24530210161426244,-0.24514421714229834,recorded_knot
10.305980464658475,0.3840197755649161,-0.16598022443508392,-0.1656982633822171,recorded_knot,0.30130660429849176,-0.24869339570150825,-0.24796426543566402,linear_progress_interpolation
10.320779011674883,0.38040642651478473,-0.16959357348521534,-0.16862713805937624,linear_progress_interpolation,0.29706605565304217,-0.2529339443469579,-0.2514905157881521,recorded_knot
10.333510748494025,0.3772977288101411,-0.1727022711898589,-0.17114695716894918,recorded_knot,0.29345486967780227,-0.2565451303221978,-0.2545261369455113,linear_progress_interpolation
10.347396102525902,0.37395293580641686,-0.17604706419358318,-0.1738944610638446,linear_progress_interpolation,0.289516475690128,-0.26048352430987204,-0.2578368144340077,recorded_knot
10.361047394531415,0.37066452516258247,-0.17933547483741757,-0.17659565095568272,recorded_knot,0.2856868739672701,-0.26431312603272994,-0.26109359467076826,linear_progress_interpolation
10.373997583028295,0.3675898065784811,-0.18241019342151893,-0.1791574927698681,linear_progress_interpolation,0.28205395305700304,-0.267946046942997,-0.2641831130798632,recorded_knot
10.388590707787241,0.3641250113048641,-0.18587498869513594,-0.18204434474241624,recorded_knot,0.2780095872324008,-0.2719904127675992,-0.2676643576309829,linear_progress_interpolation
10.400600806828448,0.3613181799254496,-0.18868182007455042,-0.18441868059469158,linear_progress_interpolation,0.27468108597480895,-0.2753189140251911,-0.2705294117257187,recorded_knot
10.41615182638854,0.35768381441910424,-0.19231618558089583,-0.18749303852914978,recorded_knot,0.27042825351336497,-0.2795717464866351,-0.2742365196633469,linear_progress_interpolation
10.427223019085648,0.3551404132851032,-0.19485958671489684,-0.18967947183058284,linear_progress_interpolation,0.2674005467120702,-0.28259945328792985,-0.2768757103715742,recorded_knot
10.443741755073273,0.351345540140662,-0.19865445985933802,-0.1929417323158833,recorded_knot,0.2629466261137278,-0.2870533738862722,-0.28081064567143577,linear_progress_interpolation
10.453864583391216,0.3490619002408299,-0.20093809975917015,-0.19493879368872874,linear_progress_interpolation,0.260217223961375,-0.28978277603862507,-0.2832220090174297,recorded_knot
10.471360431449531,0.34511495819533955,-0.20488504180466047,-0.1983904261026168,recorded_knot,0.25557029188354863,-0.2944297081164514,-0.2873866391420891,linear_progress_interpolation
10.4805257450111,0.3430867282728801,-0.20691327172711993,-0.20019671774568357,linear_progress_interpolation,0.253135966353821,-0.296864033646179,-0.2895683076632853,recorded_knot
10.49900767615006,0.3389967857401933,-0.21100321425980675,-0.20383911988935033,recorded_knot,0.24830628390589032,-0.3016937160941097,-0.2939643198019506,linear_progress_interpolation
10.507207166913538,0.33721940932420147,-0.21278059067579858,-0.20545339820641922,linear_progress_interpolation,0.24616359998803572,-0.3038364000119643,-0.2959146063091408,recorded_knot
10.526683519841294,0.33299758490096887,-0.2170024150990312,-0.2092878136760839,recorded_knot,0.24116228731949896,-0.3088377126805011,-0.30054354690806484,linear_progress_interpolation
10.533909335491884,0.3314655743670125,-0.21853442563298756,-0.2107089375447831,linear_progress_interpolation,0.23930677753859386,-0.3106932224614062,-0.30226090495499636,recorded_knot
10.554387830286446,0.3271237434565776,-0.22287625654342247,-0.21473650746281742,recorded_knot,0.23414417282413125,-0.3158558271758688,-0.30712428231850664,linear_progress_interpolation
10.560632049784834,0.3258303888751425,-0.22416961112485753,-0.21596334371135711,linear_progress_interpolation,0.23257001235267521,-0.31742998764732483,-0.3086072036008518,recorded_knot
10.582120007277764,0.3213796247281844,-0.22862037527181567,-0.22018520124955093,recorded_knot,0.22725706481066282,-0.3227429351893372,-0.31370645637478,linear_progress_interpolation
10.58737498675725,0.32031760433532674,-0.2296823956646733,-0.22121666627224978,linear_progress_interpolation,0.22595775889393943,-0.3240422411060606,-0.3149535022467073,recorded_knot
10.60987933348775,0.31576952279684956,-0.23423047720315046,-0.22563389503628445,recorded_knot,0.22050759987812735,-0.3294924001218727,-0.320289961938502,linear_progress_interpolation
10.614137918256805,0.3149311350976598,-0.23506886490234022,-0.2264689892063975,linear_progress_interpolation,0.21947624516023162,-0.3305237548397684,-0.3212998008925628,recorded_knot
10.637665091312266,0.31029933989899666,-0.23970066010100338,-0.231082588823018,recorded_knot,0.21390270760865976,-0.3360972923913403,-0.32687472127797823,linear_progress_interpolation
10.640920447186419,0.30967609487762204,-0.24032390512237797,-0.23172036645575633,linear_progress_interpolation,0.21313152068511615,-0.3368684793148839,-0.3276460995384184,recorded_knot
10.665476410516023,0.30497480184488523,-0.24502519815511478,-0.2365312826097515,recorded_knot,0.20744742670918176,-0.3425525732908183,-0.3334607087610779,linear_progress_interpolation
10.667721814373579,0.30455735621007973,-0.24544264378992034,-0.23697080779188942,linear_progress_interpolation,0.2069276716350697,-0.34307232836493035,-0.3339923981842739,recorded_knot
10.69331217179792,0.2997998231881429,-0.25020017681185713,-0.24197997639648505,recorded_knot,0.20114635594204022,-0.3488536440579598,-0.3400478841200895,linear_progress_interpolation
10.694541140252698,0.2995783012805396,-0.25042169871946046,-0.24222033964160278,linear_progress_interpolation,0.2008687101672656,-0.34913128983273445,-0.3403386968301294,recorded_knot
10.721171143249046,0.2947782357944778,-0.25522176420552223,-0.24742867018321857,recorded_knot,0.19500560935691885,-0.3549943906430812,-0.3466361750194297,linear_progress_interpolation
10.721377589204915,0.29474222729218175,-0.2552577727078183,-0.24746901535591798,linear_progress_interpolation,0.19496015635973707,-0.355039843640263,-0.34668499547598497,recorded_knot
10.748230169699143,0.29005857436076266,-0.2599414256392374,-0.2527167422629652,linear_progress_interpolation,0.18920735338967432,-0.36079264661032573,-0.3530312941218404,recorded_knot
10.749052069807968,0.28991521775282475,-0.2600847822471753,-0.25287736396995214,recorded_knot,0.18903624512156153,-0.3609637548784385,-0.3532254334622306,linear_progress_interpolation
10.775097591506478,0.2855283735245169,-0.26447162647548317,-0.25796361852647365,linear_progress_interpolation,0.18361392668885423,-0.3663860733111458,-0.359377592767696,recorded_knot
10.776953558157375,0.2852157732746672,-0.26478422672533286,-0.2583260577566856,recorded_knot,0.183238981504459,-0.36676101849554105,-0.3598157677111757,linear_progress_interpolation
10.801978449982327,0.2811533869624481,-0.2688466130375519,-0.2632096819253009,linear_progress_interpolation,0.17818341508291663,-0.3718165849170834,-0.3657238914135515,recorded_knot
10.804874005737386,0.28068334033256065,-0.2693166596674394,-0.2637747515434192,recorded_knot,0.17761676956914157,-0.37238323043085847,-0.36640719632332724,linear_progress_interpolation
10.828871366020868,0.2769364917116265,-0.27306350828837356,-0.2684549603036869,linear_progress_interpolation,0.17292060838373757,-0.37707939161626247,-0.3769837797958988,recorded_knot
10.8328117056504,0.27632126337265434,-0.2736787366273457,-0.2692234453301527,recorded_knot,0.17217504460858463,-0.3778249553914154,-0.377487790319553,linear_progress_interpolation
10.855774820771932,0.27288148539358814,-0.2771185146064119,-0.27369945698124887,linear_progress_interpolation,0.1678301230005667,-0.38216987699943333,-0.38042501217485014,recorded_knot
10.860764935543378,0.2721339872073454,-0.27786601279265466,-0.2777014755956389,recorded_knot,0.16691876979710712,-0.3830812302028929,-0.3810630921347828,linear_progress_interpolation
10.882687034921387,0.2689921263505009,-0.28100787364949914,-0.27950379900697786,linear_progress_interpolation,0.16291509925849884,-0.3870849007415012,-0.3838662445538024,recorded_knot
10.888731851719065,0.2681257871848975,-0.28187421281510255,-0.2800007730715441,recorded_knot,0.16185149021133183,-0.3881485097886682,-0.3846389905812952,linear_progress_interpolation
10.909606124180886,0.26527114680267505,-0.284728853197325,-0.28171623495674936,linear_progress_interpolation,0.15817858071108826,-0.3918214192889118,-0.38730747693275464,recorded_knot
10.916710416790531,0.26429960632826044,-0.2857003936717396,-0.28230007054744993,recorded_knot,0.15697687596919435,-0.3930231240308057,-0.3882147219302311,linear_progress_interpolation
10.936553114052268,0.2617180213339708,-0.2882819786660292,-0.2839302023060909,linear_progress_interpolation,0.15362044561059363,-0.3963795543894064,-0.39074870931170697,recorded_knot
10.944698500261225,0.26065828603022834,-0.2893417139697717,-0.2845993680233557,recorded_knot,0.15229898450812085,-0.3977010154918792,-0.39178702221959844,linear_progress_interpolation
10.963548990293715,0.25833320109640573,-0.2916667989035943,-0.28614638409915844,linear_progress_interpolation,0.1492407882849518,-0.40075921171504825,-0.3941899416906592,recorded_knot
10.972715587367965,0.2572025611652938,-0.29279743883470627,-0.2868986654992615,recorded_knot,0.14781779689956726,-0.4021822031004328,-0.39535640836792435,linear_progress_interpolation
10.990591675071196,0.255120260126173,-0.29487973987382704,-0.28836318217015666,linear_progress_interpolation,0.14504277378029728,-0.40495722621970276,-0.3976311740696114,recorded_knot
11.000781121992427,0.2539333395726164,-0.29606666042738367,-0.2891979629751673,recorded_knot,0.143533064518384,-0.40646693548161605,-0.3989256625286038,linear_progress_interpolation
11.017679019439063,0.2520820637867418,-0.29791793621325824,-0.2905800680702618,linear_progress_interpolation,0.141029404361041,-0.40897059563895904,-0.4010724064485637,recorded_knot
11.028892799668073,0.2508535204208204,-0.29914647957917967,-0.2914972604510731,recorded_knot,0.13944760170002463,-0.4105523982999754,-0.4024947841493337,linear_progress_interpolation
11.044809101409298,0.2492211155543131,-0.30077888444568696,-0.2927970548844265,linear_progress_interpolation,0.1372024668807531,-0.41279753311924694,-0.404513638827516,recorded_knot
11.057048261393616,0.24796584503700347,-0.30203415496299657,-0.29379655792697895,recorded_knot,0.13556336100400274,-0.4144366389959973,-0.4060637479239132,linear_progress_interpolation
11.071979959078028,0.2465393172335114,-0.30346068276648863,-0.29501415343790593,linear_progress_interpolation,0.13356366221293065,-0.4164363377870694,-0.40795487120646823,recorded_knot
11.085245158054821,0.2452720015163573,-0.30472799848364274,-0.29609585540288474,recorded_knot,0.13188266172591045,-0.4181173382740896,-0.4096325538099138,linear_progress_interpolation
11.099189296612096,0.24403817550258627,-0.30596182449741377,-0.2972313482777387,linear_progress_interpolation,0.13011562425087042,-0.4198843757491296,-0.4113961035854205,recorded_knot
11.113481110299388,0.24277358598069354,-0.3072264140193065,-0.29839515287879054,recorded_knot,0.1284082991501022,-0.42159170084989783,-0.4132012271921066,linear_progress_interpolation
11.126434772673953,0.2417195111387363,-0.30828048886126375,-0.29944862466170374,linear_progress_interpolation,0.12686083194944608,-0.42313916805055396,-0.4148373359643728,recorded_knot
11.141753650375602,0.2404729722738641,-0.30952702772613594,-0.30069445035469633,recorded_knot,0.1251423661170567,-0.42485763388294334,-0.41676978411401516,linear_progress_interpolation
11.153714064988149,0.23958541095971642,-0.31041458904028363,-0.30166597369225534,linear_progress_interpolation,0.12380065138748092,-0.4261993486125191,-0.418278568343325,recorded_knot
11.170060279837033,0.23837238713047598,-0.31162761286952406,-0.3029937478306022,recorded_knot,0.1220863003850256,-0.42791369961497444,-0.42033823686340244,linear_progress_interpolation
11.181024830416158,0.23763751538223488,-0.31236248461776517,-0.3038833842537612,linear_progress_interpolation,0.12093636515839556,-0.4290636348416045,-0.4217198007222772,recorded_knot
11.198398556929488,0.23647308454814114,-0.3135269154518589,-0.30529304530650797,recorded_knot,0.11924202740037665,-0.4307579725996234,-0.42390661255548306,linear_progress_interpolation
11.208364645078259,0.23587694525211012,-0.31412305474788993,-0.30610083678259875,linear_progress_interpolation,0.11827010468493332,-0.4317298953150667,-0.42516103310122955,recorded_knot
11.226766027995184,0.23477623378996565,-0.3152237662100344,-0.30759234278241376,recorded_knot,0.11661178361490115,-0.4333882163850989,-0.4274749434709449,linear_progress_interpolation
11.23573106148747,0.23430499557834983,-0.3156950044216502,-0.30831831281295685,linear_progress_interpolation,0.1158038604277733,-0.43419613957222675,-0.42860226548018177,recorded_knot
11.255160146227315,0.23328372475387227,-0.3167162752461278,-0.30989164025831956,recorded_knot,0.11419703229933986,-0.4358029677006602,-0.4310432396547627,linear_progress_interpolation
11.263121763198454,0.23292332550632522,-0.3170766744936748,-0.3105358091626162,linear_progress_interpolation,0.11353858902893693,-0.4364614109710631,-0.4320434978591341,recorded_knot
11.283578354066544,0.23199731512640331,-0.31800268487359673,-0.31219093773422535,recorded_knot,0.11199877292729721,-0.43800122707270284,-0.43461150357952716,linear_progress_interpolation
11.290534429104616,0.2317332929098741,-0.31826670709012594,-0.312753320737331,linear_progress_interpolation,0.11147517266482404,-0.438524827335176,-0.43548473023808626,recorded_knot
11.31201819966808,0.23091786284442406,-0.319082137155576,-0.31449023521013114,recorded_knot,0.11001858683053728,-0.43998141316946277,-0.4381797663648637,linear_progress_interpolation
11.317966583408749,0.23073566134325418,-0.31926433865674586,-0.3149708243748992,linear_progress_interpolation,0.10961529023658201,-0.44038470976341804,-0.43892596261703853,recorded_knot
11.340477234376536,0.23004615061606293,-0.3199538493839371,-0.316789532686037,recorded_knot,0.10825821729202323,-0.4417417827079768,-0.44174806636107916,linear_progress_interpolation
11.345415744746358,0.22993125142999032,-0.3200687485700097,-0.31718829785756764,linear_progress_interpolation,0.10796049516844275,-0.4420395048315573,-0.4423671949959908,recorded_knot
11.368952901858934,0.22938363686766727,-0.32061636313233277,-0.3190888301619428,recorded_knot,0.10671857241027927,-0.4432814275897208,-0.4453164042919313,linear_progress_interpolation
11.372879657624896,0.2293213411780468,-0.32067865882195323,-0.31940574343307526,linear_progress_interpolation,0.10651137970097402,-0.443488620299026,-0.4435448821113462,recorded_knot
11.397442651085626,0.22893166361519895,-0.3210683363848011,-0.32138812763784863,recorded_knot,0.10540026123252799,-0.44459973876747205,-0.44309407055515837,linear_progress_interpolation
11.400356075119465,0.228907035863946,-0.32109296413605404,-0.3216231624843569,linear_progress_interpolation,0.10526847113717225,-0.4447315288628278,-0.4430405996610416,recorded_knot
11.425944078115561,0.22869073539908807,-0.32130926460091197,-0.32140159655395667,recorded_knot,0.10430456397534943,-0.4456954360246506,-0.44257114734086456,linear_progress_interpolation
11.427842531772633,0.22868877479286542,-0.3213112252071346,-0.3212846866432832,linear_progress_interpolation,0.1042330487001355,-0.44576695129986454,-0.44253631721073694,recorded_knot
11.454454794338089,0.22866129128417373,-0.3213387087158263,-0.3196458595759124,recorded_knot,0.10343279690857315,-0.4465672030914269,-0.4420482078862237,linear_progress_interpolation
11.455336571121387,0.2286669534759022,-0.32133304652409783,-0.3195915712140295,linear_progress_interpolation,0.10340628118301781,-0.44659371881698223,-0.4420320347604322,recorded_knot
11.48284023860404,0.22884356397582983,-0.3211564360241702,-0.3178982525854526,linear_progress_interpolation,0.1027888202042776,-0.44721117979572245,-0.44152775231012753,recorded_knot
11.482972289637672,0.22884441192089316,-0.3211555880791069,-0.3178901225978677,recorded_knot,0.10278686444441537,-0.4472131355555847,-0.44152533217032414,linear_progress_interpolation
11.510355598961278,0.2292252433552187,-0.32077475664478133,-0.316204467461568,linear_progress_interpolation,0.10238130020309977,-0.4476186997969003,-0.44102346985982277,recorded_knot
11.511494071896308,0.22924107658690246,-0.3207589234130976,-0.31613438561982293,recorded_knot,0.10237316862819301,-0.44762683137180703,-0.44100261176080474,linear_progress_interpolation
11.537880251173657,0.2298057335142507,-0.32019426648574933,-0.3145102241989893,linear_progress_interpolation,0.10218470460178081,-0.44781529539821924,-0.440519187409518,recorded_knot
11.540017831956302,0.229851477150872,-0.32014852284912804,-0.3143786486417783,recorded_knot,0.10218588553158431,-0.44781411446841574,-0.440480034374682,linear_progress_interpolation
11.56541182003695,0.23058531362823836,-0.3194146863717617,-0.312815543266651,linear_progress_interpolation,0.10219991471709972,-0.44780008528290033,-0.44001490495921336,recorded_knot
11.568541285718714,0.23067574905195565,-0.3193242509480444,-0.3126229116637335,recorded_knot,0.10222571754402987,-0.4477742824559702,-0.4399575939119774,linear_progress_interpolation
11.592948127577236,0.23156479279228032,-0.31843520720771973,-0.3111204256444685,linear_progress_interpolation,0.10242695493738302,-0.447573045062617,-0.4395106225089086,recorded_knot
11.597062013511747,0.23171464522135282,-0.3182853547786472,-0.3108671746856888,recorded_knot,0.102492510775542,-0.44750748922445804,-0.43943529051053365,linear_progress_interpolation
11.620487029027872,0.23274493404940505,-0.317255065950595,-0.3094248711290888,linear_progress_interpolation,0.10286579446655625,-0.4471342055334438,-0.43900634005860395,recorded_knot
11.625577623672125,0.23296883071177893,-0.3170311692882211,-0.3091114377076441,recorded_knot,0.10298618566310386,-0.4470138143368962,-0.43891312398659266,linear_progress_interpolation
11.64802624501629,0.23412588875931095,-0.3158741112406891,-0.30772889816619686,linear_progress_interpolation,0.10351708953059602,-0.446482910469404,-0.4385020576082992,recorded_knot
11.654085940012079,0.2344382205837457,-0.31556177941625435,-0.30735570072959933,recorded_knot,0.10370728646835242,-0.4462927135316476,-0.43839108814630523,linear_progress_interpolation
11.675563531272042,0.23570767962014283,-0.3142923203798572,-0.3060325258498539,linear_progress_interpolation,0.1043814082006948,-0.44561859179930524,-0.43799777515799454,recorded_knot
11.682584819299828,0.23612268135037112,-0.3138773186496289,-0.3055999637515546,recorded_knot,0.10465607519905845,-0.4453439248009416,-0.4378691779152929,linear_progress_interpolation
11.703096876906537,0.23749076953099385,-0.3125092304690062,-0.30433575233703175,linear_progress_interpolation,0.10545848997976554,-0.4445415100202345,-0.4374934927076898,recorded_knot
11.71107196759019,0.23802268239477847,-0.31197731760522157,-0.3038442267735099,recorded_knot,0.10583208711399633,-0.4441679128860037,-0.43734739488513785,linear_progress_interpolation
11.730624311615058,0.23947568161933253,-0.3105243183806675,-0.30263857295105145,linear_progress_interpolation,0.10674802650389681,-0.44325197349610324,-0.43698921025738513,recorded_knot
11.739545126943606,0.2401386168529947,-0.30986138314700534,-0.3020884897954652,recorded_knot,0.10723503972682302,-0.442764960273177,-0.4368257397319164,linear_progress_interpolation
11.758143710599667,0.24166242540486316,-0.3083375745951369,-0.300941002763523,linear_progress_interpolation,0.10825039043576729,-0.44174960956423276,-0.43648492780708037,recorded_knot
11.768002286070654,0.24247015258934884,-0.3075298474106512,-0.30033275281742045,recorded_knot,0.10886517411560337,-0.4411348258843967,-0.4363042067418714,linear_progress_interpolation
11.785652991763294,0.2440507941490902,-0.30594920585090984,-0.2992430593435125,linear_progress_interpolation,0.10996587733883867,-0.4400341226611614,-0.43598064535677566,recorded_knot
11.796441473250525,0.24501691541937615,-0.3049830845806239,-0.29857701583937574,recorded_knot,0.11072235587174928,-0.43927764412825077,-0.4357827920458115,linear_progress_interpolation
11.81315034246688,0.2466409463247159,-0.30335905367528415,-0.29754473809223514,linear_progress_interpolation,0.1118939666203374,-0.43810603337966264,-0.43547636290647096,recorded_knot
11.824860549052294,0.24777912851744088,-0.30222087148255916,-0.29682127886133103,recorded_knot,0.11280583029273067,-0.4371941697072694,-0.4352614987719105,linear_progress_interpolation
11.840633997114718,0.24943320139056452,-0.3005667986094355,-0.2958460295332324,linear_progress_interpolation,0.11403409506941031,-0.43596590493058973,-0.43497208045616625,recorded_knot
11.853257416639437,0.2507569484697867,-0.29924305153021336,-0.2950655418832863,recorded_knot,0.11511513219669667,-0.4348848678033034,-0.43474032841120364,linear_progress_interpolation
11.868102013330828,0.2524274498183191,-0.29757255018168094,-0.294146944855239,linear_progress_interpolation,0.11638638521427747,-0.4336136147857226,-0.43446779800586155,recorded_knot
11.881630257547316,0.25394981857489324,-0.2960501814251068,-0.2933098049052416,recorded_knot,0.11765023386598189,-0.43234976613401815,-0.43421927575858466,linear_progress_interpolation
11.89555249801203,0.25562327784470934,-0.2943767221552907,-0.29244750000831565,linear_progress_interpolation,0.11895089081439714,-0.4310491091856029,-0.4339635155555568,recorded_knot
11.909977298702097,0.25735714506896995,-0.2926428549310301,-0.29155406792719685,recorded_knot,0.12041062848424533,-0.4295893715157547,-0.4336983383343516,linear_progress_interpolation
11.922983865623786,0.2590205719563072,-0.29097942804369287,-0.29074768761981296,linear_progress_interpolation,0.1217268460250579,-0.42827315397494214,-0.42831946121862396,recorded_knot
11.938296579682444,0.2609789350229518,-0.28902106497704827,-0.28979833094915214,recorded_knot,0.12339527895307717,-0.4266047210469229,-0.42570387705453766,linear_progress_interpolation
11.95039458372835,0.26261948022362486,-0.2873805197763752,-0.28904749295447596,linear_progress_interpolation,0.12471344555869529,-0.42528655444130475,-0.42363740159640995,recorded_knot
11.96658618837905,0.2648151365649608,-0.28518486343503924,-0.28804259397110743,recorded_knot,0.12660355046625743,-0.4233964495337426,-0.4208694326119364,linear_progress_interpolation
11.977782917477448,0.26641979715183217,-0.2835802028481679,-0.28734692276168733,linear_progress_interpolation,0.12791058538182465,-0.4220894146181754,-0.4189553419741947,recorded_knot
11.99484452514074,0.26886498352057847,-0.2811350164794216,-0.2812107558931398,recorded_knot,0.1300351679084666,-0.41996483209153346,-0.41603608030352013,linear_progress_interpolation
12.005147187399823,0.2704209189711886,-0.27957908102881146,-0.27902530437115697,linear_progress_interpolation,0.13131809837114705,-0.418681901628853,-0.4142732823519794,recorded_knot
12.023070041187633,0.27312767600963966,-0.2768723239903604,-0.2752234202460762,recorded_knot,0.13368925674364412,-0.4163107432563559,-0.41120381201360434,linear_progress_interpolation
12.03248606374785,0.27462248310979614,-0.2753775168902039,-0.2732235970641223,linear_progress_interpolation,0.13493497804414728,-0.41506502195585276,-0.40959122272976417,recorded_knot
12.05126097728493,0.277603027589227,-0.27239697241077304,-0.26923608459901105,recorded_knot,0.13756449138883592,-0.4124355086111641,-0.406372689426558,linear_progress_interpolation
12.05979827595798,0.27902449435159,-0.27097550564841005,-0.2674205524696208,linear_progress_interpolation,0.13876017949381947,-0.4112398205061806,-0.4049091631075489,recorded_knot
12.079415627840175,0.2822907984524575,-0.2677092015475425,-0.2632487489519459,recorded_knot,0.1416600730867631,-0.40833992691323695,-0.40154274105575066,linear_progress_interpolation
12.087082321074472,0.2836266740451708,-0.26637332595482927,-0.2616161761623038,linear_progress_interpolation,0.14279338581534706,-0.407206614184653,-0.40022710348533364,recorded_knot
12.10753263799008,0.2871900198574954,-0.2628099801425046,-0.2572614133048807,recorded_knot,0.14597548803575983,-0.4040245119642402,-0.3967139285621786,linear_progress_interpolation
12.114336757641519,0.2884282392848676,-0.26157176071513244,-0.25581051065239097,linear_progress_interpolation,0.14703422000261146,-0.4029657799973886,-0.3955450438631184,recorded_knot
