case,plan_id,release_time,target_time,estimated_delay,target_on_node,truth_kind,method,failure,contaminated,predicted_center_clearance,error_vx,error_vy,error_r,error_e_psi,error_s_abs,error_e_y,error_delta,error_a_cmd,predicted_vx,predicted_vy,predicted_r,predicted_e_psi,predicted_s_abs,predicted_e_y,predicted_delta,predicted_a_cmd
D4-R1_A,1,0.1,0.117,0.017,False,reconstructed_rk4,A,,False,0.45913341095743765,-0.0007747157566102558,0.0015207323101716352,0.03690172796035074,0.0003031805569788659,-1.306264600686724e-05,2.590913328823219e-05,0.009999999999999995,0.0007283687389154636,5.330726007053958,-0.2918644505342349,0.8845241443402985,0.09915726025805596,1.6146282724163252,-0.0908665890425624,0.04051543590295225,0.8861290951835795
D4-R1_A,1,0.1,0.117,0.017,False,reconstructed_rk4,P0,,False,0.45857577778944913,0.002131362384308666,0.02888627273917327,-0.04510685027378902,-0.010329165309427069,0.00032102251577170726,-0.0005317240347003094,0.0,-0.001327722997936931,5.333632085194877,-0.26449891010523324,0.8025155661061587,0.08852491439165,1.6149623575781038,-0.09142422221055094,0.030515435902952255,0.8840730034467271
D4-R1_A,1,0.1,0.117,0.017,False,reconstructed_rk4,P1a,,False,0.4590669716978142,0.001938850043635476,0.027735074253548375,-0.0657173139299767,-0.007633713805708986,0.0005777711860635026,-4.053012633521702e-05,0.0,-0.001135210657263741,5.3334395728542034,-0.26565010859085814,0.781905102449971,0.09122036589536808,1.6152191062483956,-0.09093302830218584,0.030515435902952255,0.8842655157874003
D4-R1_A,1,0.1,0.117,0.017,False,reconstructed_rk4,P1b,,False,0.4592765317404902,0.001938850043635476,0.02874960565047563,-0.07957235052846989,-0.008126526137109735,0.0005777711860635026,0.00016902991634080988,0.0,-0.001135210657263741,5.3334395728542034,-0.2646355771939309,0.7680500658514778,0.09072755356396733,1.6152191062483956,-0.09072346825950982,0.030515435902952255,0.8842655157874003
D4-R1_A,1,0.1,0.117,0.017,False,reconstructed_rk4,P2,,False,0.4591064166114873,0.0,0.0,1.1102230246251565e-16,-2.4740278817159123e-05,-2.2508878754212702e-06,-1.0852126620802816e-06,0.0,0.0,5.331500722810568,-0.2933851828444065,0.8476224163799478,0.09882933942225972,1.6146390841744567,-0.09089358338851271,0.030515435902952255,0.885400726444664
D4-R1_A,2,0.2,0.23500000000000001,0.035,False,recorded_event,A,,False,0.4910971489000071,0.0002458249505918886,0.00021565940722512167,-0.046295920715736044,-0.0009892549719943133,5.0368060477978815e-06,-9.274190204233007e-05,-0.0061511802162936054,-0.0001968762582826855,5.428731558077589,-0.2196553269166325,-0.2850047798441551,0.09114594637414529,2.246279773432166,-0.05890285109999295,-0.0194845640970477,0.8461670557904418
D4-R1_A,2,0.2,0.23500000000000001,0.035,False,recorded_event,P0,,False,0.4886608904574913,0.001051034279209162,0.006391400022292881,0.17248715300625372,-0.0072816772859063406,0.00056616428831191,-0.0025290003445581355,0.0013741532915299906,-0.00127265852881564,5.429536767406206,-0.21347958630156474,-0.06622170612216535,0.08485352406023328,2.24684090091443,-0.061339109542508756,-0.011959230589224103,0.8450912735199089
D4-R1_A,2,0.2,0.23500000000000001,0.035,False,recorded_event,P1a,,False,0.4900112674126578,-0.0032998831719774913,-0.04868395167410963,0.04377504106012692,0.008574201729673714,-7.015509041696788e-06,-0.001178623389391592,-0.01369408858641454,0.0030782589223710133,5.425185849955019,-0.26855493799796726,-0.19493381806829216,0.10070940307581333,2.2462677211170763,-0.05998873258734221,-0.027027472467168634,0.8494421909710955
D4-R1_A,2,0.2,0.23500000000000001,0.035,False,recorded_event,P1b,,False,0.49107578045062195,-0.0032998831719774913,-0.01611203286837104,-0.0032853575643878863,0.0025934940827228026,-7.015509041696788e-06,-0.00011411035142746412,0.0006465026007623498,0.0030782589223710133,5.425185849955019,-0.23598301919222867,-0.24199421669280696,0.09472869542886242,2.2462677211170763,-0.058924219549378085,-0.012686881279991744,0.8494421909710955
D4-R1_A,2,0.2,0.23500000000000001,0.035,False,recorded_event,P2,,False,0.4911845280699602,-1.023756105666962e-06,7.0257236804427414e-06,0.00030632777798364486,-5.984356976584948e-05,-3.81397783710824e-06,-5.362732089217448e-06,5.633339291166023e-05,6.995988313107659e-07,5.428484709370891,-0.21986396060017718,-0.23840253135043543,0.09207535777637385,2.246270922648281,-0.05881547193003984,-0.013277050487842433,0.8463646316475558
D4-R1_A,3,0.3,0.33499999999999996,0.035,True,recorded_event,A,,False,0.5172430231498487,-6.759155777302794e-07,3.253767052148471e-05,0.0005028067379252987,-6.91666326373408e-05,-2.355007714172075e-06,-6.375479534991013e-06,0.00014182270093680144,5.723036666793746e-07,5.516664866316387,-0.03800143766201186,-0.12899906138352793,0.04747308518980453,2.791891963110037,-0.03275697685015135,-0.0036728818737859787,0.8599498410443086
D4-R1_A,3,0.3,0.33499999999999996,0.035,True,recorded_event,P0,,False,0.5164197131024506,0.0001506927415828585,-0.003445474247214843,0.0455139328817734,-0.0026655672728699287,-0.0001104454619866857,-0.0008296855269331188,0.003291161331651129,-7.280765615913509e-05,5.516816234973548,-0.04147944957974819,-0.08398793523967983,0.044876684549572055,2.7917838726557647,-0.03358028689754948,-0.000523543243071651,0.8598764610844828
D4-R1_A,3,0.3,0.33499999999999996,0.035,True,recorded_event,P1a,,False,0.517712704139985,0.0004425739457554201,0.020947746507654234,0.034839321846027296,-0.002842084543158485,-0.0011487277951447439,0.0004633055106014125,1.4667318736190545e-05,-0.0003646888603316967,5.51710811617772,-0.01708622882487911,-0.09466254627542593,0.0447001672792835,2.7907455903226066,-0.03228729586001495,-0.0038000372559865896,0.8595845798803102
D4-R1_A,3,0.3,0.33499999999999996,0.035,True,recorded_event,P1b,,False,0.5183855454207394,0.0004425739457554201,0.01648644873892534,0.027073700555295302,-0.0034395682087464685,-0.0011487277951447439,0.0011361467913558118,0.002484410026269609,-0.0003646888603316967,5.51710811617772,-0.021547526593608007,-0.10242816756615793,0.044102683613695515,2.7907455903226066,-0.03161445457926055,-0.001330294548453171,0.8595845798803102
D4-R1_A,3,0.3,0.33499999999999996,0.035,True,recorded_event,P2,,False,0.5172434592821671,-2.988516492052895e-07,1.6203712099358003e-05,0.0005141654146375851,-6.500613503135355e-05,-2.3594430511586495e-06,-5.939347216626922e-06,0.0001255385990328742,1.988655586870891e-07,5.516665243380316,-0.03801777162043399,-0.12898770270681564,0.047477245687410505,2.7918919586747,-0.03275654071783299,-0.003689165975689906,0.8599494676062006
D4-R1_A,4,0.4,0.43500000000000005,0.035,True,recorded_event,A,,False,0.5348869239215901,-4.6510600704152694e-08,-2.213959272519793e-05,0.0005847878804727535,-5.993406423865366e-05,-1.199079961544669e-06,-5.464519311824609e-06,9.714115271529725e-05,7.571337157230573e-08,5.595391374937435,0.008925009831533885,-0.05812248181653904,0.021335513230862725,3.346801066418286,-0.01511307607840998,-0.002986760042053588,0.782531020367944
D4-R1_A,4,0.4,0.43500000000000005,0.035,True,recorded_event,P0,,False,0.5342907793554564,-0.00034523552530174584,-0.003621771526431882,0.03779773773166099,-0.0025720881435375986,-0.0001114521647713751,-0.000601609085445506,0.0037725876857121875,0.00035413923792138036,5.595046185922734,0.005325377897827201,-0.02090953196535081,0.018823359151563857,3.3466908133334763,-0.01570922064454366,0.0006886864909433027,0.7828850838924938
D4-R1_A,4,0.4,0.43500000000000005,0.035,True,recorded_event,P1a,,False,0.5357850157225602,5.661201513795788e-05,0.006760044714898638,0.031080942429882095,-0.0024750263207740097,-0.001018565806708338,0.0008926272816582679,0.0007337035743483454,-4.7708302518323364e-05,5.595448033463174,0.01570719413915772,-0.0276263272671297,0.018920420974327445,3.3457836996915393,-0.014214984277439887,-0.0023501976204205396,0.7824832363520541
D4-R1_A,4,0.4,0.43500000000000005,0.035,True,recorded_event,P1b,,False,0.5360890951235372,5.661201513795788e-05,0.005415907009040086,0.022239166372236968,-0.002955947149045901,-0.001018565806708338,0.0011967066826352787,0.003149687419387694,-4.7708302518323364e-05,5.595448033463174,0.014363056433299168,-0.03646810332477483,0.018439500146055554,3.3457836996915393,-0.013910904876462876,6.578622461880898e-05,0.7824832363520541
D4-R1_A,4,0.4,0.43500000000000005,0.035,True,recorded_event,P2,,False,0.534885906280811,2.9004727508663564e-08,1.702144358210235e-05,0.000559341087433024,-6.966978076494712e-05,-1.1715414967028437e-06,-6.482160090871478e-06,0.00013525215962977965,-1.3298754986124095e-08,5.595391450452763,0.008964170867841185,-0.05814792860957877,0.02132577751433661,3.346801093956751,-0.015114093719189026,-0.0029486490351391054,0.7825309313558174
D4-R1_A,5,0.5,0.535,0.035,True,recorded_event,A,,False,0.5439555926890899,3.026626762547835e-07,-4.751092424058051e-05,0.0006312868232893828,-5.693408070506223e-05,-5.053716867209346e-07,-5.2217263679221054e-06,7.995926799388674e-05,-2.389526096990835e-07,5.663183749533772,0.017876702739178824,-0.053095549488334,0.00706160653776318,3.909579413156489,-0.006044407310910153,-0.0044762001445024,0.6731783458124682
D4-R1_A,5,0.5,0.535,0.035,True,recorded_event,P0,,False,0.5432826359381104,-0.0004680687115472537,-0.003284500548567562,0.04028809106519912,-0.0029051151074557247,-8.362757470425919e-05,-0.0006781784773474079,0.004484708259158157,0.00047306024883830844,5.6627153781595485,0.014639713114851842,-0.013438745246424254,0.0042134255110126695,3.9094962909534714,-0.006717364061889639,-7.145115333812938e-05,0.6736516450139162
D4-R1_A,5,0.5,0.535,0.035,True,recorded_event,P1a,,False,0.5445099519752106,3.119749371549574e-05,0.0003064618730081181,0.026286848710040365,-0.0019717923051043584,-0.0008255794316074372,0.0005491375597527354,0.001249657393614721,-2.6205956424441013e-05,5.663214644364811,0.018230675536427522,-0.027439987601583015,0.005146748313364036,3.908754339096568,-0.005490048024789496,-0.003306502018881566,0.6731523788086534
D4-R1_A,5,0.5,0.535,0.035,True,recorded_event,P1b,,False,0.5447689014021003,3.119749371549574e-05,0.0017145921821847682,0.01915415909810006,-0.002680734912955174,-0.0008255794316074372,0.0008080869866425033,0.0038242970478674196,-2.6205956424441013e-05,5.663214644364811,0.019638805845604172,-0.03457267721352332,0.00443780570551322,3.908754339096568,-0.005231098597899728,-0.0007318623646288674,0.6731523788086534
D4-R1_A,5,0.5,0.535,0.035,True,recorded_event,P2,,False,0.5439539413619278,1.0051243215514205e-07,1.7451136982284815e-05,0.000591331118384289,-7.275274722884362e-05,-4.89303848549838e-07,-6.873053530002601e-06,0.00014196203588604135,-5.94525362274112e-08,5.663183547383528,0.01794166480040169,-0.05313550519323909,0.007045787871239641,3.909579429224327,-0.006046058638072234,-0.0044141973766102455,0.6731785253125416
D4-R1_A,6,0.6,0.635,0.035,True,recorded_event,A,,False,0.5477473008062024,5.956167985488037e-07,-6.25406688137091e-05,0.0006582425104591644,-5.524035032156149e-05,-1.8635001453048972e-07,-5.12004007257932e-06,7.06293982008395e-05,-4.7317828588688826e-07,5.719625983558236,0.029825382633517437,-0.1096807997447666,-0.00127483286391049,4.478734856608864,-0.002252699193797623,-0.008870811847425587,0.5606851211510372
D4-R1_A,6,0.6,0.635,0.035,True,recorded_event,P0,,False,0.5470181438018332,-0.00046499870910032826,-0.0030925547194658697,0.04225225877323048,-0.003115272030241645,-6.472384864597558e-05,-0.0007342770444417265,0.004919540043775123,0.00047633973150329467,5.7191603892323375,0.026795368582865277,-0.06808678348199529,-0.0043348645438303635,4.478670319110233,-0.00298185619816677,-0.0040219012018513035,0.5611619340608264
D4-R1_A,6,0.6,0.635,0.035,True,recorded_event,P1a,,False,0.5478787765860502,6.0756021097674306e-05,-0.002636612256087717,0.020041824206604386,-0.0014394231480907571,-0.0006655820457606154,0.00012635573977516678,0.0015319520227382952,-4.941499869470789e-05,5.7196861439625355,0.02725131104624343,-0.09029721804862138,-0.002659015661679476,4.478069460913118,-0.0021212234139498768,-0.007409489222888132,0.5606361793306284
D4-R1_A,6,0.6,0.635,0.035,True,recorded_event,P1b,,False,0.5481884411209283,6.0756021097674306e-05,0.0007299132908101177,0.015224805579789294,-0.002395235090559389,-0.0006655820457606154,0.0004360202746533997,0.004209513742912393,-4.941499869470789e-05,5.7196861439625355,0.030617836593141264,-0.09511423667543648,-0.0036148276041481076,4.478069460913118,-0.0018115588790716438,-0.004731927502714034,0.5606361793306284
D4-R1_A,6,0.6,0.635,0.035,True,recorded_event,P2,,False,0.5477453025138881,1.6266208824333717e-07,1.755876381991442e-05,0.0006110483927205951,-7.44132418430965e-05,-1.8021860448413918e-07,-7.118332386922641e-06,0.00014591710946765604,-9.415442381310868e-08,5.719625550603526,0.02990548206615106,-0.10972799386250517,-0.0012940057554316224,4.478734862740274,-0.002254697486111966,-0.00879552413615877,0.5606855001748993
D4-R1_A,7,0.7000000000000001,0.7350000000000001,0.035,True,recorded_event,A,,False,0.5494864969818829,1.27946343031482e-06,-7.331718384422786e-05,0.0006627244211511174,-3.8835325467001525e-05,-2.049027347794663e-08,-4.834527748347195e-06,5.7593364104985625e-05,-1.0387732194416799e-06,5.766100309771727,0.05695415394979496,-0.18902584453837726,-0.007275022821142968,5.053073395904142,-0.0005135030181171959,-0.013663205907068352,0.4665622145783986
D4-R1_A,7,0.7000000000000001,0.7350000000000001,0.035,True,recorded_event,P0,,False,0.5487294345730689,-0.00034043044030251934,-0.0030184731766776177,0.04302533658621044,-0.0031845433815593793,-4.4987295717113795e-05,-0.0007618969365623652,0.005133669943785843,0.0003668731212398413,5.765758599867994,0.05400899795696157,-0.14666323237331794,-0.010420730877235496,5.053028429098698,-0.0012705654269312139,-0.008587129327387494,0.46693012647285786
D4-R1_A,7,0.7000000000000001,0.7350000000000001,0.035,True,recorded_event,P1a,,False,0.5492966483385954,0.00013261337547820773,-0.002572300753273013,0.01818864120339514,-0.0012313445547538215,-0.0005413003745005085,-0.00019468317103584626,0.0016859821598239604,-0.00010617069454088579,5.766231643683775,0.05445517038036617,-0.17149992775613324,-0.008467532050429938,5.052532116019915,-0.000703351661404695,-0.012034817111349377,0.46645708265707714
D4-R1_A,7,0.7000000000000001,0.7350000000000001,0.035,True,recorded_event,P1b,,False,0.5496634320948293,0.00013261337547820773,0.001226125739529689,0.013983378716241002,-0.0022687851201186326,-0.0005413003745005085,0.0001721005851980286,0.0044030530111607395,-0.00010617069454088579,5.766231643683775,0.058253596873168875,-0.17570519024328737,-0.009504972615794749,5.052532116019915,-0.0003365679051708201,-0.009317746260012598,0.46645708265707714
D4-R1_A,7,0.7000000000000001,0.7350000000000001,0.035,True,recorded_event,P2,,False,0.5494842823248677,3.1940322120505016e-07,1.6821129570042392e-05,0.0006100749302819508,-6.0124471405575974e-05,-2.0310644721632798e-08,-7.0491847634644765e-06,0.00014146611430346755,-1.8592614559054255e-07,5.766099349711518,0.05704429226320923,-0.18907849402924642,-0.0072963119670816715,5.053073396083771,-0.0005157176751323132,-0.01357933315686987,0.46656306742547243
D4-R1_A,8,0.8,0.8350000000000001,0.035,True,recorded_event,A,,False,0.5489982043593719,-3.612100467620394e-07,1.0572354748397683e-05,-7.080063799241865e-05,4.809128469673851e-06,-1.4793878122532078e-08,4.4985611089595583e-07,-3.82210658002053e-06,3.258998058086604e-07,5.804254904825579,0.08240501323462401,-0.15800401189652494,-0.012207684836853737,5.631651478610498,0.0010017956406282186,-0.007653307933349867,0.3902723356782966
D4-R1_A,8,0.8,0.8350000000000001,0.035,True,recorded_event,P0,,False,0.5489238487994821,-0.0003387916079411468,-0.00021945615212987102,-0.0048951534325476775,0.0004376727075743325,-3.5598551214377494e-05,7.480541600067905e-05,-0.0007026046787907414,0.00034333661131213944,5.803916474427685,0.08217498472774575,-0.1628283646910802,-0.011774821257748869,5.631615894853161,0.0010761512005180017,-0.008352090505560588,0.39061534638980294
D4-R1_A,8,0.8,0.8350000000000001,0.035,True,recorded_event,P1a,,False,0.5489126201947694,3.145848683150376e-05,0.0037604980446975106,0.00028639261736662647,-0.00010749843775048618,-0.0004435457995084491,8.603402071330067e-05,-0.00030175831717234834,-2.6913483460511145e-05,5.804286724522457,0.08615493892457313,-0.1576468186411659,-0.012319992403073687,5.631207947604867,0.0010873798052306234,-0.007951244143942195,0.3902450962950303
D4-R1_A,8,0.8,0.8350000000000001,0.035,True,recorded_event,P1b,,False,0.5488958743205637,3.145848683150376e-05,0.002030543977340968,-2.7354779300520216e-05,7.835726240834617e-05,-0.0004435457995084491,0.00010277989491894505,-0.0006195211921342699,-2.6913483460511145e-05,5.804286724522457,0.08442498485721658,-0.15796056603783304,-0.012134136702914855,5.631207947604867,0.0011041256794362677,-0.008269007018904116,0.3902450962950303
D4-R1_A,8,0.8,0.8350000000000001,0.035,True,recorded_event,P2,,False,0.5489979056572374,-5.3133605959487795e-08,-1.7598564783644077e-06,-6.390184782784081e-05,7.685628529152666e-06,-1.0172515274575744e-08,7.485582453703541e-07,-1.5151515142218519e-05,3.17787272052783e-08,5.80425521290202,0.08239268102339725,-0.15799711310636036,-0.012204808336794047,5.6316514832318605,0.001002094342762693,-0.007664637341912065,0.390272041557218
D4-R1_A,9,0.9,0.935,0.035,True,recorded_event,A,,False,0.5482875848820137,-1.1603466631981973e-07,4.033965825891994e-06,-6.688279594285751e-05,6.293556471970163e-06,-1.6079532372259564e-08,6.091264929267495e-07,-9.819348155837813e-06,8.942906770670334e-08,5.836254336788207,0.08010692052744375,-0.10154416235401144,-0.013257496998560757,6.2137308780014395,0.0017124151179863576,-0.004386438121776792,0.32726748978459913
D4-R1_A,9,0.9,0.935,0.035,True,recorded_event,P0,,False,0.5482006726145733,-0.00030044265176520923,0.00030531389884624893,-0.004890413224930418,0.0003387751602264011,-3.0665573078181296e-05,8.752139393334267e-05,-0.0005103526468293179,0.0002901688552361392,5.8359540101711085,0.08040820046046411,-0.106367692782999,-0.012925015394806394,6.213700228507894,0.0017993273854267735,-0.004886971420450272,0.32755756921076756
D4-R1_A,9,0.9,0.935,0.035,True,recorded_event,P1a,,False,0.5481546112061707,-5.1674497591136515e-05,0.0029959946833693907,0.005194918011282482,-0.0003893045253113847,-0.0003703753588952807,0.00013358280233585589,-0.00012645675879025507,4.14007010620665e-05,5.836202778325283,0.08309888124498725,-0.0962823615467861,-0.01365309508034418,6.213360518722077,0.0018453887938292867,-0.004503075532411209,0.3273088010565935
D4-R1_A,9,0.9,0.935,0.035,True,recorded_event,P1b,,False,0.5482140880978655,-5.1674497591136515e-05,0.0008875794787212982,0.002947992389256887,-6.909495077600525e-05,-0.0003703753588952807,7.410591064105506e-05,-0.00042108964514027836,4.14007010620665e-05,5.836202778325283,0.08099046604033916,-0.0985292871688117,-0.0133328855058088,6.213360518722077,0.0017859119021344859,-0.004797708418761233,0.3273088010565935
D4-R1_A,9,0.9,0.935,0.035,True,recorded_event,P2,,False,0.5482874465846728,-5.4498177526340896e-08,-1.731166440574472e-06,-6.379380613412422e-05,7.6254793235364104e-06,-1.6071584951760087e-08,7.474238338188964e-07,-1.506176792111149e-05,3.315271968062916e-08,5.836254398324696,0.08010115539517729,-0.1015410733642027,-0.013256165075709224,6.213730878009387,0.0017125534153272497,-0.004391680541542066,0.3272674335082511
D4-R1_A,10,1.0,1.035,0.035,True,recorded_event,A,,False,0.5483458168520726,-1.7678948882604573e-07,7.142464490836331e-06,-6.805530162434792e-05,5.52385364294139e-06,-1.703281071741003e-08,5.336480189612348e-07,-6.962318955108966e-06,1.521358177214438e-07,5.863192989986672,0.06814844377827163,-0.08771900468760838,-0.012114072535571618,6.79874271607747,0.0016541831479274052,-0.004282015027922606,0.2736519364992959
D4-R1_A,10,1.0,1.035,0.035,True,recorded_event,P0,,False,0.5482690437507152,-0.0002565171106567732,0.0003601419820261631,-0.0043832940550044,0.000313788530124981,-2.6229569864533175e-05,7.730674937648043e-05,-0.0004986449602850393,0.0002524496680234023,5.862936649665504,0.06850144329580696,-0.09203424344098843,-0.01180580785908969,6.798716503540416,0.0017309562492849244,-0.0047736976692525366,0.2739042340315016
D4-R1_A,10,1.0,1.035,0.035,True,recorded_event,P1a,,False,0.5482592464655514,-1.9460912176860745e-05,-0.00022429530432405143,-0.0008506642165620609,6.108602546595066e-05,-0.00031150556854342426,8.710403454023391e-05,-0.00014846486893266113,1.5393469543489857e-05,5.863173705863984,0.06791700600945674,-0.08850161360254609,-0.01205851036374872,6.798431227541737,0.0017407535344486779,-0.004423517577900158,0.2736671778330217
D4-R1_A,10,1.0,1.035,0.035,True,recorded_event,P1b,,False,0.5483246011912059,-1.9460912176860745e-05,-0.0006379983885483609,-0.0007763188041290531,0.0001950460057873471,-0.00031150556854342426,2.1749308885800995e-05,-0.00042139635868560475,1.5393469543489857e-05,5.863173705863984,0.06750330292523243,-0.08842726819011308,-0.011924550383427324,6.798431227541737,0.001675398808794245,-0.004696449067653102,0.2736671778330217
D4-R1_A,10,1.0,1.035,0.035,True,recorded_event,P2,,False,0.5483456064909987,-4.62068774353952e-08,-1.7007011945679995e-06,-6.348591197731512e-05,7.550894030039501e-06,-1.5306638623258095e-08,7.440090928946281e-07,-1.49304568215795e-05,2.8134322427320058e-08,5.863193120569283,0.06813960061258623,-0.08771443529796134,-0.01211204549518483,6.798742717803642,0.0016543935090013386,-0.004289983165789077,0.27365181249780063
D4-R1_A,11,1.0999999999999979,1.1349999999999978,0.035,True,recorded_event,A,,False,0.5487312959888814,-1.4503947642907633e-07,6.183840184706413e-06,-6.698532956149472e-05,5.6794023901574064e-06,-1.3359890971287314e-08,5.53501077152135e-07,-7.75613430801245e-06,1.2433503382425215e-07,5.885750645444428,0.05929577522159932,-0.07887657329816788,-0.010796710913865566,7.386219521521861,0.0012687040111186993,-0.0038536438423708466,0.22860829106819464
D4-R1_A,11,1.0999999999999979,1.1349999999999978,0.035,True,recorded_event,P0,,False,0.5486547354316029,-0.00021542074438496428,0.0003729878641850759,-0.004397295821424188,0.00030822453410550565,-2.1980915045460847e-05,7.711405835556916e-05,-0.0004829118769652677,0.00021300204008678492,5.88553536973952,0.05966257924559969,-0.08320688379003058,-0.010494165782150233,7.386197553966706,0.0013452645683971164,-0.004328799585028102,0.2288211687732476
D4-R1_A,11,1.0999999999999979,1.1349999999999978,0.035,True,recorded_event,P1a,,False,0.5486916878854833,-1.1075003752303303e-05,-0.00019902140277826968,-0.0015044627668238386,0.00010779568910335158,-0.0002615025705186014,4.016160447526621e-05,-0.00013537765981846538,8.656299454123939e-06,5.8857397154801525,0.05909056997863634,-0.08031405073543023,-0.010694594627152387,7.385958032311233,0.0013083121145168134,-0.0039812653678812995,0.22861682303261494
D4-R1_A,11,1.0999999999999979,1.1349999999999978,0.035,True,recorded_event,P1b,,False,0.548746329478149,-1.1075003752303303e-05,-0.0005294309319851115,-0.0012100703515866978,0.00022364995441259694,-0.0002615025705186014,-1.4479988190513543e-05,-0.00041162074190515246,8.656299454123939e-06,5.8857397154801525,0.0587601604494295,-0.08001965832019309,-0.010578740361843142,7.385958032311233,0.0012536705218510337,-0.004257508449967987,0.22861682303261494
D4-R1_A,11,1.0999999999999979,1.1349999999999978,0.035,True,recorded_event,P2,,False,0.5487311104394994,-3.979242979568198e-08,-1.670504979130183e-06,-6.305210850927889e-05,7.467925885684679e-06,-1.1839897062770888e-08,7.390504590950534e-07,-1.4779824723718492e-05,2.4199117376610957e-08,5.885750750691475,0.05928792087643548,-0.07887264007711567,-0.010794922390370255,7.386219523041855,0.0012688895605006423,-0.0038606675327865526,0.2286081909322782
D4-R1_A,12,1.1999999999999957,1.2349999999999957,0.035,True,recorded_event,A,,False,0.5491407599094403,-1.260920541312771e-07,5.9386898684371525e-06,-6.623525637139416e-05,5.665057714931976e-06,-9.575271242567851e-09,5.551184160838612e-07,-7.884009658731816e-06,1.0799076122225415e-07,5.904611574731088,0.0526656626058798,-0.07076097449947019,-0.009540548720865865,7.97576286618366,0.0008592400905597518,-0.0034032664005374854,0.19090480123826448
D4-R1_A,12,1.1999999999999957,1.2349999999999957,0.035,True,recorded_event,P0,,False,0.5490648391136559,-0.00018068980836183357,0.000377929047318655,-0.00436346757269214,0.00030351034545184064,-1.83165462450674e-05,7.64759142004611e-05,-0.00047408042000751226,0.00017890727560931907,5.90443101101478,0.05303765296333002,-0.07505820681579094,-0.009242703433129051,7.9757445592126865,0.000935160886344129,-0.003869462810886266,0.19108360052311257
D4-R1_A,12,1.1999999999999957,1.2349999999999957,0.035,True,recorded_event,P1a,,False,0.5491223525838004,-7.981318953298455e-06,-3.48649240396251e-05,-0.0015885055474033904,0.00011297353957040457,-0.00021883721557447444,1.896244405604798e-05,-0.00013110925756977098,6.198786200783957e-06,5.9046037195041885,0.05262485899197174,-0.07228324479050219,-0.009433240239010487,7.975544038543357,0.0008776474161997159,-0.0035264916484485246,0.19091089203370404
D4-R1_A,12,1.1999999999999957,1.2349999999999957,0.035,True,recorded_event,P1b,,False,0.5491702866466199,-7.981318953298455e-06,-0.00038862735386130387,-0.001271452143806806,0.00022512188826295798,-0.00021883721557447444,-2.8971618763597357e-05,-0.0004065721379136822,6.198786200783957e-06,5.9046037195041885,0.05227109656215006,-0.0719661913869056,-0.009321091890317934,7.975544038543357,0.0008297133533800706,-0.003801954528792436,0.19091089203370404
D4-R1_A,12,1.1999999999999957,1.2349999999999957,0.035,True,recorded_event,P2,,False,0.5491405818714502,-3.500437983916527e-08,-1.641412945764531e-06,-6.253461206078004e-05,7.381678679863057e-06,-8.247156735308181e-09,7.331564061942514e-07,-1.4620717426327024e-05,2.1273659278620016e-08,5.904611665818762,0.0526580825030656,-0.07075727385515958,-0.009538832099901185,7.975762867511775,0.0008594181285498622,-0.0034100031083050806,0.19090471452116253
D4-R1_A,13,1.2999999999999936,1.3349999999999935,0.035,True,recorded_event,A,,False,0.5494548605123893,-1.1257673460107753e-07,5.982302501650327e-06,-6.561384065374709e-05,5.583962465749437e-06,-6.66693367179505e-09,5.492862447426146e-07,-7.744543381326546e-06,9.651663024357049e-08,5.920367519528241,0.04711409201834289,-0.06278120625426242,-0.00837985161311265,8.567034175569603,0.0005451394876107278,-0.0029606447345336,0.159309849724587
D4-R1_A,13,1.2999999999999936,1.3349999999999935,0.035,True,recorded_event,P0,,False,0.5493795123783117,-0.00015180653737623118,0.0003752433959594223,-0.0043204046254346345,0.00030036340965278185,-1.5280188440769393e-05,7.589742032229477e-05,-0.00046995064943563614,0.00015033381017559577,5.920215825567599,0.047483353111800665,-0.06703599703904331,-0.008085072165925578,8.567018902048096,0.0006204876216882799,-0.0034228508405879095,0.15946008701813236
D4-R1_A,13,1.2999999999999936,1.3349999999999935,0.035,True,recorded_event,P1a,,False,0.5494426462579366,-6.560359960161577e-06,5.68246082843088e-05,-0.0016075052751498703,0.00011282904991150033,-0.00018277718199222193,1.2763540697438808e-05,-0.000131366446603044,5.087632759526173e-06,5.920361071745015,0.04716493432412555,-0.06432309768875855,-0.008272606525666859,8.566851405054544,0.000557353742063424,-0.0030842666377553173,0.1593148408407163
D4-R1_A,13,1.2999999999999936,1.3349999999999935,0.035,True,recorded_event,P1b,,False,0.549487232765331,-6.560359960161577e-06,-0.0003120769110595417,-0.0012842478435482751,0.00022286286459749505,-0.00018277718199222193,-3.1822966696913525e-05,-0.00040466836645963776,5.087632759526173e-06,5.920361071745015,0.0467960328047817,-0.06399984025715695,-0.008162572710980864,8.566851405054544,0.0005127672346690716,-0.003357568557611911,0.1593148408407163
D4-R1_A,13,1.2999999999999936,1.3349999999999935,0.035,True,recorded_event,P2,,False,0.549454682945883,-3.105627222055318e-08,-1.6142295191923228e-06,-6.198221234754442e-05,7.296472630979878e-06,-5.50038770086303e-09,7.268527510539535e-07,-1.4461567547997215e-05,1.8874083629327743e-08,5.920367601048703,0.04710649548632205,-0.06277757462595622,-0.008378139102947244,8.567034176736149,0.0005453170541170391,-0.0029673617587002705,0.1593097720820404
D4-R1_A,14,1.3999999999999915,1.4349999999999914,0.035,True,recorded_event,A,,False,0.5496503103471807,-9.987288951407436e-08,6.0618358266248396e-06,-6.50309552031672e-05,5.4977684063040044e-06,-4.760780214496663e-09,5.424756033826548e-07,-7.573310405874483e-06,8.567853626573196e-08,5.9335629307998365,0.04197992373659492,-0.054605149226812,-0.007303822834368773,9.159749990952095,0.0003496896528193851,-0.002512920165429816,0.13326765644552785
D4-R1_A,14,1.3999999999999915,1.4349999999999914,0.035,True,recorded_event,P0,,False,0.5495754732449473,-0.00012559231564779338,0.00037041318033519816,-0.0042793659495702005,0.00029778474436525926,-1.2565369630124223e-05,7.537957783673656e-05,-0.00046693327989630546,0.00012427671632586623,5.933437438357078,0.04234427508110349,-0.05881948422117903,-0.007011535858409967,9.159737430343245,0.000424526755052739,-0.002972280134920247,0.13339184748331745
D4-R1_A,14,1.3999999999999915,1.4349999999999914,0.035,True,recorded_event,P1a,,False,0.5496376259568202,-5.939427244250339e-06,0.0001090314386400712,-0.001579884443470958,0.00010933429707016273,-0.00015292508724229492,1.3226865963821021e-05,-0.00013223650672109953,4.623827922323187e-06,5.933557091245482,0.042082893339408366,-0.05612000271507979,-0.007199986305705064,9.159597070625633,0.0003623740431798235,-0.0026375833617450412,0.1332721945949139
D4-R1_A,14,1.3999999999999915,1.4349999999999914,0.035,True,recorded_event,P1b,,False,0.5496807829616782,-5.939427244250339e-06,-0.00027267695371910317,-0.0012652092806546347,0.00021866225012567853,-0.00015292508724229492,-2.9930138894132693e-05,-0.0004030282170608126,4.623827922323187e-06,5.933557091245482,0.04170118494704919,-0.055805327552263466,-0.007090658352649548,9.159597070625633,0.00031921703832186977,-0.0029083750720847543,0.1332721945949139
D4-R1_A,14,1.3999999999999915,1.4349999999999914,0.035,True,recorded_event,P2,,False,0.5496501322127973,-2.7490870913027265e-08,-1.5895795992260098e-06,-6.14369034696513e-05,7.216116201025358e-06,-3.7587337686773026e-09,7.206099866570578e-07,-1.4310339453562498e-05,1.6716207085210044e-08,5.933563003181855,0.04197227232116907,-0.05460155517507848,-0.007302104486574342,9.159749991954142,0.0003498677872026595,-0.002519657194477504,0.13326758748319867
D4-R1_A,15,1.4999999999999893,1.5349999999999893,0.035,True,recorded_event,A,,False,0.5497439085621139,-8.814608509766231e-08,6.169073206802045e-06,-6.451265195482614e-05,5.411661279985935e-06,-3.722560037999756e-09,5.352896956642341e-07,-7.38496483526337e-06,7.575614180410639e-08,5.9445999831142835,0.03693354149550003,-0.04632942059887434,-0.006293560804989148,9.753674200533116,0.0002560914378862401,-0.002069394626634906,0.11126346255303815
D4-R1_A,15,1.4999999999999893,1.5349999999999893,0.035,True,recorded_event,P0,,False,0.5496695688551161,-0.0001063010186763691,0.00036501868836580353,-0.004239213476946099,0.0002955317997459517,-1.0604866679031488e-05,7.48749966934152e-05,-0.000464606453126553,0.0001051380453134243,5.944493770241692,0.03729239111065903,-0.050504121423865615,-0.00600344066652303,9.753663599388997,0.00033043114488399104,-0.0025266161149261955,0.11136852484220977
D4-R1_A,15,1.4999999999999893,1.5349999999999893,0.035,True,recorded_event,P1a,,False,0.5497283161264006,-5.290297565352375e-06,0.00012600741003084698,-0.0015662286308261372,0.00010700518284645355,-0.00012784788247621748,1.612772540890916e-05,-0.00013349040540792468,4.1273242024075785e-06,5.944594780962803,0.037053379832324075,-0.04783113657774565,-0.006191967283422528,9.7535463563732,0.000271683873599485,-0.002195500067207567,0.11126751412109875
D4-R1_A,15,1.4999999999999893,1.5349999999999893,0.035,True,recorded_event,P1b,,False,0.5497709192970108,-5.290297565352375e-06,-0.0002581601333709396,-0.0012535134267292886,0.0002152896423370798,-0.00012784788247621748,-2.647544520136764e-05,-0.00040167895032149287,4.1273242024075785e-06,5.944594780962803,0.03666921228892229,-0.047518421373648805,-0.006083682823931902,9.7535463563732,0.0002290807029892082,-0.0024636886121211354,0.11126751412109875
D4-R1_A,15,1.4999999999999893,1.5349999999999893,0.035,True,recorded_event,P2,,False,0.5497437290364451,-2.4070143211929462e-08,-1.5679160169784767e-06,-6.0932289467928447e-05,7.143734416903413e-06,-2.8570337207156626e-09,7.148153643378626e-07,-1.4173263512361374e-05,1.4649644164421716e-08,5.944600047190225,0.03692580450627625,-0.046325840236387444,-0.0062918287318520375,9.753674201398642,0.0002562709635549137,-0.002076182925312004,0.11126340144654051
D4-R1_A,16,1.5999999999999872,1.6349999999999871,0.035,True,recorded_event,A,,False,0.5497637768905299,-7.573109606084927e-08,6.1999131999654344e-06,-6.403672363912427e-05,5.351623034055564e-06,-3.279025051483586e-09,5.304755109198885e-07,-7.276751457267793e-06,6.517178796627832e-08,5.953824946694461,0.031821527698559234,-0.037801774896399576,-0.00532450505075414,10.348608124925825,0.00023622310947013272,-0.0016180120526374504,0.09277308035464928
D4-R1_A,16,1.5999999999999872,1.6349999999999871,0.035,True,recorded_event,P0,,False,0.5496899017413112,-8.943014013595985e-05,0.00036129005785989765,-0.00420588902451844,0.00029328805740913566,-8.924597322490513e-06,7.440562472972308e-05,-0.00046162940115820157,8.840865069625892e-05,5.953735592285421,0.032176617843219166,-0.04194362719727889,-0.005036568616378911,10.348599203607527,0.0003100982586889359,-0.002072364702338384,0.09286142383355757
D4-R1_A,16,1.5999999999999872,1.6349999999999871,0.035,True,recorded_event,P1a,,False,0.5497451579735636,-4.6940780240589675e-06,0.00013922765798474873,-0.0015242841047782424,0.00010305818511913145,-0.00010681571791337774,1.9149392477249474e-05,-0.00013353723741764498,3.6725885843580386e-06,5.953820328347533,0.03195455544334402,-0.039262022277538694,-0.005226798488668916,10.348501312486936,0.0002548420264364623,-0.0017442725385978276,0.09277668777144567
D4-R1_A,16,1.5999999999999872,1.6349999999999871,0.035,True,recorded_event,P1b,,False,0.5497876850619999,-4.6940780240589675e-06,-0.00025096667944071033,-0.0012247695584994556,0.00021132577047833223,-0.00010681571791337774,-2.3377695959140622e-05,-0.0003994532681461339,3.6725885843580386e-06,5.953820328347533,0.03156436110591856,-0.03896250773125991,-0.005118530903309715,10.348501312486936,0.00021231493800007221,-0.0020101885693263166,0.09277668777144567
D4-R1_A,16,1.5999999999999872,1.6349999999999871,0.035,True,recorded_event,P2,,False,0.5497635975740347,-2.0692816349310306e-08,-1.5496073843684899e-06,-6.0495800986569426e-05,7.0819280040268495e-06,-2.5501236677882844e-09,7.097920061304884e-07,-1.405591069609212e-05,1.2611757860270245e-08,5.95382500173274,0.0318137781779749,-0.03779823397374702,-0.005322774745783991,10.348608125654726,0.00023640242596534332,-0.0016247912118762748,0.09277302779461917
D4-R1_A,17,1.699999999999985,1.734999999999985,0.035,True,recorded_event,A,,False,0.5497326692360319,-6.23590841186683e-08,6.091855325046636e-06,-6.35974643467957e-05,5.333675851204589e-06,-3.2341489486498176e-09,5.29739124383098e-07,-7.307560201562889e-06,5.3702577496039794e-08,5.961521227558729,0.026522131832096753,-0.028835654456090327,-0.004354885026396103,10.94438488849711,0.00026733076396815846,-0.0011486480022509147,0.07715526792516118
D4-R1_A,17,1.699999999999985,1.734999999999985,0.035,True,recorded_event,P0,,False,0.5496592617462593,-7.548957183978189e-05,0.0003613014167855415,-0.004181305355868109,0.00029067862390030896,-7.566632694633313e-06,7.393722889688961e-05,-0.0004569122973282272,7.462042451855666e-05,5.961445800345973,0.02687734139355725,-0.03295336234761164,-0.004069540078346812,10.944377325098564,0.00034073825374066497,-0.001598252739377579,0.07722983464710224
D4-R1_A,17,1.699999999999985,1.734999999999985,0.035,True,recorded_event,P1a,,False,0.5497124592511741,-4.031894836664662e-06,0.00015495171247848633,-0.001443385209171505,9.705149660366175e-05,-8.911428722946368e-05,2.073972398217302e-05,-0.00013124168902519913,3.1627475154394347e-06,5.961517258022976,0.026670991689250193,-0.030215442200915037,-0.004263167205643459,10.94429577744403,0.0002875407488259484,-0.001272582131074551,0.07715837697009913
D4-R1_A,17,1.699999999999985,1.734999999999985,0.035,True,recorded_event,P1b,,False,0.5497552734348563,-4.031894836664662e-06,-0.00024773718845248066,-0.0011733121530344698,0.00020668088342601365,-8.911428722946368e-05,-2.2074459700020528e-05,-0.00039539470120249264,3.1627475154394347e-06,5.961517258022976,0.026268302788319226,-0.029945369144778,-0.004153537818821107,10.94429577744403,0.00024472656514375483,-0.0015367351432518444,0.07715837697009913
D4-R1_A,17,1.699999999999985,1.734999999999985,0.035,True,recorded_event,P2,,False,0.5497324931680705,-1.7278710018331367e-08,-1.534941913912402e-06,-6.014999202420476e-05,7.032837001208492e-06,-2.6451658641235554e-09,7.058070857947764e-07,-1.3962822238847063e-05,1.0553958595949098e-08,5.961521272639103,0.026514505034857794,-0.028832206983767737,-0.004353185865245756,10.944384889086093,0.00026750683192957014,-0.0011553032642881989,0.07715522477654228
D4-R1_A,18,1.799999999999983,1.8349999999999829,0.035,True,recorded_event,A,,False,0.5496562035182634,-5.439625727632347e-08,5.829704038163436e-06,-6.318058529133225e-05,5.360334233817099e-06,-3.71917074915018e-09,5.332811607433314e-07,-7.485238239010334e-06,4.775463047224093e-08,5.966677819200557,0.020946862061894434,-0.019377642631995307,-0.0033335481932690197,11.540804520116142,0.00034379648173669757,-0.0006574716969531937,0.050825542940485996
D4-R1_A,18,1.799999999999983,1.8349999999999829,0.035,True,recorded_event,P0,,False,0.5495832865361645,-0.0001229993414728625,0.0003657452985491895,-0.004164009920399912,0.00028748772209574724,-1.2524463326002433e-05,7.345026325961297e-05,-0.0004498481876926456,0.00012261451481965224,5.966554874255341,0.02130677765640546,-0.023478471967103887,-0.0030514208054071013,11.540791999371987,0.0004167134638355672,-0.001099834646406829,0.050948109700675176
D4-R1_A,18,1.799999999999983,1.8349999999999829,0.035,True,recorded_event,P1a,,False,0.549636918977747,-1.061027322002417e-06,0.00016941966039791048,-0.0013423417658465497,9.041912426788201e-05,-6.142819901988616e-05,1.9817821677112137e-05,-0.00012625725835494514,6.762006687921485e-07,5.966676812569492,0.02111045201825418,-0.020656803812550525,-0.0032484894032349665,11.540743095636293,0.0003630810222530664,-0.0007762437170691285,0.050826171386524316
D4-R1_A,18,1.799999999999983,1.8349999999999829,0.035,True,recorded_event,P1b,,False,0.5496801792430972,-1.061027322002417e-06,-0.0002482637400498394,-0.001111158660872292,0.00020220936565751302,-6.142819901988616e-05,-2.344244367315625e-05,-0.0003890939876557539,6.762006687921485e-07,5.966676812569492,0.02069276861780643,-0.020425620707576267,-0.0031366991618453355,11.540743095636293,0.000319820756902798,-0.0010390804463699373,0.050826171386524316
D4-R1_A,18,1.799999999999983,1.8349999999999829,0.035,True,recorded_event,P2,,False,0.5496560340800919,-1.3755462546782837e-08,-1.5240699690124981e-06,-5.989221005097897e-05,6.995803561338221e-06,-3.0882265633636052e-09,7.027193321451131e-07,-1.388731294001762e-05,8.431885412107931e-09,5.966677859841352,0.020939508287887258,-0.019374354256754954,-0.0033319127239415545,11.540804520747086,0.00034396591990809935,-0.000663873771654201,0.050825503617740936
D4-R1_A,19,1.8999999999999808,1.9349999999999807,0.035,True,recorded_event,A,,False,0.5495164953916564,-5.5184353087156524e-08,5.419973188874536e-06,-6.273495724153956e-05,5.424474907478327e-06,-4.948947918137492e-09,5.40087179574586e-07,-7.784941781455547e-06,5.0666164597146235e-08,5.966375138130182,0.015061547779063524,-0.009499760129954397,-0.0022134700819216335,12.137472042069906,0.00048350460834370955,-0.00014904154056760423,-0.005575625948377509
D4-R1_A,19,1.8999999999999808,1.9349999999999807,0.035,True,recorded_event,P0,,False,0.5494441688587577,-0.000258052534644726,0.00037411794673860264,-0.004150233954688127,0.0002836250676998553,-2.648091632728722e-05,7.286662007816806e-05,-0.00044007596139623167,0.00025863204311615817,5.9661171407798905,0.015430245752613252,-0.013587259127400985,-0.0019352694891292543,12.137445566102526,0.000555831141242303,-0.0005813325601823804,-0.005317044571425948
D4-R1_A,19,1.8999999999999808,1.9349999999999807,0.035,True,recorded_event,P1a,,False,0.5495009919798538,5.250748977836395e-06,0.0001794172191669583,-0.0012405900050911581,8.443420402137747e-05,-2.6797487873153614e-06,1.60434989820642e-05,-0.0001186968563573513,-4.671240506404217e-06,5.966380444063513,0.015235545025041607,-0.010677615177804016,-0.002134460352807732,12.137469367270066,0.0004990080201461992,-0.0002599534551435,-0.0055803478550485106
D4-R1_A,19,1.8999999999999808,1.9349999999999807,0.035,True,recorded_event,P1b,,False,0.5495446475647612,5.250748977836395e-06,-0.0002514923553543647,-0.0010503223841761902,0.0001985057102449339,-2.6797487873153614e-06,-2.7612085925313352e-05,-0.00038033765878680334,-4.671240506404217e-06,5.966380444063513,0.014804635450520284,-0.010487347556889048,-0.0020203888465841757,12.137469367270066,0.0004553524352388216,-0.000521594257572952,-0.0055803478550485106
D4-R1_A,19,1.8999999999999808,1.9349999999999807,0.035,True,recorded_event,P2,,False,0.5495163357521141,-1.007407757214196e-08,-1.5171319908396236e-06,-5.967188425287477e-05,6.965861173657828e-06,-4.007052467613903e-09,6.997267217881084e-07,-1.3810232847480451e-05,6.2146368051685386e-09,5.966375183240458,0.01505461067388381,-0.009496697056965733,-0.002211928695655625,12.137472043011801,0.0004836642478859231,-0.00015506683163362913,-0.005575670399905301
D4-R1_B,1,0.1,0.117,0.017,False,reconstructed_rk4,A,,False,0.45913341095743765,-0.0007747157566102558,0.0015207323101716352,0.03690172796035074,0.0003031805569788659,-1.306264600686724e-05,2.590913328823219e-05,0.009999999999999995,0.0007283687389154636,5.330726007053958,-0.2918644505342349,0.8845241443402985,0.09915726025805596,1.6146282724163252,-0.0908665890425624,0.04051543590295225,0.8861290951835795
D4-R1_B,1,0.1,0.117,0.017,False,reconstructed_rk4,P0,,False,0.45857577778944913,0.002131362384308666,0.02888627273917327,-0.04510685027378902,-0.010329165309427069,0.00032102251577170726,-0.0005317240347003094,0.0,-0.001327722997936931,5.333632085194877,-0.26449891010523324,0.8025155661061587,0.08852491439165,1.6149623575781038,-0.09142422221055094,0.030515435902952255,0.8840730034467271
D4-R1_B,1,0.1,0.117,0.017,False,reconstructed_rk4,P1a,,False,0.4590669716978142,0.001938850043635476,0.027735074253548375,-0.0657173139299767,-0.007633713805708986,0.0005777711860635026,-4.053012633521702e-05,0.0,-0.001135210657263741,5.3334395728542034,-0.26565010859085814,0.781905102449971,0.09122036589536808,1.6152191062483956,-0.09093302830218584,0.030515435902952255,0.8842655157874003
D4-R1_B,1,0.1,0.117,0.017,False,reconstructed_rk4,P1b,,False,0.4592765317404902,0.001938850043635476,0.02874960565047563,-0.07957235052846989,-0.008126526137109735,0.0005777711860635026,0.00016902991634080988,0.0,-0.001135210657263741,5.3334395728542034,-0.2646355771939309,0.7680500658514778,0.09072755356396733,1.6152191062483956,-0.09072346825950982,0.030515435902952255,0.8842655157874003
D4-R1_B,1,0.1,0.117,0.017,False,reconstructed_rk4,P2,,False,0.4591064166114873,0.0,0.0,1.1102230246251565e-16,-2.4740278817159123e-05,-2.2508878754212702e-06,-1.0852126620802816e-06,0.0,0.0,5.331500722810568,-0.2933851828444065,0.8476224163799478,0.09882933942225972,1.6146390841744567,-0.09089358338851271,0.030515435902952255,0.885400726444664
D4-R1_B,2,0.2,0.23500000000000001,0.035,False,recorded_event,A,,False,0.49109686414438297,0.00030153189524639856,0.00021180869405490466,-0.0579509188665949,-0.0012081007417270584,7.046137525890117e-06,-0.00011320621289068189,-0.007811218427972012,-0.00024025202797162137,5.42866668965192,-0.21966149042063937,-0.2849866414860648,0.09114767475556522,2.2462762607626887,-0.05890313585561705,-0.0194845640970477,0.8460878054902402
D4-R1_B,2,0.2,0.23500000000000001,0.035,False,recorded_event,P0,,False,0.4884074737923293,0.0019121218702196074,0.007633159127295258,0.17650365944472565,-0.00795621115478884,0.0006729413102033455,-0.0028025965649443665,0.0012695164424825003,-0.0021327213534236833,5.430277279626893,-0.21224013998739902,-0.05053206317474423,0.08439956434250329,2.246942155935366,-0.061592526207670736,-0.010403829226593187,0.8441953361647881
D4-R1_B,2,0.2,0.23500000000000001,0.035,False,recorded_event,P1a,,False,0.4899538826260369,-0.0032684749114375578,-0.04883053346607574,0.038598849063852164,0.00846066182522165,2.1593455534762995e-05,-0.0012561877312367645,-0.015976433110123082,0.003047875428233482,5.425096682845236,-0.26870383258077,-0.18843687355561772,0.10081643732251377,2.2462908080806976,-0.060046117373963134,-0.02764977877919877,0.8493759329464453
D4-R1_B,2,0.2,0.23500000000000001,0.035,False,recorded_event,P1b,,False,0.49107594513665387,-0.0032684749114375578,-0.014699690094853779,-0.0067289721847332284,0.002181496534095828,2.1593455534762995e-05,-0.0001341252206197921,0.0007071555394002407,0.003047875428233482,5.425096682845236,-0.23457298920954806,-0.23376469480420312,0.09453727203138795,2.2462908080806976,-0.05892405486334616,-0.010966190129675446,0.8493759329464453
D4-R1_B,2,0.2,0.23500000000000001,0.035,False,recorded_event,P2,,False,0.4912047071406683,-1.0192865369518245e-06,7.007824924160078e-06,0.00030562134255052165,-5.98500230899468e-05,-3.8124789507598678e-06,-5.3632166053807495e-06,5.628483086284053e-05,6.963880005983469e-07,5.428364138470137,-0.21986629128977012,-0.22673010127691937,0.09229592547420222,2.246265402146212,-0.05879529285933175,-0.011617060838212847,0.8463287539062124
D4-R1_B,3,0.3,0.33499999999999996,0.035,True,recorded_event,A,,False,0.5174751708423037,-1.134382207723661e-06,-1.3281851342222817e-06,0.0005265725106378683,-6.05348808653261e-05,-2.385207703792247e-06,-5.472920390568736e-06,0.00010809207607241373,1.0377753927315325e-06,5.516544319694708,-0.04067040786086665,-0.1554179606387277,0.04808857507965863,2.7918655826332928,-0.03252482915769643,-0.007084773564679952,0.8607234639156416
D4-R1_B,3,0.3,0.33499999999999996,0.035,True,recorded_event,P0,,False,0.5169762882891262,-3.818973066316289e-05,-0.0037723342901931356,0.03443399473317617,-0.002186512451040734,-0.000140968344207959,-0.0005043554735679259,0.0030019152879431493,0.00010781610404286823,5.516507264346252,-0.04444141396592556,-0.1215105384161894,0.04596259750948306,2.7917269994967886,-0.03302371171087379,-0.0041909503528092164,0.8608302422442917
D4-R1_B,3,0.3,0.33499999999999996,0.035,True,recorded_event,P1a,,False,0.5180487748541615,0.00038464528183190794,0.018418373368460167,0.024015597634653163,-0.002307770777457474,-0.0011588380413734,0.0005681310914672499,0.00015980155176465848,-0.0003150189084522026,5.516930099358747,-0.02225070630727226,-0.1319289355147124,0.04584133918306632,2.790709129799623,-0.03195122514583861,-0.007033064088987707,0.8604074072317967
D4-R1_B,3,0.3,0.33499999999999996,0.035,True,recorded_event,P1b,,False,0.5186694506957447,0.00038464528183190794,0.014434105931449295,0.01774225042609237,-0.002857455325310454,-0.0011588380413734,0.0011888069330504777,0.0022923702898122933,-0.0003150189084522026,5.516930099358747,-0.02623497374428313,-0.1382022827232732,0.04529165463521334,2.790709129799623,-0.031330549304255384,-0.0049004953509400725,0.8604074072317967
D4-R1_B,3,0.3,0.33499999999999996,0.035,True,recorded_event,P2,,False,0.5174747052047438,-3.2321767129417367e-07,1.6213189442726428e-05,0.0005144515369394087,-6.499983296581746e-05,-2.3434675409106376e-06,-5.938557950377343e-06,0.00012555971215219824,2.148410640501197e-07,5.516545130859244,-0.0406528664862897,-0.15543008161242616,0.04808411012755801,2.7918656243734556,-0.03252529479525624,-0.0070673059286001675,0.8607226409813129
D4-R1_B,4,0.4,0.43500000000000005,0.035,True,recorded_event,A,,False,0.5352007659307711,-2.8903759385912053e-08,-2.5935239013851613e-05,0.0005872400834886493,-5.8989445051782496e-05,-1.1779050574922678e-06,-5.3656664191527315e-06,9.344307469901642e-05,6.635555305223306e-08,5.5953011902650305,0.011509555644064015,-0.056572082588398125,0.020959595149466007,3.346767801275811,-0.01479923406922894,-0.0024936564910914677,0.7827122398506933
D4-R1_B,4,0.4,0.43500000000000005,0.035,True,recorded_event,P0,,False,0.5346182327753328,-0.0003437727660617895,-0.0036692237078299692,0.03715192509753333,-0.002545579553593136,-0.00011064806784411019,-0.0005878988218574605,0.0037672763357329392,0.0003540247437836541,5.594957446402728,0.007866267175247897,-0.020007397574353443,0.01847300504092475,3.3466583311130242,-0.015381767224667248,0.001180176769942455,0.7830661982389239
D4-R1_B,4,0.4,0.43500000000000005,0.035,True,recorded_event,P1a,,False,0.5361087074427554,6.737794222555493e-05,0.008789556671824319,0.035222265988397713,-0.0027798246305095198,-0.001018675603168262,0.0009025758455651171,0.0007720052080183348,-5.712596450369034e-05,5.595368597111015,0.020325047554902186,-0.02193705668348906,0.018238759964008366,3.3457503035777,-0.01389129255724467,-0.0018150943577721493,0.7826550475306365
D4-R1_B,4,0.4,0.43500000000000005,0.035,True,recorded_event,P1b,,False,0.5364131929962574,6.737794222555493e-05,0.006293462828044015,0.02475015496994666,-0.003123092472317346,-0.001018675603168262,0.0012070613990672208,0.0031606494711470252,-5.712596450369034e-05,5.595368597111015,0.01782895371112188,-0.03240916770194011,0.01789549212220054,3.3457503035777,-0.013586807003742566,0.0005735499053565411,0.7826550475306365
D4-R1_B,4,0.4,0.43500000000000005,0.035,True,recorded_event,P2,,False,0.5351996496557492,4.595209279756318e-08,1.7021215816072355e-05,0.0005593233196349023,-6.966889191728498e-05,-1.1474871133287934e-06,-6.48194144109264e-06,0.00013524850384221505,-2.3767787737938306e-08,5.595301265120883,0.011552512098893939,-0.05659999935225187,0.02094891570260071,3.346767831693755,-0.01480035034425088,-0.002451851061948269,0.7827121497273525
D4-R1_B,5,0.5,0.535,0.035,True,recorded_event,A,,False,0.54425059603488,3.208314103275711e-07,-4.6945223715851025e-05,0.0006309240381754608,-5.707047706682289e-05,-4.811902338808238e-07,-5.235886659780455e-06,8.049452331695267e-05,-2.554899349860307e-07,5.663104579011294,0.018584353386573906,-0.05178457239627,0.006828863187718228,3.90954119962165,-0.005749403965120056,-0.004409435286318031,0.673335206290877
D4-R1_B,5,0.5,0.535,0.035,True,recorded_event,P0,,False,0.5435738124390679,-0.0004665308512237232,-0.003283147731575219,0.040416544113634156,-0.0029099423920762035,-8.21883201815865e-05,-0.0006820194824719295,0.00448638153831047,0.0004714334718833868,5.66263772732866,0.015348150878714538,-0.011998952320811305,0.0039759912727088675,3.909459492491702,-0.006426187560932205,-3.5482713245130654e-06,0.6738068952526953
D4-R1_B,5,0.5,0.535,0.035,True,recorded_event,P1a,,False,0.5448154373352925,3.0776309945856895e-05,0.00010171587722706751,0.026254585047763932,-0.0019652090963582225,-0.0008250008938741615,0.0005596054137527017,0.0012463233361270083,-2.587368928619327e-05,5.663135034489829,0.018733014487516825,-0.026160911386681526,0.004920724568426849,3.9087166799180095,-0.005184562664707574,-0.003243606473507975,0.6733095880915257
D4-R1_B,5,0.5,0.535,0.035,True,recorded_event,P1b,,False,0.545070259908558,3.0776309945856895e-05,0.001583029125253231,0.01916416184653083,-0.0026791577225697694,-0.0008250008938741615,0.0008144279870181985,0.0038262666137339483,-2.587368928619327e-05,5.663135034489829,0.02021432773554299,-0.03325133458791463,0.004206775942215302,3.9087166799180095,-0.004929740091442077,-0.000663663195901035,0.6733095880915257
D4-R1_B,5,0.5,0.535,0.035,True,recorded_event,P2,,False,0.5442489590453011,1.0617990042760539e-07,1.7451013597138965e-05,0.000591303073612548,-7.275182258803525e-05,-4.657293080079228e-07,-6.87287623866821e-06,0.00014196102943321402,-6.312683886733339e-08,5.663104364359784,0.018648749623886896,-0.05182419336083291,0.006813181842196893,3.9095412150825757,-0.005751040954698944,-0.004347968780201769,0.6733353986539731
D4-R1_B,6,0.6,0.635,0.035,True,recorded_event,A,,False,0.5479669595939533,5.968083138796487e-07,-6.237039098416775e-05,0.0006581202857073448,-5.527898404888987e-05,-1.6805504188255327e-07,-5.123994955771524e-06,7.078304716433455e-05,-4.746228396967922e-07,5.719561267382055,0.029845876321178036,-0.10893595798827795,-0.0014178187751325497,4.478690210364072,-0.002033040406046823,-0.008836139951188947,0.5608281695903863
D4-R1_B,6,0.6,0.635,0.035,True,recorded_event,P0,,False,0.5472336295603103,-0.00046503253088925334,-0.003097006373271375,0.04236099261876208,-0.0031191265704046955,-6.366038144722808e-05,-0.0007384540285986724,0.004922146780350987,0.0004762958692099417,5.719095638042852,0.02681124033889083,-0.06723308565522321,-0.00448166636148839,4.478626718037667,-0.002766370439689724,-0.003984776218002295,0.5613049400824359
D4-R1_B,6,0.6,0.635,0.035,True,recorded_event,P1a,,False,0.5480991610600271,6.0444157604422344e-05,-0.002749375852713426,0.019947115014298078,-0.0014305209854597045,-0.0006650577402051994,0.00012707747111809654,0.001532147384924556,-4.918081928373397e-05,5.719621114731345,0.027158870859448778,-0.08964696325968721,-0.002793060776543399,4.478025320678909,-0.0019008389399729551,-0.007374775613428725,0.5607794633939422
D4-R1_B,6,0.6,0.635,0.035,True,recorded_event,P1b,,False,0.5484079792207276,6.0444157604422344e-05,0.0006714499835086957,0.015198355516564704,-0.0023922340906161743,-0.0006650577402051994,0.00043589563181863533,0.004211827675081619,-4.918081928373397e-05,5.719621114731345,0.0305796966956709,-0.09439572275742059,-0.003754773881699869,4.478025320678909,-0.0015920207792724163,-0.004695095323271663,0.5607794633939422
D4-R1_B,6,0.6,0.635,0.035,True,recorded_event,P2,,False,0.5479649655064324,1.6322934115464705e-07,1.7558633340186702e-05,0.0006110230903236952,-7.441149058839969e-05,-1.6227107035859945e-07,-7.118082476578486e-06,0.00014591193920076954,-9.458243699356217e-08,5.719560833803082,0.02992580534550239,-0.1089830551836616,-0.0014369512816722538,4.478690216148044,-0.00203503449356763,-0.008761011059152512,0.560828549630789
D4-R1_B,7,0.7000000000000001,0.7350000000000001,0.035,True,recorded_event,A,,False,0.5496305828294591,1.2739427814878468e-06,-7.317946862264724e-05,0.0006626536728139842,-3.887300331761878e-05,-1.0541056028046114e-08,-4.837769892906637e-06,5.773925126072513e-05,-1.03415452823441e-06,5.76605131184594,0.05678007490635869,-0.18843344343707702,-0.00736208370763203,5.053021643902086,-0.0003694171705409264,-0.013627934359941734,0.4666781746457885
D4-R1_B,7,0.7000000000000001,0.7350000000000001,0.035,True,recorded_event,P0,,False,0.5488685685800515,-0.0003411300573166187,-0.0030237181681103606,0.043151699334711774,-0.0031891505282453103,-4.429960676777256e-05,-0.0007668520193004622,0.005137165844256284,0.00036744037613534175,5.765708907845842,0.053829536206870976,-0.14594439777517923,-0.01051236123255972,5.052977354836374,-0.001131431419948482,-0.008548507766946175,0.46704664917645206
D4-R1_B,7,0.7000000000000001,0.7350000000000001,0.035,True,recorded_event,P1a,,False,0.5494380879418193,0.0001320048301973742,-0.0026239473899889038,0.0181476009518734,-0.00122638225137095,-0.0005411058314459538,-0.0001973326575328258,0.0016869751651854906,-0.00010569451137865116,5.766182042733356,0.05422930698499243,-0.1709484961580176,-0.008549592955685359,5.052480548611696,-0.0005619120581808456,-0.011998698446016968,0.46657351428893806
D4-R1_B,7,0.7000000000000001,0.7350000000000001,0.035,True,recorded_event,P1b,,False,0.5498053040637771,0.0001320048301973742,0.0012089230278331045,0.013996482290723533,-0.002268723636694503,-0.0005411058314459538,0.00016988346442509838,0.004405993817962707,-0.00010569451137865116,5.766182042733356,0.05806217740281444,-0.17509961481916747,-0.009591934341008912,5.052480548611696,-0.0001946959362229214,-0.009279679793239752,0.46657351428893806
D4-R1_B,7,0.7000000000000001,0.7350000000000001,0.035,True,recorded_event,P2,,False,0.5496283714584147,3.184496506491996e-07,1.6823559949134814e-05,0.0006100956244255717,-6.0130409123004824e-05,-1.0597121402611265e-08,-7.049140937301888e-06,0.00014148441041788098,-1.8537637291871079e-07,5.766050356352809,0.05687007793493047,-0.18848600148546543,-0.007383341113437312,5.05302164384602,-0.00037162854158532166,-0.013544189200784578,0.4666790234239438
D4-R1_B,8,0.8,0.8350000000000001,0.035,True,recorded_event,A,,False,0.5489131305296987,-3.644596473506567e-07,1.0753731040979986e-05,-7.090004108672998e-05,4.766646800824503e-06,-1.558145257263277e-08,4.4543672375889527e-07,-3.6552652447384773e-06,3.290358767671364e-07,5.804220886464141,0.08219290055719518,-0.15757023216376523,-0.01225475976512993,5.631594068006084,0.0010868694703013563,-0.0076252524051492665,0.39035631402009957
D4-R1_B,8,0.8,0.8350000000000001,0.035,True,recorded_event,P0,,False,0.5488442871456019,-0.00033948473420331027,-0.00022605145721595055,-0.0047519654843389825,0.0004326832295515892,-3.563395368733069e-05,6.928882082063046e-05,-0.0006991530419496895,0.00034402794146348725,5.803881766189585,0.08195609536893825,-0.16225129760701748,-0.011826843182379143,5.631558449633849,0.0011557128543982279,-0.008320750181854217,0.3907000129256863
D4-R1_B,8,0.8,0.8350000000000001,0.035,True,recorded_event,P1a,,False,0.5488310209661652,3.153167507186083e-05,0.0037174307818729074,0.00023816705642493163,-0.00010200529923620749,-0.00044379986050291365,8.255500025720506e-05,-0.0003012029984331942,-2.6988467811683847e-05,5.80425278259886,0.0858995776080271,-0.15726116506625357,-0.01236153171116694,5.631150283727034,0.0011689790338348025,-0.007922800138337722,0.3903289965164111
D4-R1_B,8,0.8,0.8350000000000001,0.035,True,recorded_event,P1b,,False,0.5488133471920178,3.153167507186083e-05,0.002023180657374446,-1.4087753640118494e-05,7.823734162881735e-05,-0.00044379986050291365,0.00010022877440467814,-0.0006166845898816983,-2.6988467811683847e-05,5.80425278259886,0.08420532748352864,-0.15751341987631862,-0.012181289070301915,5.631150283727034,0.0011866528079822755,-0.008238281729786226,0.3903289965164111
D4-R1_B,8,0.8,0.8350000000000001,0.035,True,recorded_event,P2,,False,0.548912827427912,-5.2996394828142e-08,-1.7598990535716563e-06,-6.390174865467113e-05,7.685485199804276e-06,-1.0890549795306015e-08,7.485385103906447e-07,-1.5151060792955445e-05,3.169641349387575e-08,5.804221197927394,0.08218038692710063,-0.15756323387133317,-0.012251840926730874,5.631594072696987,0.001087172572087988,-0.007636748200697483,0.3903560166806363
D4-R1_B,9,0.9,0.935,0.035,True,recorded_event,A,,False,0.548242063444035,-1.1489870122005641e-07,3.975282269919056e-06,-6.685064536401941e-05,6.307013930673122e-06,-1.6460547591634622e-08,6.105191545598999e-07,-9.872441396310307e-06,8.840895127093518e-08,5.83623069880918,0.07991076092932288,-0.10141421782880895,-0.013277540429384276,6.213669633128868,0.0017579365559650072,-0.004386468416751632,0.32732023139879174
D4-R1_B,9,0.9,0.935,0.035,True,recorded_event,P0,,False,0.5481545670033149,-0.00030040201197145677,0.0003083278459573985,-0.004905670148805302,0.0003387979434181787,-3.068643693016071e-05,8.810695987467032e-05,-0.0005095444577968697,0.00029021465141543246,5.83593041169591,0.08021511349301036,-0.10625303733225024,-0.012945049499896832,6.213638963152485,0.0018454329966851176,-0.004886140433152191,0.3276103576412559
D4-R1_B,9,0.9,0.935,0.035,True,recorded_event,P1a,,False,0.5481109289480602,-5.1240140787278676e-05,0.002985278022362897,0.005162305593945066,-0.0003867593716999629,-0.00037055147390496757,0.00013174501512932895,-0.00012558646192267243,4.105278023125436e-05,5.836179573567094,0.08289206366941586,-0.09618506158949987,-0.013670606815014974,6.2132990981155105,0.0018890710519397762,-0.004502182437277994,0.3273611957700717
D4-R1_B,9,0.9,0.935,0.035,True,recorded_event,P1b,,False,0.5481703167690587,-5.1240140787278676e-05,0.0008825277474894117,0.0029212911245004164,-6.703812778408036e-05,-0.00037055147390496757,7.235719413084996e-05,-0.0004204443961827557,4.105278023125436e-05,5.836179573567094,0.08078931339454237,-0.09842607605894452,-0.013350885571099091,6.2132990981155105,0.0018296832309412973,-0.004797040371538077,0.3273611957700717
D4-R1_B,9,0.9,0.935,0.035,True,recorded_event,P2,,False,0.548241926551865,-5.435896710537236e-08,-1.7311854249441039e-06,-6.379350924827498e-05,7.6253942071780045e-06,-1.6452484707940584e-08,7.474113246602569e-07,-1.5061448927926324e-05,3.306715878892419e-08,5.836230759348914,0.07990505446162802,-0.10141116069269321,-0.013276222049107686,6.213669633136931,0.0017580734481351076,-0.004391657424283248,0.32732017605699926
D4-R1_B,10,1.0,1.035,0.035,True,recorded_event,A,,False,0.5483244562413706,-1.754754963556593e-07,7.078587187486773e-06,-6.802175037275149e-05,5.538432041429786e-06,-1.719956088663821e-08,5.351573952759245e-07,-7.019738056348278e-06,1.509141016597937e-07,5.8631754862972665,0.06801820452064104,-0.08762804223960408,-0.012122605327345423,6.798678880910255,0.001675543758629456,-0.004279162992634093,0.27368896601853315
D4-R1_B,10,1.0,1.035,0.035,True,recorded_event,P0,,False,0.548247383662502,-0.0002565658469748655,0.0003618549994234832,-0.004392910911139206,0.00031376128972304684,-2.624919971871975e-05,7.760773626383955e-05,-0.0004979113942224344,0.0002525251000422557,5.862919095925788,0.06837298093287704,-0.09195293140037053,-0.011814382469663709,6.798652648910097,0.0017526163374980196,-0.0047700546488001795,0.27394134020447375
D4-R1_B,10,1.0,1.035,0.035,True,recorded_event,P1a,,False,0.5482393026632667,-1.933168724033152e-05,-0.0002178852079442739,-0.0008490710286397085,6.109090504402559e-05,-0.0003116220818881743,8.568873549913967e-05,-0.00014758089325293995,1.5290940307721712e-05,5.8631563300855225,0.06779324072550928,-0.08840909151787103,-0.01206705285434273,6.7983672760279275,0.0017606973367333197,-0.004419724147830685,0.2737041060447392
D4-R1_B,10,1.0,1.035,0.035,True,recorded_event,P1b,,False,0.5483045023185628,-1.933168724033152e-05,-0.0006343090957678793,-0.0007789230942960718,0.00019537252777901415,-0.0003116220818881743,2.0489080203128698e-05,-0.00042076263814531945,1.5290940307721712e-05,5.8631563300855225,0.06737681683768568,-0.0883389435835274,-0.011932771231607742,6.7983672760279275,0.0016954976814373087,-0.0046929058927230646,0.2737041060447392
D4-R1_B,10,1.0,1.035,0.035,True,recorded_event,P2,,False,0.5483242473975676,-4.611449355707009e-08,-1.700716380545475e-06,-6.348580078163746e-05,7.550843868830981e-06,-1.548365080594749e-08,7.440011983116373e-07,-1.4930270967705543e-05,2.807735910437259e-08,5.863175615658269,0.06800942521707301,-0.08762350629001296,-0.012120592915517798,6.798678882626165,0.0016757526024324917,-0.004287073525545451,0.2736888431817906
D4-R1_B,11,1.0999999999999979,1.1349999999999978,0.035,True,recorded_event,A,,False,0.5487232996344269,-1.442155026509795e-07,6.138309063576097e-06,-6.696222980230593e-05,5.6897330300564875e-06,-1.3417276178984139e-08,5.545703738909624e-07,-7.796756409456356e-06,1.2356845857652843e-07,5.885737231107763,0.05921054472958977,-0.07884216482533278,-0.010798376022322033,7.386153890115658,0.0012767003655731965,-0.0038539947183737597,0.22863544268296745
D4-R1_B,11,1.0999999999999979,1.1349999999999978,0.035,True,recorded_event,P0,,False,0.5486462635238732,-0.0002153973504848139,0.0003745426576585789,-0.004410422726962848,0.00030843853212836336,-2.1985452677064643e-05,7.75906809274648e-05,-0.0004826107884282997,0.00021299725444379192,5.885521977972781,0.05957894907818477,-0.08318562532249332,-0.010495627223223725,7.386131918080257,0.0013537364761267703,-0.004328808750392603,0.22884831636895267
D4-R1_B,11,1.0999999999999979,1.1349999999999978,0.035,True,recorded_event,P1a,,False,0.5486845347027879,-1.0988532410216578e-05,-0.0001948580037451214,-0.0015063598004162876,0.0001079327696138499,-0.0002615730128781024,3.931950201287301e-05,-0.0001348894909229785,8.588436369194596e-06,5.885726386790855,0.05900954841678107,-0.08028156239594676,-0.010696132985738238,7.385892330520056,0.0013154652972121785,-0.003981087452887282,0.22864390755087807
D4-R1_B,11,1.0999999999999979,1.1349999999999978,0.035,True,recorded_event,P1b,,False,0.5487391073642977,-1.0988532410216578e-05,-0.0005275095978079236,-0.001215899439686835,0.00022411413623002474,-0.0002615730128781024,-1.5253159496860392e-05,-0.000411378939475405,8.588436369194596e-06,5.885726386790855,0.05867689682271827,-0.07999110203521731,-0.010579951619122063,7.385892330520056,0.0012608926357024451,-0.004257576901439708,0.22864390755087807
D4-R1_B,11,1.0999999999999979,1.1349999999999978,0.035,True,recorded_event,P2,,False,0.5487231151592723,-3.973114992561477e-08,-1.6705146577769558e-06,-6.305198657542699e-05,7.467897850332861e-06,-1.1905351371410688e-08,7.3904552846016e-07,-1.4779719912855812e-05,2.4161144196455098e-08,5.885737335592116,0.059202735905868414,-0.0788382545821059,-0.010796597857501561,7.386153891627583,0.0012768848407277657,-0.003860977681877159,0.22863534327565307
D4-R1_B,12,1.1999999999999957,1.2349999999999957,0.035,True,recorded_event,A,,False,0.5491393703328508,-1.255498309760128e-07,5.904933113518029e-06,-6.621859586497525e-05,5.672680027490884e-06,-9.580081616888947e-09,5.559071680881099e-07,-7.913948055082373e-06,1.0748363976631481e-07,5.904600945890838,0.05261574176354031,-0.07075406797188319,-0.009539433190089907,7.9756959329127,0.0008606296671492822,-0.003404310976833293,0.1909258692605823
D4-R1_B,12,1.1999999999999957,1.2349999999999957,0.035,True,recorded_event,P0,,False,0.5490630149034282,-0.0001806599223215244,0.00037904267872578695,-0.004375300108762151,0.0003037723137739867,-1.8316370129944914e-05,7.69113365906008e-05,-0.00047397848969991203,0.00017888752175654332,5.904420411518347,0.05298887950915258,-0.07506314948478036,-0.009241333556343267,7.975677626122652,0.0009369850965717949,-0.0038703755184781225,0.19110464929869908
D4-R1_B,12,1.1999999999999957,1.2349999999999957,0.035,True,recorded_event,P1a,,False,0.5491214361668987,-7.936475657110975e-06,-3.0417392438884805e-05,-0.001587870546293682,0.00011287870010523449,-0.00021888025064153993,1.849007312018983e-05,-0.00013082146853423716,6.164075092129906e-06,5.904593134965012,0.052579419437987905,-0.0722757199223119,-0.00943222717001202,7.97547706224214,0.000878563833101384,-0.0035272184973124477,0.19093192585203467
D4-R1_B,12,1.1999999999999957,1.2349999999999957,0.035,True,recorded_event,P1b,,False,0.5491693364640157,-7.936475657110975e-06,-0.00038677235382335307,-0.0012750810961988657,0.00022539010883049215,-0.00021888025064153993,-2.9410223996781848e-05,-0.00040649933806173816,6.164075092129906e-06,5.904593134965012,0.05222306447660344,-0.07196293047221708,-0.009319715761286762,7.97547706224214,0.0008306635359844123,-0.0038028963668399487,0.19093192585203467
D4-R1_B,12,1.1999999999999957,1.2349999999999957,0.035,True,recorded_event,P2,,False,0.5491391930867756,-3.4968046236372174e-08,-1.6414194849642683e-06,-6.253449883013296e-05,7.381663164274244e-06,-8.258304262653837e-09,7.331532432482179e-07,-1.4620659437058255e-05,2.125102049888028e-08,5.904601036472623,0.052608195410941826,-0.07075038387484835,-0.009537724206953195,7.975695934234477,0.0008608069132244423,-0.0034110176882152688,0.19092578302796304
D4-R1_B,13,1.2999999999999936,1.3349999999999935,0.035,True,recorded_event,A,,False,0.549456170761025,-1.1220349449558853e-07,5.956212330349153e-06,-6.560125092221203e-05,5.589830075258817e-06,-6.6512111374095184e-09,5.498932848947008e-07,-7.767569022651584e-06,9.61645127972588e-08,5.920358897269265,0.047087749696509154,-0.06278852927761447,-0.008377966211346628,8.566966251567502,0.0005438292389749918,-0.0029620674369617433,0.15932688493974304
D4-R1_B,13,1.2999999999999936,1.3349999999999935,0.035,True,recorded_event,P0,,False,0.5493803983033273,-0.0001517764216805162,0.0003761341401206375,-0.004331755260358033,0.0003006612484903748,-1.5278228071125e-05,7.632235098265785e-05,-0.00046997381341784767,0.00015030891912815036,5.920207233051079,0.04745792762429944,-0.06705468328705029,-0.008082894792931672,8.566950979990642,0.000619601696672755,-0.0034242736813569394,0.1594770976943584
D4-R1_B,13,1.2999999999999936,1.3349999999999935,0.035,True,recorded_event,P1a,,False,0.5494441687834261,-6.539780899039727e-06,6.080282769903994e-05,-0.001605842109309072,0.0001126298183011798,-0.0001828043103095922,1.255187088385209e-05,-0.00013120554973873773,5.0722783466738974e-06,5.920352469691861,0.047142596311877845,-0.06432877013600133,-0.008270926223120867,8.566783453908403,0.0005558312165739492,-0.0030855054176778295,0.1593318610535769
D4-R1_B,13,1.2999999999999936,1.3349999999999935,0.035,True,recorded_event,P1b,,False,0.5494887581415707,-6.539780899039727e-06,-0.00031071489969568267,-0.0012869706538206765,0.0002230427399445567,-0.0001828043103095922,-3.203748726082745e-05,-0.0004047004681936297,5.0722783466738974e-06,5.920352469691861,0.04677107858448312,-0.06400989868051293,-0.00816051330147749,8.566783453908403,0.0005112418584292697,-0.0033590003361327215,0.1593318610535769
D4-R1_B,13,1.2999999999999936,1.3349999999999935,0.035,True,recorded_event,P2,,False,0.5494559938036709,-3.103671186721613e-08,-1.6142340020716683e-06,-6.198210458505105e-05,7.296464066719466e-06,-5.48978285053181e-09,7.268506389931017e-07,-1.4461535478624884e-05,1.8861809003567487e-08,5.920358978436048,0.04708017925017673,-0.06278491013127731,-0.008376259577355277,8.56696625272893,0.0005440061963290902,-0.0029687614034177166,0.15932680763703924
D4-R1_B,14,1.3999999999999915,1.4349999999999914,0.035,True,recorded_event,A,,False,0.5496523015916707,-9.95894202659997e-08,6.039229160752224e-06,-6.502025512365728e-05,5.502836100124142e-06,-4.740455139540245e-09,5.429998861925835e-07,-7.593182495506303e-06,8.540829021796981e-08,5.933555816285898,0.04196800521972773,-0.054618301196078106,-0.007302099265414519,9.159681280230872,0.00034769840832932675,-0.0025144447217825133,0.1332816064509137
D4-R1_B,14,1.3999999999999915,1.4349999999999914,0.035,True,recorded_event,P0,,False,0.5495770369252174,-0.00012556482971870508,0.0003712011753596728,-0.004290705916121448,0.00029810802848739826,-1.2563071797089265e-05,7.580766633953558e-05,-0.00046702274621653744,0.00012425146816408272,5.933430351045599,0.04233316716592665,-0.0588439868570759,-0.0070094940730274224,9.15966872189953,0.00042296307478266974,-0.0029738742855035445,0.13340577251078756
D4-R1_B,14,1.3999999999999915,1.4349999999999914,0.035,True,recorded_event,P1a,,False,0.5496396659021,-5.933693016935138e-06,0.00011266319608805447,-0.0015774069386686254,0.00010905826055696011,-0.00015294322407122252,1.317868945690555e-05,-0.00013213809274408754,4.620331462312777e-06,5.933549982182301,0.042074629186655034,-0.056130687879623074,-0.007198543840957861,9.159528341747256,0.0003603340979000397,-0.0026389896320310946,0.1332861413740858
D4-R1_B,14,1.3999999999999915,1.4349999999999914,0.035,True,recorded_event,P1b,,False,0.5496828544049106,-5.933693016935138e-06,-0.00027172402827075476,-0.0012673507886024407,0.00021878872867153731,-0.00015294322407122252,-3.000981335370622e-05,-0.0004031137891917437,4.620331462312777e-06,5.933549982182301,0.041690241962296225,-0.05582063172955689,-0.007088813372843283,9.159528341747256,0.00031714559508942794,-0.0029099653284787507,0.1332861413740858
D4-R1_B,14,1.3999999999999915,1.4349999999999914,0.035,True,recorded_event,P2,,False,0.5496521239830623,-2.7481631192927125e-08,-1.5895827909923055e-06,-6.143680373745658e-05,7.216111305385908e-06,-3.742872678458298e-09,7.206084946485554e-07,-1.4310320927813855e-05,1.6710343331283184e-08,5.933555888393687,0.04196037640777599,-0.054614717744691905,-0.007300385990209282,9.159681281228455,0.0003478760169377827,-0.002521161860214821,0.1332815377529668
D4-R1_B,15,1.4999999999999893,1.5349999999999893,0.035,True,recorded_event,A,,False,0.5497456907520979,-8.7916688151779e-08,6.147917877799558e-06,-6.450280126207852e-05,5.4163905547355284e-06,-3.704577977714507e-09,5.357790218802824e-07,-7.403499897215646e-06,7.553547920480241e-08,5.944594061638011,0.03692958657118297,-0.04634383060294834,-0.006292308090815672,9.753604846007192,0.000254309247902168,-0.0020708838720232257,0.1112751215222743
D4-R1_B,15,1.4999999999999893,1.5349999999999893,0.035,True,recorded_event,P0,,False,0.5496709202118204,-0.0001062762760444258,0.0003657650580293076,-0.0042506008495951375,0.00029586745042164964,-1.0602748659493955e-05,7.530631929931201e-05,-0.0004647247103726636,0.00010511389465595045,5.944487873278654,0.03728920371133448,-0.0505299286512814,-0.006001857030948798,9.753594246963111,0.00032907978817959974,-0.0025282050824986736,0.11138015988145104
D4-R1_B,15,1.4999999999999893,1.5349999999999893,0.035,True,recorded_event,P1a,,False,0.5497300548493117,-5.292570701698196e-06,0.0001293550045919703,-0.00156324735110204,0.00010668471002617252,-0.00012786112642082514,1.617168180804106e-05,-0.0001334185874645212,4.130189313222843e-06,5.944588856983997,0.03705279365789714,-0.0478425751527883,-0.0061910397713442755,9.75347698858535,0.0002699451506883288,-0.0021968989595905312,0.11127917617610832
D4-R1_B,15,1.4999999999999893,1.5349999999999893,0.035,True,recorded_event,P1b,,False,0.5497727088275651,-5.292570701698196e-06,-0.0002575182406454324,-0.001255318911032699,0.000215387643702325,-0.00012786112642082514,-2.6482296445416834e-05,-0.00040178645749731727,4.130189313222843e-06,5.944588856983997,0.03666592041265974,-0.04753464671271896,-0.006082336837668123,9.75347698858535,0.0002272911724348709,-0.0024652668296233273,0.11127917617610832
D4-R1_B,15,1.4999999999999893,1.5349999999999893,0.035,True,recorded_event,P2,,False,0.549745511716881,-2.406665444709688e-08,-1.5679183927169715e-06,-6.093219971516073e-05,7.143731301173517e-06,-2.8429951726138825e-09,7.148142387899655e-07,-1.4173251677862281e-05,1.4647372204024123e-08,5.944594125488044,0.03692187073491245,-0.04634026000140142,-0.006290580750069365,9.753604846868775,0.0002544882831190777,-0.0020776536238038723,0.1112750606341673
D4-R1_B,16,1.5999999999999872,1.6349999999999871,0.035,True,recorded_event,A,,False,0.5497650679503021,-7.553950798211417e-08,6.179162928915405e-06,-6.40271921126187e-05,5.356250687427178e-06,-3.2654998705083926e-09,5.309543958403765e-07,-7.2948815700900685e-06,6.49862945678592e-08,5.9538200036032505,0.03182142296486649,-0.0378156341644443,-0.005323733373863292,10.348538235020182,0.00023493204969795932,-0.0016194383890246373,0.09278289413356565
D4-R1_B,16,1.5999999999999872,1.6349999999999871,0.035,True,recorded_event,P0,,False,0.5496907581010979,-8.940849201888312e-05,0.000362028083270613,-0.004217364783487089,0.0002936296977047448,-8.922847339221107e-06,7.484080360006858e-05,-0.00046175753196103764,8.838683044576356e-05,5.95373067065074,0.032177271885208185,-0.04196897175581877,-0.005035459926845842,10.348529315438343,0.0003092418989021875,-0.002073901039415585,0.09287121597771685
D4-R1_B,16,1.5999999999999872,1.6349999999999871,0.035,True,recorded_event,P1a,,False,0.5497463591532711,-4.699764416749019e-06,0.00014235902364177766,-0.0015210657929314378,0.00010271773025305464,-0.00010682617542379091,1.9239751426792286e-05,-0.00013347416622683152,3.6781028436294605e-06,5.953815379378342,0.03195760282557935,-0.03927267276526312,-0.005226371894297532,10.348431412110259,0.00025364084672891123,-0.0017456176736813788,0.09278650725011471
D4-R1_B,16,1.5999999999999872,1.6349999999999871,0.035,True,recorded_event,P1b,,False,0.5497889489576586,-4.699764416749019e-06,-0.0002505433943122623,-0.0012264402694432755,0.00021141318268469433,-0.00010682617542379091,-2.3350052960697648e-05,-0.0003995676587829906,3.6781028436294605e-06,5.953815379378342,0.03156470040762531,-0.038978047241774956,-0.005117676441865893,10.348431412110259,0.0002110510423414213,-0.002011711166237538,0.09278650725011471
D4-R1_B,16,1.5999999999999872,1.6349999999999871,0.035,True,recorded_event,P2,,False,0.5497648891136039,-2.0692144886425012e-08,-1.5496091895633723e-06,-6.049572093094063e-05,7.081925555763036e-06,-2.540051724508885e-09,7.097910940303132e-07,-1.4055901742686611e-05,1.2611257815819954e-08,5.953820058450614,0.03181369419274801,-0.03781210269326262,-0.005322007698994972,10.34853823574563,0.00023511088639614926,-0.0016261994091972339,0.0927828417585289
D4-R1_B,17,1.699999999999985,1.734999999999985,0.035,True,recorded_event,A,,False,0.5497334731600789,-6.220025028369491e-08,6.071180045905122e-06,-6.358807221733612e-05,5.338277147881598e-06,-3.2250149217816215e-09,5.302153490054974e-07,-7.325582795554954e-06,5.354803800372565e-08,5.961517104619619,0.026523552700782924,-0.028848299909218788,-0.004354498517909597,10.944314550758822,0.00026652683992108136,-0.001149998629285146,0.07716355833798966
D4-R1_B,17,1.699999999999985,1.734999999999985,0.035,True,recorded_event,P0,,False,0.5496596315342183,-7.547148549402749e-05,0.000362038603445379,-0.004192766974707565,0.0002910196072192228,-7.565301610057418e-06,7.437184120970779e-05,-0.00045703976637248653,7.460186696395255e-05,5.961441695334376,0.026879520124182398,-0.03297747881170902,-0.004068817187838469,10.944306988682227,0.00034036846578178366,-0.0015997128128620777,0.0772381066569156
D4-R1_B,17,1.699999999999985,1.734999999999985,0.035,True,recorded_event,P1a,,False,0.5497131546304004,-4.0384746755606216e-06,0.0001579332924954678,-0.0014400661541464008,9.6704483060428e-05,-8.912300498842285e-05,2.084874502756342e-05,-0.00013117918707573613,3.1688561454856767e-06,5.961513128345194,0.026675414813232486,-0.030224777991147853,-0.004263132311997264,10.944225430978848,0.0002868453695996393,-0.0012738522335653272,0.07716667364609714
D4-R1_B,17,1.699999999999985,1.734999999999985,0.035,True,recorded_event,P1b,,False,0.549756037514443,-4.0384746755606216e-06,-0.0002474447232404149,-0.0011749117675175294,0.00020676414402043264,-8.912300498842285e-05,-2.203413901502761e-05,-0.00039550775453602504,3.1688561454856767e-06,5.961513128345194,0.026270036797496604,-0.02995962360451898,-0.0041530726510372595,10.944225430978848,0.00024396248555704826,-0.0015381808010256162,0.07716667364609714
D4-R1_B,17,1.699999999999985,1.734999999999985,0.035,True,recorded_event,P2,,False,0.5497332975691404,-1.72792029573543e-08,-1.5349432616988679e-06,-6.014991966469749e-05,7.032834510312114e-06,-2.638941509758297e-09,7.058062875609015e-07,-1.396281402855741e-05,1.0554200180479256e-08,5.961517149540667,0.02651594657747532,-0.02884486175666615,-0.004352803960547344,10.944314551344895,0.00026670243085963677,-0.0011566358605181485,0.07716351534415183
D4-R1_B,18,1.799999999999983,1.8349999999999829,0.035,True,recorded_event,A,,False,0.549656630964289,-5.426932947472096e-08,5.809289038406773e-06,-6.31714162932992e-05,5.364870303559144e-06,-3.713532592541924e-09,5.33750680375381e-07,-7.502996567028929e-06,4.763047289912947e-08,5.966674742429897,0.0209486359173309,-0.019388987993926268,-0.003333432975545669,11.540733824680252,0.0003433690357110318,-0.0006587428046306388,0.05083624921140783
D4-R1_B,18,1.799999999999983,1.8349999999999829,0.035,True,recorded_event,P0,,False,0.5495832880552138,-0.00012296853544224717,0.0003664723164116812,-0.004175261176728291,0.00028782126904669525,-1.2521829807710105e-05,7.387665975557966e-05,-0.0004499701194424999,0.00012258309018164937,5.966551828163785,0.021309298944704173,-0.02350107775436126,-0.003050976576802533,11.540721306563977,0.00041671194478623606,-0.0011012099275061098,0.05095878467111658
D4-R1_B,18,1.799999999999983,1.8349999999999829,0.035,True,recorded_event,P1a,,False,0.5496372347518559,-1.0677489266086582e-06,0.00017226736482984367,-0.001339038927593239,9.007681661810096e-05,-6.143926555601809e-05,1.9929963113470993e-05,-0.00012619372010355288,6.823036660108528e-07,5.9666737289503,0.021115093993122336,-0.020664855505226207,-0.0032487210292311275,11.540672389128229,0.0003627652481441274,-0.0007774335281671628,0.05083688388460094
D4-R1_B,18,1.799999999999983,1.8349999999999829,0.035,True,recorded_event,P1b,,False,0.5496805652297416,-1.0677489266086582e-06,-0.0002480454348428862,-0.0011127027276276007,0.00020229061870224996,-6.143926555601809e-05,-2.3400514772256857e-05,-0.0003892019930799485,6.823036660108528e-07,5.9666737289503,0.020694781193449606,-0.02043851930526057,-0.0031365072271469785,11.540672389128229,0.00031943477025839955,-0.0010404418011435584,0.05083688388460094
D4-R1_B,18,1.799999999999983,1.8349999999999829,0.035,True,recorded_event,P2,,False,0.5496564619962899,-1.3756277006393702e-08,-1.5240709168688749e-06,-5.989214821756905e-05,6.995801216547193e-06,-3.084936750497036e-09,7.027186794715057e-07,-1.3887307146751471e-05,8.432340159458818e-09,5.96667478294295,0.020941302557375623,-0.019385708725850537,-0.003331802044632747,11.540733825308848,0.0003435380037101279,-0.0006651271152103614,0.05083621001327509
D4-R1_B,19,1.8999999999999808,1.9349999999999807,0.035,True,recorded_event,A,,False,0.5495166748806967,-5.509227829492147e-08,5.4001972565557305e-06,-6.272619687419136e-05,5.4288660762402685e-06,-4.945883702589526e-09,5.405417099141677e-07,-7.802109708680187e-06,5.057543095432493e-08,5.966373371222978,0.015063175081206815,-0.0095098735323444,-0.002213528814473994,12.137401105151481,0.00048332511930341247,-0.0001502244036936343,-0.005562329091499398
D4-R1_B,19,1.8999999999999808,1.9349999999999807,0.035,True,recorded_event,P0,,False,0.5494439390800396,-0.00025802050982726144,0.000374817048027316,-0.004161056531648458,0.00028394515903107376,-2.6477908379618498e-05,7.327634236696068e-05,-0.0004401903421644345,0.0002585994100785527,5.966115405805429,0.015432591931977576,-0.013608203867118666,-0.0019350125215189529,12.137374632188985,0.000556060919960459,-0.0005826126361493886,-0.0053037802568517995
D4-R1_B,19,1.8999999999999808,1.9349999999999807,0.035,True,recorded_event,P1a,,False,0.5495010648561088,5.2449029368517586e-06,0.00018212317184716255,-0.0012373835748735098,8.410461779240208e-05,-2.693802651165811e-06,1.6150566297714383e-05,-0.00011863321233189522,-4.6660026855605e-06,5.966378671218193,0.015239898055797422,-0.010684530910343718,-0.0021348530627576245,12.137398416294713,0.0004989351438912127,-0.00026105550631684934,-0.005567045669615913
D4-R1_B,19,1.8999999999999808,1.9349999999999807,0.035,True,recorded_event,P1b,,False,0.5495447889335053,5.2449029368517586e-06,-0.00025131276802104266,-0.0010517919043823761,0.00019858429524477472,-2.693802651165811e-06,-2.757351109882128e-05,-0.00038043884540114,-4.6660026855605e-06,5.966378671218193,0.014806462115929217,-0.010498939239852585,-0.002020373385305252,12.137398416294713,0.000455211066494677,-0.0005228611393860941,-0.005567045669615913
D4-R1_B,19,1.8999999999999808,1.9349999999999807,0.035,True,recorded_event,P2,,False,0.5495165156961151,-1.0074852951902358e-08,-1.5171325117337153e-06,-5.967183928765399e-05,6.965859425278609e-06,-4.005684672847565e-09,6.997262914271206e-07,-1.3810230622019533e-05,6.21507734166471e-09,5.966373416240403,0.015056257751438526,-0.009506819174757862,-0.002211991821124548,12.13740110609168,0.0004834843038849254,-0.00015623252460697366,-0.0055623734518530105
D4-R2_A,1,0.1,0.117,0.017,False,reconstructed_rk4,A,,False,0.4591438527975764,-0.0003678661981236786,0.0007396687039140093,0.01549591650095028,8.910392813277213e-05,-6.375980454276231e-06,8.108133828940711e-06,0.009999999999999995,0.0003578703238567016,5.330699942964078,-0.2922876747824905,0.8841054121924911,0.09925812086665677,1.6146284647385483,-0.09085614720242365,0.04002749593494997,0.8861528395341879
D4-R2_A,1,0.1,0.117,0.017,False,reconstructed_rk4,P0,,False,0.45857577778944913,0.0025642760326753944,0.02852843338117128,-0.06609392958538207,-0.010644102546874201,0.00032751685910126227,-0.000559966874298351,0.0050000000000000044,-0.0017219657636040608,5.333632085194877,-0.26449891010523324,0.8025155661061587,0.08852491439165,1.6149623575781038,-0.09142422221055094,0.03502749593494998,0.8840730034467271
D4-R2_A,1,0.1,0.117,0.017,False,reconstructed_rk4,P1a,,False,0.4590745101075888,0.0023536676421080927,0.027125248006614366,-0.08502082439947078,-0.007857926476744215,0.00058458982571441,-6.123455615865414e-05,0.0050000000000000044,-0.001511357373036759,5.333421476804309,-0.26590209547979016,0.78358867129207,0.09131109046177999,1.615219430544717,-0.09092548989241124,0.03502749593494998,0.8842836118372944
D4-R2_A,1,0.1,0.117,0.017,False,reconstructed_rk4,P1b,,False,0.459286918505765,0.0023536676421080927,0.027982248650314345,-0.10086342022073591,-0.008341576718401633,0.00058458982571441,0.00015117384201754347,0.0050000000000000044,-0.001511357373036759,5.333421476804309,-0.2650450948360902,0.7677460754708049,0.09082744022012257,1.615219430544717,-0.09071308149423504,0.03502749593494998,0.8842836118372944
D4-R2_A,1,0.1,0.117,0.017,False,reconstructed_rk4,P2,,False,0.4591326551754308,1.2958680402519462e-05,-0.0001591851277152334,-0.0032676499347032983,-4.8549012231724475e-05,-2.0269066802747204e-06,-3.0894883166765474e-06,0.0050000000000000044,0.0,5.331080767842604,-0.29318652861411976,0.8653418457568375,0.0991204679262925,1.6146328138123223,-0.09086734482456926,0.03502749593494998,0.8857949692103312
D4-R2_A,2,0.2,0.23500000000000001,0.035,False,recorded_event,A,,False,0.49206868583996016,-0.0006012161750703626,1.54292016020241e-05,0.033103592256629844,0.0005525315321524005,-1.4934945571809521e-05,5.095196466533419e-05,-0.0016180156234173598,0.0005636473675219023,5.426760550633645,-0.23620252986658472,-0.31636719855643436,0.09598225359651202,2.2461177798807426,-0.05793131416003988,-0.031590519688467364,0.8481798516917667
D4-R2_A,2,0.2,0.23500000000000001,0.035,False,recorded_event,P0,,False,0.48868779029578,0.00216654621536172,0.022786368662898904,0.28235505928082383,-0.010565069876486533,0.0007073131153751966,-0.00332994357951482,-0.0050000000000000044,-0.002537432007415852,5.429528313024077,-0.21343159040528784,-0.06711573153224037,0.08486465218787309,2.2468400279416896,-0.061312209704220036,-0.03497250406505001,0.8450787723168289
D4-R2_A,2,0.2,0.23500000000000001,0.035,False,recorded_event,P1a,,False,0.49058271051998353,-0.00408444404332986,-0.0421167923857271,0.2146715851282473,0.009356959919793795,3.238277571560033e-05,-0.0014350233553112948,-0.018147972829802107,0.003713558251275728,5.423277322765386,-0.27833475145391384,-0.1347992056848169,0.10478668198415342,2.24616509760203,-0.05941728948001651,-0.04812047689485211,0.8513297625755205
D4-R2_A,2,0.2,0.23500000000000001,0.035,False,recorded_event,P1b,,False,0.4919355280246084,-0.00408444404332986,-0.012618406010172362,0.06006002251794429,0.0029469692937622582,3.238277571560033e-05,-8.220585068643288e-05,-0.0050000000000000044,0.003713558251275728,5.423277322765386,-0.2488363650783591,-0.2894107682951199,0.09837669135812188,2.24616509760203,-0.05806447197539165,-0.03497250406505001,0.8513297625755205
D4-R2_A,2,0.2,0.23500000000000001,0.035,False,recorded_event,P2,,False,0.49201788936339624,-0.0004566654517095259,0.0001427394874787824,0.005697095705868904,7.473157773496553e-06,-9.832222851002825e-06,1.5548810143595215e-07,-0.0050000000000000044,0.0004504655338468666,5.426905101357006,-0.23607521958070796,-0.3437736951071953,0.09543719522213326,2.2461228826034634,-0.05798211063660378,-0.03497250406505001,0.8480666698580916
D4-R2_A,3,0.3,0.33499999999999996,0.035,True,recorded_event,A,,False,0.517977630076872,-1.529666005417596e-06,-0.0004799851018092889,-0.0006454332918412881,3.126098012229406e-05,-2.7846174868173534e-06,4.058465849825221e-06,-0.00012190433570405737,3.0570504119253883e-06,5.516495288228039,-0.026075320338875024,-0.11687985712357338,0.04493568250708359,2.791740866739992,-0.032022369923128055,-0.006820590548289797,0.8611387155663585
D4-R2_A,3,0.3,0.33499999999999996,0.035,True,recorded_event,P0,,False,0.5183656573632339,-0.000825442534537757,-0.010868139828507515,-0.02060190066905214,0.0003177594187402377,-0.0002535755533195072,0.0003920857522117793,0.0028758311257996707,0.0009505909164841952,5.515671375359506,-0.03646347506557325,-0.13683632450078423,0.04522218094570141,2.7914900758041594,-0.0316343426367661,-0.003822855086786069,0.8620862494324307
D4-R2_A,3,0.3,0.33499999999999996,0.035,True,recorded_event,P1a,,False,0.5187671626878181,0.0008159325709833354,0.03586677519878688,0.020715655766219573,-0.005121627337060897,-0.0011902305637137012,0.0007935910767959131,0.0065013854291533,-0.0006907841890368971,5.5173127504650274,0.010271439961721147,-0.09551876806551252,0.03978279418990027,2.7905534207937652,-0.031232837312181967,-0.00019730078343243966,0.8604448743269096
D4-R2_A,3,0.3,0.33499999999999996,0.035,True,recorded_event,P1b,,False,0.5191881263266226,0.0008159325709833354,0.01829427155812549,0.020717665056724288,-0.0035810019289557182,-0.0011902305637137012,0.0012145547156004743,0.003686509610775492,-0.0006907841890368971,5.5173127504650274,-0.007301063678940244,-0.0955167587750078,0.04132341959800545,2.7905534207937652,-0.030811873673377406,-0.0030121766018102476,0.8604448743269096
D4-R2_A,3,0.3,0.33499999999999996,0.035,True,recorded_event,P2,,False,0.5179576096182035,7.29920754860558e-06,0.0002093809669374419,-0.002938639946750171,-0.000172204851274671,-1.787643386208515e-06,-1.5961992818690207e-05,0.0010149486363271653,-5.733506606375727e-06,5.516504117101593,-0.025385954270128294,-0.11917306377848226,0.04473221667568664,2.7917418637140927,-0.03204239038179657,-0.005683737576258574,0.8611299250093402
D4-R2_A,4,0.4,0.43500000000000005,0.035,True,recorded_event,A,,False,0.5351696318739115,1.6901185961870624e-07,-1.0897080915317145e-05,5.15420781273257e-06,-7.323543780390906e-05,-1.14311127230593e-06,-6.757447750296505e-06,0.00019185961047927277,-9.233537401343028e-08,5.5955604390719165,0.009208483093176973,-0.03598893999481865,0.020460961453962773,3.3466881240576005,-0.014830368126088556,-0.0019022200528011973,0.7823996572499333
D4-R2_A,4,0.4,0.43500000000000005,0.035,True,recorded_event,P0,,False,0.53463015784081,-0.0007099481334531532,-0.0034588675519121297,0.03493343590797104,-0.002544664577017741,-0.00014663097149725246,-0.0005462314808517763,0.003970385986380346,0.0007174007909513946,5.594850321926604,0.0057605126221801604,-0.0010606582946603436,0.017989532314748757,3.3465426361973756,-0.015369842159190036,0.001876306323099876,0.7831171503762587
D4-R2_A,4,0.4,0.43500000000000005,0.035,True,recorded_event,P1a,,False,0.5360967789014636,5.1196183921575766e-05,0.007039421161523939,0.03493653133093197,-0.0026925625211440263,-0.001029790001177311,0.0009203895798017281,0.0007286348467710551,-4.3743526423334345e-05,5.595611466243978,0.01625880133561623,-0.0010575628716994118,0.017841634370622472,3.3456594771676955,-0.013903221098536532,-0.001365444816509415,0.782356006058884
D4-R2_A,4,0.4,0.43500000000000005,0.035,True,recorded_event,P1b,,False,0.5363565800348707,5.1196183921575766e-05,0.004813233634686817,0.022662725349981795,-0.0030090066266272864,-0.001029790001177311,0.0011801907132089357,0.0033204137857698306,-4.3743526423334345e-05,5.595611466243978,0.014032613808779107,-0.013331368852649586,0.017525190265139212,3.3456594771676955,-0.013643419965129324,0.0012263341224893604,0.782356006058884
D4-R2_A,4,0.4,0.43500000000000005,0.035,True,recorded_event,P2,,False,0.5351690975076386,1.9882445823071748e-07,9.616243624629636e-06,-2.1120589048663485e-05,-7.849558135397672e-05,-1.1296976323293961e-06,-7.291814023131435e-06,0.00021487104027222473,-1.2770275414908383e-07,5.595560468884515,0.00922899641771692,-0.036015214791680045,0.020455701310412674,3.3466881374712405,-0.014830902492361391,-0.0018792086230082453,0.7823996218825532
D4-R2_A,5,0.5,0.535,0.035,True,recorded_event,A,,False,0.5438590964900863,1.277620889084119e-07,-2.1251705193405315e-05,-0.00036769571327908285,-8.100796025667378e-05,-4.910317659145846e-07,-7.561875915547238e-06,0.00025034524363308063,-7.271628810201491e-08,5.663853048934233,0.014101824820712233,-0.05092716217226594,0.007258158860525494,3.9095385614198905,-0.0061409035099137385,-0.004695803368491583,0.6723595661602333
D4-R2_A,5,0.5,0.535,0.035,True,recorded_event,P0,,False,0.5431740765196715,-0.00098048816901386,-0.00307551842294607,0.03990624872325637,-0.0029782230691157707,-0.00013296132327900168,-0.0006925818463303446,0.004720072657369597,0.0009878054452743257,5.66287243300313,0.011047558102959569,-0.010653217735730492,0.004360943751666291,3.9094060911283774,-0.006825923480328536,-0.00022607595475506657,0.6733474443217957
D4-R2_A,5,0.5,0.535,0.035,True,recorded_event,P1a,,False,0.5443846744450749,4.7422644037453665e-05,-0.0009849801714206484,0.02387386466913563,-0.0017928352420648608,-0.0008422117540578533,0.0005180160790730333,0.0012261827587647656,-4.010536777698803e-05,5.663900343816182,0.01313809635448499,-0.02668560178985123,0.005546331578717201,3.9086968406975986,-0.005615325554925158,-0.003719965853359898,0.6723195335087444
D4-R2_A,5,0.5,0.535,0.035,True,recorded_event,P1b,,False,0.5446445645672863,4.7422644037453665e-05,0.0010988063323283965,0.016445062640023232,-0.0025850420620852077,-0.0008422117540578533,0.0007779062012844137,0.004001410380006092,-4.010536777698803e-05,5.663900343816182,0.015221882858234035,-0.03411440381896363,0.004754124758696854,3.9086968406975986,-0.0053554354327137775,-0.0009447382321185716,0.6723195335087444
D4-R2_A,5,0.5,0.535,0.035,True,recorded_event,P2,,False,0.543858397562266,9.536517175945392e-08,6.196735751827498e-06,-0.00040148137911443643,-8.789641542117366e-05,-4.834977764822668e-07,-8.260803735956647e-06,0.00028052285870212596,-5.045072981602061e-08,5.663853016537316,0.014129273261657466,-0.050960947838101296,0.007251270405360849,3.90953856895388,-0.006141602437734148,-0.0046656257534225375,0.6723595884257916
D4-R2_A,6,0.6,0.635,0.035,True,recorded_event,A,,False,0.5475179067339654,1.8046693117668156e-07,-2.92677595587279e-05,-0.0005896976419680344,-8.496091405785222e-05,-1.9757019309452062e-07,-8.00072055990187e-06,0.00028412247842079727,-1.0605761158188898e-07,5.720727663628316,0.027738454001417,-0.11102094869334507,-0.000984040333304489,4.478806956039278,-0.0024820932660346985,-0.008998058746790133,0.5590271550353386
D4-R2_A,6,0.6,0.635,0.035,True,recorded_event,P0,,False,0.5467741936738455,-0.0009925172611655597,-0.0028849953957411495,0.04173971472905151,-0.00319640686332745,-0.00011643094437463475,-0.0007517137806797064,0.005195884396216711,0.0010063869822349858,5.719734965900219,0.02488272636523458,-0.06869153632232552,-0.004095486282574168,4.478690722665096,-0.003225806326154503,-0.004086296828994219,0.5600336480751852
D4-R2_A,6,0.6,0.635,0.035,True,recorded_event,P1a,,False,0.5476215355522477,7.797279267940382e-05,-0.0025831319486656935,0.01973351087021341,-0.0014317280417874834,-0.000683510721185776,9.562809772241951e-05,0.0015365120558385311,-6.410307160997775e-05,5.720805455954064,0.025184589812310035,-0.09069774018116362,-0.002330807461034201,4.478123642888285,-0.002378464447752377,-0.007745669169372399,0.5589631580213402
D4-R2_A,6,0.6,0.635,0.035,True,recorded_event,P1b,,False,0.5479416779984696,7.797279267940382e-05,0.0008314715446188503,0.013735082245550298,-0.0024097018898721068,-0.000683510721185776,0.00041577054394438496,0.004427430836031491,-6.410307160997775e-05,5.720805455954064,0.02859919330559458,-0.09669616880582674,-0.0033087813091188245,4.478123642888285,-0.0020583220015304117,-0.004854750389179439,0.5589631580213402
D4-R2_A,6,0.6,0.635,0.035,True,recorded_event,P2,,False,0.5475170306280219,4.002475506581504e-08,5.808555619272321e-06,-0.0006315395471776092,-9.36081778650788e-05,-1.9398616490917675e-07,-8.876826503336366e-06,0.0003220808020646185,7.66388641437743e-09,5.72072752318614,0.027773530316595,-0.11106279059855464,-0.0009926875971116166,4.478806959623306,-0.002482969371978133,-0.008960100423146312,0.5590272687568366
D4-R2_A,7,0.7000000000000001,0.7350000000000001,0.035,True,recorded_event,A,,False,0.5492855128698607,3.069263518895582e-07,-3.3244754367910134e-05,-0.0007004917869975757,-7.168017890002432e-05,-3.584495900099682e-08,-8.01724053576874e-06,0.000294618323921662,-1.8535759505056149e-07,5.76746872183301,0.05623203212073535,-0.1909542429307053,-0.007045161142322692,5.053290544777881,-0.0007144871301393655,-0.013769934712269486,0.46426916383085476
D4-R2_A,7,0.7000000000000001,0.7350000000000001,0.035,True,recorded_event,P0,,False,0.548511306614091,-0.0007823257059129674,-0.002802873488647474,0.04252891002310208,-0.003272749313792289,-8.829208158722679e-05,-0.0007822234963054637,0.005433331270939132,0.0008112276981693256,5.766686089200745,0.05346240338645578,-0.14772484112060563,-0.010246230277215052,5.053202288541253,-0.0014886933859090605,-0.008631221765252016,0.46508057688661913
D4-R2_A,7,0.7000000000000001,0.7350000000000001,0.035,True,recorded_event,P1a,,False,0.5490811507412164,0.00014822674578596207,-0.002406982417658056,0.018239632696702868,-0.001253399959682877,-0.0005554700088277187,-0.00021237936917996726,0.0016944988142423064,-0.00011932475352960381,5.767616641652444,0.0538582944574452,-0.17201411844700484,-0.00822688092310564,5.052735110614012,-0.000918849258783564,-0.012370054221948841,0.4641500244349202
D4-R2_A,7,0.7000000000000001,0.7350000000000001,0.035,True,recorded_event,P1b,,False,0.5494571100902425,0.00014822674578596207,0.0013717253500981352,0.012650552803090243,-0.0023053820976612904,-0.0005554700088277187,0.00016357997984595574,0.0046426241897854666,-0.00011932475352960381,5.767616641652444,0.05763700222520139,-0.17760319834061747,-0.009278863061084053,5.052735110614012,-0.000542889909757641,-0.009421928846405681,0.4641500244349202
D4-R2_A,7,0.7000000000000001,0.7350000000000001,0.035,True,recorded_event,P2,,False,0.5492845339676317,-8.317069255525666e-08,6.5573274000835235e-06,-0.0007474864603199405,-8.135885941706889e-05,-3.512627344548491e-08,-8.996142764779321e-06,0.0003372500166807877,1.4983295937298635e-07,5.767468331735966,0.05627183420250334,-0.19100123760402765,-0.007054839822839684,5.053290545496567,-0.0007154660323683761,-0.01372730301951036,0.4642694990214092
D4-R2_A,8,0.8,0.8350000000000001,0.035,True,recorded_event,A,,False,0.5491427578705397,3.3900679419218704e-07,5.382435360856697e-06,0.00023128960028800938,1.1186208052293978e-05,-5.017614768121348e-09,1.0585127660185179e-06,-5.284683082638474e-05,-2.0057995886446633e-07,5.805735835273145,0.08268775893887606,-0.1582090176502429,-0.012153404008528428,5.632029526242103,0.0008572421294603138,-0.0076910806094950355,0.3876488627993197
D4-R2_A,8,0.8,0.8350000000000001,0.035,True,recorded_event,P0,,False,0.5490544967392783,-0.0006848104239027819,-0.0003302585562679622,-0.005446899795815058,0.00048193616192504507,-6.950625005597288e-05,8.931964402746301e-05,-0.0007498299601259749,0.0006912396214628913,5.805050685842448,0.08235211794724724,-0.16388720704634596,-0.011682654054655739,5.631960025009662,0.0009455032607217583,-0.008388063738794626,0.38834030300074146
D4-R2_A,8,0.8,0.8350000000000001,0.035,True,recorded_event,P1a,,False,0.5490545365170268,4.414122394891251e-05,0.0041716317774731365,0.0012921989301141745,-0.00014980403808850795,-0.0004533238796442518,8.927986627889556e-05,-0.0003604951315797607,-3.771202638880311e-05,5.8057796374903,0.08685400828098834,-0.15714810832041673,-0.012314394254669292,5.631576207380074,0.0009454634829731909,-0.007998728910248411,0.38761135135288977
D4-R2_A,8,0.8,0.8350000000000001,0.035,True,recorded_event,P1b,,False,0.5490390573210021,4.414122394891251e-05,0.002102344265181369,0.00034046897811709775,7.823110910232245e-05,-0.0004533238796442518,0.0001047590623036289,-0.0006692056452738777,-3.771202638880311e-05,5.8057796374903,0.08478472076869657,-0.1580998382724138,-0.012086359107478462,5.631576207380074,0.0009609426789979242,-0.008307439423942528,0.38761135135288977
D4-R2_A,8,0.8,0.8350000000000001,0.035,True,recorded_event,P2,,False,0.5491426627426405,4.6926142616143807e-07,1.4563942092593596e-06,0.00023579095796771865,1.2128560003432654e-05,-2.7308661998404204e-09,1.1536406652796647e-06,-5.6997357763649906e-05,-3.2545681616369393e-07,5.805735965527777,0.08268383289772446,-0.15820451629256319,-0.012152461656577405,5.632029528528852,0.000857337257359575,-0.007695231136432301,0.3876487379224624
D4-R2_A,9,0.9,0.935,0.035,True,recorded_event,A,,False,0.5483964658639889,-9.630206765365301e-08,7.748946981717131e-07,5.866216254937773e-05,9.16827999297709e-06,-1.491041956569461e-08,8.851366778625525e-07,-3.126062845574054e-05,3.7265739827319067e-08,5.837769806210261,0.0803637658040784,-0.10096156497580563,-0.013242365415129308,6.2142739206721735,0.0016035341360111353,-0.004389679224978868,0.32452171535432134
D4-R2_A,9,0.9,0.935,0.035,True,recorded_event,P0,,False,0.5482947748143109,-0.0005853154378803183,0.0002541844515425301,-0.005453492502640267,0.00036836161223696706,-5.8436594582822465e-05,0.00010257618635584531,-0.0005292593575591913,0.0005761135039339393,5.837184587074448,0.08061717536092276,-0.10647371964099528,-0.012883172082885253,6.21421549898801,0.001705225185689118,-0.004887677954082318,0.32509779159251545
D4-R2_A,9,0.9,0.935,0.035,True,recorded_event,P1a,,False,0.5482585039233556,-4.390759906947039e-05,0.003216962699955833,0.005780589790403051,-0.00041925186576419193,-0.00037767285161027786,0.00013884707731114153,-0.00014925540494846803,3.470566512309148e-05,5.837725994913259,0.08357995360933607,-0.09523963734795196,-0.013670785560886412,6.213896262730983,0.0017414960766444143,-0.004507674001471595,0.3245563837537046
D4-R2_A,9,0.9,0.935,0.035,True,recorded_event,P1b,,False,0.5483215373511551,-4.390759906947039e-05,0.0008833036479427708,0.003080590927909979,-6.748205415885167e-05,-0.00037767285161027786,7.581364951169756e-05,-0.0004409490626920663,3.470566512309148e-05,5.837725994913259,0.081246294557323,-0.09793963621044503,-0.013319015749281071,6.213896262730983,0.0016784626488449703,-0.004799367659215193,0.3245563837537046
D4-R2_A,9,0.9,0.935,0.035,True,recorded_event,P2,,False,0.5483964333264072,-8.313443888852134e-08,-5.809476575080463e-07,6.017459806197112e-05,9.490528526612252e-06,-1.4925982227964596e-08,9.17674259578961e-07,-3.2679242322516955e-05,2.570920099032037e-08,5.83776981937789,0.08036240996172272,-0.10096005254029304,-0.013242043166595701,6.214273920656611,0.0016035666735928517,-0.004391097838845644,0.3245217037977825
D4-R2_A,10,1.0,1.035,0.035,True,recorded_event,A,,False,0.5484267944649904,-3.452268781956036e-08,2.781045719713049e-06,4.6781510787061165e-05,8.444125849216277e-06,-1.4261891223554812e-08,8.169869895923235e-07,-2.76436238053155e-05,2.4581405355661445e-08,5.864701519738307,0.06821467148826399,-0.08771689299307782,-0.012077294164648594,6.7994496196521785,0.0015732055350095604,-0.0042813467566233535,0.27087710126809283
D4-R2_A,10,1.0,1.035,0.035,True,recorded_event,P0,,False,0.5483495609158507,-0.0005016391582719493,0.00033858895707974956,-0.004271387009318853,0.00031935788384584995,-4.9960914208391216e-05,7.805053612933762e-05,-0.000527192028456156,0.0004988784866837292,5.864199915102723,0.06855047939962403,-0.09203506151318373,-0.011766380406652122,6.799399672999861,0.0016504390841493057,-0.004780895161274194,0.2713759551733712
D4-R2_A,10,1.0,1.035,0.035,True,recorded_event,P1a,,False,0.5483394697865294,-1.0023726507490949e-05,-0.0003071481715970076,-0.0010350564134573303,7.263250175126856e-05,-0.00031729669870372845,8.814166545070986e-05,-0.00014355090763829535,7.263054919270928e-06,5.864691530534487,0.06790474227094727,-0.08879873091732221,-0.012013105788746703,6.799132337215366,0.0016605302134706779,-0.004397254040456333,0.27088433974160675
D4-R2_A,10,1.0,1.035,0.035,True,recorded_event,P1b,,False,0.5484052478658411,-1.0023726507490949e-05,-0.0006701105568228394,-0.000713215621228544,0.00020177103823915132,-0.00031729669870372845,2.2363586138928696e-05,-0.00044326757427964273,7.263054919270928e-06,5.864691530534487,0.06754177988572144,-0.08847689012509342,-0.01188396725225882,6.799132337215366,0.0015947521341588967,-0.004696970707097681,0.27088433974160675
D4-R2_A,10,1.0,1.035,0.035,True,recorded_event,P2,,False,0.5484266994589072,3.8401576141211535e-08,-1.2130676032978682e-06,5.113607938543596e-05,9.385660084682002e-06,-1.3102836149414543e-08,9.119930728693042e-07,-3.17834158703777e-05,-4.452615343097932e-08,5.864701592662571,0.06821067737494098,-0.08771253842447944,-0.01207635263041346,6.799449620811234,0.0015733005410928373,-0.004285486548688416,0.27087703216053405
D4-R2_A,11,1.0999999999999979,1.1349999999999978,0.035,True,recorded_event,A,,False,0.5487890103743344,-1.0423848451068807e-08,2.264402931835552e-06,4.0954687066788176e-05,8.37038078049801e-06,-1.0858046906037089e-08,8.141688779569976e-07,-2.692698522064642e-05,9.443671622477723e-09,5.887211295674434,0.05939030380917427,-0.07894451072041173,-0.01077243888993093,7.38708525611124,0.0012109896256656421,-0.003854426904589479,0.2258845766673135
D4-R2_A,11,1.0999999999999979,1.1349999999999978,0.035,True,recorded_event,P0,,False,0.5487106546286346,-0.00042027045198800295,0.0003494841694764786,-0.004363283076731603,0.0003159859835699663,-4.182982489187026e-05,7.916991457782279e-05,-0.0005084309706708543,0.00041890459550320003,5.8867910356462945,0.05973752357571891,-0.08334874848421012,-0.010464823287141378,7.387043437144395,0.001289345371365508,-0.004335930890039687,0.2263034718191451
D4-R2_A,11,1.0999999999999979,1.1349999999999978,0.035,True,recorded_event,P1a,,False,0.548748548300195,-3.494048679719697e-06,-0.00021077040671337727,-0.001554292850273406,0.00011091519410610928,-0.00026589542216104434,4.127624301736581e-05,-0.00013339031876736553,2.128192194916778e-06,5.887207812049603,0.059177268999529055,-0.08053975825775192,-0.010669894076605235,7.3868193715471255,0.001251451699805051,-0.003960890238136198,0.2258866954158368
D4-R2_A,11,1.0999999999999979,1.1349999999999978,0.035,True,recorded_event,P1b,,False,0.5488035491178599,-3.494048679719697e-06,-0.0005367035569220358,-0.0011170194494276725,0.00022725814385315957,-0.00026589542216104434,-1.3724574647563806e-05,-0.00043174520518019736,2.128192194916778e-06,5.887207812049603,0.058851335849320396,-0.08010248485690619,-0.010553551126858185,7.3868193715471255,0.0011964508821401213,-0.00425924512454903,0.2258866954158368
D4-R2_A,11,1.0999999999999979,1.1349999999999978,0.035,True,recorded_event,P2,,False,0.5487889306727028,4.614007931280639e-08,-1.1102286550032647e-06,4.456395192888041e-05,9.160470113567243e-06,-9.901023112490748e-09,8.938705094644998e-07,-3.039791330894945e-05,-4.431356082079674e-08,5.887211352238362,0.05938692917758743,-0.07894090145554963,-0.010771648800597984,7.3870852570682635,0.0012110693272971496,-0.003857897832677782,0.22588452291008107
D4-R2_A,12,1.1999999999999957,1.2349999999999957,0.035,True,recorded_event,A,,False,0.5491803251034473,-4.5097241496705465e-09,2.1284651626693463e-06,3.879051578054016e-05,8.27085013810347e-06,-7.439923344065846e-09,8.074069387154935e-07,-2.6465490072650685e-05,5.617096121568466e-09,5.905997746291511,0.05277097935544458,-0.07075728381256005,-0.009528321516990203,7.9767794778230545,0.0008196748965527345,-0.0033995969590250295,0.18828996366700237
D4-R2_A,12,1.1999999999999957,1.2349999999999957,0.035,True,recorded_event,P0,,False,0.5491025570401756,-0.00035150428743069284,0.00035496774473735976,-0.004341136258666459,0.0003113410759953972,-3.4872495158211336e-05,7.857547021044859e-05,-0.0004983187092817199,0.0003505815282291991,5.905646246513805,0.05312381863501927,-0.07513721058700705,-0.009225251291133052,7.97674461276782,0.0008974429598244675,-0.0038714501782340987,0.18864053957813545
D4-R2_A,12,1.1999999999999957,1.2349999999999957,0.035,True,recorded_event,P1a,,False,0.5491608921622855,-1.770577172877097e-06,-3.604044902431186e-05,-0.0016072721193468448,0.00011411945540018564,-0.00022211091595902843,2.0240348100575094e-05,-0.0001292036207692429,8.478179713833356e-07,5.905995980224063,0.0527328104412576,-0.07240334644768744,-0.009422472911728264,7.976557374347019,0.000839107837714594,-0.0035023350897216217,0.18829080586787764
D4-R2_A,12,1.1999999999999957,1.2349999999999957,0.035,True,recorded_event,P1b,,False,0.5492093026429041,-1.770577172877097e-06,-0.0003935254045206518,-0.0011689580622311624,0.00022780952056811188,-0.00022211091595902843,-2.8170132518139904e-05,-0.00042568956234643584,8.478179713833356e-07,5.905995980224063,0.05237532548576126,-0.07196503239057175,-0.009308782846560337,7.976557374347019,0.000790697357095879,-0.0037988210312988146,0.18829080586787764
D4-R2_A,12,1.1999999999999957,1.2349999999999957,0.035,True,recorded_event,P2,,False,0.5491802496782321,4.35732108172715e-08,-1.0840317061847071e-06,4.217352148412623e-05,9.01873557790367e-06,-6.6242611396205575e-09,8.828321539005929e-07,-2.9749061656981525e-05,-4.010117926611656e-08,5.905997794374446,0.052767766858575725,-0.07075390080685647,-0.00952757363155067,7.976779478638717,0.0008197503217679195,-0.0034028805306093603,0.188289917948727
D4-R2_A,13,1.2999999999999936,1.3349999999999935,0.035,True,recorded_event,A,,False,0.5494820127667001,-2.60904720050803e-09,2.15309636907024e-06,3.9854303186787066e-05,8.191248817901453e-06,-4.840309486553451e-09,8.015927082256338e-07,-2.636593163109083e-05,4.2047352266649796e-09,5.921685756596276,0.04720137064660373,-0.06273116584937621,-0.008374310860889245,8.568192924122114,0.0005179872333000001,-0.0029556261625693935,0.15709145408779793
D4-R2_A,13,1.2999999999999936,1.3349999999999935,0.035,True,recorded_event,P0,,False,0.5494049283549518,-0.00029214848498426704,0.0003528598237022146,-0.004296084227201846,0.00030806856848375475,-2.8879856259322878e-05,7.788600445646741e-05,-0.0004940011306482513,0.0002913823770853696,5.921393610720339,0.04755207737393687,-0.06706710437976485,-0.008074433541223502,8.568164049106164,0.0005950716450482419,-0.003423261361586554,0.15738283226014807
D4-R2_A,13,1.2999999999999936,1.3349999999999935,0.035,True,recorded_event,P1a,,False,0.5494688335458363,-1.4534621666228986e-06,5.185519009295869e-05,-0.0016278390626783407,0.00011426777715373149,-0.00018539363382252816,1.3980813571916242e-05,-0.0001295295357622182,6.873542677254818e-07,5.921684305743157,0.04725107274032762,-0.06439885921524134,-0.008268234332553526,8.5680075353286,0.0005311664541636907,-0.003058789766700521,0.15709213723733043
D4-R2_A,13,1.2999999999999936,1.3349999999999935,0.035,True,recorded_event,P1b,,False,0.5495139504030916,-1.4534621666228986e-06,-0.0003191925671039153,-0.0011830147212165132,0.00022571864512244133,-0.00018539363382252816,-3.1136043683298374e-05,-0.0004236583753087701,6.873542677254818e-07,5.921684305743157,0.04688002498313074,-0.06395403487377951,-0.008156783464584816,8.5680075353286,0.0004860495969084761,-0.003352918606247073,0.15709213723733043
D4-R2_A,13,1.2999999999999936,1.3349999999999935,0.035,True,recorded_event,P2,,False,0.5494819374426352,3.9840255539047575e-08,-1.0708685624361003e-06,4.3206496116846016e-05,8.938291969240453e-06,-4.136271769539235e-09,8.769167731019012e-07,-2.964433005838178e-05,-3.613904375754373e-08,5.921685799045579,0.04719814668167222,-0.06272781365644615,-0.008373563817738114,8.568192924826151,0.0005180625573648764,-0.0029589045609966845,0.15709141374401894
D4-R2_A,14,1.3999999999999915,1.4349999999999914,0.035,True,recorded_event,A,,False,0.5496699223308744,-2.3095312329246553e-09,2.187586990512469e-06,4.1395911156587306e-05,8.122285161338283e-06,-3.2140565764393614e-09,7.963334380660684e-07,-2.634572729533647e-05,3.643354951066158e-09,5.934782074154184,0.042042838504063845,-0.0545191339065984,-0.007301571843210415,9.16104142851542,0.0003300776691256133,-0.002506789231316085,0.13096462741800635
D4-R2_A,14,1.3999999999999915,1.4349999999999914,0.035,True,recorded_event,P0,,False,0.5495933577320578,-0.0002449746129844499,0.00034833362822581093,-0.004256036717364235,0.0003055071068032156,-2.4148171075211167e-05,7.7360932254762e-05,-0.0004908957003377009,0.0002442606436021677,5.934537101850731,0.042388984545299144,-0.05881656653511922,-0.007004187021568686,9.161017283558401,0.0004066422679423092,-0.0029713392043584494,0.13120888441825357
D4-R2_A,14,1.3999999999999915,1.4349999999999914,0.035,True,recorded_event,P1a,,False,0.5496564356910852,-1.592000288930251e-06,0.00010389162192219609,-0.0015975342634238568,0.00011079985660833458,-0.00015468564427401077,1.4282973227243325e-05,-0.00013057648548282915,8.78030906648064e-07,5.934780484463427,0.04214454253899553,-0.05615806408117884,-0.007198894271763567,9.160886746085202,0.00034356430891479054,-0.0026110199895035776,0.13096550180555805
D4-R2_A,14,1.3999999999999915,1.4349999999999914,0.035,True,recorded_event,P1b,,False,0.5497001393421522,-1.592000288930251e-06,-0.00028033710814608787,-0.0011637881900238636,0.0002216208228480454,-0.00015468564427401077,-2.9420677839726568e-05,-0.0004220089022710697,8.78030906648064e-07,5.934780484463427,0.041760313808927245,-0.05572431800777885,-0.0070880733055238565,9.160886746085202,0.00029986065784782064,-0.002902452406291818,0.13096550180555805
D4-R2_A,14,1.3999999999999915,1.4349999999999914,0.035,True,recorded_event,P2,,False,0.5496698467069597,3.5081128224589975e-08,-1.0624435919093234e-06,4.473953218109977e-05,8.872438279183825e-06,-2.6110722473049464e-09,8.719573527336539e-07,-2.963653572959652e-05,-3.188243269391933e-08,5.934782111544844,0.042039588473481423,-0.054515790285573885,-0.0073008216900929184,9.161041429118404,0.00033015329304028087,-0.002510080039750345,0.1309645918922187
D4-R2_A,15,1.4999999999999893,1.5349999999999893,0.035,True,recorded_event,A,,False,0.5497594226628353,-2.1843273856347878e-09,2.2381349963351838e-06,4.3073690130207565e-05,8.06050693391569e-06,-2.3990640585225265e-09,7.914043331840807e-07,-2.6354449345901334e-05,3.2486244805340903e-09,5.945714007902889,0.036972947693444655,-0.046223584360646816,-0.006292368120893584,9.755087062615305,0.0002405773371647265,-0.0020629130080511583,0.10912509942671214
D4-R2_A,15,1.4999999999999893,1.5349999999999893,0.035,True,recorded_event,P0,,False,0.5496833995717954,-0.00020500931524658483,0.0003432053883370423,-0.004214317801756136,0.00030322423909723284,-2.0178129128467504e-05,7.681449537320638e-05,-0.0004886538128840729,0.00020434589118512037,5.9455090007719695,0.03731391494678536,-0.05048097585253316,-0.005997204388730193,9.75506688688524,0.0003166004282047488,-0.00252521237158933,0.10932944206927278
D4-R2_A,15,1.4999999999999893,1.5349999999999893,0.035,True,recorded_event,P1a,,False,0.5497431929781429,-1.681119602636727e-06,0.00012000007084158465,-0.0015845724829042854,0.00010866677676268921,-0.00012904280015213487,1.7021089025557012e-05,-0.00013195030034495684,1.0176955411722588e-06,5.9457123289676135,0.037090709629289904,-0.04785123053368131,-0.0061917618510647365,9.754958022214216,0.0002568070218570994,-0.0021685088590502138,0.10912611387362883
D4-R2_A,15,1.4999999999999893,1.5349999999999893,0.035,True,recorded_event,P1b,,False,0.5497863332150547,-1.681119602636727e-06,-0.0002660916420343454,-0.0011521099058262388,0.00021837804574520447,-0.00012904280015213487,-2.6119147886125097e-05,-0.00042077158089727723,1.0176955411722588e-06,5.9457123289676135,0.036704617916413974,-0.04741876795660326,-0.006082050582082221,9.754958022214216,0.0002136667849454173,-0.002457330139602534,0.10912611387362883
D4-R2_A,15,1.4999999999999893,1.5349999999999893,0.035,True,recorded_event,P2,,False,0.5497593462047824,3.062578102230873e-08,-1.0589085190221281e-06,4.64355972292288e-05,8.81904847505055e-06,-1.883410760683546e-09,8.678623861216241e-07,-2.9680974856403312e-05,-2.7927749002287783e-08,5.945714040712997,0.0369696506499293,-0.046220222453547795,-0.00629160957935227,9.755087063130958,0.00024065379521766403,-0.0020662395335616602,0.10912506825033866
D4-R2_A,16,1.5999999999999872,1.6349999999999871,0.035,True,recorded_event,A,,False,0.549777424064558,-2.197554138660962e-09,2.2448162768085034e-06,4.378156853342141e-05,8.003381315901947e-06,-2.1620412127276722e-09,7.867931453545314e-07,-2.628381631407362e-05,2.912640795216248e-09,5.954834594355774,0.03184200323803893,-0.03768066683836596,-0.00532326660370633,10.350131130260397,0.00022257593544210014,-0.001611433537263932,0.09081895210688146
D4-R2_A,16,1.5999999999999872,1.6349999999999871,0.035,True,recorded_event,P0,,False,0.5497018430285906,-0.0001719433230933376,0.0003396105567259472,-0.004183098015510006,0.0003010259808284843,-1.6926951721174532e-05,7.636782911272879e-05,-0.0004855595838526448,0.00017134034615384763,5.954662653230235,0.03217936897848807,-0.04190754642240939,-0.005030244004193829,10.350114205470717,0.0002981569714094744,-0.002070709304802503,0.09099028954039451
D4-R2_A,16,1.5999999999999872,1.6349999999999871,0.035,True,recorded_event,P1a,,False,0.5497582885875735,-1.672190944823626e-06,0.00013427408215719444,-0.0015397780493959443,0.0001046548527536828,-0.00010762867376534757,1.9922270129825562e-05,-0.00013216396100015231,1.069214005333663e-06,5.954832924362384,0.031974032503919315,-0.03926422645629533,-0.0052266151322686305,10.350023503748673,0.00024171141242657117,-0.0017173136819500106,0.090820018408246
D4-R2_A,16,1.5999999999999872,1.6349999999999871,0.035,True,recorded_event,P1b,,False,0.5498013501210911,-1.672190944823626e-06,-0.0002587226256654529,-0.0011235816069528892,0.00021445829225275048,-0.00010762867376534757,-2.313926338785185e-05,-0.0004185045447280555,1.069214005333663e-06,5.954832924362384,0.03158103579609667,-0.03884803001385227,-0.005116811692769563,10.350023503748673,0.00019864987890889376,-0.002003654265677914,0.090820018408246
D4-R2_A,16,1.5999999999999872,1.6349999999999871,0.035,True,recorded_event,P2,,False,0.5497773477019208,2.5833721828405487e-08,-1.0574191856571602e-06,4.712360854137315e-05,8.76107058589426e-06,-1.7293171339360924e-09,8.631557825682773e-07,-2.9605660737397127e-05,-2.374499885604564e-08,5.95483462238705,0.031838701002576464,-0.03767732479835801,-0.0053225089144362005,10.350131130693121,0.00022265229807931389,-0.0016147553816872554,0.0908189254492418
D4-R2_A,17,1.699999999999985,1.734999999999985,0.035,True,recorded_event,A,,False,0.5497458007506262,-2.2279822431414686e-09,2.1738136096564886e-06,4.25510568290155e-05,7.94455719077547e-06,-2.3195543263909713e-09,7.820610916222737e-07,-2.602419038052876e-05,2.5834356875975573e-09,5.962429974816817,0.026527629921407548,-0.028701451121884103,-0.004352977207653974,10.946007134510733,0.0002541992493738707,-0.0011422571444600041,0.07537866728161378
D4-R2_A,17,1.699999999999985,1.734999999999985,0.035,True,recorded_event,P0,,False,0.5496706129108841,-0.00014497699126181374,0.0003397197426981344,-0.004164876600627865,0.00029849252278069116,-1.4304937836939757e-05,7.596990083360021e-05,-0.0004803212073242597,0.00014446050574701275,5.962285000053537,0.026865175850496026,-0.03290887877934098,-0.004062429242063903,10.94599283189245,0.00032938708911584865,-0.001596554161403735,0.07552312520392511
D4-R2_A,17,1.699999999999985,1.734999999999985,0.035,True,recorded_event,P1a,,False,0.5497251507307387,-1.4893612636512898e-06,0.00015215909427591587,-0.0014542343879483596,9.839899591046475e-05,-8.965180794362482e-05,2.1432080979075165e-05,-0.00012999440233178944,9.728757488502993e-07,5.962428487683535,0.026677615202073807,-0.030198236566661478,-0.004262522768934129,10.945917485022344,0.0002748492692613236,-0.0012462273564112648,0.07537963757392695
D4-R2_A,17,1.699999999999985,1.734999999999985,0.035,True,recorded_event,P1b,,False,0.5497685081245595,-1.4893612636512898e-06,-0.0002552898119329329,-0.0010743053306886269,0.0002098044381519948,-8.965180794362482e-05,-2.1925312841613838e-05,-0.0004140712930642465,9.728757488502993e-07,5.962428487683535,0.02627016629586496,-0.029818307509401745,-0.004151117326692599,10.945917485022344,0.0002314918754406346,-0.0015303042471437218,0.07537963757392695
D4-R2_A,17,1.699999999999985,1.734999999999985,0.035,True,recorded_event,P2,,False,0.5497457261524598,2.069662841108766e-08,-1.059702287295461e-06,4.5802939777052354e-05,8.684815532955525e-06,-1.9681625218481713e-09,8.566592580860357e-07,-2.926881333017127e-05,-1.9263879380559956e-08,5.9624299977414275,0.026524396405510596,-0.028698199238936066,-0.004352236949311655,10.946007134862125,0.0002542738475403345,-0.0011455017674096466,0.07537864543429872
D4-R2_A,18,1.799999999999983,1.8349999999999829,0.035,True,recorded_event,A,,False,0.5496695705744673,1.0474821010575397e-08,2.0185598397226556e-06,3.8998519828241374e-05,7.878711212327971e-06,-2.760305761739801e-09,7.76661592306405e-07,-2.5515452974920203e-05,-4.144204979183996e-09,5.96754511310669,0.020940251969984537,-0.019232429724933674,-0.0033305028583156667,11.542521227689635,0.0003304294255327522,-0.0006514200447804935,0.04909036523373946
D4-R2_A,18,1.799999999999983,1.8349999999999829,0.035,True,recorded_event,P0,,False,0.5495947645459749,-0.00024272206448650024,0.0003442791611019784,-0.004156383510283135,0.0002953034391799392,-2.412942233576132e-05,7.558269008475419e-05,-0.0004722649047252251,0.0002429481265977529,5.967302380567382,0.021282512571246793,-0.02342781175504505,-0.003043078130347876,11.542497101027605,0.00040523545402519997,-0.0010981694965307984,0.049333317504542194
D4-R2_A,18,1.799999999999983,1.8349999999999829,0.035,True,recorded_event,P1a,,False,0.5496498966991272,3.2911674843205674e-06,0.00016905088021821127,-0.0013485586548104556,9.141604440809914e-05,-6.38601933662386e-05,2.045053693241843e-05,-0.00012497213737387388,-3.0651053730679223e-06,5.967548393799353,0.021107284290363026,-0.02061998689957237,-0.003246965525119716,11.542457370256574,0.0003501033008728642,-0.0007508767291794472,0.04908730427257137
D4-R2_A,18,1.799999999999983,1.8349999999999829,0.035,True,recorded_event,P1b,,False,0.5496937089971496,3.2911674843205674e-06,-0.0002557066735583459,-0.0010164955758744584,0.00020525900944878828,-6.38601933662386e-05,-2.336176109005248e-05,-0.00040698506719434265,-3.0651053730679223e-06,5.967548393799353,0.02068252673658647,-0.020287923820636374,-0.003133122560079027,11.542457370256574,0.0003062910028503933,-0.001032889658999916,0.04908730427257137
D4-R2_A,18,1.799999999999983,1.8349999999999829,0.035,True,recorded_event,P2,,False,0.5496694995340684,3.4337262810879565e-08,-1.066790525243444e-06,4.208239689047072e-05,8.583781569981852e-06,-2.3161863538234684e-09,8.477019912216089e-07,-2.8604136143919163e-05,-2.7278866276958524e-08,5.9675451369691315,0.02093716661961957,-0.019229345847871445,-0.0033297977879579096,11.542521228133754,0.0003305004659316674,-0.0006545087279494925,0.049090342099078164
D4-R2_A,19,1.8999999999999808,1.9349999999999807,0.035,True,recorded_event,A,,False,0.5495303838330812,4.18799430690342e-08,1.7875443145062841e-06,3.32035179267335e-05,7.800216306197427e-06,-3.5855709512588874e-09,7.697286205945965e-07,-2.4735474344929126e-05,-2.0273717815655345e-08,5.967336408466035,0.015045365299607661,-0.009348069593427526,-0.002208991050444376,12.13929236417714,0.00046961616691888443,-0.00014352629513281277,-0.00749147943345994
D4-R2_A,19,1.8999999999999808,1.9349999999999807,0.035,True,recorded_event,P0,,False,0.5494560664485064,-0.000517252450481287,0.00035299364292554376,-0.004152563205598087,0.0002913319496555822,-5.1598862158996894e-05,7.508711319535207e-05,-0.0004610690628325803,0.0005191589595598955,5.96681911413561,0.015396571398218699,-0.013533836316952347,-0.0019254593170949796,12.139240768900551,0.0005439335514936419,-0.000579859883620464,-0.006972300200182229
D4-R2_A,19,1.8999999999999808,1.9349999999999807,0.035,True,recorded_event,P1a,,False,0.549514529499406,1.464630909442377e-05,0.00018126106272501642,-0.0012440125252008195,8.507552643877148e-05,-1.003424223000593e-05,1.66240622957054e-05,-0.00011716698585780136,-1.2739800015815206e-05,5.967351012895186,0.015224838818018172,-0.01062528563655508,-0.0021317157403117903,12.13928233352048,0.00048547050059399524,-0.000235957806645685,-0.00750419895975794
D4-R2_A,19,1.8999999999999808,1.9349999999999807,0.035,True,recorded_event,P1b,,False,0.5495587388476797,1.464630909442377e-05,-0.0002587997876678464,-0.0009624580653543394,0.00020143533077598974,-1.003424223000593e-05,-2.758528597789523e-05,-0.00039705321958382624,-1.2739800015815206e-05,5.967351012895186,0.014784777967625309,-0.0103437311767086,-0.002015355935974572,12.13928233352048,0.0004412611523203946,-0.0005158440403717099,-0.00750419895975794
D4-R2_A,19,1.8999999999999808,1.9349999999999807,0.035,True,recorded_event,P2,,False,0.5495303179632907,7.58048654958543e-08,-1.076872574836199e-06,3.604724295635381e-05,8.454163031856865e-06,-2.7960354032074974e-09,8.355984110752237e-07,-2.7596234072472733e-05,-5.386363177706244e-08,5.967336442390957,0.015042500882718319,-0.009345225868397906,-0.0022083371037188194,12.139292364966675,0.00046968203670936506,-0.00014638705486035638,-0.007491513023373902
D4-R2_B,1,0.1,0.117,0.017,False,reconstructed_rk4,A,,False,0.4591438527975764,-0.0003678661981236786,0.0007396687039140093,0.01549591650095028,8.910392813277213e-05,-6.375980454276231e-06,8.108133828940711e-06,0.009999999999999995,0.0003578703238567016,5.330699942964078,-0.2922876747824905,0.8841054121924911,0.09925812086665677,1.6146284647385483,-0.09085614720242365,0.04002749593494997,0.8861528395341879
D4-R2_B,1,0.1,0.117,0.017,False,reconstructed_rk4,P0,,False,0.45857577778944913,0.0025642760326753944,0.02852843338117128,-0.06609392958538207,-0.010644102546874201,0.00032751685910126227,-0.000559966874298351,0.0050000000000000044,-0.0017219657636040608,5.333632085194877,-0.26449891010523324,0.8025155661061587,0.08852491439165,1.6149623575781038,-0.09142422221055094,0.03502749593494998,0.8840730034467271
D4-R2_B,1,0.1,0.117,0.017,False,reconstructed_rk4,P1a,,False,0.4590745101075888,0.0023536676421080927,0.027125248006614366,-0.08502082439947078,-0.007857926476744215,0.00058458982571441,-6.123455615865414e-05,0.0050000000000000044,-0.001511357373036759,5.333421476804309,-0.26590209547979016,0.78358867129207,0.09131109046177999,1.615219430544717,-0.09092548989241124,0.03502749593494998,0.8842836118372944
D4-R2_B,1,0.1,0.117,0.017,False,reconstructed_rk4,P1b,,False,0.459286918505765,0.0023536676421080927,0.027982248650314345,-0.10086342022073591,-0.008341576718401633,0.00058458982571441,0.00015117384201754347,0.0050000000000000044,-0.001511357373036759,5.333421476804309,-0.2650450948360902,0.7677460754708049,0.09082744022012257,1.615219430544717,-0.09071308149423504,0.03502749593494998,0.8842836118372944
D4-R2_B,1,0.1,0.117,0.017,False,reconstructed_rk4,P2,,False,0.4591326551754308,1.2958680402519462e-05,-0.0001591851277152334,-0.0032676499347032983,-4.8549012231724475e-05,-2.0269066802747204e-06,-3.0894883166765474e-06,0.0050000000000000044,0.0,5.331080767842604,-0.29318652861411976,0.8653418457568375,0.0991204679262925,1.6146328138123223,-0.09086734482456926,0.03502749593494998,0.8857949692103312
D4-R2_B,2,0.2,0.23500000000000001,0.035,False,recorded_event,A,,False,0.49207607662903463,-0.0006221639141390511,0.00016074764542436948,0.039425408253854155,0.0006365040780029751,-1.5674302682455732e-05,5.84822613987207e-05,-0.00046775870367538053,0.0005773214675768301,5.426707441610505,-0.23606022317063158,-0.31003606874551926,0.09606703145044844,2.2461154485682564,-0.057923923370965434,-0.030440262768725385,0.8481492152540699
D4-R2_B,2,0.2,0.23500000000000001,0.035,False,recorded_event,P0,,False,0.48856602416155953,0.0025676246655059742,0.023422518365938033,0.2900345492045266,-0.010791305089451697,0.0007583390391507905,-0.0034515702060763653,-0.0050000000000000044,-0.002944134457755432,5.42989723019015,-0.21279845245011791,-0.05942692779484683,0.08463922228299392,2.2468894619100896,-0.06143397583844052,-0.03497250406505001,0.8446277593287377
D4-R2_B,2,0.2,0.23500000000000001,0.035,False,recorded_event,P1a,,False,0.4905547269042205,-0.004093830831765288,-0.04215876043622227,0.21796412503070178,0.00940424352456981,4.560227050109944e-05,-0.001462867463415396,-0.01846184920810967,0.0037173210395158307,5.423235774692879,-0.2783797312522782,-0.13149735196867163,0.10483477089701543,2.24617672514144,-0.05944527309577955,-0.048434353273159675,0.8512892148260089
D4-R2_B,2,0.2,0.23500000000000001,0.035,False,recorded_event,P1b,,False,0.49193560356314475,-0.004093830831765288,-0.011914953160231168,0.06411612254764315,0.002851101774502318,4.560227050109944e-05,-8.199080449115825e-05,-0.0050000000000000044,0.0037173210395158307,5.423235774692879,-0.24813592397628711,-0.28534535445173026,0.09828162914694794,2.24617672514144,-0.05806439643685531,-0.03497250406505001,0.8512892148260089
D4-R2_B,2,0.2,0.23500000000000001,0.035,False,recorded_event,P2,,False,0.4920177525036455,-0.00045497954487583314,0.00014280865885132887,0.005696577546334292,7.4655868216311205e-06,-9.810552852762555e-06,1.5813600961339658e-07,-0.0050000000000000044,0.0004487238136556826,5.426874625979768,-0.23607816215720462,-0.3437648994530391,0.09543799295926726,2.246121312318086,-0.05798224749635454,-0.03497250406505001,0.8480206176001488
D4-R2_B,3,0.3,0.33499999999999996,0.035,True,recorded_event,A,,False,0.5179692858807584,7.673224651227883e-07,-0.0002830744963223525,-0.0014327821932824808,-2.8451389712635944e-05,-2.508297721526276e-06,-1.6786903390755836e-06,0.000251025513413208,8.051310045331661e-07,5.516447833460684,-0.02542042151279185,-0.11162145403891562,0.04487397073603866,2.7917356532357402,-0.032030714119241625,-0.004846285663689661,0.8609311353463479
D4-R2_B,3,0.3,0.33499999999999996,0.035,True,recorded_event,P0,,False,0.5181031949246874,-0.0006826276200087023,-0.009924984251306362,-0.008940261099236846,-0.00019259227689927272,-0.00022982904997270737,0.00013223035358991136,0.0030047541497502644,0.0008087275999208998,5.51576443851821,-0.03506233126777586,-0.11912893294486998,0.04470982984885197,2.791508332483489,-0.03189680507531264,-0.0020925570273526047,0.8617390578152643
D4-R2_B,3,0.3,0.33499999999999996,0.035,True,recorded_event,P1a,,False,0.5186906234073673,0.0008167313617040151,0.03575119164638342,0.02773602519994023,-0.005134013818026251,-0.0011834563085715288,0.000719658836269739,0.005631570024188224,-0.0006906313817918175,5.517263797499923,0.010613844629913924,-0.0824526466456929,0.03976840830772499,2.7905547052248902,-0.03130937659263281,0.0005342588470853551,0.8602396988335516
D4-R2_B,3,0.3,0.33499999999999996,0.035,True,recorded_event,P1b,,False,0.5191642668271513,0.0008167313617040151,0.01915417606148384,0.025583409909146135,-0.0038214515298964358,-0.0011834563085715288,0.0011933022560538693,0.003586165117664705,-0.0006906313817918175,5.517263797499923,-0.005983170954985656,-0.084605261936487,0.041080970595854804,2.7905547052248902,-0.03083573317284868,-0.0015111460594381641,0.8602396988335516
D4-R2_B,3,0.3,0.33499999999999996,0.035,True,recorded_event,P2,,False,0.5179563878458366,6.7062099793346874e-06,0.00018096122292104305,-0.00248327720502442,-0.00015740225098470617,-1.8541628930002219e-06,-1.4576725260867507e-05,0.0008920064512153037,-5.193076753506887e-06,5.516453772348198,-0.024956385793548454,-0.11267194905065755,0.04474501987476647,2.7917363073705688,-0.03204361215416342,-0.004205304725887565,0.8609251371385899
D4-R2_B,4,0.4,0.43500000000000005,0.035,True,recorded_event,A,,False,0.5351973247119817,1.6053341145294553e-07,-9.423544371771342e-06,-2.94535951467223e-06,-7.37276372881901e-05,-1.1399576296255987e-06,-6.8069295990052375e-06,0.00019437345876173982,-8.659883743433738e-08,5.5955125221520525,0.009034322094350091,-0.03731916564448906,0.020539259946803806,3.3466767505219153,-0.014802675288018397,-0.0019254070408380643,0.7824594941082138
D4-R2_B,4,0.4,0.43500000000000005,0.035,True,recorded_event,P0,,False,0.534596224171398,-0.0007020103972177338,-0.003510086414562761,0.03694094888977402,-0.002608978595588951,-0.00014434468508284226,-0.0006079074701827031,0.00397440819614978,0.0007092630559526469,5.594810351221423,0.005533659224159102,-0.0003752713952003676,0.018004008988503184,3.346533545794462,-0.015403775828602095,0.0018546276965499759,0.7831688437630039
D4-R2_B,4,0.4,0.43500000000000005,0.035,True,recorded_event,P1a,,False,0.53611198150566,4.9513550646196336e-05,0.0061799465843036215,0.03316065935978817,-0.002565173737949955,-0.0010295705775176245,0.0009078498640793242,0.000731172455865293,-4.226089191128324e-05,5.595561875169287,0.015223692223025484,-0.00415556092518622,0.01804781384614218,3.3456483199020273,-0.013888018494340067,-0.0013886080437345112,0.78241731981514
D4-R2_B,4,0.4,0.43500000000000005,0.035,True,recorded_event,P1b,,False,0.536383479181271,4.9513550646196336e-05,0.00465123045863125,0.02234540055003074,-0.002986345511672983,-0.0010295705775176245,0.0011793475396904129,0.003319322178536343,-4.226089191128324e-05,5.595561875169287,0.013694976097353113,-0.014970819734943647,0.017626642072419152,3.3456483199020273,-0.013616520818728979,0.0011995416789365386,0.78241731981514
D4-R2_B,4,0.4,0.43500000000000005,0.035,True,recorded_event,P2,,False,0.5351968403788303,1.9236031878477888e-07,9.168973133666034e-06,-2.675968959316155e-05,-7.84952983434728e-05,-1.1276484426225863e-06,-7.291262750383498e-06,0.00021523030382914962,-1.2356404255342568e-07,5.59551255397896,0.009052914611855528,-0.03734297997456755,0.02053449228574864,3.3466767628311023,-0.014803159621169775,-0.0019045501957706545,0.7824594571430087
D4-R2_B,5,0.5,0.535,0.035,True,recorded_event,A,,False,0.5439091241943539,1.2843732033473998e-07,-2.1154751094265567e-05,-0.0003655950992514645,-8.099167494002302e-05,-4.870623206976177e-07,-7.560514747303147e-06,0.00025011061275459663,-7.314026806426455e-08,5.6638115215728595,0.014339517921733253,-0.05160174247012379,0.007239875250410826,3.9095227459396735,-0.0060908758056461695,-0.004716300086096807,0.6724405702600164
D4-R2_B,5,0.5,0.535,0.035,True,recorded_event,P0,,False,0.5432229197999648,-0.0009799432394856922,-0.00308216155861085,0.03994564095452315,-0.0029780844814517593,-0.00013270278293653348,-0.0006937649091363803,0.0047169645123211965,0.0009873075556514621,5.6628314498960535,0.011278511114216669,-0.011290506416349178,0.004342782443899296,3.9093905302190577,-0.006777080200035247,-0.0002494461865302073,0.6734279509559359
D4-R2_B,5,0.5,0.535,0.035,True,recorded_event,P1a,,False,0.5444362265079543,4.7674252789953186e-05,-0.0009265688215945884,0.023935175862068593,-0.001798034976788987,-0.0008422467843218762,0.0005195417988531105,0.0012234675138633995,-4.030993662418325e-05,5.663859067388329,0.01343410385123293,-0.027300971508803736,0.005522831948562068,3.9086809862176723,-0.005563773492045756,-0.0037429431849880044,0.6724003334636602
D4-R2_B,5,0.5,0.535,0.035,True,recorded_event,P1b,,False,0.5446970556991682,4.7674252789953186e-05,0.0011381207353535708,0.016501838567560635,-0.0025895501779804597,-0.0008422467843218762,0.0007803709900669788,0.0039984267953086395,-4.030993662418325e-05,5.663859067388329,0.01549879340818109,-0.03473430880331169,0.004731316747370595,3.9086809862176723,-0.005302944300831888,-0.0009679839035427646,0.6724003334636602
D4-R2_B,5,0.5,0.535,0.035,True,recorded_event,P2,,False,0.5439084272871997,9.51513152713801e-08,6.213944267667235e-06,-0.0003992851622507815,-8.786022171447527e-05,-4.795367876120338e-07,-8.25742190154171e-06,0.00028020127035864595,-5.0104537407946736e-08,5.663811488286854,0.014366886617095186,-0.05163543253312311,0.007233006703636794,3.9095227534652066,-0.006091572712800408,-0.004686209428492758,0.672440593295747
D4-R2_B,6,0.6,0.635,0.035,True,recorded_event,A,,False,0.5475719363435706,1.7986718781060063e-07,-2.9289507841638585e-05,-0.0005900628645556516,-8.496137117486313e-05,-1.9318676791613143e-07,-8.00066758557599e-06,0.0002841538513695639,-1.0589408194761063e-07,5.7206913723026895,0.027944826695877733,-0.11090265147083271,-0.00102670110515181,4.478787329826549,-0.0024280636564294137,-0.008977108669813993,0.5591023994408579
D4-R2_B,6,0.6,0.635,0.035,True,recorded_event,P0,,False,0.5468268028957836,-0.0009922145440910413,-0.002889594776047926,0.04177059173314225,-0.00319708272768926,-0.00011616839920858268,-0.0007531341153726159,0.005196093550203333,0.0010060864544128023,5.719698977891411,0.025084521427671445,-0.06854199687313481,-0.004138822461666081,4.478671354614108,-0.0031731971042164536,-0.004065168970980224,0.5601085917893527
D4-R2_B,6,0.6,0.635,0.035,True,recorded_event,P1a,,False,0.5476771985037463,7.806023978762511e-05,-0.0025508525986292566,0.019837559039863464,-0.0014390061961684353,-0.0006834437388461012,9.726149259005074e-05,0.001537021133660661,-6.418832946586406e-05,5.720769252675289,0.025423263605090115,-0.0904750295664136,-0.002380745930145256,4.478104079274471,-0.002322801496253787,-0.007724241387522896,0.559038317005474
D4-R2_B,6,0.6,0.635,0.035,True,recorded_event,P1b,,False,0.5479971719156081,7.806023978762511e-05,0.0008447856643278295,0.013813921604221999,-0.002414895707055109,-0.0006834437388461012,0.00041723490445191294,0.004427981126694286,-6.418832946586406e-05,5.720769252675289,0.0288189018680472,-0.09649866700205506,-0.00335663544103193,4.478104079274471,-0.0020028280843919248,-0.004833281394489271,0.559038317005474
D4-R2_B,6,0.6,0.635,0.035,True,recorded_event,P2,,False,0.5475710597707301,3.753596988786967e-08,5.805131342954961e-06,-0.0006319292744470795,-9.361325476975324e-05,-1.8963648074077355e-07,-8.877240426143854e-06,0.0003221328526828663,9.655341415282237e-09,5.720691229971472,0.027979921335062326,-0.11094451788072414,-0.0010353529887464524,4.478787333376836,-0.0024289402292699816,-0.008939129668500691,0.5591025149902813
D4-R2_B,7,0.7000000000000001,0.7350000000000001,0.035,True,recorded_event,A,,False,0.549330273507755,3.0522510652275514e-07,-3.3244608164319234e-05,-0.0007013465767986837,-7.169765531811478e-05,-3.2868486599113567e-08,-8.018584841246656e-06,0.0002947550731271162,-1.8439392945879263e-07,5.76743797473099,0.05629335279972331,-0.19077323969352436,-0.007076983225818884,5.0532672333187785,-0.0006697264922450369,-0.013755474952734152,0.4643365267952764
D4-R2_B,7,0.7000000000000001,0.7350000000000001,0.035,True,recorded_event,P0,,False,0.5485538136017816,-0.0007823935431741091,-0.002806640975260878,0.0425891038599478,-0.003274630758970165,-8.807690921397437e-05,-0.0007844784908147169,0.005433992439188079,0.0008112505068780251,5.76665527596271,0.053519956432626754,-0.14748278925677788,-0.010279916329471117,5.053179189278051,-0.0014461863982185071,-0.00861623758667319,0.4651479616960839
D4-R2_B,7,0.7000000000000001,0.7350000000000001,0.035,True,recorded_event,P1a,,False,0.549126273455173,0.0001480635322419488,-0.0024301534399317967,0.018226949239112417,-0.0012523545735043662,-0.0005554160273151254,-0.00021201863742327824,0.0016954880142771057,-0.0001192065685380328,5.767585733038126,0.053896443967955836,-0.17184494387761326,-0.008257640144005318,5.05271185015995,-0.0008737265448270685,-0.012354742011584163,0.46421750462066785
D4-R2_B,7,0.7000000000000001,0.7350000000000001,0.035,True,recorded_event,P1b,,False,0.5495022100287739,0.0001480635322419488,0.001363176129239578,0.012667707954782587,-0.002306318331505519,-0.0005554160273151254,0.00016391793617759603,0.004643467632808755,-0.0001192065685380328,5.767585733038126,0.05768977353712721,-0.1774041851619431,-0.009311603902006471,5.05271185015995,-0.0004977899712261942,-0.009406762393052513,0.46421750462066785
D4-R2_B,7,0.7000000000000001,0.7350000000000001,0.035,True,recorded_event,P2,,False,0.5493292948893163,-8.544325957871024e-08,6.545586591702457e-06,-0.0007483285555038299,-8.13735332698684e-05,-3.218428989981703e-08,-8.99720327995077e-06,0.0003373745320171904,1.5139530162855408e-07,5.767437584062624,0.056333142994479335,-0.1908202216722295,-0.0070866591037709575,5.053267234002975,-0.000670705110683741,-0.013712855493844078,0.4643368625845075
D4-R2_B,8,0.8,0.8350000000000001,0.035,True,recorded_event,A,,False,0.5491112478155703,3.3719518821584415e-07,5.376078489341407e-06,0.00023024646322733489,1.1169678232558766e-05,-5.297490446309894e-09,1.056998718614575e-06,-5.269140550603034e-05,-1.9941641582477132e-07,5.8057112926533545,0.08267929179696262,-0.15805066800455142,-0.012173745770705763,5.632003024169055,0.0008887521844297528,-0.0076786925090228005,0.38770480118354755
D4-R2_B,8,0.8,0.8350000000000001,0.035,True,recorded_event,P0,,False,0.5490254911586616,-0.0006851317610774288,-0.0003344020153669275,-0.005380595998542126,0.00047982493197862297,-6.951882577155288e-05,8.681365562723624e-05,-0.0007488579682690122,0.0006915247575953742,5.805025823697089,0.08233951370310635,-0.16366151046632088,-0.011705090516959782,5.631933510640774,0.0009745088413383744,-0.008374859071785782,0.38839652535755875
D4-R2_B,8,0.8,0.8350000000000001,0.035,True,recorded_event,P1a,,False,0.5490236040199286,4.4005711463235286e-05,0.004149188266279857,0.0012660349613752009,-0.00014780080313547828,-0.00045341376553142965,8.87007943603384e-05,-0.0003592096872695322,-3.761271494528984e-05,5.8057549611696295,0.08682310398475314,-0.15701487950640355,-0.012332716252073883,5.631549615701014,0.0009763959800714766,-0.007985210790786302,0.3876673878850181
D4-R2_B,8,0.8,0.8350000000000001,0.035,True,recorded_event,P1b,,False,0.5490078726465881,4.4005711463235286e-05,0.002097078368889907,0.00035121612597854845,7.770026430087285e-05,-0.00045341376553142965,0.00010443216770077634,-0.0006680948461935086,-3.761271494528984e-05,5.8057549611696295,0.08477099408736319,-0.1579296983418002,-0.012107215184637532,5.631549615701014,0.0009921273534119145,-0.008294095949710279,0.3876673878850181
D4-R2_B,8,0.8,0.8350000000000001,0.035,True,recorded_event,P2,,False,0.5491111526618053,4.6754877569554765e-07,1.4489931241812304e-06,0.00023474894870226248,1.2112286221110935e-05,-3.006000781624607e-09,1.152152483576579e-06,-5.6843040984292346e-05,-3.2439427322117353e-07,5.805711423006942,0.08267536471159746,-0.1580461655190765,-0.01217280316271709,5.632003026460545,0.0008888473381947148,-0.0076828441445010625,0.38770467620569016
D4-R2_B,9,0.9,0.935,0.035,True,recorded_event,A,,False,0.5483764003991735,-9.620278884625577e-08,7.760760177694115e-07,5.852040245916956e-05,9.165535457711371e-06,-1.5076975223848876e-08,8.848751798010666e-07,-3.123882012152565e-05,3.727565900391028e-08,5.83775074852106,0.08032377856370708,-0.1009184061681117,-0.013252844708157662,6.214244929286536,0.001623599600826625,-0.0043897719812228,0.3245629856011009
D4-R2_B,9,0.9,0.935,0.035,True,recorded_event,P0,,False,0.5482745760895341,-0.0005853842477199223,0.0002552313511166582,-0.0054555957893319545,0.00036828811865108335,-5.8451395672953765e-05,0.00010270918481908981,-0.0005290818129111488,0.0005762019059298851,5.837165460476129,0.08057823383880597,-0.10643252235990282,-0.012893722124964313,6.214186492967838,0.0017254239104659138,-0.004887614974012423,0.3251391502313718
D4-R2_B,9,0.9,0.935,0.035,True,recorded_event,P1a,,False,0.5482387152930196,-4.3811777705293764e-05,0.0032085106533083635,0.005765736654581813,-0.000418119962842578,-0.00037775028075159867,0.00013856998133359236,-0.0001491052066252647,3.462943591525658e-05,5.837707032946144,0.08353151314099767,-0.09521118991598905,-0.013680130206457974,6.213867194082759,0.0017612847069804164,-0.004507638367726539,0.32459757776135717
D4-R2_B,9,0.9,0.935,0.035,True,recorded_event,P1b,,False,0.5483017975404428,-4.3811777705293764e-05,0.0008788991025769494,0.003070258064797965,-6.671105577371605e-05,-0.00037775028075159867,7.548773391042609e-05,-0.0004408018985813831,3.462943591525658e-05,5.837707032946144,0.08120190159026626,-0.0979066685057729,-0.013328721299389112,6.213867194082759,0.0016982024595572501,-0.004799335059682657,0.32459757776135717
D4-R2_B,9,0.9,0.935,0.035,True,recorded_event,P2,,False,0.5483763677624082,-8.293016762195293e-08,-5.838922160633642e-07,6.003743826869801e-05,9.488766447240948e-06,-1.5090035887510567e-08,9.175119450777116e-07,-3.266175269261377e-05,2.5617906018737813e-08,5.837750761793681,0.08032241859547325,-0.10091688913230216,-0.013252521477168067,6.214244929273475,0.0016236322375919017,-0.004391194913793888,0.32456297394334793
D4-R2_B,10,1.0,1.035,0.035,True,recorded_event,A,,False,0.5484151680207853,-3.4522499525735384e-08,2.771435154813595e-06,4.659366042866764e-05,8.443003508773472e-06,-1.435827456930383e-08,8.169021957391779e-07,-2.7623288550227172e-05,2.4560560696329503e-08,5.864686406515192,0.06818127700373447,-0.08767620282737928,-0.012083380735026527,6.799418714581298,0.001584831979214807,-0.00427976569099453,0.27090899407672553
D4-R2_B,10,1.0,1.035,0.035,True,recorded_event,P0,,False,0.5483378544047409,-0.0005017204645048068,0.0003391078797493202,-0.00427455851783233,0.0003193355635109363,-4.997566768238926e-05,7.813051824001713e-05,-0.0005268779686057046,0.0004989639993446815,5.864184720573187,0.06851761344832898,-0.09199735500564028,-0.01177248817502452,6.7993687532718905,0.001662145595259085,-0.004779020371050008,0.2714079335155095
D4-R2_B,10,1.0,1.035,0.035,True,recorded_event,P1a,,False,0.5483281893635896,-1.0006043760668604e-05,-0.00030570366803035764,-0.0010325582052058135,7.252383776945592e-05,-0.0003173580031052836,8.779555939137013e-05,-0.00014329724915721192,7.249578600543316e-06,5.864676434993931,0.0678728019005493,-0.08875535469301377,-0.012019299900766,6.799101370936468,0.001671810636410438,-0.004395439651601515,0.2709162190947654
D4-R2_B,10,1.0,1.035,0.035,True,recorded_event,P1b,,False,0.548393955719723,-1.0006043760668604e-05,-0.0006696736933151232,-0.0007132518598714777,0.00020181240779715282,-0.0003173580031052836,2.2029203257952585e-05,-0.0004429946780766048,7.249578600543316e-06,5.864676434993931,0.06750883187526453,-0.08843604834767943,-0.011890011330738304,6.799101370936468,0.0016060442802770204,-0.004695137080520908,0.2709162190947654
D4-R2_B,10,1.0,1.035,0.035,True,recorded_event,P2,,False,0.5484150732376776,3.82147922195486e-08,-1.2132825092381339e-06,5.093796353045077e-05,9.382327059270779e-06,-1.32008217690327e-08,9.116853033723504e-07,-3.1753346812304385e-05,-4.437093359399569e-08,5.864686479252484,0.06817729228607042,-0.0876718585242775,-0.012082441411476264,6.799418715738751,0.0015849267623224402,-0.0042838957492566075,0.27090892514523124
D4-R2_B,11,1.0999999999999979,1.1349999999999978,0.035,True,recorded_event,A,,False,0.5487829140357519,-1.034007635070111e-08,2.2601453981557773e-06,4.089308523183566e-05,8.370234122256903e-06,-1.090703438677565e-08,8.141620317641141e-07,-2.692156205070899e-05,9.387618682410448e-09,5.887199212875895,0.0593626406013387,-0.07892603787583635,-0.010775144783791778,7.387052876042814,0.0012170859642482005,-0.00385445155509274,0.22590945154548517
D4-R2_B,11,1.0999999999999979,1.1349999999999978,0.035,True,recorded_event,P0,,False,0.5487043409871721,-0.0004202948633080794,0.00035022659522946503,-0.004369276201632771,0.0003160818115137687,-4.183581923378199e-05,7.938721061146142e-05,-0.0005082840230672342,0.0004189345676852696,5.886778928352664,0.05971060705117001,-0.08333620716270096,-0.010467433206400312,7.387011051130615,0.0012956590128278978,-0.004335814016109265,0.22632837672555176
D4-R2_B,11,1.0999999999999979,1.1349999999999978,0.035,True,recorded_event,P1a,,False,0.548742689976737,-3.4707290756941234e-06,-0.0002099449649200641,-0.0015542043021332108,0.0001109567649737464,-0.0002659395369599693,4.103822104660785e-05,-0.0001333087239115474,2.1104334528843083e-06,5.887195752486896,0.05915043549102048,-0.0805211352632014,-0.010672558252940334,7.386786947412888,0.0012573100232630443,-0.0039608387169535785,0.22591155259131937
D4-R2_B,11,1.0999999999999979,1.1349999999999978,0.035,True,recorded_event,P1b,,False,0.5487976984102113,-3.4707290756941234e-06,-0.0005367497792933065,-0.0011196528045031573,0.0002274605254197759,-0.0002659395369599693,-1.3970212427713092e-05,-0.0004316418412441559,2.1104334528843083e-06,5.887195752486896,0.05882363067664724,-0.08008658376557135,-0.010556054492494304,7.386786947412888,0.0012023015897887233,-0.004259171834286187,0.22591155259131937
D4-R2_B,11,1.0999999999999979,1.1349999999999978,0.035,True,recorded_event,P2,,False,0.5487828344262785,4.6142089260570174e-08,-1.1105691779186855e-06,4.449815780273314e-05,9.159409267933682e-06,-9.950689161541959e-09,8.937715051506381e-07,-3.0388466644630605e-05,-4.4292188583483494e-08,5.887199269358061,0.05935926988676263,-0.07892243280326545,-0.010774355608646308,7.387052876999159,0.001217165573721587,-0.0038579184596866617,0.2259093978656779
D4-R2_B,12,1.1999999999999957,1.2349999999999957,0.035,True,recorded_event,A,,False,0.5491775517727508,-4.435368516908511e-09,2.1252771304283713e-06,3.877261030299506e-05,8.271214906763191e-06,-7.461438578104662e-09,8.074454878675367e-07,-2.6465688437352086e-05,5.5648614605274815e-09,5.905987970552588,0.052751806873615886,-0.0707492035441758,-0.00952929207134211,7.976745946566693,0.0008224482272492275,-0.0033998587238056825,0.1883098424000285
D4-R2_B,12,1.1999999999999957,1.2349999999999957,0.035,True,recorded_event,P0,,False,0.5490995913767821,-0.0003515158558906606,0.00035551678836762135,-0.0043465086300426975,0.0003114500467855663,-3.4875449629545585e-05,7.876784145656273e-05,-0.00049823369916399,0.00035059652631019844,5.905636459132066,0.05310519838485308,-0.07513448478452149,-0.009226113239463096,7.976711078578502,0.0009004086232179227,-0.0038716267345323204,0.18866043336147723
D4-R2_B,12,1.1999999999999957,1.2349999999999957,0.035,True,recorded_event,P1a,,False,0.5491582833331294,-1.7570214110307347e-06,-3.451261737361794e-05,-0.0016059988507410722,0.00011406122094959059,-0.00022214286021338125,2.007588510924733e-05,-0.00012917580611741418,8.376918305685876e-07,5.905986217966546,0.05271516897911184,-0.07239397500521987,-0.009423502065299072,7.976523811167918,0.0008417166668706073,-0.0035025688414857445,0.1883106745269976
D4-R2_B,12,1.1999999999999957,1.2349999999999957,0.035,True,recorded_event,P1b,,False,0.5492066970559673,-1.7570214110307347e-06,-0.00039316509970869357,-0.0011705494315015497,0.00022792915163138971,-0.00022214286021338125,-2.833783772857219e-05,-0.00042564054894279413,8.376918305685876e-07,5.905986217966546,0.052356516496776764,-0.07195852558598034,-0.009309634134617273,7.976523811167918,0.0007933029440327878,-0.0037990335843111245,0.1883106745269976
D4-R2_B,12,1.1999999999999957,1.2349999999999957,0.035,True,recorded_event,P2,,False,0.5491774764226747,4.358693139749903e-08,-1.0840082220880953e-06,4.215223829337478e-05,9.018354887313507e-06,-6.6464362902252105e-09,8.82795563961398e-07,-2.9745982982921915e-05,-4.009576759500533e-08,5.905988018574888,0.05274859758826337,-0.07074582391618542,-0.009528544931361429,7.976745947381695,0.0008225235773253214,-0.0034031390183512523,0.18830979673939943
D4-R2_B,13,1.2999999999999936,1.3349999999999935,0.035,True,recorded_event,A,,False,0.5494810390666133,-2.544100929924298e-09,2.1514361072880184e-06,3.987289466193811e-05,8.191897823639493e-06,-4.847235501870273e-09,8.016543015824593e-07,-2.637037799427212e-05,4.160022548660436e-09,5.921677769585423,0.04718920216508782,-0.06273021083326091,-0.008374419490582907,8.56815847937345,0.0005189609333867694,-0.002956128512535915,0.15710751569954381
D4-R2_B,13,1.2999999999999936,1.3349999999999935,0.035,True,recorded_event,P0,,False,0.5494037705850506,-0.0002921543539313731,0.0003533153385066115,-0.004301095800243487,0.0003081885503384285,-2.888129884226487e-05,7.807013586426305e-05,-0.0004939727362464441,0.00029139049288584573,5.921385617775592,0.04754036606748714,-0.06707117952816634,-0.008074422838068251,8.568129602921843,0.00059622941494945,-0.003423730870788087,0.1573989020324071
D4-R2_B,13,1.2999999999999936,1.3349999999999935,0.035,True,recorded_event,P1a,,False,0.54946795144662,-1.4452116161578488e-06,5.331196847990077e-05,-0.0016265034932294864,0.00011419325503814193,-0.00018541692291584866,1.3889274294922606e-05,-0.00012955000773421039,6.813505706304568e-07,5.921676326917908,0.04724036269746043,-0.06439658722115234,-0.008268418133368538,8.56797306729777,0.0005320485533801096,-0.003059308142275853,0.1571081928900919
D4-R2_B,13,1.2999999999999936,1.3349999999999935,0.035,True,recorded_event,P1b,,False,0.5495130765973086,-1.4452116161578488e-06,-0.00031887007230036596,-0.0011843687225062127,0.00022581486877504275,-0.00018541692291584866,-3.123587639378405e-05,-0.00042365877934124815,6.813505706304568e-07,5.921676326917908,0.046868180656680164,-0.06395445245042906,-0.008156796519631637,8.56797306729777,0.0004869234026914029,-0.003353416913882891,0.1571081928900919
D4-R2_B,13,1.2999999999999936,1.3349999999999935,0.035,True,recorded_event,P2,,False,0.5494809637824037,3.9870290180488155e-08,-1.0708139188617127e-06,4.322331394798762e-05,8.938545408287979e-06,-4.1436418740659064e-09,8.769385110766028e-07,-2.9647038344580382e-05,-3.615027477366084e-08,5.921677811999814,0.04718597991506167,-0.06272686041397486,-0.008373672842998248,8.568158480077043,0.0005190362175962636,-0.002959405172886223,0.1571074753892465
D4-R2_B,14,1.3999999999999915,1.4349999999999914,0.035,True,recorded_event,A,,False,0.5496698023362916,-2.254865627548952e-09,2.1867702609673634e-06,4.143934637030472e-05,8.12316778819877e-06,-3.214218224911747e-09,7.96414802453464e-07,-2.6353254841876995e-05,3.60514107455856e-09,5.934775500610554,0.04203585084532744,-0.054522194618523166,-0.0073013514874351254,9.161006246867355,0.00033019766370843105,-0.0025074154937258235,0.13097779630725945
D4-R2_B,14,1.3999999999999915,1.4349999999999914,0.035,True,recorded_event,P0,,False,0.5495930514654068,-0.0002449759420724007,0.00034874052799070687,-0.004261041039010767,0.00030564050150827526,-2.414872583145211e-05,7.754728568718904e-05,-0.0004909033287072056,0.00024426325478366095,5.934530526923347,0.04238240460305718,-0.05882467500390424,-0.007003834153715083,9.160982101355742,0.00040694853459316663,-0.002971965567591152,0.13122205595690203
D4-R2_B,14,1.3999999999999915,1.4349999999999914,0.035,True,recorded_event,P1a,,False,0.5496563509895451,-1.5883494022261857e-06,0.00010534706185817005,-0.0015959140737588293,0.00011069777413919013,-0.00015470305149101193,1.4247761548976984e-05,-0.00013062945961687163,8.756621134864417e-07,5.934773914516017,0.04213901113692464,-0.0561595480386523,-0.007198776881084168,9.160851547030083,0.00034364901045495457,-0.002611691698500818,0.13097866836423186
D4-R2_B,14,1.3999999999999915,1.4349999999999914,0.035,True,recorded_event,P1b,,False,0.5497000699634699,-1.5883494022261857e-06,-0.0002800695345998444,-0.0011649289831958884,0.00022169780419245555,-0.00015470305149101193,-2.9471212375773207e-05,-0.000422040826069735,8.756621134864417e-07,5.934773914516017,0.04175359454046663,-0.05572856294808936,-0.0070877768510309025,9.160851547030083,0.0002999300365302044,-0.0029031030649536815,0.13097866836423186
D4-R2_B,14,1.3999999999999915,1.4349999999999914,0.035,True,recorded_event,P2,,False,0.5496697267326254,3.511377677511973e-08,-1.062382717666177e-06,4.4782076609094223e-05,8.873119842878197e-06,-2.6115927198588906e-09,8.720184687037945e-07,-2.964318033451532e-05,-3.1899232588727955e-08,5.934775537979196,0.042032601692348806,-0.05451885188828438,-0.00730060153538067,9.161006247469981,0.0003302732673746814,-0.002510705419218462,0.13097776080288578
D4-R2_B,15,1.4999999999999893,1.5349999999999893,0.035,True,recorded_event,A,,False,0.5497596244277416,-2.140228438918257e-09,2.2377581334262486e-06,4.313097266874649e-05,8.061524977787116e-06,-2.3968098616933275e-09,7.914972620973702e-07,-2.636373552992663e-05,3.2169609198717808e-09,5.9457085723576935,0.036969390575055314,-0.0462284632453098,-0.006292089928281199,9.755051278880043,0.00024037557225838394,-0.002063579927365972,0.10913599171290217
D4-R2_B,15,1.4999999999999893,1.5349999999999893,0.035,True,recorded_event,P0,,False,0.5496834128188258,-0.00020500861440275742,0.00034358695782751164,-0.00421934971308606,0.00030336587947754623,-2.0178298795414662e-05,7.700310617796163e-05,-0.0004886812046575148,0.0002043458082772176,5.945503565883519,0.0373107397747494,-0.050490943931064604,-0.005996785573781249,9.755031102978057,0.0003165871811742482,-0.0025258973964935602,0.10934033430421847
D4-R2_B,15,1.4999999999999893,1.5349999999999893,0.035,True,recorded_event,P1a,,False,0.5497433920980561,-1.680591567243539e-06,0.00012143083676884048,-0.001582711967833987,0.00010854359012668624,-0.00012905624649839353,1.702382694769518e-05,-0.0001320214722380828,1.0177854417037224e-06,5.945706893906355,0.03708858365369073,-0.04785430618581253,-0.006191607863132109,9.754922225030354,0.00025660790194398175,-0.0021692376640741282,0.10913700628138295
D4-R2_B,15,1.4999999999999893,1.5349999999999893,0.035,True,recorded_event,P1b,,False,0.5497865537441421,-1.680591567243539e-06,-0.0002658896199006361,-0.0011530923991945746,0.00021844170570117782,-0.00012905624649839353,-2.6137819138356453e-05,-0.00042082049717312746,1.0177854417037224e-06,5.945706893906355,0.03670126319702125,-0.04742468661717312,-0.006081709747557618,9.754922225030354,0.00021344625585793011,-0.002458036689009173,0.10913700628138295
D4-R2_B,15,1.4999999999999893,1.5349999999999893,0.035,True,recorded_event,P2,,False,0.5497595479791564,3.065479425856665e-08,-1.0588709856637624e-06,4.649246993035372e-05,8.819972439511048e-06,-1.881470979014921e-09,8.67945847408849e-07,-2.968984822078859e-05,-2.7944508040889104e-08,5.945708605152716,0.036966093945936224,-0.04622510174804819,-0.006291331480819088,9.755051279395381,0.00024045202084369542,-0.002066906040056834,0.10913596055143321
D4-R2_B,16,1.5999999999999872,1.6349999999999871,0.035,True,recorded_event,A,,False,0.5497776825645669,-2.1622179602331926e-09,2.244670091529344e-06,4.384647333463554e-05,8.00447532567361e-06,-2.159465495310542e-09,7.868925973941797e-07,-2.629409256070178e-05,2.886627825660071e-09,5.9548300899981665,0.0318404856517849,-0.037686258418080903,-0.005323041917812227,10.350094850445124,0.00022231743543305274,-0.001612112183103932,0.09082801653973618
D4-R2_B,16,1.5999999999999872,1.6349999999999871,0.035,True,recorded_event,P0,,False,0.5497019102726989,-0.0001719416954770736,0.00033998291085380467,-0.004188184130846054,0.0003011728959156912,-1.6926966733166182e-05,7.655918446549431e-05,-0.0004855973981483159,0.00017133895438981028,5.954658150464907,0.032178223892547174,-0.04191828902226159,-0.005029873497222059,10.350077925637857,0.00029808972730115287,-0.002071415488691546,0.09099935260749817
D4-R2_B,16,1.5999999999999872,1.6349999999999871,0.035,True,recorded_event,P1a,,False,0.5497585211018567,-1.6733404217816883e-06,0.00013566204418617028,-0.0015377798761986028,0.00010451997501137456,-0.00010763939123137334,1.9948355307656282e-05,-0.00013224526633728991,1.0705993345183629e-06,5.954828418819963,0.03197390302587954,-0.03926788476761414,-0.005226526418126376,10.349987213213359,0.00024147889814331484,-0.00171806335688052,0.09082908425244288
D4-R2_B,16,1.5999999999999872,1.6349999999999871,0.035,True,recorded_event,P1b,,False,0.5498016086435767,-1.6733404217816883e-06,-0.0002585850393264019,-0.0011244900259559168,0.00021451573571207305,-0.00010763939123137334,-2.3139186412306174e-05,-0.00041856248943854864,1.0705993345183629e-06,5.954828418819963,0.03157965594236697,-0.038854594917371456,-0.0051165306574256775,10.349987213213359,0.00019839135642335239,-0.002004380579981779,0.09082908425244288
D4-R2_B,16,1.5999999999999872,1.6349999999999871,0.035,True,recorded_event,P2,,False,0.5497776062052281,2.585809344424206e-08,-1.0574177043629063e-06,4.7188375810996996e-05,8.762131759265657e-06,-1.7270220808995873e-09,8.632519363393934e-07,-2.961579309437054e-05,-2.376002061765803e-08,5.954830118018478,0.031837183563989006,-0.03768291651560454,-0.005322284261378447,10.350094850877568,0.00022239379477199795,-0.0016154338836376007,0.09082798989308774
D4-R2_B,17,1.699999999999985,1.734999999999985,0.035,True,recorded_event,A,,False,0.5497460071430986,-2.2005384181511545e-09,2.1737525971662897e-06,4.261879123500928e-05,7.945678575094206e-06,-2.3175044105983034e-09,7.82162917400389e-07,-2.6034842794097398e-05,2.5627029387464972e-09,5.962426242238621,0.026527219443710465,-0.028707111933666336,-0.004352838963887042,10.945970444249339,0.00025399285690137617,-0.0011429231032274482,0.07538624863905719
D4-R2_B,17,1.699999999999985,1.734999999999985,0.035,True,recorded_event,P0,,False,0.549670627945537,-0.0001449752739173249,0.0003400862028392869,-0.004169959778928641,0.00029864082081276777,-1.4304921611696386e-05,7.616136047911579e-05,-0.0004803628937624692,0.0001444588137724523,5.962281269165242,0.026865131893952586,-0.032919690503829986,-0.004062143821649489,10.945956141645231,0.00032937205446309157,-0.00159725115419582,0.0755307048901267
D4-R2_B,17,1.699999999999985,1.734999999999985,0.035,True,recorded_event,P1a,,False,0.5497253187297622,-1.491255352092935e-06,0.00015350634974937993,-0.0014521598356799954,9.825800090634829e-05,-8.966057719916876e-05,2.1470576253930854e-05,-0.0001300795620839516,9.747952072203248e-07,5.962424753183807,0.02667855204086268,-0.03020189056058134,-0.004262526641555908,10.945880785989644,0.00027468127023790663,-0.0012469678225173024,0.07538722087156147
D4-R2_B,17,1.699999999999985,1.734999999999985,0.035,True,recorded_event,P1b,,False,0.5497687048248932,-1.491255352092935e-06,-0.0002551969957813871,-0.0010751602254700891,0.00020985787827632052,-8.966057719916876e-05,-2.1915518877091368e-05,-0.0004141324045322007,9.747952072203248e-07,5.962424753183807,0.026269848695331912,-0.029824890950371434,-0.004150926764185936,10.945880785989644,0.0002312951751068844,-0.0015310206649655515,0.07538722087156147
D4-R2_B,17,1.699999999999985,1.734999999999985,0.035,True,recorded_event,P2,,False,0.5497459325455352,2.0715595461240355e-08,-1.0597331176892544e-06,4.587065402892471e-05,8.68593085368019e-06,-1.9663577432993407e-09,8.56760480932384e-07,-2.927943934037669e-05,-1.9276033214055133e-08,5.962426265154755,0.02652398595799561,-0.02870386007087242,-0.004352098711608506,10.945970444600485,0.00025406745446490816,-0.0011461676997737275,0.07538622680032103
D4-R2_B,18,1.799999999999983,1.8349999999999829,0.035,True,recorded_event,A,,False,0.5496696982553549,1.0493090840668629e-08,2.0185216471728384e-06,3.906566225197333e-05,7.879817240041831e-06,-2.7589894813218052e-09,7.767620259671961e-07,-2.552600499258848e-05,-4.158868804893245e-09,5.967542195797541,0.020940377221413637,-0.019237835934520057,-0.003330447630847229,11.542484205251325,0.00033030174464505473,-0.000652056883025534,0.04909861519446291
D4-R2_B,18,1.799999999999983,1.8349999999999829,0.035,True,recorded_event,P0,,False,0.5495947051953722,-0.0002427037937637877,0.00034463492907636437,-0.004161352176161245,0.00029544887115307006,-2.4127737750845313e-05,7.576982200871603e-05,-0.0004723067792282074,0.00024292969173611567,5.967299481510686,0.02128299362884283,-0.023438253772933276,-0.0030428785769340827,11.542460080272564,0.00040529480462780357,-0.001098837657261153,0.04934154904506783
D4-R2_B,18,1.799999999999983,1.8349999999999829,0.035,True,recorded_event,P1a,,False,0.5496499810131567,3.288534040635227e-06,0.0001703429864264687,-0.0013464846913069546,9.12749919108613e-05,-6.386902084365431e-05,2.049400422429287e-05,-0.00012505674947884608,-3.062636068307256e-06,5.9675454738384905,0.021108701686192933,-0.020623386288078985,-0.0032470524561762915,11.542420338989471,0.0003500189868433804,-0.0007515876275117916,0.04909555671726341
D4-R2_B,18,1.799999999999983,1.8349999999999829,0.035,True,recorded_event,P1b,,False,0.549693822876575,3.288534040635227e-06,-0.00025564331192508283,-0.0010173013570654657,0.00020530929805673281,-6.386902084365431e-05,-2.3347859194020894e-05,-0.00040704569740926226,-3.062636068307256e-06,5.9675454738384905,0.02068271538784138,-0.020294202953837496,-0.00313301815003042,11.542420338989471,0.00030617712342506664,-0.0010335765754422078,0.04909555671726341
D4-R2_B,18,1.799999999999983,1.8349999999999829,0.035,True,recorded_event,P2,,False,0.549669627214401,3.434811546298988e-08,-1.0668496544692652e-06,4.214956871529535e-05,8.58489303956489e-06,-2.3150938943672372e-09,8.47802979933956e-07,-2.8614712318695504e-05,-2.728599124424136e-08,5.967542219652565,0.020937291850111995,-0.019234752028056735,-0.003329742555047618,11.54248420569522,0.0003303727855990215,-0.000655145590351641,0.04909859206734047
D4-R2_B,19,1.8999999999999808,1.9349999999999807,0.035,True,recorded_event,A,,False,0.549530443684489,4.1890520385834407e-08,1.7875048508603913e-06,3.32674821309515e-05,7.801270785812164e-06,-3.5849048174441123e-09,7.698244269130415e-07,-2.474554493469449e-05,-2.0282961976647584e-08,5.967334396621211,0.015045707905478968,-0.009353046430883574,-0.002209001877718538,12.139255095215015,0.0004695563155110467,-0.00014411945909229256,-0.007482308205512056
D4-R2_B,19,1.8999999999999808,1.9349999999999807,0.035,True,recorded_event,P0,,False,0.5494559482871102,-0.0005172291897670434,0.0003533298878388193,-0.004157296861490349,0.00029147075681201784,-5.15964522982415e-05,7.526522180573776e-05,-0.0004611091242586861,0.0005191354620457389,5.966817125540923,0.015397250288466927,-0.013543610774504874,-0.001925332391692347,12.139203502347621,0.0005440517128898714,-0.0005804830384162842,-0.006963152460504341
D4-R2_B,19,1.8999999999999808,1.9349999999999807,0.035,True,recorded_event,P1a,,False,0.549514545801154,1.4643691823579275e-05,0.00018248074668623243,-0.0012420034898130965,8.493919249508153e-05,-1.0043904500989242e-05,1.6667707761929245e-05,-0.00011724778441933337,-1.2737419544883721e-05,5.967348998422514,0.01522640114731434,-0.010628317402827622,-0.0021318639560092834,12.139245054895419,0.0004854541988460629,-0.00023662169857693145,-0.007495025342094963
D4-R2_B,19,1.8999999999999808,1.9349999999999807,0.035,True,recorded_event,P1b,,False,0.5495587840501179,1.4643691823579275e-05,-0.0002587537849748217,-0.000963205172330641,0.0002014821897899921,-1.0043904500989242e-05,-2.757054120200664e-05,-0.000397110978959487,-1.2737419544883721e-05,5.967348998422514,0.014785166615653286,-0.010349519085345166,-0.0020153209587143728,12.139245054895419,0.000441215949882127,-0.0005164848931170851,-0.007495025342094963
D4-R2_B,19,1.8999999999999808,1.9349999999999807,0.035,True,recorded_event,P2,,False,0.5495303778136369,7.580948757635042e-08,-1.0769559492963127e-06,3.6111257232398705e-05,8.455227996417847e-06,-2.7955486814335018e-09,8.356952789881117e-07,-2.7606350943754424e-05,-5.3866809679448124e-08,5.967334430540178,0.015042843444678811,-0.009350202655782127,-0.002208347920507943,12.139255096004371,0.00046962218636312176,-0.0001469802651013525,-0.007482341789359759
D4-R3_A,1,0.1,0.117,0.017,False,reconstructed_rk4,A,,False,0.4591438527975764,-0.0003678661981236786,0.0007396687039140093,0.01549591650095028,8.910392813277213e-05,-6.375980454276231e-06,8.108133828940711e-06,0.009999999999999995,0.0003578703238567016,5.330699942964078,-0.2922876747824905,0.8841054121924911,0.09925812086665677,1.6146284647385483,-0.09085614720242365,0.04002749593494997,0.8861528395341879
D4-R3_A,1,0.1,0.117,0.017,False,reconstructed_rk4,P0,,False,0.45857577778944913,0.0025642760326753944,0.02852843338117128,-0.06609392958538207,-0.010644102546874201,0.00032751685910126227,-0.000559966874298351,0.0050000000000000044,-0.0017219657636040608,5.333632085194877,-0.26449891010523324,0.8025155661061587,0.08852491439165,1.6149623575781038,-0.09142422221055094,0.03502749593494998,0.8840730034467271
D4-R3_A,1,0.1,0.117,0.017,False,reconstructed_rk4,P1a,,False,0.4590745101075888,0.0023536676421080927,0.027125248006614366,-0.08502082439947078,-0.007857926476744215,0.00058458982571441,-6.123455615865414e-05,0.0050000000000000044,-0.001511357373036759,5.333421476804309,-0.26590209547979016,0.78358867129207,0.09131109046177999,1.615219430544717,-0.09092548989241124,0.03502749593494998,0.8842836118372944
D4-R3_A,1,0.1,0.117,0.017,False,reconstructed_rk4,P1b,,False,0.459286918505765,0.0023536676421080927,0.027982248650314345,-0.10086342022073591,-0.008341576718401633,0.00058458982571441,0.00015117384201754347,0.0050000000000000044,-0.001511357373036759,5.333421476804309,-0.2650450948360902,0.7677460754708049,0.09082744022012257,1.615219430544717,-0.09071308149423504,0.03502749593494998,0.8842836118372944
D4-R3_A,1,0.1,0.117,0.017,False,reconstructed_rk4,P2,,False,0.4591326551754308,1.2958680402519462e-05,-0.0001591851277152334,-0.0032676499347032983,-4.8549012231724475e-05,-2.0269066802747204e-06,-3.0894883166765474e-06,0.0050000000000000044,0.0,5.331080767842604,-0.29318652861411976,0.8653418457568375,0.0991204679262925,1.6146328138123223,-0.09086734482456926,0.03502749593494998,0.8857949692103312
D4-R3_A,2,0.2,0.26,0.06,False,recorded_event,A,,False,0.49909168468630594,-0.0007427972447953124,-0.0030504883807094263,0.03467634343596743,0.0013433966283309395,-3.685653225904417e-05,0.00013808910738546953,-0.0017378938966440063,0.000690835029361736,5.448802033238154,-0.16056395619895927,-0.3322073663609762,0.08033192442906516,2.3815007968040676,-0.050908315313694115,-0.011710397961694029,0.8477186331658204
D4-R3_A,2,0.2,0.26,0.06,False,recorded_event,P0,,False,0.49479077614366995,0.0013835189977831064,-0.016480437708208145,0.2985518228843227,-0.003680673403112511,0.0012368762483636608,-0.004162819435250507,-0.0050000000000000044,-0.001949025819629746,5.450928349480733,-0.173993905526458,-0.06833188691262093,0.07530785439762155,2.3827745295846903,-0.05520922385633009,-0.014972504065050027,0.8450787723168289
D4-R3_A,2,0.2,0.26,0.06,False,recorded_event,P1a,,False,0.49668190678522484,-0.005737336704767948,-0.08147448277513178,0.23123227264946922,0.016267511965815995,0.0005227167995842663,-0.0022716887936955962,-0.03838593357614489,0.005171829882921308,5.4438074937781815,-0.23898795059338163,-0.1356514371474744,0.09525603976655006,2.382060370135911,-0.05331809321477518,-0.048358437641194914,0.85219962801938
D4-R3_A,2,0.2,0.26,0.06,False,recorded_event,P1b,,False,0.4990006133737729,-0.005737336704767948,-0.02308578656766755,0.10855014543952152,0.004627916289352996,0.0005227167995842663,4.701779485241642e-05,-0.0050000000000000044,0.005171829882921308,5.4438074937781815,-0.1805992543859174,-0.2583335643574221,0.08361644409008706,2.382060370135911,-0.05099938662622717,-0.014972504065050027,0.85219962801938
D4-R3_A,2,0.2,0.26,0.06,False,recorded_event,P2,,False,0.49894816316601587,-0.0004602779359386133,-0.0006219676103490779,-0.0015631731558330975,1.136474230234441e-05,-2.336612448416986e-05,-5.4324129045643654e-06,-0.0050000000000000044,0.00045947749328245635,5.449084552547011,-0.15813543542859892,-0.3684468829527767,0.07899989254303628,2.3815142872118424,-0.05105183683398415,-0.014972504065050027,0.8474872756297411
D4-R3_A,3,0.3,0.36,0.06,True,recorded_event,A,,False,0.5231945424428924,2.0375680014339537e-06,2.391032170563981e-05,0.0007579927964389693,-0.00010905881992595567,-3.4251782699001865e-06,-1.7024377738455998e-05,0.0002775494498120845,-1.4372760901437687e-06,5.535715373352923,-0.009392569092078565,-0.07735537334005403,0.037224118693626525,2.929407733169655,-0.026805457557107608,-0.0013900606031224019,0.8478067719883039
D4-R3_A,3,0.3,0.36,0.06,True,recorded_event,P0,,False,0.52318866250225,-0.0006410194536075053,-0.003391517639752841,0.01756827700691,-0.0017478471599243761,-0.0002279336867410109,-2.2904318380867483e-05,0.0032554897149013992,0.0007808873858019538,5.5350723163313145,-0.012807997053537046,-0.060545089129583,0.03558533035362821,2.929183224661184,-0.02681133749775002,0.0015878796619669129,0.848589096650196
D4-R3_A,3,0.3,0.36,0.06,True,recorded_event,P1a,,False,0.5240110235217091,0.0006957160491252168,0.03787016714588988,0.07180108388819195,-0.006683399946482371,-0.0012712396265950332,0.0007994567010782896,0.0035634785290180123,-0.0005558481169307683,5.536409051834047,0.028453687732105673,-0.006312282248301042,0.030649777567070213,2.92813991872133,-0.025988976478290862,0.0018958684760835259,0.8472523611474633
D4-R3_A,3,0.3,0.36,0.06,True,recorded_event,P1b,,False,0.5244111758233722,0.0006957160491252168,0.01228306334314742,0.04407355800306306,-0.004354951688547715,-0.0012712396265950332,0.001199609002741294,0.003398647564538533,-0.0005558481169307683,5.536409051834047,0.0028665839293632155,-0.03403980813342994,0.03297822582500487,2.92813991872133,-0.025588824176627858,0.0017310375116040466,0.8472523611474633
D4-R3_A,3,0.3,0.36,0.06,True,recorded_event,P2,,False,0.5231862258569603,3.9611727871147195e-06,0.00025475511513191156,0.001386697408653978,-0.00016381408277998943,-3.0347655890494707e-06,-2.5340963670631572e-05,0.0003738917279515236,-3.6450133586996003e-06,5.535717296957709,-0.009161724298652293,-0.07672666872783902,0.03716936343077281,2.929408123582336,-0.026813774143039783,-0.0012937183249829628,0.8478045642510353
D4-R3_A,4,0.4,0.46,0.06,True,recorded_event,A,,False,0.5380726579318875,2.3573028595791357e-07,1.4298707989360976e-05,0.0007311544912846843,-0.00012015989235036884,-1.6339952333410679e-06,-2.0063467373552038e-05,0.0002759158908765078,-1.5204537451296574e-07,5.612390271625001,0.010489835725152757,-0.03731829490531819,0.01655064690164287,3.486321897756913,-0.01192734206811254,-0.0024222939148027577,0.7626138824666963
D4-R3_A,4,0.4,0.46,0.06,True,recorded_event,P0,,False,0.5374280426297786,-0.00037452137674431896,-0.0034224497108017735,0.03886530149923542,-0.002737746608374003,-0.00010167008895667351,-0.0006646787694823963,0.004015479029181766,0.00038221938566618263,5.612015514517971,0.007053087306361622,0.00081585210263255,0.01393306018561935,3.4862218616631897,-0.012571957370221385,0.0013172692235025006,0.762996253897737
D4-R3_A,4,0.4,0.46,0.06,True,recorded_event,P1a,,False,0.5388399261687876,4.2080209077255404e-05,0.0035058418126294472,0.04236941065081548,-0.0030782690121791134,-0.0010551273850261111,0.0007472047695265514,0.0014454740965158426,-3.438220015539173e-05,5.6124321161037924,0.013981378829792843,0.004319961254212609,0.01359253778181424,3.4852684043671203,-0.011160073831212437,-0.001252735709163423,0.7625796523119154
D4-R3_A,4,0.4,0.46,0.06,True,recorded_event,P1b,,False,0.5390031787720071,4.2080209077255404e-05,0.0014990977940602043,0.03254275331370225,-0.0034119327486457074,-0.0010551273850261111,0.0009104573727460076,0.0039053350002919308,-3.438220015539173e-05,5.6124321161037924,0.0119746348112236,-0.005506696082900622,0.013258874045347646,3.4852684043671203,-0.01099682122799298,0.0012071251946126653,0.7625796523119154
D4-R3_A,4,0.4,0.46,0.06,True,recorded_event,P2,,False,0.538071550804605,1.8900875531357997e-07,4.568570209678713e-05,0.0008158006382097613,-0.00012744990188906513,-1.612128156303072e-06,-2.117059465606315e-05,0.00028868975634320287,-1.0980175879637954e-07,5.6123902249034705,0.010521222719260183,-0.03723364875839311,0.01654335689210442,3.48632191962399,-0.011928449195395052,-0.0024095200493360626,0.762613924710312
D4-R3_A,5,0.5,0.56,0.06,True,recorded_event,A,,False,0.5452198515985118,1.6598337282403008e-07,4.693356261267073e-05,0.0005382112458678853,-0.00013705011606024442,-6.663775415916007e-07,-2.247880146040264e-05,0.00035592046003589915,-9.502859299459487e-08,5.677461611024935,0.016731516336122538,-0.06188068950432187,0.0048175909071798305,4.050734527227624,-0.004780148401488199,-0.005250412404023914,0.6454319582911665
D4-R3_A,5,0.5,0.56,0.06,True,recorded_event,P0,,False,0.5444982501678086,-0.000510813253332465,-0.003152311543452182,0.041029752733662474,-0.0030429603703772123,-8.184127019550402e-05,-0.0007440802321636384,0.0046365665752411064,0.0005222551273753595,5.6769506317882295,0.013532271230057685,-0.021389148016527283,0.001911680652862735,4.05065335233497,-0.005501749832191435,-0.0009697662888187066,0.6459543084471349
D4-R3_A,5,0.5,0.56,0.06,True,recorded_event,P1a,,False,0.5455320240791248,5.4307381471829785e-05,-0.0017428853189842847,0.035104793256465865,-0.0025547356528408116,-0.0008480934513954708,0.0002896936791525733,0.0022043761124508746,-4.2865507428935246e-05,5.677515752423034,0.014941697454525582,-0.027314107493723892,0.0023999053703991358,4.04988710015377,-0.004467975920875223,-0.003401956751608938,0.6453891878123306
D4-R3_A,5,0.5,0.56,0.06,True,recorded_event,P1b,,False,0.5457039097944006,5.4307381471829785e-05,2.251026895979183e-05,0.030661342596023128,-0.0032573685928287688,-0.0008480934513954708,0.0004615793944283877,0.004507050836980813,-4.2865507428935246e-05,5.677515752423034,0.01670709304246966,-0.03175755815416663,0.0016972724304111786,4.04988710015377,-0.004296090205599409,-0.001099282027079,0.6453891878123306
D4-R3_A,5,0.5,0.56,0.06,True,recorded_event,P2,,False,0.5452186389932353,3.8231895871376764e-08,8.20104470088262e-05,0.0006319295591806912,-0.0001450485481542252,-6.565044214923432e-07,-2.369140673697239e-05,0.00036988933436807835,2.496210882441119e-08,5.677461483273458,0.016766593220518693,-0.061786971191009066,0.0048095924750857855,4.050734537100744,-0.004781361006764769,-0.005236443529691734,0.6454320782818683
D4-R3_A,6,0.6,0.6599999999999999,0.06,True,recorded_event,A,,False,0.5481609505757874,1.0471553935076372e-07,6.706173087499268e-05,0.00044167416302465234,-0.0001464029748392548,-2.2493796691946955e-07,-2.3926265722872594e-05,0.00040087003605746713,-1.626027845702538e-08,5.731448334578376,0.03405755565345329,-0.13063925938267434,-0.002814087071803476,4.621209553831512,-0.001839049424212666,-0.009891579323385379,0.5367931285850231
D4-R3_A,6,0.6,0.6599999999999999,0.06,True,recorded_event,P0,,False,0.5473863726163677,-0.0004471624192996515,-0.0030297536896935033,0.042657452615526045,-0.0032225820875106947,-6.0918544633636884e-05,-0.0007985042251425589,0.004995182881230089,0.00047485988077511365,5.731001067443537,0.030960740232884792,-0.08842348093017295,-0.005890266184474857,4.621148860224845,-0.0026136273836323523,-0.005297266478212757,0.5372680047260767
D4-R3_A,6,0.6,0.6599999999999999,0.06,True,recorded_event,P1a,,False,0.5480407945770095,9.823652748774947e-05,-0.003632771559031144,0.029731442273345052,-0.0021518063861964976,-0.0006841418321155146,-0.00014408226450077872,0.0026055325641404434,-7.053906601228732e-05,5.731546466390324,0.03035772236354715,-0.10134949127235394,-0.00481949048316066,4.620525636937363,-0.001959205422990572,-0.007686916795302402,0.5367226057792893
D4-R3_A,6,0.6,0.6599999999999999,0.06,True,recorded_event,P1b,,False,0.5483098968134154,9.823652748774947e-05,0.00018432147652829717,0.029058936083998205,-0.0031400136001034085,-0.0006841418321155146,0.00012501997190506042,0.004838139117869667,-7.053906601228732e-05,5.731546466390324,0.03417481539910659,-0.10202199746170079,-0.005807697697067571,4.620525636937363,-0.001690103186584733,-0.0054543102415731785,0.5367226057792893
D4-R3_A,6,0.6,0.6599999999999999,0.06,True,recorded_event,P2,,False,0.5481597700900248,-1.757232652721541e-07,0.00010181773770818331,0.000533680789189861,-0.00015420708992852639,-2.2171872871012965e-07,-2.5106751485400383e-05,0.0004144789389727878,2.460282324534546e-07,5.731448054139571,0.03409231166028648,-0.13054725275650914,-0.002821891186892499,4.62120955705075,-0.0018402299099751938,-0.009877970420470058,0.5367933908735341
D4-R3_A,7,0.7,0.76,0.06,True,recorded_event,A,,False,0.5499200055565302,-1.7087091741530003e-08,8.39714011177245e-05,0.0005211722445609412,-7.049282322979522e-05,5.553684800929659e-08,-1.790367375170782e-05,0.000257065683191407,2.3264562010183454e-07,5.7758239314246,0.0629084676384514,-0.19072537428002337,-0.007895814811569686,5.196628173689217,-7.999444346979248e-05,-0.01272302824011769,0.4470479060639656
D4-R3_A,7,0.7,0.76,0.06,True,recorded_event,P0,,False,0.54914535176495,-0.00031832924049535194,-0.002928063363690968,0.04123749714545061,-0.0028108391546877165,-4.032362407890844e-05,-0.0007925574653318891,0.004519284703259796,0.00036864876301834215,5.775505619271196,0.059896432873642706,-0.1500090493791337,-0.010636161143027678,5.19658779452829,-0.0008546482350499737,-0.008460809220049301,0.44741632218136385
D4-R3_A,7,0.7,0.76,0.06,True,recorded_event,P1a,,False,0.5494711079569728,0.00016610138547346054,-0.001820044908870548,0.030741197515930102,-0.0018422556308985705,-0.0005538510939242514,-0.00046680127330912764,0.0023438516636999328,-0.00011578186295047033,5.775990049897165,0.061004451328463126,-0.1605053490086542,-0.009667577619238532,5.196074267058445,-0.0005288920430272123,-0.010636242259609165,0.44693189155539503
D4-R3_A,7,0.7,0.76,0.06,True,recorded_event,P1b,,False,0.5497973355722274,0.00016610138547346054,0.0008602415093984656,0.02923696062342404,-0.002694854965900273,-0.0005538510939242514,-0.00014057365805456322,0.004362942405871239,-0.00011578186295047033,5.775990049897165,0.06368473774673214,-0.16200958590116027,-0.010520176954240235,5.196074267058445,-0.0002026644277726479,-0.008617151517437858,0.44693189155539503
D4-R3_A,7,0.7,0.76,0.06,True,recorded_event,P2,,False,0.5499185066519198,-7.145896718796507e-07,0.00012881911787361588,0.0006385871919273312,-8.043345357400256e-05,5.460337693108386e-08,-1.9402578362144596e-05,0.00027441772146485736,9.097575137673175e-07,5.7758232339220195,0.06295331535520729,-0.19060795933265698,-0.007905755441914018,5.196628172755746,-8.149334808022926e-05,-0.01270567620184424,0.44704858317585927
D4-R3_A,8,0.8,0.8600000000000001,0.06,True,recorded_event,A,,False,0.5484916407673243,5.455698710576939e-07,-1.9677212223873086e-05,3.219559404463168e-05,1.9662712669177296e-05,-2.0285958690635653e-08,3.068751493182087e-06,-6.335814813472618e-05,-4.417539498646761e-07,5.812335698380645,0.08420947450508891,-0.14970139634090743,-0.012589438644157092,5.776093141388704,0.001508359232675801,-0.007114821768605439,0.3743290984070553
D4-R3_A,8,0.8,0.8600000000000001,0.06,True,recorded_event,P0,,False,0.548430307479351,-0.0003262973062359009,-0.00023021040465691367,-0.004705959392328846,0.00044311059222534865,-3.427983691750569e-05,6.440203946643714e-05,-0.0006706825401742939,0.00032832120537040765,5.812008855504538,0.08399894131265587,-0.1544395513272809,-0.012165990764601009,5.776058881837745,0.0015696925206490561,-0.007722146160645007,0.3746578613663756
D4-R3_A,8,0.8,0.8600000000000001,0.06,True,recorded_event,P1a,,False,0.5483724248336516,2.5305810792630723e-05,0.004802866455919305,0.0011326626655470406,-0.0001735323651486098,-0.0004560648007689849,0.00012228468516585424,-0.00035463150161187465,-2.3281911658123988e-05,5.8123604586215665,0.08903201817323209,-0.14860092926940502,-0.012782633721974968,5.7756370968738935,0.0016275751663484732,-0.007406095122082588,0.37430625824934705
D4-R3_A,8,0.8,0.8600000000000001,0.06,True,recorded_event,P1b,,False,0.5483311714183179,2.5305810792630723e-05,0.0016722907295672745,-0.0009302080545140479,0.00013104710482236825,-0.0004560648007689849,0.00016353810049956957,-0.0006418217126604375,-2.3281911658123988e-05,5.8123604586215665,0.08590144244688006,-0.1506637999894661,-0.01247805425200399,5.7756370968738935,0.0016688285816821885,-0.0076932853331311505,0.37430625824934705
D4-R3_A,8,0.8,0.8600000000000001,0.06,True,recorded_event,P2,,False,0.5484920437767778,3.154885126477325e-07,-7.457560589438361e-06,6.3980850257217e-05,1.698375128444951e-05,-2.1570373931467657e-08,2.665742039526615e-06,-5.869698157185115e-05,-2.058997061737955e-07,5.8123354682992865,0.08422169415672334,-0.14966961108469484,-0.012592117605542012,5.7760931401042885,0.0015079562232221456,-0.007110160602042564,0.374329334261299
D4-R3_A,9,0.9,0.96,0.06,True,recorded_event,A,,False,0.5478975550664066,-1.561755480494753e-07,-7.1167024464358075e-06,-6.460842294336855e-05,1.4878836204879065e-05,-3.8910417110571416e-08,2.541923190947735e-06,-3.8285909975872313e-05,5.677890335675784e-08,5.843028406610996,0.07911603567747896,-0.09769325805874092,-0.013308015138251753,6.3589101340490695,0.002102444933593472,-0.004282914768561351,0.31386821515609653
D4-R3_A,9,0.9,0.96,0.06,True,recorded_event,P0,,False,0.5478043028633022,-0.0002908827611500797,0.00032249440723206013,-0.004975761824422484,0.00034480450083895775,-2.991199572921488e-05,9.579412629533417e-05,-0.0005049342976029929,0.0002713632674851141,5.842737680025394,0.07944564678715746,-0.10260441146022004,-0.012978089473617782,6.358880260963757,0.0021956971366978583,-0.004749563156188472,0.3141395216446783
D4-R3_A,9,0.9,0.96,0.06,True,recorded_event,P1a,,False,0.5477270998399367,-5.600044715325936e-05,0.003373497001869258,0.004431012556542491,-0.00036866331869012114,-0.0003814970748372559,0.0001729971496607914,-0.00016184022963701417,3.648095348829372e-05,5.842972562339391,0.08249664938179466,-0.09319763707925506,-0.013691557293146861,6.358528675884649,0.0022729001600633155,-0.004406469088222493,0.31390463933068147
D4-R3_A,9,0.9,0.96,0.06,True,recorded_event,P1b,,False,0.5478108898403692,-5.600044715325936e-05,0.00030507206443512735,0.0004604092080070371,8.673911688772407e-05,-0.0003814970748372559,8.920714922835494e-05,-0.00046843555187353007,3.648095348829372e-05,5.842972562339391,0.07942822444436053,-0.09716824042779051,-0.013236154857569016,6.358528675884649,0.002189110159630879,-0.004713064410459009,0.31390463933068147
D4-R3_A,9,0.9,0.96,0.06,True,recorded_event,P2,,False,0.5478977267941273,-2.2686430245499878e-07,-1.8658731302106935e-06,-5.098293200155035e-05,1.3736976297806791e-05,-3.8712390626471915e-08,2.3701954702244447e-06,-3.630554844476566e-05,1.3209509397427155e-07,5.8430283359222415,0.07912128650679519,-0.0976796325677991,-0.013309156998159061,6.358910134247096,0.0021022732058727485,-0.004280934407030245,0.31386829047228715
D4-R3_A,10,1.0,1.06,0.06,True,recorded_event,A,,False,0.5480895380104231,-5.840543426671729e-08,-5.947046224696884e-06,-5.878138429654678e-05,1.4366945200183778e-05,-3.326662945113412e-08,2.434886150724574e-06,-3.8684269966015455e-05,1.599785992567604e-08,5.86886987213962,0.06663229691913916,-0.08452249383016605,-0.012043122301898851,6.944539553299989,0.0019104619895768825,-0.004146252073951993,0.26239040584426426
D4-R3_A,10,1.0,1.06,0.06,True,recorded_event,P0,,False,0.5480091896682489,-0.00024902364023571266,0.0003621532164560376,-0.004401542248683263,0.0003187239353170668,-2.5641993404157404e-05,8.278322832502676e-05,-0.0004968514238981661,0.00024145260923535972,5.868620906904819,0.0670003971818199,-0.08886525469455277,-0.011738765311781751,6.944513944573214,0.0019908103317511847,-0.004604419227884144,0.2626318424556397
D4-R3_A,10,1.0,1.06,0.06,True,recorded_event,P1a,,False,0.5479768487294485,-1.8518260158195687e-05,-0.00024406781199809435,-0.0019239237168489631,0.0001389864239578209,-0.00032120070254126887,0.00011512416712534078,-0.0002542440200457366,1.0947229157842742e-05,5.868851412284896,0.06639417615336576,-0.08638763616271847,-0.011918502823140997,6.944218385864077,0.0020231512705514987,-0.0043618118240317146,0.2624013370755622
D4-R3_A,10,1.0,1.06,0.06,True,recorded_event,P1b,,False,0.5480606501037795,-1.8518260158195687e-05,-0.0006211606410028297,-0.002436722013203843,0.00028893786001882305,-0.00032120070254126887,3.132279279436604e-05,-0.00047452201623528374,1.0947229157842742e-05,5.868851412284896,0.06601708332436103,-0.08690043445907335,-0.011768551387079995,6.944218385864077,0.001939349896220524,-0.004582089820221262,0.2624013370755622
D4-R3_A,10,1.0,1.06,0.06,True,recorded_event,P2,,False,0.5480893707605796,5.0313346378061397e-08,-1.109493076816015e-05,-7.21227908471872e-05,1.5479247546412722e-05,-3.0573016118751184e-08,2.6021359942653144e-06,-4.060642534969936e-05,-9.696037661655055e-08,5.868869980858401,0.0666271490345957,-0.08453583523671669,-0.012042009999552593,6.944539555993602,0.0019106292394204232,-0.004148174229335677,0.2623902928860277
D4-R3_A,11,1.0999999999999979,1.159999999999998,0.06,True,recorded_event,A,,False,0.5485788705557372,-4.11006189082741e-08,-4.9784522979517964e-06,-6.393021936919319e-05,1.3938284571413107e-05,-2.513599106634956e-08,2.396308958113212e-06,-3.6466826308173116e-05,8.416169094971337e-09,5.890506613052303,0.057659495263032795,-0.07600334916425937,-0.010650294199659786,7.532534343073234,0.0014211294442628437,-0.0037317406305724934,0.2191526545220588
D4-R3_A,11,1.0999999999999979,1.159999999999998,0.06,True,recorded_event,P0,,False,0.5484986279910324,-0.00020886393891927924,0.00037613580316157164,-0.004425772208429116,0.0003129674058555132,-2.1433892129607557e-05,8.263887366290472e-05,-0.0004801404812776436,0.0002044401218057601,5.890297790214003,0.05804060951849232,-0.08036519115331929,-0.010351265078375693,7.532512934317095,0.0015013720089676352,-0.004175414285541964,0.21935708622769545
D4-R3_A,11,1.0999999999999979,1.159999999999998,0.06,True,recorded_event,P1a,,False,0.5485202659584097,-9.549268300546032e-06,-0.00017205762216431636,-0.0026803733355932613,0.00018535730679269946,-0.0002697273884137985,6.100090628553042e-05,-0.00022161839547845752,5.125451187026897e-06,5.890497104884622,0.05749241609316643,-0.07861979228048344,-0.010478875177438507,7.532264640820811,0.0014797340415902609,-0.003916892199742778,0.21915777155707672
D4-R3_A,11,1.0999999999999979,1.159999999999998,0.06,True,recorded_event,P1b,,False,0.548583761101621,-9.549268300546032e-06,-0.0004469277909078598,-0.002765851872169711,0.0003077211967772442,-0.0002697273884137985,-2.4942369256379833e-06,-0.0004626126584297871,5.125451187026897e-06,5.890497104884622,0.05721754592442289,-0.07870527081705989,-0.010356511287453962,7.532264640820811,0.0014162388983790925,-0.004157886462694107,0.21915777155707672
D4-R3_A,11,1.0999999999999979,1.159999999999998,0.06,True,recorded_event,P2,,False,0.5485787514992696,2.7084570142221764e-08,-8.662930892293363e-06,-7.346711823066898e-05,1.473002213447927e-05,-2.339046556443236e-08,2.515365425741125e-06,-3.783104101347159e-05,-6.228385718287655e-08,5.890506681237492,0.057655810784438453,-0.07601288606312084,-0.010649502462096583,7.532534344818759,0.0014212485007304716,-0.003733104845277792,0.2191525838220325
D4-R3_A,12,1.1999999999999957,1.2599999999999958,0.06,True,recorded_event,A,,False,0.549058697093179,-3.176738960775083e-08,-4.689459324136447e-06,-6.419698956786068e-05,1.3716648564976452e-05,-1.7579113276156022e-08,2.371052593139731e-06,-3.5712883382356224e-05,5.0662345429941524e-09,5.908593995149777,0.051044119966314985,-0.06815055136961448,-0.009346791785409174,8.12251203244977,0.0009413029068210413,-0.003295756402079539,0.18295975701143605
D4-R3_A,12,1.1999999999999957,1.2599999999999958,0.06,True,recorded_event,P0,,False,0.548979157032288,-0.00017512133716568457,0.000379582202520129,-0.004389148445758967,0.0003084207956680629,-1.7833014808843473e-05,8.191111348415832e-05,-0.00047198906041682077,0.00017191176443898115,5.9084189055800005,0.05142839162815925,-0.07247550282580559,-0.009052087638306006,8.122494217014074,0.00102084296771206,-0.0037320325791140034,0.18313166370964049
D4-R3_A,12,1.1999999999999957,1.2599999999999958,0.06,True,recorded_event,P1a,,False,0.5490240788239658,-6.460944651287548e-06,2.3548807348360012e-05,-0.002775596088028756,0.00018978071094899462,-0.00022568189962868246,3.6989321806379146e-05,-0.000213675575515783,3.2513719245841344e-06,5.908587565972515,0.05107235823298748,-0.07086195046807538,-0.009170727723025074,8.122286368129254,0.0009759211760342807,-0.0034737190942129657,0.1829630033171261
D4-R3_A,12,1.1999999999999957,1.2599999999999958,0.06,True,recorded_event,P1b,,False,0.5490755140883404,-6.460944651287548e-06,-0.0003001967783624951,-0.0028033464625430854,0.00030644642331401073,-0.00022568189962868246,-1.4445942568235134e-05,-0.00045724522698586565,3.2513719245841344e-06,5.908587565972515,0.05074861264727663,-0.0708897008425897,-0.009054062010660058,8.122286368129254,0.0009244859116596664,-0.0037172887456830483,0.1829630033171261
D4-R3_A,12,1.1999999999999957,1.2599999999999958,0.06,True,recorded_event,P2,,False,0.5490585864642648,2.346993355217819e-08,-8.129263320930114e-06,-7.308886347136279e-05,1.4452388366947844e-05,-1.6198679730905496e-08,2.4816815074448027e-06,-3.69777937711843e-05,-5.2199799149832415e-08,5.9085940503871,0.05104068016231819,-0.06815944324351798,-0.009346056045607063,8.122512033830203,0.0009414135357353464,-0.003297021312468367,0.18295969974540235
D4-R3_A,13,1.2999999999999936,1.3599999999999937,0.06,True,recorded_event,A,,False,0.5494157918659863,-2.338057303319374e-08,-4.818303971226845e-06,-6.207905309340428e-05,1.3626526822019258e-05,-1.1926452714305924e-08,2.357213337362673e-06,-3.572152726332269e-05,1.3646808127987242e-09,5.923726192216064,0.04555401209231626,-0.06035683025488169,-0.008159429964462664,8.714148482698933,0.0005842081340137453,-0.002863607363966559,0.1529099413336792
D4-R3_A,13,1.2999999999999936,1.3599999999999937,0.06,True,recorded_event,P0,,False,0.5493368373317641,-0.00014580584161549837,0.0003752901407265835,-0.004342937619411624,0.0003056173321231981,-1.4728051917600737e-05,8.131174755955889e-05,-0.000468692319206081,0.0001431541228686939,5.923580409755021,0.04593412053701407,-0.06463768882119991,-0.007867439159161549,8.714133766573468,0.0006631626682359415,-0.0032965781559093172,0.15305309409186707
D4-R3_A,13,1.2999999999999936,1.3599999999999937,0.06,True,recorded_event,P1a,,False,0.5493877782364552,-5.339460004805119e-06,0.000132099332904069,-0.0027732572987121534,0.00018859962538764208,-0.0001886790686942419,3.0370842868439915e-05,-0.00021520639281676123,2.687741258000642e-06,5.923720876136632,0.04569092972919155,-0.06306800850050044,-0.007984456865897105,8.713959815556692,0.0006122217635448226,-0.0030430922295199975,0.15291262771025638
D4-R3_A,13,1.2999999999999936,1.3599999999999937,0.06,True,recorded_event,P1b,,False,0.549433499797979,-5.339460004805119e-06,-0.00022445609241883435,-0.002796950875294038,0.00030249477461197216,-0.0001886790686942419,-1.5350718655314207e-05,-0.00045531389014507196,2.687741258000642e-06,5.923720876136632,0.04533437430386865,-0.06309170207708233,-0.007870561716672775,8.713959815556692,0.0005665002020210684,-0.003283199726848308,0.15291262771025638
D4-R3_A,13,1.2999999999999936,1.3599999999999937,0.06,True,recorded_event,P2,,False,0.5494156825209251,2.4524118735769207e-08,-8.231763496999167e-06,-7.089219461235002e-05,1.4353803655886566e-05,-1.0770142111482528e-08,2.466558398541612e-06,-3.6969675725431316e-05,-4.833936095849367e-08,5.9237262401207555,0.045550598632790484,-0.06036564339640064,-0.00815870268762864,8.714148483855244,0.0005843174790749243,-0.0028648555124286676,0.15290989162963742
D4-R3_A,14,1.3999999999999915,1.4599999999999915,0.06,True,recorded_event,A,,False,0.5496347658817208,-1.7904674187718683e-08,-5.011603972981948e-06,-5.994378622779101e-05,1.3560336489248925e-05,-8.332891709983414e-09,2.3454837822958047e-06,-3.5812245434685246e-05,-7.891154396588718e-10,5.936379242931632,0.04047969650321666,-0.05227283222364521,-0.007068508092115552,9.307171717075331,0.0003652341182792501,-0.0024209141946278535,0.1276828079491336
D4-R3_A,14,1.3999999999999915,1.4599999999999915,0.06,True,recorded_event,P0,,False,0.5495562852810016,-0.00012269073064619107,0.0003695495053157305,-0.004301288361141374,0.0003033257892139929,-1.2315547330388199e-05,8.082608450140819e-05,-0.0004661866306607007,0.00012033350193885184,5.93625657010566,0.04085425761250537,-0.056514176798558795,-0.0067787426393906,9.307159409860892,0.0004437147189983625,-0.002851288579853869,0.12780314224018788
D4-R3_A,14,1.3999999999999915,1.4599999999999915,0.06,True,recorded_event,P1a,,False,0.5496058181416661,-4.91922810574863e-06,0.00019731951351031896,-0.002710157541987404,0.00018312699819444944,-0.00015765397452227603,3.1293223836982586e-05,-0.00021724072345845596,2.561999398409398e-06,5.9363743416082,0.04068202762069996,-0.054923045979404825,-0.006898941430410144,9.3070140714337,0.00039418185833393687,-0.002602342672651624,0.12768537073764744
D4-R3_A,14,1.3999999999999915,1.4599999999999915,0.06,True,recorded_event,P1b,,False,0.5496494283942027,-4.91922810574863e-06,-0.00018869505907886247,-0.0027602282954331536,0.00029708720513843545,-0.00015765397452227603,-1.2317028699624082e-05,-0.0004533745682086302,2.561999398409398e-06,5.9363743416082,0.04029601304811078,-0.054973116732850574,-0.006784981223466158,9.3070140714337,0.0003505716057973302,-0.0028384765174017984,0.12768537073764744
D4-R3_A,14,1.3999999999999915,1.4599999999999915,0.06,True,recorded_event,P2,,False,0.5496346587507058,2.359359019266094e-08,-8.367145752044558e-06,-6.859849987200795e-05,1.4272961188499522e-05,-7.35209404467696e-09,2.452614797299505e-06,-3.703344963954056e-05,-4.390274632726232e-08,5.936379284429896,0.040476340961437596,-0.05228148693728943,-0.007067795467416243,9.307171718056129,0.0003653412492942538,-0.002422135398832709,0.1276827648355027
D4-R3_A,15,1.4999999999999893,1.5599999999999894,0.06,True,recorded_event,A,,False,0.5497395641589583,-1.2751434574909126e-08,-5.258926359573424e-06,-5.7549217721462875e-05,1.352311657010219e-05,-6.356554393960323e-09,2.3362949985622798e-06,-3.603562804654946e-05,-2.778016927607041e-09,5.946957876469635,0.03548707475096657,-0.044128061149248304,-0.006053724740704241,9.901353548206147,0.0002604358410417018,-0.0019859560924697546,0.1065544499427678
D4-R3_A,15,1.4999999999999893,1.5599999999999894,0.06,True,recorded_event,P0,,False,0.5496615647582748,-0.00010295251136582806,0.0003629307697067194,-0.0042586174637951335,0.0003014465847948067,-1.0300937946183808e-05,8.033569568218185e-05,-0.00046476462161740197,0.0001008748890090061,5.946854936709704,0.03585526444703286,-0.048329129395321975,-0.00576580127247972,9.901343253624756,0.00033843524172532134,-0.002414685086040607,0.10665532760979374
D4-R3_A,15,1.4999999999999893,1.5599999999999894,0.06,True,recorded_event,P1a,,False,0.5497068932409515,-4.464776377055557e-06,0.00021032066150346307,-0.0026860624925327745,0.00018107078375795282,-0.0001317073887978637,3.5007213005479613e-05,-0.00022124216219704005,2.387154020233595e-06,5.946953424444692,0.035702654338829604,-0.046756574424059616,-0.005886177073516574,9.901221847173904,0.0002931067590486191,-0.002171162626620245,0.10655683987480496
D4-R3_A,15,1.4999999999999893,1.5599999999999894,0.06,True,recorded_event,P1b,,False,0.5497498445785326,-4.464776377055557e-06,-0.00017787394542707197,-0.0027414878738657375,0.0002933086391796458,-0.0001317073887978637,-7.944124575692444e-06,-0.0004522550138084374,2.387154020233595e-06,5.946953424444692,0.03531445973189907,-0.04681199980539258,-0.005773939218094881,9.901221847173904,0.00025015542146744705,-0.0024021754782316425,0.10655683987480496
D4-R3_A,15,1.4999999999999893,1.5599999999999894,0.06,True,recorded_event,P2,,False,0.549739456073179,2.3728070175366156e-08,-8.653804392459719e-06,-6.629795581856307e-05,1.424215244538729e-05,-5.511070710895183e-09,2.4443807779666042e-06,-3.7266292602706596e-05,-4.074816928323344e-08,5.94695791294914,0.03548367987293368,-0.044136809887345405,-0.006053005704828939,9.901353549051631,0.0002605439268211061,-0.0019871867570259117,0.10655441197261545
D4-R3_A,16,1.5999999999999872,1.6599999999999873,0.06,True,recorded_event,A,,False,0.5497636731860308,-1.0882494905217754e-08,-5.327018550348173e-06,-5.665839178850551e-05,1.3443621568409725e-05,-5.545400583173432e-09,2.323981823554815e-06,-3.591651481738489e-05,-2.5282878013399568e-09,5.955795887721406,0.030404873636380395,-0.03555778567220007,-0.005081602487232457,10.496503034480442,0.0002363268139692552,-0.0015311987717444736,0.08879992624337628
D4-R3_A,16,1.5999999999999872,1.6599999999999873,0.06,True,recorded_event,P0,,False,0.5496860775103575,-8.658582569509576e-05,0.00035952420600813065,-0.0042291882376898765,0.00029930270072897613,-8.666461670969738e-06,7.991965749691964e-05,-0.0004616639783797255,8.474596382157529e-05,5.955709312778206,0.030769724860938874,-0.03973031551810144,-0.004795743408072095,10.496494373564172,0.00031392248964262,-0.001956946235306814,0.08888467473548566
D4-R3_A,16,1.5999999999999872,1.6599999999999873,0.06,True,recorded_event,P1a,,False,0.5497274367708668,-4.093788245285168e-06,0.00023881366199893575,-0.0025966982775808417,0.00017371727580384189,-0.00010999849211756896,3.856039698762594e-05,-0.0002204026619057279,2.253926371764692e-06,5.9557918048156555,0.03064901431692968,-0.038097825557992404,-0.004921328832997229,10.496393041533725,0.0002725632291333263,-0.0017156849188328166,0.08880218269803584
D4-R3_A,16,1.5999999999999872,1.6599999999999873,0.06,True,recorded_event,P1b,,False,0.5497707542807516,-4.093788245285168e-06,-0.0001725476447935123,-0.002690373316511799,0.00028807188573720666,-0.00010999849211756896,-4.757112897279967e-06,-0.00044920956424570235,2.253926371764692e-06,5.9557918048156555,0.03023765301013723,-0.03819150059692336,-0.004806974223063865,10.496393041533725,0.00022924571924842042,-0.001944491821172791,0.08880218269803584
D4-R3_A,16,1.5999999999999872,1.6599999999999873,0.06,True,recorded_event,P2,,False,0.5497635687924799,1.9548465068908172e-08,-8.613521994597917e-06,-6.512200299925441e-05,1.4138141035680007e-05,-4.836806510866154e-09,2.428375374470993e-06,-3.7103967427745254e-05,-3.427718375803579e-08,5.955795918152366,0.030401587132936145,-0.03556624928341082,-0.005080907967765573,10.496503035189036,0.00023643120752017138,-0.001532386224354834,0.08879989449448032
D4-R3_A,17,1.699999999999985,1.7599999999999851,0.06,True,recorded_event,A,,False,0.5497317969924763,-1.0583557141785604e-08,-5.17947804975355e-06,-5.733279689694448e-05,1.3314967527211508e-05,-5.51175993734887e-09,2.307636965237557e-06,-3.543705345216081e-05,-1.0521237214788925e-09,5.9631631812057115,0.025093057288013705,-0.02652570849491452,-0.004102209604103926,11.092459728903302,0.00026820300752369007,-0.001059024890515663,0.07377871439926623
D4-R3_A,17,1.699999999999985,1.7599999999999851,0.06,True,recorded_event,P0,,False,0.5496546510403914,-7.316888382469244e-05,0.0003603006291401263,-0.004208441172379285,0.0002966452555774879,-7.359303664244976e-06,7.945358905023009e-05,-0.00045678283493041927,7.161829723223434e-05,5.963090022905444,0.025458537395203585,-0.03067681687039686,-0.003818879316053625,11.092452375111398,0.0003453489596086826,-0.0014803706719939214,0.07385033374862218
D4-R3_A,17,1.699999999999985,1.7599999999999851,0.06,True,recorded_event,P1a,,False,0.5496938147099487,-3.503594828480061e-06,0.0002601092816329441,-0.002496669728832987,0.00016553324678358905,-9.172382035593785e-05,4.028991949287989e-05,-0.00021544018522744244,1.953008236021958e-06,5.96315968819444,0.025358346047696403,-0.028965045426850564,-0.003949991324847524,11.092368010594706,0.0003061852900513324,-0.0012390280222909446,0.07378066845962597
D4-R3_A,17,1.699999999999985,1.7599999999999851,0.06,True,recorded_event,P1b,,False,0.549738079676879,-3.503594828480061e-06,-0.00017511759751390882,-0.0026324828859488614,0.00028322884815024096,-9.172382035593785e-05,-3.975047437455035e-06,-0.0004443441239947465,1.953008236021958e-06,5.96315968819444,0.02492311916854955,-0.029100858583966438,-0.003832295723480872,11.092368010594706,0.0002619203231209975,-0.0014679319610582486,0.07378066845962597
D4-R3_A,17,1.699999999999985,1.7599999999999851,0.06,True,recorded_event,P2,,False,0.5497316971925721,1.3849391855558224e-08,-8.327411247455174e-06,-6.54350294264118e-05,1.3978960017091424e-05,-4.931102637328877e-09,2.407436869529165e-06,-3.6571300510351195e-05,-2.6627327009975943e-08,5.9631632056386605,0.025089909354816003,-0.02653381072744399,-0.004101545611613801,11.09245972948396,0.0002683028074279817,-0.0010601591375738533,0.07377868882406294
D4-R3_A,18,1.799999999999983,1.859999999999983,0.06,True,recorded_event,A,,False,0.54964790375989,8.825490560582239e-09,-4.743087466174689e-06,-6.0069341119548675e-05,1.3111303359458759e-05,-5.747006426304324e-09,2.284305502929724e-06,-3.443075887591199e-05,-1.3929377651322739e-08,5.967278848102853,0.019474087134859847,-0.016941006224208285,-0.003060297672265104,11.68899287502861,0.00035209624011000386,-0.0005595927029353972,0.03993866833565588
D4-R3_A,18,1.799999999999983,1.859999999999983,0.06,True,recorded_event,P0,,False,0.5495712355539263,-0.00015818305150716583,0.0003661944935486987,-0.004197591068382217,0.0002931590850367982,-1.6153919295547325e-05,7.89525114666862e-05,-0.0004489232061111614,0.00015797128615790967,5.967120656225855,0.01984502471587472,-0.021078527951470954,-0.0027802498905877826,11.688976726856321,0.00042876444607376033,-0.0009740851501706466,0.04009665355119144
D4-R3_A,18,1.799999999999983,1.859999999999983,0.06,True,recorded_event,P1a,,False,0.5496112590586871,3.371143588282166e-06,0.0002870802298121332,-0.0023778261333137346,0.00015559551885901968,-5.7023463037708666e-05,3.892900670584616e-05,-0.0002044861190493647,-3.5829089375383205e-06,5.967282210420951,0.019765910452138154,-0.01925876301640247,-0.002917813456765561,11.688935857312579,0.0003887409413129203,-0.0007296480631088499,0.039935099356095995
D4-R3_A,18,1.799999999999983,1.859999999999983,0.06,True,recorded_event,P1b,,False,0.5496566602181822,3.371143588282166e-06,-0.0001793310564894568,-0.0025628612206935082,0.000278388514184158,-5.7023463037708666e-05,-6.472152789161736e-06,-0.00043659948017919423,-3.5829089375383205e-06,5.967282210420951,0.019299499165836564,-0.019443798103782245,-0.002795020461440423,11.688935857312579,0.0003433397818179124,-0.0009617614242386794,0.039935099356095995
D4-R3_A,18,1.799999999999983,1.859999999999983,0.06,True,recorded_event,P2,,False,0.549647811083085,3.2003963035265315e-08,-7.671839007909048e-06,-6.760423841360025e-05,1.3728126170509114e-05,-5.030605265687882e-09,2.376982307954439e-06,-3.548303788934856e-05,-3.81054929832203e-08,5.967278871281326,0.019471158383318112,-0.016948541121502337,-0.003059680849454167,11.688992875745011,0.0003521889169150286,-0.0005606449819488338,0.03993864415954055
D4-R3_A,19,1.8999999999999808,1.9599999999999809,0.06,True,recorded_event,A,,False,0.5494906111623049,4.03324351694323e-08,-4.099523768291355e-06,-6.411729058155343e-05,1.285150250129874e-05,-6.682125075485601e-09,2.2538350174390034e-06,-3.3046393936820564e-05,-3.567587114616799e-08,5.965198221150485,0.01353413463281862,-0.0070213236452044475,-0.0019119203546318709,12.285633110181452,0.0005093888376951903,-5.0034839711875136e-05,-0.023814677572612387
D4-R3_A,19,1.8999999999999808,1.9599999999999809,0.06,True,recorded_event,P0,,False,0.5494146064018043,-0.00029379684128549854,0.00037543650886459265,-0.00418815159365684,0.0002889971523294399,-3.016512898668111e-05,7.825859551797434e-05,-0.00043873654938499204,0.00029553274683280506,5.964904383976764,0.013913670665451504,-0.011145357948279734,-0.0016357747048036941,12.28560295173459,0.0005853935981957256,-0.0004557249951600466,-0.023519109149908436
D4-R3_A,19,1.8999999999999808,1.9599999999999809,0.06,True,recorded_event,P1a,,False,0.5494583609329733,1.3717657147971352e-05,0.0002983859439082692,-0.0022923724791158954,0.00014813764588339495,1.0448984399502592e-05,3.450406434898066e-05,-0.00019008414729807286,-1.1981751600664836e-05,5.965211898475197,0.01383662010049518,-0.00924957883373879,-0.001776634211249739,12.285643565847977,0.0005416390670267319,-0.00020707259307312743,-0.023826623648341906
D4-R3_A,19,1.8999999999999808,1.9599999999999809,0.06,True,recorded_event,P1b,,False,0.5495046618994898,1.3717657147971352e-05,-0.00018640870710925211,-0.0025060143545525427,0.00027493425596913923,1.0448984399502592e-05,-1.1796902167522118e-05,-0.00042672028707740987,-1.1981751600664836e-05,5.965211898475197,0.01335182544947766,-0.009463220709175437,-0.0016498376011639948,12.285643565847977,0.0004953381005102292,-0.00044370873285246444,-0.023826623648341906
D4-R3_A,19,1.8999999999999808,1.9599999999999809,0.06,True,recorded_event,P2,,False,0.5494905248472794,6.524921758455093e-08,-6.831433793142577e-06,-7.114531506798201e-05,1.3426446693109995e-05,-5.691699556109597e-09,2.340150042862122e-06,-3.402528608146128e-05,-6.148217490675734e-08,5.965198246067267,0.013531402722793769,-0.007028351669690876,-0.0019113454104398271,12.285633111171878,0.0005094751527206134,-5.1013731856515854e-05,-0.023814703378916148
D4-R3_B,1,0.1,0.117,0.017,False,reconstructed_rk4,A,,False,0.4591438527975764,-0.0003678661981236786,0.0007396687039140093,0.01549591650095028,8.910392813277213e-05,-6.375980454276231e-06,8.108133828940711e-06,0.009999999999999995,0.0003578703238567016,5.330699942964078,-0.2922876747824905,0.8841054121924911,0.09925812086665677,1.6146284647385483,-0.09085614720242365,0.04002749593494997,0.8861528395341879
D4-R3_B,1,0.1,0.117,0.017,False,reconstructed_rk4,P0,,False,0.45857577778944913,0.0025642760326753944,0.02852843338117128,-0.06609392958538207,-0.010644102546874201,0.00032751685910126227,-0.000559966874298351,0.0050000000000000044,-0.0017219657636040608,5.333632085194877,-0.26449891010523324,0.8025155661061587,0.08852491439165,1.6149623575781038,-0.09142422221055094,0.03502749593494998,0.8840730034467271
D4-R3_B,1,0.1,0.117,0.017,False,reconstructed_rk4,P1a,,False,0.4590745101075888,0.0023536676421080927,0.027125248006614366,-0.08502082439947078,-0.007857926476744215,0.00058458982571441,-6.123455615865414e-05,0.0050000000000000044,-0.001511357373036759,5.333421476804309,-0.26590209547979016,0.78358867129207,0.09131109046177999,1.615219430544717,-0.09092548989241124,0.03502749593494998,0.8842836118372944
D4-R3_B,1,0.1,0.117,0.017,False,reconstructed_rk4,P1b,,False,0.459286918505765,0.0023536676421080927,0.027982248650314345,-0.10086342022073591,-0.008341576718401633,0.00058458982571441,0.00015117384201754347,0.0050000000000000044,-0.001511357373036759,5.333421476804309,-0.2650450948360902,0.7677460754708049,0.09082744022012257,1.615219430544717,-0.09071308149423504,0.03502749593494998,0.8842836118372944
D4-R3_B,1,0.1,0.117,0.017,False,reconstructed_rk4,P2,,False,0.4591326551754308,1.2958680402519462e-05,-0.0001591851277152334,-0.0032676499347032983,-4.8549012231724475e-05,-2.0269066802747204e-06,-3.0894883166765474e-06,0.0050000000000000044,0.0,5.331080767842604,-0.29318652861411976,0.8653418457568375,0.0991204679262925,1.6146328138123223,-0.09086734482456926,0.03502749593494998,0.8857949692103312
D4-R3_B,2,0.2,0.26,0.06,False,recorded_event,A,,False,0.4991219153491364,-0.0008045206297744301,-0.003432432073569247,0.045318970225185884,0.0016432053103709876,-3.9625447157298765e-05,0.00016845465096530093,-0.0005864946088965581,0.0007364302866337269,5.448714351168472,-0.16094838646721882,-0.3215588381687064,0.08063238527787446,2.3814964457857593,-0.05087808465086366,-0.01055899867394658,0.8476899884659392
D4-R3_B,2,0.2,0.26,0.06,False,recorded_event,P0,,False,0.4946537466041057,0.0017493715433287704,-0.01635302258603627,0.3042179700446501,-0.0038019807650124804,0.0012955398576868227,-0.004299714094065356,-0.0050000000000000044,-0.0023257988505678284,5.451268243341575,-0.17386897697968584,-0.06265983834924216,0.07518719920249106,2.3828316110906034,-0.055346253395894315,-0.014972504065050027,0.8446277593287377
D4-R3_B,2,0.2,0.26,0.06,False,recorded_event,P1a,,False,0.4966386945950197,-0.0057739527763107645,-0.0820243502282923,0.23250813044174273,0.016419482858748502,0.000543935044389432,-0.002314766103151407,-0.03870130543646284,0.0051975254690717065,5.443744919021936,-0.23954030462194187,-0.13436967795214955,0.09540866282625204,2.382080006277306,-0.053361305404980366,-0.048673809501512864,0.8521510836483772
D4-R3_B,2,0.2,0.26,0.06,False,recorded_event,P1b,,False,0.49900405472908016,-0.0057739527763107645,-0.022534129105191175,0.11146908128574451,0.004557150328640347,0.000543935044389432,5.059403090906106e-05,-0.0050000000000000044,0.0051975254690717065,5.443744919021936,-0.18005008349884075,-0.25540872710814777,0.08354633029614389,2.382080006277306,-0.0509959452709199,-0.014972504065050027,0.8521510836483772
D4-R3_B,2,0.2,0.26,0.06,False,recorded_event,P2,,False,0.49894803477219407,-0.00045874208232898894,-0.00062185627786987,-0.0015635211402983962,1.1344757564923924e-05,-2.3304475575081085e-05,-5.425925977034507e-06,-0.0050000000000000044,0.00045787062228352937,5.449060129715917,-0.15813781067151944,-0.3684413295341907,0.07900052472506836,2.3815127667573415,-0.051051965227805994,-0.014972504065050027,0.847411428801589
D4-R3_B,3,0.3,0.36,0.06,True,recorded_event,A,,False,0.523120234403461,2.0795527628791888e-06,1.7481639289973136e-06,0.0008089381666634074,-0.00010552386702267214,-3.4103762862613962e-06,-1.7342277609539575e-05,0.00023120653131325324,-1.4853886751708956e-06,5.535673478256025,-0.007484687114674336,-0.0605526181122393,0.036929580334773456,2.9294059187515047,-0.026879765596538988,0.0012498863782226268,0.8473761067105284
D4-R3_B,3,0.3,0.36,0.06,True,recorded_event,P0,,False,0.5226483723221809,-0.00044020160405899844,-0.0036549684151983867,0.03190143726740949,-0.0022534167380512393,-0.00018903996145214208,-0.0004892043588897721,0.0033946811667754507,0.0005775624236674659,5.535231197099203,-0.01114140369380172,-0.02946011901149322,0.03478168746374477,2.929220289166339,-0.02735162767781922,0.004413361013684824,0.8479551545228711
D4-R3_B,3,0.3,0.36,0.06,True,recorded_event,P1a,,False,0.5237520404805511,0.0006590522384151143,0.03521489552436735,0.07952182113791337,-0.00629914580974944,-0.0012559216909928672,0.0006144637994804775,0.001813424743581361,-0.0005216914188066468,5.536330450941677,0.027728460245764017,0.01816026485901066,0.03073595839204657,2.928153407436798,-0.02624795951944897,0.0028321045904907347,0.846855900680397
D4-R3_B,3,0.3,0.36,0.06,True,recorded_event,P1b,,False,0.5242824109976768,0.0006590522384151143,0.012606427242990485,0.049006649939630914,-0.004606305299209801,-0.0012559216909928672,0.0011448343166062316,0.003364919681833792,-0.0005216914188066468,5.536330450941677,0.0051199919643871526,-0.012354906339271794,0.03242879890258621,2.928153407436798,-0.025717589002323217,0.004383599528743166,0.846855900680397
D4-R3_B,3,0.3,0.36,0.06,True,recorded_event,P2,,False,0.5231168066901974,2.8724812954905588e-06,9.689710559754577e-05,0.001067908742949264,-0.00012809441495953422,-3.249992361453735e-06,-2.0769990873192867e-05,0.00027094252405771447,-2.3762792906723007e-06,5.535674271184558,-0.007389538173005788,-0.06029364753595344,0.036907009786836496,2.9294060791354295,-0.02688319330980264,0.001289622370967088,0.8473752158199129
D4-R3_B,4,0.4,0.46,0.06,True,recorded_event,A,,False,0.5380002355373315,2.079549741296205e-07,1.3822957766196353e-05,0.0007499343427746982,-0.00011995254582330972,-1.6431135607675174e-06,-2.010587604070642e-05,0.00027161651600353734,-1.3136895571363993e-07,5.612352343146727,0.009237696709912521,-0.040313903771640944,0.016767974443915427,3.4863144338833005,-0.01199976446266859,-0.002857647287831009,0.7626645892480708
D4-R3_B,4,0.4,0.46,0.06,True,recorded_event,P0,,False,0.537335737777249,-0.00037347177966751133,-0.003436938489582697,0.039590173630328414,-0.002756478746706925,-0.00010133878051199474,-0.0006846036361231635,0.00400417393292371,0.00038081886556007305,5.611978663412085,0.005786935262563628,-0.0014736644840872273,0.014131448243031919,3.4862147382163493,-0.012664262222751048,0.0008749101290891638,0.7630455394825866
D4-R3_B,4,0.4,0.46,0.06,True,recorded_event,P1a,,False,0.5387645152234914,3.8277722239854484e-05,0.0015392034393567691,0.03895624387197443,-0.002780384107049283,-0.0010553830175963341,0.0007441738101193161,0.0013014920597698531,-3.093063634729276e-05,5.612390412913992,0.010763077191503094,-0.0021075942424412094,0.014107542882689561,3.485260693979265,-0.011235484776508568,-0.0018277717440646933,0.7626337899806792
D4-R3_B,4,0.4,0.46,0.06,True,recorded_event,P1b,,False,0.5389329343088487,3.8277722239854484e-05,0.0010715203117554195,0.030957775373659437,-0.0033099728043470833,-0.0010553830175963341,0.0009125928954765179,0.003877693095699826,-3.093063634729276e-05,5.612390412913992,0.010295394063901744,-0.010106062740756205,0.01357795418539176,3.485260693979265,-0.011067065691151366,0.0007484292918652794,0.7626337899806792
D4-R3_B,4,0.4,0.46,0.06,True,recorded_event,P2,,False,0.5379995190855698,1.8940517865217998e-07,3.41340140415855e-05,0.0008047106200569781,-0.0001246701398427419,-1.6284825807844072e-06,-2.082232780236705e-05,0.00027988307202157087,-1.1704222480091175e-07,5.612352324596931,0.00925800776618791,-0.040259127494358664,0.016763256849896324,3.4863144485142805,-0.012000480914430251,-0.0028493807318129756,0.7626646035748017
D4-R3_B,5,0.5,0.56,0.06,True,recorded_event,A,,False,0.5451675253732376,1.6788174850290716e-07,4.683752813124803e-05,0.0005374986356996847,-0.0001370047895181692,-6.736060358392137e-07,-2.2465223926492958e-05,0.00035608429091479876,-9.696274716475273e-08,5.677429398504079,0.016759349964146276,-0.06260110213247845,0.004864346895086179,4.050722766716035,-0.004832474626762418,-0.005253348452474781,0.645494633254726
D4-R3_B,5,0.5,0.56,0.06,True,recorded_event,P0,,False,0.5444462273948685,-0.0005108690145796402,-0.0031644451131995054,0.040970059544204365,-0.003039415256591571,-8.2098856542423e-05,-0.0007437632022955906,0.004635945501657156,0.0005223816351724864,5.6769183616077505,0.013548067322815523,-0.022168541223973773,0.0019619364280125673,4.0506413414655285,-0.005553772605131515,-0.0009734872417324245,0.6460171118526457
D4-R3_B,5,0.5,0.56,0.06,True,recorded_event,P1a,,False,0.5454758366958298,5.452414229623059e-05,-0.0014445833177954177,0.03542084321469277,-0.0025855638149869797,-0.0008484008215843275,0.00028584609866564876,0.0022194761301378126,-4.30115217033844e-05,5.677483754764626,0.01526792911821961,-0.02771775755348536,0.0024157878696171586,4.0498750395004866,-0.004524163304170276,-0.0033899566132517675,0.6454517186957698
D4-R3_B,5,0.5,0.56,0.06,True,recorded_event,P1b,,False,0.545651666708311,5.452414229623059e-05,0.00012688033469969093,0.030824973719202745,-0.0032695857880691293,-0.0008484008215843275,0.0004616761111468897,0.004507510197670064,-4.30115217033844e-05,5.677483754764626,0.01683939277071472,-0.03231362704897539,0.0017317658965350091,4.0498750395004866,-0.004348333291689035,-0.0011019225457195166,0.6454517186957698
D4-R3_B,5,0.5,0.56,0.06,True,recorded_event,P2,,False,0.5451662601042965,3.457282904406611e-08,8.343740779194128e-05,0.0006352875380686573,-0.0001453505693822521,-6.6321552427695e-07,-2.3730492867640382e-05,0.00037065963722453157,2.7953416470438697e-08,5.677429265195159,0.01679594984380697,-0.06250331323010948,0.004856001115221846,4.050722777106547,-0.004833739895703565,-0.0052387731061650485,0.6454947581708896
D4-R3_B,6,0.6,0.6599999999999999,0.06,True,recorded_event,A,,False,0.5481341983318245,1.048414155491173e-07,6.705978398090229e-05,0.00044182907180215225,-0.00014639961469509188,-2.2863239923509582e-07,-2.392600009791697e-05,0.00040083588909318145,-1.5944112696786306e-08,5.7314197964679625,0.034198504321369255,-0.1307194594569646,-0.002802260599848877,4.621194731521937,-0.0018658016681755126,-0.009884270203347915,0.5368490122671508
D4-R3_B,6,0.6,0.6599999999999999,0.06,True,recorded_event,P0,,False,0.5473571130793252,-0.00044696391160314874,-0.003040844885555661,0.042697496499054896,-0.00322266717097186,-6.104932426520548e-05,-0.0008010112525972187,0.004994870787028821,0.0004747170432866099,5.730972727714944,0.031090599651832692,-0.08846379202971184,-0.005878528156125551,4.621133910830071,-0.0026428869206748143,-0.005290235305412276,0.5373237452545501
D4-R3_B,6,0.6,0.6599999999999999,0.06,True,recorded_event,P1a,,False,0.5480143335751776,9.855181723050777e-05,-0.0036081403885993638,0.02977514407287081,-0.002154873548882108,-0.0006843354559711301,-0.00014379075674488115,0.0026049298609077277,-7.07986855470466e-05,5.7315182434437775,0.03052330414878899,-0.10138614445589593,-0.004810734534035799,4.620510624698365,-0.0019856664248224768,-0.007680176231533369,0.5367782295257164
D4-R3_B,6,0.6,0.6599999999999999,0.06,True,recorded_event,P1b,,False,0.5482841202718934,9.855181723050777e-05,0.00019472424419605255,0.029102195789592764,-0.0031429125110502554,-0.0006843354559711301,0.00012599593997103357,0.00483799076878215,-7.07986855470466e-05,5.7315182434437775,0.034326168781584405,-0.10205909273917398,-0.005798773496203946,4.620510624698365,-0.001715879728106562,-0.005447115323658947,0.5367782295257164
D4-R3_B,6,0.6,0.6599999999999999,0.06,True,recorded_event,P2,,False,0.548133019320594,-1.7622007231210546e-07,0.00010177236255720645,0.0005337200896724237,-0.00015419401505178953,-2.253833857324139e-07,-2.510501132843134e-05,0.0004144280204704566,2.470776179208656e-07,5.731419515406475,0.03423321689994556,-0.13062756843909432,-0.002810055000205435,4.621194734770951,-0.001866980679406027,-0.00987067807197064,0.5368492752888814
D4-R3_B,7,0.7,0.76,0.06,True,recorded_event,A,,False,0.549908920767085,-1.722370068790724e-08,8.396371274248249e-05,0.0005213729710838999,-7.049196436526017e-05,5.488393561847715e-08,-1.7904219902896236e-05,0.0002570244423039953,2.3328713893988606e-07,5.775798406527632,0.06299631045704734,-0.19076769315378234,-0.007891322962645898,5.19661087731631,-9.107923291509486e-05,-0.012723572102409696,0.4470986403732931
D4-R3_B,7,0.7,0.76,0.06,True,recorded_event,P0,,False,0.5491318313933463,-0.0003182256549010276,-0.0029386184524568607,0.041279258315434775,-0.0028110745265155224,-4.0372135959643174e-05,-0.0007949935936415369,0.004518987712101977,0.0003685747807997686,5.775480198096432,0.059973728291848,-0.15000980780943146,-0.010631905524796093,5.196570450296415,-0.0008681686066537355,-0.008461608832611715,0.44746698186695394
D4-R3_B,7,0.7,0.76,0.06,True,recorded_event,P1a,,False,0.5494604331744634,0.0001663288753208647,-0.0018523640623502244,0.030688311926350326,-0.0018381303431365126,-0.0005539189325407534,-0.0004663918125245225,0.0023425170722636626,-0.00011597974942212375,5.7759647526266535,0.06105998268195464,-0.1606007541985159,-0.009658961341417083,5.196056903499834,-0.0005395668255367211,-0.010638079472450029,0.44698242733673205
D4-R3_B,7,0.7,0.76,0.06,True,recorded_event,P1b,,False,0.5497869888967413,0.0001663288753208647,0.000853724786701926,0.02923514970814378,-0.0026947633326757092,-0.0005539189325407534,-0.00013983609024662306,0.004362717437288806,-0.00011597974942212375,5.7759647526266535,0.06376607153100679,-0.16205391641672245,-0.01051559433095628,5.196056903499834,-0.00021301110325882167,-0.008617879107424885,0.44698242733673205
D4-R3_B,7,0.7,0.76,0.06,True,recorded_event,P2,,False,0.5499074254948126,-7.139105111519939e-07,0.00012870284017735267,0.000638501957872184,-8.040856617386183e-05,5.397074431812143e-08,-1.9399492175151934e-05,0.0002743348302097232,9.097104989308491e-07,5.7757977098408215,0.06304104958448221,-0.19065056416699405,-0.007901239564454642,5.196610876403119,-9.257450518735056e-05,-0.012706261714503968,0.4470993167966531
D4-R3_B,8,0.8,0.8600000000000001,0.06,True,recorded_event,A,,False,0.5484945416550653,5.45858572564839e-07,-1.964994707205625e-05,3.232854905912963e-05,1.96566935453113e-05,-2.023765865999394e-08,3.0675537084103293e-06,-6.335932126235594e-05,-4.4186410441682256e-07,5.812313277745255,0.08426362208949492,-0.14970746499900012,-0.012588943950741614,5.77607358778808,0.001505458344934772,-0.007113181935549053,0.3743749642376714
D4-R3_B,8,0.8,0.8600000000000001,0.06,True,recorded_event,P0,,False,0.5484362745050425,-0.00032643677264498905,-0.00024333283368896397,-0.004655595777707133,0.0004428272357137608,-3.428309444064581e-05,6.133470373122511e-05,-0.0006708653201052571,0.00032846043695577976,5.811986295114037,0.08403993920287801,-0.15439538932576638,-0.012165773408573166,5.776039324931298,0.0015637254949575868,-0.007720687934391954,0.3747038665387316
D4-R3_B,8,0.8,0.8600000000000001,0.06,True,recorded_event,P1a,,False,0.5483755854362057,2.5508190608647396e-05,0.004765643804944292,0.0010634763291469673,-0.0001683602663562489,-0.0004560906793731334,0.00012202377256799717,-0.00035526769532200943,-2.348452629785669e-05,5.812338240077291,0.08904891584151127,-0.14867631721891228,-0.012776960910643176,5.775617517346365,0.0016244145637943589,-0.007405090309608706,0.374351921575478
D4-R3_B,8,0.8,0.8600000000000001,0.06,True,recorded_event,P1b,,False,0.54833374133477,2.5508190608647396e-05,0.0016661459364559067,-0.0009324288161960126,0.00013127472742979762,-0.0004560906793731334,0.00016386787400366355,-0.0006418810333191794,-2.348452629785669e-05,5.812338240077291,0.08594941797302288,-0.15067222236425526,-0.01247732591685713,5.775617517346365,0.0016662586652300253,-0.007691703647605876,0.374351921575478
D4-R3_B,8,0.8,0.8600000000000001,0.06,True,recorded_event,P2,,False,0.5484949418849773,3.177612839522226e-07,-7.514583807155528e-06,6.389429382391842e-05,1.6996201776198205e-05,-2.1482206236100865e-08,2.6673237964016175e-06,-5.873024434850226e-05,-2.080238283852509e-07,5.812313049647966,0.08427575745275982,-0.14967589925423533,-0.012591604442510706,5.776073586543532,0.0015050581150227633,-0.007108552858635199,0.37437519807794745
D4-R3_B,9,0.9,0.96,0.06,True,recorded_event,A,,False,0.5478966130837842,-1.5590060353787294e-07,-7.119277191131035e-06,-6.449427606834701e-05,1.4880498398373021e-05,-3.891994104776586e-08,2.5418679513813415e-06,-3.8308084011689884e-05,5.661457791461544e-08,5.843009303193249,0.07914579911989301,-0.09770763287239359,-0.013309147321955123,6.358888562971331,0.0021033869162158094,-0.004283376837004883,0.31390730878042783
D4-R3_B,9,0.9,0.96,0.06,True,recorded_event,P0,,False,0.5478041884803688,-0.0002909546196674384,0.0003187869778212421,-0.004961550156748373,0.0003447598869010804,-2.9918614097290686e-05,9.496647136681248e-05,-0.0005051202079559124,0.00027143385315575586,5.842718504474185,0.07947170537490539,-0.10260468875307362,-0.012979267933452387,6.358858683277175,0.0021958115196312406,-0.004750188960949106,0.31417868601900567
D4-R3_B,9,0.9,0.96,0.06,True,recorded_event,P1a,,False,0.5477260005562344,-5.5941984822283075e-05,0.0033602197394546895,0.004409061638407055,-0.0003669723996129193,-0.00038153092662351895,0.00017315439550113707,-0.0001623411633629836,3.642121831060052e-05,5.84295351710903,0.08251313813653884,-0.09323407695791819,-0.013691000219966387,6.358507070964649,0.002273999443765565,-0.004407409916356177,0.3139436733841605
D4-R3_B,9,0.9,0.96,0.06,True,recorded_event,P1b,,False,0.5478096917428498,-5.5941984822283075e-05,0.0003021931051459953,0.0004581751834954323,8.690016246815091e-05,-0.00038153092662351895,8.94632088858263e-05,-0.00046857653848489476,3.642121831060052e-05,5.84295351710903,0.07945511150223014,-0.09718496341282981,-0.013237127657885317,6.358507070964649,0.0021903082571502544,-0.004713645291478088,0.3139436733841605
D4-R3_B,9,0.9,0.96,0.06,True,recorded_event,P2,,False,0.5478967836398706,-2.2576634695070652e-07,-1.9042975466926348e-06,-5.0961863317045e-05,1.3746429990302289e-05,-3.870283382667594e-08,2.3713118649680218e-06,-3.6341222398228804e-05,1.310754473848874e-07,5.843009233327505,0.07915101409953745,-0.09769410045964229,-0.01331028139036329,6.358888563188438,0.002103216360129396,-0.004281409975391422,0.3139073832412973
D4-R3_B,10,1.0,1.06,0.06,True,recorded_event,A,,False,0.5480872552566345,-5.839584282796295e-08,-5.946458146485756e-06,-5.875497835347576e-05,1.4367003223991759e-05,-3.329892628300968e-08,2.4348284514228574e-06,-3.868814302243444e-05,1.5990266000187603e-08,5.868853820491694,0.06664889221925606,-0.08452230785098838,-0.012045036236532875,6.944516234580578,0.0019127447433656111,-0.004145881013205116,0.26242331056139
D4-R3_B,10,1.0,1.06,0.06,True,recorded_event,P0,,False,0.5480072529116679,-0.00024905180722534226,0.0003605816483874119,-0.00439588889397019,0.0003187087267599864,-2.564467244869917e-05,8.243717341794893e-05,-0.0004969042708306819,0.00024147600330248764,5.868604827080311,0.06701542032578996,-0.0888594417666051,-0.011740694512996974,6.944490623207056,0.001992747088332137,-0.004604097141013364,0.2626647705744265
D4-R3_B,10,1.0,1.06,0.06,True,recorded_event,P1a,,False,0.5479744548205512,-1.8509428822532925e-05,-0.00024852505483871634,-0.001930220587953918,0.00013945200069498398,-0.0003212346401717525,0.00011523526453465741,-0.00025434141819618075,1.0933624899678307e-05,5.868835369458714,0.06640631362256383,-0.08639377346058882,-0.011919951239061977,6.944195033239333,0.0020255451794488457,-0.004361534288378863,0.2624342281960237
D4-R3_B,10,1.0,1.06,0.06,True,recorded_event,P1b,,False,0.5480582405226232,-1.8509428822532925e-05,-0.0006223092789725687,-0.002436198520052238,0.0002889117508808603,-0.0003212346401717525,3.144956246262207e-05,-0.00047454243252072377,1.0933624899678307e-05,5.868835369458714,0.06603252939842998,-0.08689975139268714,-0.0117704914888761,6.944195033239333,0.0019417594773768103,-0.004581735302703406,0.2624342281960237
D4-R3_B,10,1.0,1.06,0.06,True,recorded_event,P2,,False,0.548087087747209,5.054308260810103e-08,-1.1102318805300548e-05,-7.211704471656033e-05,1.548103313941951e-05,-3.059924402748493e-08,2.602337876863193e-06,-4.06132902780517e-05,-9.719718097045416e-08,5.868853929430619,0.06664373635859724,-0.08453566991735147,-0.012043922206617754,6.9445162372802605,0.0019129122527910514,-0.004147806160460734,0.26242319737394304
D4-R3_B,11,1.0999999999999979,1.159999999999998,0.06,True,recorded_event,A,,False,0.5485765138565935,-4.110621176778295e-08,-4.98688593954244e-06,-6.391329919910871e-05,1.394057023418327e-05,-2.5169628159460444e-08,2.396586484300139e-06,-3.647648285042167e-05,8.400081519255309e-09,5.8904932405279835,0.057666376027595154,-0.07600422264951381,-0.01065202539752534,7.532509543392818,0.0014234861434066072,-0.0037319763933804694,0.21917992235549755
D4-R3_B,11,1.0999999999999979,1.159999999999998,0.06,True,recorded_event,P0,,False,0.5484959272258986,-0.00020884774954499363,0.00037754204393553037,-0.004431241162157193,0.0003130151836132633,-2.143122943110143e-05,8.298321717917136e-05,-0.00048017052377826754,0.00020441572909746242,5.89028443388465,0.058048904957470226,-0.0803715505124719,-0.01035295078414622,7.532488137333015,0.0015040727741014784,-0.004175670434308315,0.2193843296845135
D4-R3_B,11,1.0999999999999979,1.159999999999998,0.06,True,recorded_event,P1a,,False,0.5485176952074223,-9.595562243447375e-06,-0.00016900695708164937,-0.0026720862159468894,0.0001847617484558306,-0.00026975780513627257,6.121523565540349e-05,-0.00022167118903960656,5.16354179591616e-06,5.890483686071952,0.05750235595645305,-0.0786123955662616,-0.010481204219303653,7.53223981075731,0.0014823047925777105,-0.003917171099569654,0.21918507749721194
D4-R3_B,11,1.0999999999999979,1.159999999999998,0.06,True,recorded_event,P1b,,False,0.5485813222291789,-9.595562243447375e-06,-0.0004470363606883937,-0.0027654028019139243,0.00030768306108441834,-0.00026975780513627257,-2.411786101124856e-06,-0.00046264991908648995,5.16354179591616e-06,5.890483686071952,0.0572243265528463,-0.07870571215222863,-0.010358282906675065,7.53223981075731,0.0014186777708211822,-0.004158149829616538,0.21918507749721194
D4-R3_B,11,1.0999999999999979,1.159999999999998,0.06,True,recorded_event,P2,,False,0.5485763950129185,2.6956501031349944e-08,-8.66476708182018e-06,-7.343312505800337e-05,1.4730892788250571e-05,-2.3427412010335047e-08,2.515430159228142e-06,-3.783826222101194e-05,-6.217353387683033e-08,5.890493308590696,0.057662698146452876,-0.07601374247537271,-0.010651235074971448,7.532509545135034,0.0014236049870815352,-0.0037333381727510597,0.21917985178188215
D4-R3_B,12,1.1999999999999957,1.2599999999999958,0.06,True,recorded_event,A,,False,0.549056816631128,-3.182445862393024e-08,-4.692705393889718e-06,-6.420720711093619e-05,1.371734868360619e-05,-1.7606410551707086e-08,2.3711722643641586e-06,-3.571356274463793e-05,5.092520183325178e-09,5.9085828994304475,0.05104610982072138,-0.06814659235623496,-0.009348147037440475,8.122485995480734,0.0009431833688720065,-0.0032956279372664643,0.18298240384177186
D4-R3_B,12,1.1999999999999957,1.2599999999999958,0.06,True,recorded_event,P0,,False,0.5489770303167876,-0.00017511584688012505,0.00038063207569636465,-0.004393229985243455,0.0003084458139857027,-1.783199934202173e-05,8.215748660486233e-05,-0.00047197211640999555,0.00017190063006733425,5.908407815408026,0.05143143460181163,-0.07247561513436748,-0.009053418572138483,8.122468181087802,0.0010229696832125047,-0.003731886490931822,0.183154299379319
D4-R3_B,12,1.1999999999999957,1.2599999999999958,0.06,True,recorded_event,P1a,,False,0.549022088054734,-6.491970914623835e-06,2.6457694642163798e-05,-0.00276866180916413,0.00018926516459183418,-0.00022570946120126223,3.709974865845475e-05,-0.0002136193738736438,3.276754101833035e-06,5.9085764392839915,0.05107726022075743,-0.07085104695828816,-0.009172599221532352,8.122260303625943,0.000977911945266097,-0.00347353374839547,0.1829856755033535
D4-R3_B,12,1.1999999999999957,1.2599999999999958,0.06,True,recorded_event,P1b,,False,0.5490736111593612,-6.491970914623835e-06,-0.00030005960811569504,-0.0028025078767472955,0.00030638835817242693,-0.00022570946120126223,-1.442335596875963e-05,-0.00045723430314930725,3.276754101833035e-06,5.9085764392839915,0.050750742917999574,-0.07088489302587132,-0.009055476027951759,8.122260303625943,0.0009263888406388827,-0.0037171486776711336,0.1829856755033535
D4-R3_B,12,1.1999999999999957,1.2599999999999958,0.06,True,recorded_event,P2,,False,0.5490567062789943,2.328348980285e-08,-8.123893068791299e-06,-7.307681708480784e-05,1.4451247679403423e-05,-1.6228893784386855e-08,2.481524398117627e-06,-3.697530978545279e-05,-5.203946962240025e-08,5.908582954538396,0.05104267863304648,-0.06815546196620884,-0.00934741313844489,8.12248599685825,0.00094329372100576,-0.003296889684307279,0.18298234670978206
D4-R3_B,13,1.2999999999999936,1.3599999999999937,0.06,True,recorded_event,A,,False,0.5494145053202416,-2.3409708838073584e-08,-4.82106006517713e-06,-6.208712871705324e-05,1.3627110268199516e-05,-1.1944759847892783e-08,2.3573082057599904e-06,-3.572228500531684e-05,1.3772920581800463e-09,5.923717001518323,0.0455531856717578,-0.0603540140871622,-0.0081602864168842,8.71412142025591,0.0005854946797583995,-0.0028636142440234946,0.15292857339155463
D4-R3_B,13,1.2999999999999936,1.3599999999999937,0.06,True,recorded_event,P0,,False,0.5493353244502363,-0.00014580274572750795,0.00037627651882678886,-0.0043466226626956775,0.00030563588725618374,-1.4727357555699427e-05,8.15381782112083e-05,-0.000468674748009594,0.0001431481519187372,5.9235712221823045,0.045934283250649764,-0.06463854962114082,-0.00786827763989617,8.714106704843115,0.0006646755497638478,-0.0032965667070277717,0.1530717201661813
D4-R3_B,13,1.2999999999999936,1.3599999999999937,0.06,True,recorded_event,P1a,,False,0.5493864223496151,-5.35911137067302e-06,0.00013452919729240592,-0.0027677296224459733,0.00018819598622243916,-0.00018870255422775983,3.044027883233099e-05,-0.00021517082335337353,2.7045175619022643e-06,5.923711665816661,0.04569253592911538,-0.06305965658089112,-0.007985717540929915,8.713932729646443,0.0006135776503849705,-0.0030430627823715512,0.15293127653182448
D4-R3_B,13,1.2999999999999936,1.3599999999999937,0.06,True,recorded_event,P1b,,False,0.5494322129457263,-5.35911137067302e-06,-0.00022429977497325643,-0.002796604177995675,0.0003024701334060076,-0.00018870255422775983,-1.5350317278883742e-05,-0.0004553069344254176,2.7045175619022643e-06,5.923711665816661,0.04533370695684972,-0.06308853113644082,-0.007871443393746347,8.713932729646443,0.0005677870542737558,-0.0032831988934435953,0.15293127653182448
D4-R3_B,13,1.2999999999999936,1.3599999999999937,0.06,True,recorded_event,P2,,False,0.549414396171698,2.440570057160585e-08,-8.228375437249746e-06,-7.088441686724234e-05,1.4353079809570346e-05,-1.0790561333351434e-08,2.4664567493996002e-06,-3.6968190796999364e-05,-4.82342512597711e-08,5.9237170493337326,0.045549778356385726,-0.06036281137531239,-0.008159560447342633,8.714121421410109,0.0005856038283020391,-0.002864860149815177,0.15292852378001132
D4-R3_B,14,1.3999999999999915,1.4599999999999915,0.06,True,recorded_event,A,,False,0.5496339920939293,-1.7919990824566412e-08,-5.014565567472429e-06,-5.994998725364353e-05,1.3561004979845137e-05,-8.343798540977332e-09,2.345589226249666e-06,-3.581345214270608e-05,-7.848610650285082e-10,5.936371630392298,0.04047804287560275,-0.05227154798352155,-0.007069003383884032,9.307143807317287,0.00036600790607078156,-0.0024209970169291194,0.1276981977053155
D4-R3_B,14,1.3999999999999915,1.4599999999999915,0.06,True,recorded_event,P0,,False,0.5495552872823217,-0.0001226869968657951,0.0003705247656584712,-0.004304937192321841,0.0003033451926133246,-1.2314764587628702e-05,8.105040083375816e-05,-0.0004661708931368415,0.0001203277906416389,5.936248961315423,0.04085358220682869,-0.05651653518858975,-0.006779219196250352,9.307131500896498,0.00044471271767829005,-0.002851354457923255,0.12781852628081822
D4-R3_B,14,1.3999999999999915,1.4599999999999915,0.06,True,recorded_event,P1a,,False,0.5496049903342605,-4.9347350588035965e-06,0.0001998879400231801,-0.0027047599178919787,0.00018273252619760427,-0.0001576734398884838,3.13473488950669e-05,-0.00021720851466172078,2.5755288346474003e-06,5.93636671357723,0.0406829453811934,-0.054916357914159886,-0.006899831862666073,9.306986142221197,0.0003950096657395988,-0.002602392079448134,0.12770077401901123
D4-R3_B,14,1.3999999999999915,1.4599999999999915,0.06,True,recorded_event,P1b,,False,0.5496486600482595,-4.9347350588035965e-06,-0.00018842770906177253,-0.0027599334386703422,0.0002970644644992859,-0.0001576734398884838,-1.2322365103950702e-05,-0.0004533714865864076,2.5755288346474003e-06,5.93636671357723,0.04029462973210845,-0.05497153143493825,-0.006785499924364391,9.306986142221197,0.0003513399517405812,-0.002838555051372821,0.12770077401901123
D4-R3_B,14,1.3999999999999915,1.4599999999999915,0.06,True,recorded_event,P2,,False,0.5496338851636721,2.3496006029688488e-08,-8.363811368532204e-06,-6.858847113401512e-05,1.427229404704633e-05,-7.364956644551057e-09,2.4525194834477504e-06,-3.703236815501016e-05,-4.3813079386723075e-08,5.936371671808295,0.04047469362980169,-0.05228018646740192,-0.007068292094816615,9.307143808296129,0.00036611483632797965,-0.0024222159329414235,0.1276981546770972
D4-R3_B,15,1.4999999999999893,1.5599999999999894,0.06,True,recorded_event,A,,False,0.549739161218326,-1.2759350909163913e-08,-5.262183723972469e-06,-5.755304676399037e-05,1.3523892373523694e-05,-6.362244064916922e-09,2.3364120769836733e-06,-3.6037464912672644e-05,-2.7781492661915763e-09,5.946951568318236,0.03548552027133473,-0.04412792745080359,-0.006053990402879968,9.901324938671191,0.00026083878167407524,-0.001986082205980583,0.10656719816186172
D4-R3_B,15,1.4999999999999893,1.5599999999999894,0.06,True,recorded_event,P0,,False,0.5496609417934842,-0.00010294846804281832,0.0003638835241752403,-0.004262192395676247,0.0003014670245162776,-1.0300092235127067e-05,8.055583691872687e-05,-0.0004647523409004443,0.00010086923804752956,5.946848632609544,0.035854665979233945,-0.04833256679971585,-0.00576604727073704,9.9013146449412,0.00033905820651581844,-0.0024147970819683546,0.10666807017805852
D4-R3_B,15,1.4999999999999893,1.5599999999999894,0.06,True,recorded_event,P1a,,False,0.5497064395170266,-4.47785314694471e-06,0.00021295114302467832,-0.0026807226921105112,0.0001806807616890893,-0.00013172333427924343,3.505811337641988e-05,-0.00022121674771528226,2.398623151655954e-06,5.94694710322444,0.03570373359808338,-0.046751097096150114,-0.0058868335335642286,9.901193221699156,0.00029356048297351145,-0.0021712614887831926,0.10656959956316264
D4-R3_B,15,1.4999999999999893,1.5599999999999894,0.06,True,recorded_event,P1b,,False,0.5497494455352623,-4.47785314694471e-06,-0.00017755274927655496,-0.0027411884477302265,0.00029328434693809413,-0.00013172333427924343,-7.947904859359272e-06,-0.00045225613410629405,2.398623151655954e-06,5.94694710322444,0.03531322970578215,-0.04681156285176983,-0.005774229948315224,9.901193221699156,0.0002505544647377323,-0.0024023008751742044,0.10656959956316264
D4-R3_B,15,1.4999999999999893,1.5599999999999894,0.06,True,recorded_event,P2,,False,0.5497390533308609,2.3648401459297475e-08,-8.65082627170971e-06,-6.628572333415572e-05,1.4241608789156146e-05,-5.518474566201803e-09,2.444299542041445e-06,-3.726587168721707e-05,-4.0673653778355856e-08,5.946951604725989,0.035482131628786995,-0.04413666012737376,-0.006053272686464,9.90132493951496,0.000260946669139133,-0.0019873106127551274,0.10656716026635721
D4-R3_B,16,1.5999999999999872,1.6599999999999873,0.06,True,recorded_event,A,,False,0.5497635079767554,-1.0885742973698598e-08,-5.330731756618412e-06,-5.665964726215417e-05,1.3444543474072645e-05,-5.547812875761338e-09,2.324114999910419e-06,-3.591915369166609e-05,-2.531199250199734e-09,5.9557906594970955,0.03040372948921546,-0.03555855768513647,-0.005081736694094638,10.4964738466134,0.0002364920232445665,-0.0015313613280530834,0.08881052346570378
D4-R3_B,16,1.5999999999999872,1.6599999999999873,0.06,True,recorded_event,P0,,False,0.5496856899972185,-8.658152446816558e-05,0.0003604812098272035,-0.004232790933872535,0.0002993249546605625,-8.665581718858562e-06,8.014209453690904e-05,-0.00046165570242823846,8.47402242554196e-05,5.95570408885837,0.030769541430799283,-0.039734688971746854,-0.00479585628290824,10.496465186579494,0.0003143100027815651,-0.0019570978767896557,0.08889526622115845
D4-R3_B,16,1.5999999999999872,1.6599999999999873,0.06,True,recorded_event,P1a,,False,0.549727216814837,-4.105342371829579e-06,0.00024151451984447472,-0.0025912779862351035,0.0001733220038122596,-0.00011001152918233004,3.861527691832259e-05,-0.00022038543810536863,2.2640421590836013e-06,5.955786565040467,0.030650574740816554,-0.03809317602410942,-0.0049218592337565426,10.49636384063203,0.00027278318516297867,-0.001715827612466786,0.08881279003906212
D4-R3_B,16,1.5999999999999872,1.6599999999999873,0.06,True,recorded_event,P1b,,False,0.5497705885306232,-4.105342371829579e-06,-0.00017220177028736197,-0.002690067247576901,0.00028804602120624523,-0.00011001152918233004,-4.7564388678771725e-06,-0.0004492152934639851,2.2640421590836013e-06,5.955786565040467,0.030236858450684717,-0.03819196528545122,-0.004807135216362557,10.49636384063203,0.0002294114693767789,-0.0019446574678254024,0.08881279003906212
D4-R3_B,16,1.5999999999999872,1.6599999999999873,0.06,True,recorded_event,P2,,False,0.549763403781073,1.9483478830295553e-08,-8.611000688489578e-06,-6.510720880550241e-05,1.413774640379728e-05,-4.840718048626513e-09,2.4283106823170695e-06,-3.710435581349286e-05,-3.4215709376894665e-08,5.955790689866317,0.03040044922028359,-0.03556700524667982,-0.005081043491164869,10.496473847320495,0.00023659621892697314,-0.0015325465301749101,0.08881049178119366
D4-R3_B,17,1.699999999999985,1.7599999999999851,0.06,True,recorded_event,A,,False,0.5497317694354915,-1.0585456067246923e-08,-5.18333716074959e-06,-5.733257112622986e-05,1.3315943704572675e-05,-5.5122981734712084e-09,2.307775344598424e-06,-3.5440061448923504e-05,-1.0552572149435946e-09,5.963158851128411,0.02509236936139563,-0.02652694095366912,-0.004102280000615388,11.092430062823047,0.0002682305645084844,-0.001059195820554016,0.0737875659007426
D4-R3_B,17,1.699999999999985,1.7599999999999851,0.06,True,recorded_event,P0,,False,0.5496544084802513,-7.31648844327637e-05,0.00036122263769800683,-0.004211922819425163,0.00029666782096038347,-7.358479381380789e-06,7.966873058488672e-05,-0.00045677713163316835,7.161303403879771e-05,5.963085696829435,0.025458775336254385,-0.030681531201968055,-0.0038189281233593775,11.092422709855963,0.0003455915197487727,-0.0014805328907382608,0.07385917999003862
D4-R3_B,17,1.699999999999985,1.7599999999999851,0.06,True,recorded_event,P1a,,False,0.5496937303511337,-3.5133362841222038e-06,0.000262756826125584,-0.0024913701261532646,0.00016514684552593195,-9.173454652788848e-05,4.0346859702470044e-05,-0.0002154277778044628,1.9614858901562116e-06,5.963155348377583,0.025360309524681962,-0.028960978508696156,-0.003950449098793829,11.092338333788817,0.000306269648866356,-0.0012391835369095553,0.07378952844188998
D4-R3_B,17,1.699999999999985,1.7599999999999851,0.06,True,recorded_event,P1b,,False,0.5497380478663492,-3.5133362841222038e-06,-0.00017477395535551998,-0.002632164172646001,0.0002832016672837945,-9.173454652788848e-05,-3.970655513025104e-06,-0.00044435213342386166,1.9614858901562116e-06,5.963155348377583,0.024922778743200858,-0.029101772555188893,-0.0038323942770359665,11.092338333788817,0.00026195213365086086,-0.0014681078925289541,0.07378952844188998
D4-R3_B,17,1.699999999999985,1.7599999999999851,0.06,True,recorded_event,P2,,False,0.5497316698281958,1.3797687437033801e-08,-8.325190919145076e-06,-6.541916066319861e-05,1.3978654624047238e-05,-4.9328718887409195e-09,2.407382640385908e-06,-3.6572119685311915e-05,-2.6578335976523704e-08,5.963158875511555,0.025089227507637233,-0.02653502754320609,-0.004101617289695779,11.092430063402473,0.0002683301718042719,-0.0010603278787904044,0.07378754037766384
D4-R3_B,18,1.799999999999983,1.859999999999983,0.06,True,recorded_event,A,,False,0.549647948046947,8.822580888079301e-09,-4.7469973069314e-06,-6.0067980097854023e-05,1.3112304056761559e-05,-5.746601416944941e-09,2.2844451254300257e-06,-3.4434010007886734e-05,-1.3930859132926798e-08,5.967275408914433,0.019473768738827436,-0.016942501848477717,-0.003060343245273854,11.688962820377911,0.00035205195305299924,-0.0005597663813604067,0.039947566570210896
D4-R3_B,18,1.799999999999983,1.859999999999983,0.06,True,recorded_event,P0,,False,0.5495710741723949,-0.0001581729294404255,0.0003670735204364603,-0.004200918064582348,0.0002931814697451074,-1.615252011610835e-05,7.915831967760016e-05,-0.0004489196809530823,0.00015796004769441652,5.9671172271624116,0.019845589256570827,-0.02108335193296221,-0.0027802740795856984,11.688946673604397,0.0004289258276051694,-0.0009742520523056023,0.040105540548764446
D4-R3_B,18,1.799999999999983,1.859999999999983,0.06,True,recorded_event,P1a,,False,0.5496112455685765,3.3629432838466755e-06,0.0002896187848195862,-0.0023727318248703,0.00015522457895711383,-5.7033710845644237e-05,3.898692349589046e-05,-0.0002044783617192456,-3.5758250298556504e-06,5.967278763035136,0.019768134520953953,-0.019255165693250163,-0.002918230970373692,11.688905792413667,0.00038875443142345967,-0.0007298107330717656,0.03994400467604017
D4-R3_B,18,1.799999999999983,1.859999999999983,0.06,True,recorded_event,P1b,,False,0.5496566974679186,3.3629432838466755e-06,-0.00017900416426242655,-0.0025625489459301133,0.00027836168318673415,-5.7033710845644237e-05,-6.464975846078556e-06,-0.00043660916180181426,-3.5758250298556504e-06,5.967278763035136,0.01929951157187194,-0.019444982814309977,-0.0027950938661440716,11.688905792413667,0.00034330253208149066,-0.0009619415331543343,0.03994400467604017
D4-R3_B,18,1.799999999999983,1.859999999999983,0.06,True,recorded_event,P2,,False,0.549647855553278,3.1963412361335486e-08,-7.669958367068075e-06,-6.758798326843632e-05,1.3727907920202398e-05,-5.031159489021775e-09,2.376938794478305e-06,-3.548420988784529e-05,-3.806737858269571e-08,5.967275432055264,0.0194708457777673,-0.0169500218516483,-0.003059727641410813,11.688962821093353,0.0003521444467220475,-0.0005608165812403653,0.039947542433691446
D4-R3_B,19,1.8999999999999808,1.9599999999999809,0.06,True,recorded_event,A,,False,0.5494906890675401,4.0327955197483334e-08,-4.103291207147031e-06,-6.411547233961187e-05,1.285247230331521e-05,-6.681293740484762e-09,2.253969330183957e-06,-3.3049622794133974e-05,-3.56752041241748e-08,5.965195708760444,0.013534084243482814,-0.007022871344160093,-0.0019119626762085457,12.285602757978697,0.000509310932460036,-5.0198983341661946e-05,-0.023805390357805576
D4-R3_B,19,1.8999999999999808,1.9599999999999809,0.06,True,recorded_event,P0,,False,0.5494144933013361,-0.0002937827855946651,0.00037624947421545894,-0.004191243137752302,0.00028901869362307764,-3.0163127123117306e-05,7.844973553416609e-05,-0.0004387345304026561,0.00029551777854752714,5.964901885646894,0.01391443700890542,-0.011149999009572783,-0.0016357964548889825,12.285572601532868,0.0005855066986640181,-0.0004558838909501841,-0.023509836904053925
D4-R3_B,19,1.8999999999999808,1.9599999999999809,0.06,True,recorded_event,P1a,,False,0.5494583828508448,1.3711277333072758e-05,0.0003007519278668356,-0.002287608062695793,0.00014779109791440703,1.0438602464191149e-05,3.45601860253634e-05,-0.0001900791702487795,-1.19762843802107e-05,5.965209379709822,0.013838939462556796,-0.009246363934516274,-0.0017770240505976531,12.285613203262455,0.0005416171491552154,-0.00020722853079630746,-0.023817330966981663
D4-R3_B,19,1.8999999999999808,1.9599999999999809,0.06,True,recorded_event,P1b,,False,0.5495047313762522,1.3711277333072758e-05,-0.00018610715998749854,-0.002505712942416645,0.0002749084892017528,1.0438602464191149e-05,-1.1788339382025727e-05,-0.00042673041602110483,-1.19762843802107e-05,5.965209379709822,0.013352080374702462,-0.009464468814237126,-0.0016499066593103073,12.285613203262455,0.0004952686237478263,-0.0004438797765686328,-0.023817330966981663
D4-R3_B,19,1.8999999999999808,1.9599999999999809,0.06,True,recorded_event,P2,,False,0.5494906029229092,6.521929130087756e-08,-6.829805968609423e-06,-7.112961940786752e-05,1.3426281460393596e-05,-5.69154323670773e-09,2.34011396100717e-06,-3.40265827557371e-05,-6.145449837902106e-08,5.96519573365178,0.013531357728721351,-0.007029885491228348,-0.001911388867051852,12.285602758968448,0.0005093970770908592,-5.117594330326507e-05,-0.02380541613709983
D4-R4_A,1,0.09999999999999999,0.11699999999999999,0.017,False,reconstructed_rk4,A,,False,0.4591817999669039,0.00038144420603902773,-0.0006768940290986514,-0.011504648552539964,-7.809196437547072e-05,-2.0411681278531546e-07,-5.27500455919927e-06,0.0,0.0019138406590428758,5.330593968604297,-0.2936768549153307,0.8909305555350296,0.0997133007400761,1.6146283868486948,-0.09081820003309618,0.03913086757455902,0.8862357607549213
D4-R4_A,1,0.09999999999999999,0.11699999999999999,0.017,False,reconstructed_rk4,P0,,False,0.45857577778944913,0.003419560796618981,0.028501050780998793,-0.09991963798141079,-0.011266478312801365,0.00033376661259598706,-0.0006112971820139562,0.0,0.0,5.333632085194877,-0.26449891010523324,0.8025155661061588,0.08852491439165,1.6149623575781036,-0.09142422221055094,0.03913086757455902,0.8843219200958784
D4-R4_A,1,0.09999999999999999,0.11699999999999999,0.017,False,reconstructed_rk4,P1a,,False,0.4590935457741928,0.003170644147467705,0.02676054880235046,-0.10620063118689504,-0.0081889675512139,0.0005918180310038323,-9.352919727026454e-05,0.0,0.0,5.333383168545725,-0.2662394120838816,0.7962345729006746,0.09160242515323747,1.6152204089965114,-0.09090645422580725,0.03913086757455902,0.8843219200958784
D4-R4_A,1,0.09999999999999999,0.11699999999999999,0.017,False,reconstructed_rk4,P1b,,False,0.4593195928734929,0.003170644147467705,0.026368950559468418,-0.13365246813221487,-0.00857061123943259,0.0005918180310038323,0.00013251790202983837,0.0,0.0,5.333383168545725,-0.2666310103267636,0.7687827359553547,0.09122078146501877,1.6152204089965114,-0.09068040712650714,0.03913086757455902,0.8843219200958784
D4-R4_A,1,0.09999999999999999,0.11699999999999999,0.017,False,reconstructed_rk4,P2,,False,0.4591859902151575,0.0,0.0,-1.1102230246251565e-16,-2.4733122574893684e-05,-2.2482682258129216e-06,-1.0847563055443876e-06,0.0,0.0,5.330212524398258,-0.29299996088623204,0.9024352040875695,0.09976665958187639,1.6146263426972818,-0.09081400978484253,0.03913086757455902,0.8843219200958784
D4-R4_A,2,0.2,0.26,0.06,False,recorded_event,A,,False,0.5068342847281474,-0.0002997732386438301,0.0005215856824293819,-0.1507294682808347,-0.003103641092477183,-7.5725507748813925e-06,-0.0003119625265139772,-0.020000000000000004,0.0010804785143818663,5.434828382957699,-0.28666691484522644,-0.13582924781620528,0.1243521073018982,2.3804857147410585,-0.04316571527185269,-0.05086913242544099,0.8613347277464289
D4-R4_A,2,0.2,0.26,0.06,False,recorded_event,P0,,False,0.49494899807704107,0.015746914691812997,0.11338966799912942,-0.08820207838347568,-0.05208444490218955,0.0022738304241647356,-0.012197249177620273,0.028041309906923006,-0.015230270469138496,5.450875070888156,-0.1737988325285264,-0.07330185791884626,0.07537130349218568,2.382767117715998,-0.05505100192295899,-0.0028278225185179823,0.8450239787629086
D4-R4_A,2,0.2,0.26,0.06,False,recorded_event,P1a,,False,0.49881248674842055,0.001492426850406403,0.017355036712367544,0.2929776006936971,-0.014949530535639965,0.001261315887106651,-0.008333760506240795,-0.014999999999999958,-0.0009757826277319026,5.436620583046749,-0.2698334638152883,0.3078778211583265,0.11250621785873527,2.38175460317894,-0.05118751325157951,-0.045869132425440946,0.8592784666043152
D4-R4_A,2,0.2,0.26,0.06,False,recorded_event,P1b,,False,0.5031790969246993,0.001492426850406403,0.07086354896124919,-0.4979159410561099,-0.03154835910243481,0.001261315887106651,-0.003967150329962005,0.013697274357721285,-0.0009757826277319026,5.436620583046749,-0.21632495156640663,-0.4830157205914805,0.09590738929194043,2.38175460317894,-0.04682090307530072,-0.017171858067719703,0.8592784666043152
D4-R4_A,2,0.2,0.26,0.06,False,recorded_event,P2,,False,0.5069651234500987,-0.000708149749458542,-0.001179426082553614,-0.10460964559038774,-0.001802307879933629,-2.459499569207324e-05,-0.00018112380456267868,-0.014999999999999986,0.0013660195284801446,5.434420006446884,-0.28836792661020944,-0.08970942512575833,0.12565344051444163,2.3804686922961413,-0.043034876549901395,-0.045869132425440974,0.8616202687605272
D4-R4_A,3,0.3,0.36,0.06,True,recorded_event,A,,False,0.5449340929165029,0.0002464622319306997,0.0036779678279908676,-0.10120470312660901,-0.0028902593967781165,2.1299004749231187e-05,-0.00029264422046503674,0.0,-0.00019924166785578734,5.526738521835921,-0.03562821643457539,-0.9299074008627518,0.06012270009094144,2.9269790383900776,-0.005065907083497141,-0.08086913242544098,0.8598570410205933
D4-R4_A,3,0.3,0.36,0.06,True,recorded_event,P0,,False,0.5412537088002498,0.0003893711799909383,0.040878499421745665,0.10609589745434633,-0.016956542719117174,0.00013896248067668537,-0.003973028336718148,0.03163571122733337,-0.00020995466924755846,5.526881430783981,0.0015723151591794124,-0.7226068002817965,0.04605641676860239,2.927096701866005,-0.008746291199750253,-0.04923342119810761,0.8598463280192016
D4-R4_A,3,0.3,0.36,0.06,True,recorded_event,P1a,,False,0.5440538513689385,-0.000330656449962774,0.005591116103978708,0.15824769867254518,0.0009484398401795602,-0.0011290382295481294,-0.001172885768029477,-0.015,0.0005100729607061538,5.526161403154028,-0.03371506815858755,-0.6704549990635976,0.06396139932789913,2.92582870115578,-0.0059461486310615815,-0.09586913242544098,0.8605663556491553
D4-R4_A,3,0.3,0.36,0.06,True,recorded_event,P1b,,False,0.5469400347325937,-0.000330656449962774,0.04212449662489271,-0.09117562664934109,-0.009306414311057054,-0.0011290382295481294,0.001713297595625685,0.026326862215087475,0.0005100729607061538,5.526161403154028,0.002818312362326455,-0.9198783243854839,0.05370654517666251,2.92582870115578,-0.0030599652674064195,-0.05454227021035351,0.8605663556491553
D4-R4_A,3,0.3,0.36,0.06,True,recorded_event,P2,,False,0.5450595510344004,0.00013921941851879893,0.0007354375968914861,-0.07535042209819942,-0.0016857516167139153,1.0741698757144036e-05,-0.0001671861025675861,-0.0032357331830156905,-9.224645747529792e-05,5.526631279022509,-0.03857074666567477,-0.9040531198343422,0.06132720787100587,2.9269684810840855,-0.0049404489655996905,-0.08410486560845667,0.8599640362309738
D4-R4_A,4,0.4,0.46,0.06,True,recorded_event,A,,False,0.5386504975969345,0.0007964166679244045,-0.0012290140151623996,0.14831777486392306,0.002830130702184519,1.2267793988662845e-05,0.00026421445854964663,0.020000000000000004,0.0015955614721470113,5.594204492938661,0.2775046295323162,-0.7634479486531399,-0.048743543939070225,3.4832809035595282,0.011349502403065589,-0.01086913242544098,0.7930573579595458
D4-R4_A,4,0.4,0.46,0.06,True,recorded_event,P0,,False,0.5333414343687637,0.008764900379664375,-0.1376681901143427,0.7737075103189343,0.04702136050330763,-2.1709898370136926e-05,0.0055732776867204025,0.014999999999999951,-0.004606404111391349,5.602172976650401,0.1410654534331359,-0.13805821319812872,-0.0045523141379471,3.4832469258671694,0.016658565631236345,-0.01586913242544103,0.7868553923760074
D4-R4_A,4,0.4,0.46,0.06,True,recorded_event,P1a,,False,0.5315844963778973,0.009724610471710804,-0.0731079950136665,0.35377296699821836,0.02998715131781582,-0.0010543863909520113,0.007330215677586823,0.014999999999999951,-0.0055661142034377775,5.603132686742447,0.2056256485338121,-0.5579927565188446,-0.02158652332343891,3.4822142493745876,0.018415503622102765,-0.01586913242544103,0.785895682283961
D4-R4_A,4,0.4,0.46,0.06,True,recorded_event,P1b,,False,0.5323887950907626,0.009724610471710804,-0.08017856265024031,0.9594369120834406,0.03357670583497052,-0.0010543863909520113,0.006525916964721422,0.014999999999999951,-0.0055661142034377775,5.603132686742447,0.19855508089723828,0.04767118856637764,-0.017996968806284208,3.4822142493745876,0.017611204909237364,-0.01586913242544103,0.785895682283961
D4-R4_A,4,0.4,0.46,0.06,True,recorded_event,P2,,False,0.538780535439169,0.00049090795176987,0.0006958628699604841,0.10258179525807898,0.0015441766350106079,8.65347983092235e-06,0.00013417661631510112,0.014999999999999951,0.0017788810686987233,5.593898984222506,0.2794295064174391,-0.809183928258984,-0.0500294980062441,3.4832772892453705,0.011219464560831043,-0.01586913242544103,0.7932406775560975
D4-R4_A,5,0.5,0.56,0.06,True,recorded_event,A,,False,0.5431334282845958,0.0012484174648772495,-0.0013870167474443473,0.15232311591815692,0.0028930589543185725,3.794172879878488e-05,0.0002660357514092859,0.020000000000000004,0.0007354012502966967,5.643581458057957,0.34037397821710313,-0.09714123319549126,-0.117162466791013,4.045689291879353,-0.0068665717154043,0.039130867574559025,0.6850378579665286
D4-R4_A,5,0.5,0.56,0.06,True,recorded_event,P0,,False,0.5449307926330654,0.021961594336280754,-0.2362346473995805,1.1157782167967252,0.08314453929978294,0.0009506760335344921,0.012201814833748239,0.015000000000000006,-0.019266923471401576,5.664294634929361,0.10552634756496698,0.8663138676830769,-0.03691098644554858,4.046602026184089,0.005069207366934652,0.03413086757455903,0.6650355332448303
D4-R4_A,5,0.5,0.56,0.06,True,recorded_event,P1a,,False,0.5459535210232929,0.011556997671255509,-0.10331946251914781,0.5367670170749066,0.039234538176875056,9.972116883627535e-05,0.011179086443520787,0.015000000000000006,-0.00886232680637633,5.653890038264335,0.23844153244539967,0.28730266796125836,-0.08082098756845646,4.0457510713193905,0.004046478976707202,0.03413086757455903,0.6754401299098556
D4-R4_A,5,0.5,0.56,0.06,True,recorded_event,P1b,,False,0.5494549924413505,0.011556997671255509,-0.16258577029109483,1.5978775072427343,0.05657445734234834,9.972116883627535e-05,0.006587599908164048,0.015000000000000006,-0.00886232680637633,5.653890038264335,0.17917522467345265,1.3484131581290861,-0.06348106840298318,4.0457510713193905,-0.0005450075586495382,0.03413086757455903,0.6754401299098556
D4-R4_A,5,0.5,0.56,0.06,True,recorded_event,P2,,False,0.5430028444047614,0.0007461985279881844,0.0006447352438645471,0.10557181160191867,0.0015831216314676766,2.087934509820144e-05,0.00013545187157498577,0.015000000000000006,0.0010892289043784587,5.643079239121068,0.34240573020841203,-0.1438925375117295,-0.1184724041138637,4.045672229495652,-0.0069971555952386,0.03413086757455903,0.6853916856206104
D4-R4_A,6,0.6,0.6599999999999999,0.06,True,recorded_event,A,,False,0.5015162700955025,0.000594022269528871,-0.0015390338018952954,0.1535053876889667,0.002966033541280222,2.8902638464778363e-05,0.00027743522609249144,0.01999999999999999,-0.00029489551153183413,5.7019770287243485,0.13033117853608725,0.7772180055488122,-0.09759944305706073,4.611953599064994,-0.04848372990449757,0.08913086757455901,0.5405737058330681
D4-R4_A,6,0.6,0.6599999999999999,0.06,True,recorded_event,P0,,False,0.510273150532417,0.005896227660431741,-0.17330618813723397,0.6973182752643318,0.05838861935436723,0.0007653007433408021,0.009034315663006935,0.015,-0.005673528171969089,5.707279234115251,-0.041435975799251436,1.3210308931241772,-0.042176857243973576,4.61268999716987,-0.03972684946758313,0.08413086757455902,0.5351950731726308
D4-R4_A,6,0.6,0.6599999999999999,0.06,True,recorded_event,P1a,,False,0.5079313428050994,0.0017279833370125175,-0.07611304352526385,0.31470837731646084,0.021716661566012707,-7.85216114405074e-05,0.006692507935689457,0.015,-0.0015052838485498654,5.703110989791832,0.05575716881271869,0.9384209951763063,-0.0788488150323281,4.6118461748150885,-0.042068657194900605,0.08413086757455902,0.53936331749605
D4-R4_A,6,0.6,0.6599999999999999,0.06,True,recorded_event,P1b,,False,0.5032233096470363,0.0017279833370125175,-0.13303147050470476,1.1048559238994975,0.038175432894736794,-7.85216114405074e-05,0.0019844747776263383,0.015,-0.0015052838485498654,5.703110989791832,-0.0011612581667222177,1.7285685417593428,-0.062390043703604015,4.6118461748150885,-0.04677669035296372,0.08413086757455902,0.53936331749605
D4-R4_A,6,0.6,0.6599999999999999,0.06,True,recorded_event,P2,,False,0.5013799273620487,0.0003409325134180463,0.0005851667618708423,0.10673059301092969,0.0016236624460277405,1.235518287501236e-05,0.0001410924926387308,0.015,-9.367594560583115e-05,5.701723938968238,0.1324553790998534,0.7304432108707751,-0.0989418141523132,4.611937051609404,-0.04862007263795133,0.08413086757455902,0.5407749253989941
D4-R4_A,7,0.7,0.76,0.06,True,recorded_event,A,,False,0.4673056132909404,0.0006874000598608987,0.0059051921322755,-0.14607044461642893,-0.003920752628331581,-1.3341960611867876e-05,-0.0003970214533900729,-0.011112287372541316,0.0013451411891027831,5.745974805616599,-0.24017748970529046,1.150202214214814,0.009158581804857418,5.1844337080821585,-0.08269438670905967,0.05884225473990376,0.5063545922798085
D4-R4_A,7,0.7,0.76,0.06,True,recorded_event,P0,,False,0.46785252065000854,0.00022495409815803669,0.003586466349891293,-0.18173690406215592,-0.005535392718354348,-0.0002696707883877991,0.00014988590567809046,-0.004003809327671179,0.0036608772532096268,5.745512359654896,-0.24249621548767467,1.114535754769087,0.007543941714834634,5.184177379254383,-0.0821474793499915,0.0659507327847739,0.5086703283439153
D4-R4_A,7,0.7,0.76,0.06,True,recorded_event,P1a,,False,0.4644354874068631,0.004988138031635003,0.018044263641270042,-0.11272621884775513,-0.01522428192513603,-0.0010572121373995103,-0.0032671473374673854,0.018539825810056587,-0.0011023066802673398,5.750275543588373,-0.22803841819629592,1.1835464399834879,-0.002144947491947047,5.183389837905371,-0.08556451259313698,0.08849436792250166,0.5039071444104384
D4-R4_A,7,0.7,0.76,0.06,True,recorded_event,P1b,,False,0.4623937057136977,0.004988138031635003,-0.012951003261487376,-0.07183141224263911,-0.007869023985387802,-0.0010572121373995103,-0.005308929030632764,-0.0026843187463263946,-0.0011023066802673398,5.750275543588373,-0.25903368509905333,1.2244412465886039,0.005210310447801181,5.183389837905371,-0.08760629428630236,0.06727022336611868,0.5039071444104384
D4-R4_A,7,0.7,0.76,0.06,True,recorded_event,P2,,False,0.46753599448965116,0.00030489454089455137,-0.0004218119875274984,-0.09899837883393126,-0.0016751344256498157,-6.689355187106116e-06,-0.00016664025467928723,-0.015000000000000006,0.0015519608221010728,5.745592300097632,-0.24650449382509346,1.1972742799973117,0.011404200007539094,5.184440360687583,-0.08246400551034888,0.05495454211244507,0.5065614119128068
D4-R4_A,8,0.8,0.8600000000000001,0.06,True,recorded_event,A,,False,0.47326350260197675,0.0017292165424933614,0.0019147454405651354,-0.14192981379710534,-0.002785344932427325,4.238171720505335e-05,-0.00025778532457394754,-0.02,0.0028405061490550665,5.749936410304728,-0.5179727204432648,0.7928525586598644,0.13958886975045715,5.761608905065438,-0.0767364973980233,-4.5457887554934545e-05,0.5184343224674814
D4-R4_A,8,0.8,0.8600000000000001,0.06,True,recorded_event,P0,,False,0.46069820148362634,0.03603275657656013,0.25478239713355116,-1.1183794327970726,-0.08685757722405585,0.0009570480440608264,-0.012823086442924361,-0.0149999999999999,-0.028485506258163262,5.784239950338795,-0.2651050687502788,-0.18359706034010287,0.05551663745882873,5.762523571392294,-0.08930179851637371,0.004954542112445165,0.4871083100602631
D4-R4_A,8,0.8,0.8600000000000001,0.06,True,recorded_event,P1a,,False,0.4603837662200595,0.023401186157545162,0.11362391499619912,-0.4998769890201991,-0.04537570399988722,0.00038823186508096796,-0.01313752170649117,-0.0149999999999999,-0.015853935839148292,5.77160837991978,-0.40626355088763083,0.4349053834367706,0.09699851068299736,5.761954755213314,-0.08961623377994052,0.004954542112445165,0.4997398804792781
D4-R4_A,8,0.8,0.8600000000000001,0.06,True,recorded_event,P1b,,False,0.4640413020654518,0.023401186157545162,0.1672761921686629,-1.5672462676299164,-0.06070000029805733,0.00038823186508096796,-0.009479985861098925,-0.0149999999999999,-0.015853935839148292,5.77160837991978,-0.35261127371516704,-0.6324638951729465,0.08167421438482725,5.761954755213314,-0.08595869793454827,0.004954542112445165,0.4997398804792781
D4-R4_A,8,0.8,0.8600000000000001,0.06,True,recorded_event,P2,,False,0.4733821894562884,0.0010620323403864873,-0.0002454706273672391,-0.09754382918601012,-0.0015624555247146787,2.525890141935605e-05,-0.0001390984702622916,-0.0149999999999999,0.003289565033327335,5.749269226102621,-0.5201329365111972,0.8372385432709596,0.14081175915816982,5.761591782249653,-0.07661781054371164,0.004954542112445165,0.5188833813517537
D4-R4_A,9,0.9,0.96,0.06,True,recorded_event,A,,False,0.5266296772844009,0.0018075932341634626,0.0018445103156450315,-0.15172812594573368,-0.002972945542616401,6.858245719421063e-05,-0.0002722826064844065,-0.020000000000000004,0.0012050687994937803,5.758852587690262,-0.4666199244489315,0.0017129921645700208,0.20727197586122234,6.336949502697341,-0.02337032271559911,-0.05004545788755494,0.3848031719899988
D4-R4_A,9,0.9,0.96,0.06,True,recorded_event,P0,,False,0.5125792139469122,0.03982226288751445,0.29680534424978955,-1.3887103076294334,-0.10244633675496218,0.0024802356773800938,-0.014322745943973196,-0.015000000000000006,-0.0356318021661961,5.796867257343613,-0.171659090514787,-1.2352691895191297,0.1077985846488767,6.339361155917527,-0.0374207860530879,-0.04504545788755494,0.3479663010243089
D4-R4_A,9,0.9,0.96,0.06,True,recorded_event,P1a,,False,0.5130511164342042,0.018803689127310896,0.1384998352695187,-0.7140761489100369,-0.05039755580938454,0.00200861447707279,-0.013850843456681187,-0.015000000000000006,-0.014613228405992551,5.775848683583409,-0.32996459949505785,-0.5606350307997332,0.15984736559445434,6.33888953471722,-0.03694888356579589,-0.04504545788755494,0.3689848747845125
D4-R4_A,9,0.9,0.96,0.06,True,recorded_event,P1b,,False,0.5187125784930263,0.018803689127310896,0.2133658284491618,-1.9691054723642845,-0.07205860668447173,0.00200861447707279,-0.008189381397859033,-0.015000000000000006,-0.014613228405992551,5.775848683583409,-0.25509860631541476,-1.8156643542539808,0.13818631471936715,6.33888953471722,-0.03128742150697374,-0.04504545788755494,0.3689848747845125
D4-R4_A,9,0.9,0.96,0.06,True,recorded_event,P2,,False,0.5267536662155258,0.001083965693421618,-0.0003731624092946362,-0.10493618966527556,-0.001680813541832027,3.827989957372324e-05,-0.0001482936753595225,-0.015000000000000006,0.0017266499875674413,5.75812896014952,-0.4688375971738712,0.04850492844502814,0.2085641078620067,6.336919200139721,-0.023246333784474226,-0.04504545788755494,0.38532475317807247
D4-R4_A,10,1.0,1.06,0.06,True,recorded_event,A,,False,0.4865691287040133,0.000743677175654156,0.0018820868967248383,-0.15577339228820442,-0.0031350681397599445,6.370050945925243e-05,-0.0002964361639323093,-0.01999999999999999,-5.471328177009127e-05,5.7771298365689,-0.1504230123374558,-0.9547874403370104,0.18559982736052194,6.907870588360694,0.06343087129598675,-0.10004545788755492,0.07132727971355105
D4-R4_A,10,1.0,1.06,0.06,True,recorded_event,P0,,False,0.5011412942150506,0.007846601486884097,0.28755026451942745,-1.3189775034858027,-0.1015812464691126,0.002655920909152343,-0.014868601674969562,-0.01500000000000011,-0.006848477158333921,5.78423276088013,0.1352451652852468,-2.1179915515346086,0.08715364903116907,6.910462808760387,0.0488587057849495,-0.09504545788755504,0.06453351583698722
D4-R4_A,10,1.0,1.06,0.06,True,recorded_event,P1a,,False,0.49749476015516747,0.0036806565146454417,0.14678300847600373,-0.6902913639805726,-0.047613133925915374,0.002038713300162698,-0.011222067615086484,-0.01500000000000011,-0.0026825321860952656,5.780066815907891,-0.005522090758176917,-1.4893054120293785,0.1411217615743663,6.909845601151398,0.052505239844832574,-0.09504545788755504,0.06869946080922587
D4-R4_A,10,1.0,1.06,0.06,True,recorded_event,P1b,,False,0.49041767638586287,0.0036806565146454417,0.22428681504403725,-1.9428988028189935,-0.07144885476654617,0.002038713300162698,-0.004144983845781908,-0.01500000000000011,-0.0026825321860952656,5.780066815907891,0.07198171580985659,-2.7419128508677995,0.1172860407337355,6.909845601151398,0.05958232361413715,-0.09504545788755504,0.06869946080922587
D4-R4_A,10,1.0,1.06,0.06,True,recorded_event,P2,,False,0.48643355612839567,0.00043149832242050934,-0.00041447809623590404,-0.10821022531496494,-0.001771929134140926,3.390732536256991e-05,-0.0001608635883147136,-0.014999999999999264,0.00019775060363436125,5.776817657715666,-0.15271957733041655,-0.9072242733637709,0.18696296636614096,6.907840795176598,0.06356644387160434,-0.0950454578875542,0.0715797435989555
D4-R4_A,11,1.0999999999999979,1.159999999999998,0.06,True,recorded_event,A,,False,0.40020850912858574,-0.0006507477712336396,0.002173159325075058,-0.12092772557824372,-0.0025193053379628516,2.0237590037552877e-05,-0.00024008089254362597,-0.020000000000000018,0.0015040509569939076,5.772372182924381,0.3089490086090789,-1.8177477047849506,0.06926111813217219,7.478518954409894,0.14979149087141427,-0.15004545788755494,0.08577960559830575
D4-R4_A,11,1.0999999999999979,1.159999999999998,0.06,True,recorded_event,P0,,False,0.4070406306909542,-0.012489570490557433,0.13491695475248933,-0.4029857834236221,-0.04347081726979107,0.0010081504084782367,-0.00707220245491208,-0.006053117926715201,0.015809362507607005,5.7605333602050575,0.4416928040364932,-2.099805762630329,0.02830960620034384,7.479506867228334,0.14295936930904582,-0.13609857581427012,0.10008491714891884
D4-R4_A,11,1.0999999999999979,1.159999999999998,0.06,True,recorded_event,P1a,,False,0.40163022081986083,-0.0005743129878998943,0.06828744996178637,-0.16820728840116228,-0.013217092367335592,0.00022577783354282843,-0.0016617925838186831,-0.015000000000002345,0.0038941050049494663,5.772448617707715,0.37506329924579024,-1.8650272676078692,0.05856333110279932,7.478724494653399,0.14836977918013922,-0.14504545788755727,0.0881696596462613
D4-R4_A,11,1.0999999999999979,1.159999999999998,0.06,True,recorded_event,P1b,,False,0.3969186187928302,-0.0005743129878998943,0.1175143524239855,-0.7505668285836062,-0.02793097750302076,0.00022577783354282843,0.003049809443211926,-0.015000000000002345,0.0038941050049494663,5.772448617707715,0.42429020170798937,-2.447386807790313,0.04384944596711415,7.478724494653399,0.15308138120716983,-0.14504545788755727,0.0881696596462613
D4-R4_A,11,1.0999999999999979,1.159999999999998,0.06,True,recorded_event,P2,,False,0.4000956111223878,-0.0003454926851853557,1.965294010736196e-05,-0.08302873114695752,-0.0013923698320503775,9.515245957381069e-06,-0.000127182886345667,-0.014999999999999264,0.001324271211193384,5.7726774380104295,0.3067955022241112,-1.7798487103536644,0.07038805363808447,7.478508232065813,0.14990438887761223,-0.14504545788755419,0.08559982585250522
D4-R4_A,12,1.1999999999999957,1.2599999999999958,0.06,True,recorded_event,A,,False,0.3529752901572255,0.001727586941314918,-0.0018095691962087823,0.10539193951783221,0.002083270690212302,1.4346757337690974e-05,0.00019031952896997328,0.019999999999999997,0.0038571439960914944,5.727137307547351,0.7877172090587238,-1.7148714530411326,-0.10300147668396252,8.05314309892436,0.19702470984277454,-0.06004545788755495,0.6630893471389497
D4-R4_A,12,1.1999999999999957,1.2599999999999958,0.06,True,recorded_event,P0,,False,0.35098095310650657,0.024603284202536102,-0.07430627508346144,0.3579363549488783,0.02247432065912891,0.0007664991090887696,0.0021846565796888873,0.009490521008528749,-0.01446531347902269,5.750013004808572,0.7152205031714711,-1.4623270376100865,-0.08261042671504581,8.053895251276112,0.19901904689349345,-0.0705549368790262,0.6447668896638356
D4-R4_A,12,1.1999999999999957,1.2599999999999958,0.06,True,recorded_event,P1a,,False,0.34533106113651413,0.0216417027043887,-0.03108653275018336,0.14755415794647186,0.016487852583254803,-0.00012457339047600158,0.00783454854968138,0.01500000000000433,-0.011503731980875287,5.747051423310425,0.7584402455047492,-1.672709234612493,-0.08859689479091992,8.053004178776547,0.20466893886348594,-0.06504545788755062,0.647728471161983
D4-R4_A,12,1.1999999999999957,1.2599999999999958,0.06,True,recorded_event,P1b,,False,0.34459103568566574,0.0216417027043887,-0.019529013463677414,0.3935353388022129,0.014550444731602052,-0.00012457339047600158,0.008574574000529717,0.01500000000000433,-0.011503731980875287,5.747051423310425,0.7699977647912551,-1.426728053756752,-0.09053430264257267,8.053004178776547,0.20540896431433428,-0.06504545788755062,0.647728471161983
D4-R4_A,12,1.1999999999999957,1.2599999999999958,0.06,True,recorded_event,P2,,False,0.35306230745013295,0.0010492684259695295,-2.1051218261902704e-05,0.071229674858583,0.0011595193176274776,8.893950818489316e-06,0.0001033022360625302,0.014999999999999264,0.004277055490941706,5.726458989032006,0.7895057270366707,-1.7490337177003819,-0.10392522805654747,8.053137646117841,0.1969376925498671,-0.06504545788755568,0.6635092586338
D4-R4_A,13,1.2999999999999936,1.3599999999999937,0.06,True,recorded_event,A,,False,0.3666608589416389,0.002680650739256052,-0.001684318026567766,0.10065109777945813,0.001950837866335764,5.713216578584479e-05,0.00016422054157150257,0.020000000000000004,0.005331706982167894,5.674587235029134,1.0043576097119067,-1.1904281164886057,-0.25414251491969436,8.628266902469226,0.18333914105836116,-0.010045457887554942,1.0160820090600469
D4-R4_A,13,1.2999999999999936,1.3599999999999937,0.06,True,recorded_event,P0,,False,0.35651739675486693,0.08649585984216923,-0.28696349099784746,1.2585591672547232,0.08696964257821449,0.002283084104623967,0.010307682728343426,0.015000000000006555,-0.07308927862769743,5.758402444132047,0.719078436740627,-0.03252004701334076,-0.16912371020781558,8.630492854408065,0.19348260324513308,-0.015045457887548389,0.9376610234501815
D4-R4_A,13,1.2999999999999936,1.3599999999999937,0.06,True,recorded_event,P1a,,False,0.35295113021527735,0.045981519181147235,-0.12980700208671947,0.649362761073797,0.04470019208071774,0.0016923547607063938,0.013873949267933061,0.015000000000006555,-0.03257493796667543,5.717888103471025,0.876234925651755,-0.6417164531942668,-0.21139316070531233,8.629902125064147,0.19704886978472272,-0.015045457887548389,0.9781753641112035
D4-R4_A,13,1.2999999999999936,1.3599999999999937,0.06,True,recorded_event,P1b,,False,0.3559738361930663,0.045981519181147235,-0.16304374006495093,1.6791263124427762,0.05702963616617973,0.0016923547607063938,0.010851243290144114,0.015000000000006555,-0.03257493796667543,5.717888103471025,0.8429981876735235,0.3880470981747124,-0.19906371661985034,8.629902125064147,0.19402616380693377,-0.015045457887548389,0.9781753641112035
D4-R4_A,13,1.2999999999999936,1.3599999999999937,0.06,True,recorded_event,P2,,False,0.3667351297914688,0.001668206397337002,-1.9750889924674553e-05,0.06824438030346802,0.001094703220162252,3.217456885451497e-05,8.994969174161427e-05,0.01499999999999925,0.0060415651311336305,5.673574790687215,1.0060221768485498,-1.2228348339645958,-0.254998649565868,8.628241944872295,0.18326487020853127,-0.015045457887555694,1.0167918672090126
D4-R4_A,14,1.3999999999999915,1.4599999999999915,0.06,True,recorded_event,A,,False,0.44425964694644315,0.002746276820837501,-0.0015996256028004696,0.12169620625892758,0.002326727062313516,8.495985241019355e-05,0.00019256070075734932,0.020000000000000004,0.002359890323536007,5.682056025571229,0.8775156003190101,-0.366287952203547,-0.3384435337512252,9.196831801855097,0.10574035305355686,0.03995454211244506,0.9987711445498906
D4-R4_A,14,1.3999999999999915,1.4599999999999915,0.06,True,recorded_event,P0,,False,0.4339913604998185,0.07721995027601292,-0.2822125615372456,1.3176750550524448,0.08946245273845221,0.0033247490982937222,0.010460847147382005,0.015000000000008555,-0.07004642351337331,5.756529699026404,0.596902664384565,0.8296908965899703,-0.25130780807508657,9.200071591100981,0.11600863950018152,0.034954542112453614,0.9263648307129813
D4-R4_A,14,1.3999999999999915,1.4599999999999915,0.06,True,recorded_event,P1a,,False,0.4309189188404933,0.03400640474416594,-0.12821704081640872,0.6974067156716842,0.04312830241044674,0.0030628521771678408,0.01353328880670722,0.015000000000008555,-0.026832877981526337,5.713316153494557,0.7508981851054018,0.20942255720920966,-0.29764195840309204,9.199809694179855,0.11908108115950673,0.034954542112453614,0.9695783762448282
D4-R4_A,14,1.3999999999999915,1.4599999999999915,0.06,True,recorded_event,P1b,,False,0.43520724192485105,0.03400640474416594,-0.17702430527454416,1.8123294751168446,0.05966410991012516,0.0030628521771678408,0.009244965722349452,0.015000000000008555,-0.026832877981526337,5.713316153494557,0.7020909206472664,1.32434531665437,-0.2811061509034136,9.199809694179855,0.11479275807514897,0.034954542112453614,0.9695783762448282
D4-R4_A,14,1.3999999999999915,1.4599999999999915,0.06,True,recorded_event,P2,,False,0.44434497682848206,0.0016605980653263686,0.000209605370825372,0.08345426441077519,0.0013232617617351394,4.703189830834731e-05,0.00010723081871846785,0.01499999999999925,0.0031380758202690373,5.680970346815718,0.8793248312926359,-0.40452989405169937,-0.33944699905180375,9.196793873900996,0.10565502317151798,0.03495454211244431,0.9995493300466236
D4-R4_A,15,1.4999999999999893,1.5599999999999894,0.06,True,recorded_event,A,,False,0.5278219422954693,0.002042566679661739,-0.0016229831011080886,0.15518990663898435,0.0030609019733387477,0.0001097710509085914,0.0002686412492296439,0.01999999999999999,0.0010476764011304596,5.6952122485077545,0.47431034086253593,0.6429052229350591,-0.33381260013706715,9.755002441529827,-0.022178057704530758,0.08995454211244505,0.0595924672291044
D4-R4_A,15,1.4999999999999893,1.5599999999999894,0.06,True,recorded_event,P0,,False,0.5409380564517928,0.035823128699658646,-0.2851925040251927,1.3829081590771688,0.10041199769898146,0.0035506835721363927,0.013384755405553186,0.015000000000010769,-0.03146105190778936,5.7289928105277514,0.1907408199384513,1.8706234753732436,-0.23646150441142444,9.758443354051055,-0.009061943548207215,0.08495454211245583,0.02708373892018458
D4-R4_A,15,1.4999999999999893,1.5599999999999894,0.06,True,recorded_event,P1a,,False,0.5399699234349266,0.019930385837755082,-0.14573651803871418,0.7298692061715055,0.04749646937201968,0.0035615536350572796,0.012416622388686946,0.015000000000010769,-0.015568309045885798,5.713100067665848,0.33019680592492984,1.2175845224675803,-0.2893770327383862,9.758454224113976,-0.010030076565073456,0.08495454211245583,0.04297648178208814
D4-R4_A,15,1.4999999999999893,1.5599999999999894,0.06,True,recorded_event,P1b,,False,0.5336847501458037,0.019930385837755082,-0.22421824582149696,2.0080675010288833,0.07287134694925346,0.0035615536350572796,0.006131449099564083,0.015000000000010769,-0.015568309045885798,5.713100067665848,0.25171507814214705,2.495782817324958,-0.26400215516115244,9.758454224113976,-0.016315249854196318,0.08495454211245583,0.04297648178208814
D4-R4_A,15,1.4999999999999893,1.5599999999999894,0.06,True,recorded_event,P2,,False,0.5277026805664128,0.0012198873271325184,0.0005271393705986172,0.10769406600173625,0.00175071422170614,6.062344217561133e-05,0.00014937952017315265,0.014999999999999264,0.0016658854666706802,5.694389569155225,0.47646046333424263,0.595409382297811,-0.3351227878886998,9.754953293921094,-0.02229731943358725,0.08495454211244433,0.06021067629464462
D4-R4_A,16,1.5999999999999872,1.6599999999999873,0.06,True,recorded_event,A,,False,0.38430173661778294,5.598571351850268e-05,-0.0018445943786889185,0.1440789491578538,0.0029968012362688867,7.544752029708945e-05,0.00028196105286681927,0.020000000000000004,0.0007716798128871716,5.661835643746576,-0.0624904688137341,1.6677411223553835,-0.22757841797888045,10.306055912178772,-0.1656982633822171,0.13995454211244504,-0.5840723374801379
D4-R4_A,16,1.5999999999999872,1.6599999999999873,0.06,True,recorded_event,P0,,False,0.39728038172303604,-0.013187640846332727,-0.253096333246863,1.10782856350101,0.09033802657735279,0.0031020669643950782,0.013260606158119886,0.015000000000012989,0.015730635908682622,5.648592017186725,-0.3137422076819082,2.63149073669854,-0.14023719263779633,10.30908253162287,-0.15271961827696404,0.13495454211245803,-0.5691133813843424
D4-R4_A,16,1.5999999999999872,1.6599999999999873,0.06,True,recorded_event,P1a,,False,0.3910463127841653,0.000248428625605257,-0.1430280890817345,0.5838436989717144,0.039924390289379996,0.0022069546932748096,0.007026537219249174,0.015000000000012989,0.0022945664367446383,5.662028086658663,-0.2036739635167797,2.107505872169244,-0.19065082892576912,10.30818741935175,-0.15895368721583475,0.13495454211245803,-0.5825494508562804
D4-R4_A,16,1.5999999999999872,1.6599999999999873,0.06,True,recorded_event,P1b,,False,0.38392476688551136,0.000248428625605257,-0.21516616802200692,1.7083851116674114,0.06427187219298425,0.0022069546932748096,-9.500867940473445e-05,0.015000000000012989,0.0022945664367446383,5.662028086658663,-0.2758120424570521,3.232047284864941,-0.16630334702216487,10.30818741935175,-0.16607523311448866,0.13495454211245803,-0.5825494508562804
D4-R4_A,16,1.5999999999999872,1.6599999999999873,0.06,True,recorded_event,P2,,False,0.38417298084700663,4.0593833314339633e-05,0.0003610489983317533,0.09964828677549264,0.0016876946555490768,4.096325905500464e-05,0.0001532052820905072,0.01499999999999925,0.0008257602974897083,5.661820251866372,-0.06028482543671343,1.6233104599730224,-0.22888752455960018,10.30602142791753,-0.16582701915299342,0.1349545421124443,-0.5840182569955353
D4-R4_A,17,1.699999999999985,1.7599999999999851,0.06,True,recorded_event,A,,False,0.27229852440436114,-0.0009251225906847793,-0.0017814095255248574,0.08145064193167029,0.001760851512494277,1.3795107541625384e-05,0.0001645371970157572,0.020000000000000018,0.004250565402057482,5.605739467033408,-0.6283185889169519,2.3400923882879443,-0.03275553394960759,10.86077873065092,-0.2777014755956389,0.18995454211244509,0.2710132676348289
D4-R4_A,17,1.699999999999985,1.7599999999999851,0.06,True,recorded_event,P0,,False,0.27532786088310995,0.001402098199468682,-0.06266480149147413,0.04429678866306208,0.018243962157791227,0.0017856570899290602,0.003193873675764569,-0.02512609471916144,0.007614830890620539,5.608066687823562,-0.6892019808829012,2.302938535019336,-0.016272423304310557,10.862550592633307,-0.2746721391168901,0.14482844739328363,0.27437753312339197
D4-R4_A,17,1.699999999999985,1.7599999999999851,0.06,True,recorded_event,P1a,,False,0.2676132594601627,0.008904238006518739,-0.035850446948018644,-0.0187108264943725,0.0004056188936831795,-0.00018460742935211272,-0.004520727747182707,0.015000000000015001,0.00011269108357048196,5.615568827630612,-0.6623876263394457,2.2399309198619015,-0.034110766568418605,10.860580328114025,-0.28238674053983737,0.18495454211246007,0.2668753933163419
D4-R4_A,17,1.699999999999985,1.7599999999999851,0.06,True,recorded_event,P1b,,False,0.26425003933652813,0.008904238006518739,-0.06808788599311322,0.2536854705863649,0.010148299582525944,-0.00018460742935211272,-0.007883947870817254,-0.019735262346313842,0.00011269108357048196,5.615568827630612,-0.6946250653845403,2.512327216942639,-0.02436808587957584,10.860580328114025,-0.2857499606634719,0.15021927976613123,0.2668753933163419
D4-R4_A,17,1.699999999999985,1.7599999999999851,0.06,True,recorded_event,P2,,False,0.2722208605998177,-0.00043405688611741766,-0.00013168884880365717,0.054825647283486934,0.0009557080819937447,9.286062711666432e-06,8.687339247231973e-05,0.014999999999999236,0.003933615167041715,5.606230532737976,-0.6266688682402307,2.313467393639761,-0.03356067738010796,10.86077422160609,-0.27777913940018234,0.1849545421124443,0.27069631739981315
D4-R4_A,18,1.799999999999983,1.859999999999983,0.06,True,recorded_event,A,,False,0.22859840344604337,0.001134328575088439,0.0009551265204277293,-0.05535420603931174,-0.0010640749982826492,1.7987886836934308e-05,-9.233195304469977e-05,-0.01999999999999999,0.0,5.578724668700704,-1.1329656867997733,2.0719464928011093,0.1947450126879489,11.425962066002398,-0.32140159655395667,0.09995454211244505,2.0
D4-R4_A,18,1.799999999999983,1.859999999999983,0.06,True,recorded_event,P0,,False,0.226312574886244,0.056514040557216205,0.09166527148626624,-0.4288096611406518,-0.02654338955130431,0.0028571516263955488,-0.002378160512844063,-0.015000000000017194,-3.2077704381627825e-07,5.634104380682832,-1.0422555418339348,1.6984910376997693,0.16926569813492742,11.428801229741957,-0.32368742511375603,0.10495454211242784,1.9999996792229562
D4-R4_A,18,1.799999999999983,1.859999999999983,0.06,True,recorded_event,P1a,,False,0.21768043180548602,0.03120034998659449,0.0307930866881565,-0.1944052267786036,-0.014842253317045806,0.00011457939389636351,-0.011010303593602055,-0.015000000000017194,0.0,5.60879069011221,-1.1031277266320445,1.9328954720618174,0.18096683436918592,11.426058657509458,-0.332319568194514,0.10495454211242784,2.0
D4-R4_A,18,1.799999999999983,1.859999999999983,0.06,True,recorded_event,P1b,,False,0.21764593628957857,0.03120034998659449,0.013679648287055368,-0.48584969214312235,-0.012886406897909541,0.00011457939389636351,-0.011044799109509507,-0.015000000000017194,0.0,5.60879069011221,-1.1202411650331456,1.6414510066972987,0.1829226807883222,11.426058657509458,-0.3323540637104215,0.10495454211242784,2.0
D4-R4_A,18,1.799999999999983,1.859999999999983,0.06,True,recorded_event,P2,,False,0.2286425287759301,0.000604786066313423,-8.091849919011906e-06,-0.03666639576159891,-0.0005714725451286817,1.1740760148981622e-05,-4.8206623157964756e-05,-0.01499999999999925,0.0,5.578195126191929,-1.13392890517012,2.090634303078822,0.19523761514110308,11.42595581887571,-0.32135747122406993,0.10495454211244579,2.0
D4-R4_A,19,1.8999999999999808,1.9599999999999809,0.06,True,recorded_event,A,,False,0.2687892441068602,0.0012573878834931662,0.0007311617555005867,-0.050784247007612526,-0.0009379440449830412,3.211187670615345e-05,-7.573941371824544e-05,-0.020000000000000004,0.0,5.540998997249169,-1.3548253827287131,1.5495859116019637,0.3853178774646685,11.994876637017446,-0.2812107558931398,0.04995454211244506,2.0
D4-R4_A,19,1.8999999999999808,1.9599999999999809,0.06,True,recorded_event,P0,,False,0.2637131430069386,0.07356878338921113,0.1849042051636085,-0.8054444850045142,-0.05168630624276149,0.0019256783287513457,-0.0051518405136398715,-0.015000000000019213,-1.6209453046478473e-07,5.613310392754887,-1.1706523393206052,0.794925673605062,0.33456951526689016,11.996770203469492,-0.28628685699306144,0.05495454211242585,1.9999998379054695
D4-R4_A,19,1.8999999999999808,1.9599999999999809,0.06,True,recorded_event,P1a,,False,0.2555070643202836,0.040841115176964315,0.07197151972904003,-0.4288958469933837,-0.023987546307949525,0.0017262973516061209,-0.013357919200294888,-0.015000000000019213,0.0,5.58058272454264,-1.2835850247551737,1.1714743116161925,0.36226827520170213,11.996570822492346,-0.29449293567971646,0.05495454211242585,2.0
D4-R4_A,19,1.8999999999999808,1.9599999999999809,0.06,True,recorded_event,P1b,,False,0.2572544963018802,0.040841115176964315,0.060522726888905254,-1.0143582389410186,-0.026379141385137306,0.0017262973516061209,-0.011610487218698284,-0.015000000000019213,0.0,5.58058272454264,-1.2950338175953084,0.5860119196685575,0.35987668012451435,11.996570822492346,-0.29274550369811986,0.05495454211242585,2.0
D4-R4_A,19,1.8999999999999808,1.9599999999999809,0.06,True,recorded_event,P2,,False,0.2688247496171841,0.0006828116664081563,-7.233999253597467e-05,-0.03389453212687399,-0.0005112889933540643,1.9171849610088998e-05,-4.023390339435995e-05,-0.014999999999999264,0.0,5.540424421032084,-1.3556288844767497,1.5664756264827022,0.38574453251629776,11.99486369699035,-0.28117525038281593,0.0549545421124458,2.0
D4-R4_B,1,0.09999999999999999,0.11699999999999999,0.017,False,reconstructed_rk4,A,,False,0.4591817999669039,0.00038144420603902773,-0.0006768940290986514,-0.011504648552539964,-7.809196437547072e-05,-2.0411681278531546e-07,-5.27500455919927e-06,0.0,0.0019138406590428758,5.330593968604297,-0.2936768549153307,0.8909305555350296,0.0997133007400761,1.6146283868486948,-0.09081820003309618,0.03913086757455902,0.8862357607549213
D4-R4_B,1,0.09999999999999999,0.11699999999999999,0.017,False,reconstructed_rk4,P0,,False,0.45857577778944913,0.003419560796618981,0.028501050780998793,-0.09991963798141079,-0.011266478312801365,0.00033376661259598706,-0.0006112971820139562,0.0,0.0,5.333632085194877,-0.26449891010523324,0.8025155661061588,0.08852491439165,1.6149623575781036,-0.09142422221055094,0.03913086757455902,0.8843219200958784
D4-R4_B,1,0.09999999999999999,0.11699999999999999,0.017,False,reconstructed_rk4,P1a,,False,0.4590935457741928,0.003170644147467705,0.02676054880235046,-0.10620063118689504,-0.0081889675512139,0.0005918180310038323,-9.352919727026454e-05,0.0,0.0,5.333383168545725,-0.2662394120838816,0.7962345729006746,0.09160242515323747,1.6152204089965114,-0.09090645422580725,0.03913086757455902,0.8843219200958784
D4-R4_B,1,0.09999999999999999,0.11699999999999999,0.017,False,reconstructed_rk4,P1b,,False,0.4593195928734929,0.003170644147467705,0.026368950559468418,-0.13365246813221487,-0.00857061123943259,0.0005918180310038323,0.00013251790202983837,0.0,0.0,5.333383168545725,-0.2666310103267636,0.7687827359553547,0.09122078146501877,1.6152204089965114,-0.09068040712650714,0.03913086757455902,0.8843219200958784
D4-R4_B,1,0.09999999999999999,0.11699999999999999,0.017,False,reconstructed_rk4,P2,,False,0.4591859902151575,0.0,0.0,-1.1102230246251565e-16,-2.4733122574893684e-05,-2.2482682258129216e-06,-1.0847563055443876e-06,0.0,0.0,5.330212524398258,-0.29299996088623204,0.9024352040875695,0.09976665958187639,1.6146263426972818,-0.09081400978484253,0.03913086757455902,0.8843219200958784
D4-R4_B,2,0.2,0.26,0.06,False,recorded_event,A,,False,0.5068343412884274,-0.0003002804365008771,0.0005215454562487731,-0.15072877937233736,-0.0031036154349020073,-7.5967395867238e-06,-0.00031196472309135553,-0.020000000000000004,0.0010890555459370788,5.434841523375468,-0.28666560539047486,-0.13583429887662024,0.12435173299532361,2.3804863056165013,-0.043165658711572644,-0.05086913242544099,0.8614740838464282
D4-R4_B,2,0.2,0.26,0.06,False,recorded_event,P0,,False,0.49502259850326413,0.01539052606984015,0.11330374469347618,-0.0914595518865588,-0.05201348190247357,0.0022183586480117867,-0.01212370750825461,0.028085668285417673,-0.014858129067875758,5.450532329881809,-0.17388340615324746,-0.07656507139084169,0.07544186652775187,2.3827122610041,-0.0549774014967359,-0.0027834641400233152,0.8455268992326154
D4-R4_B,2,0.2,0.26,0.06,False,recorded_event,P1a,,False,0.498836302018782,0.0015222575675144512,0.017645453854854387,0.29214847275979255,-0.015031639981661904,0.0012402950272902835,-0.008310003992736757,-0.014999999999999958,-0.0009898605655500603,5.436664061379483,-0.26954169699186925,0.3070429532555097,0.11242370844856353,2.3817341973833783,-0.051163697981218045,-0.045869132425440946,0.8593951677349411
D4-R4_B,2,0.2,0.26,0.06,False,recorded_event,P1b,,False,0.5031759143582649,0.0015222575675144512,0.07055159903674535,-0.49960085450994157,-0.03150866450269296,0.0012402950272902835,-0.003970391653253809,0.01376259949813112,-0.0009898605655500603,5.436664061379483,-0.2166355518099783,-0.48470637401422445,0.09594668392753247,2.3817341973833783,-0.0468240856417351,-0.01710653292730987,0.8593951677349411
D4-R4_B,2,0.2,0.26,0.06,False,recorded_event,P2,,False,0.5069651798491932,-0.0007086190042153717,-0.0011794647721112828,-0.10460912029878468,-0.0018022878340668846,-2.4617469265297842e-05,-0.00018112616232554557,-0.014999999999999986,0.001374559278521481,5.434433184807753,-0.2883666156188349,-0.08971463980306757,0.12565306059615866,2.3804692848868227,-0.043034820150806834,-0.045869132425440974,0.8617595875790126
D4-R4_B,3,0.3,0.36,0.06,True,recorded_event,A,,False,0.5449339391910457,0.0002482065555939883,0.0036780271618592347,-0.10120574895876233,-0.0028902935688610576,2.1344452353577736e-05,-0.00029264243384242127,0.0,-0.00018334506341233237,5.526709534041365,-0.035628270237381014,-0.9299105816728974,0.06012215368335147,2.926979203086564,-0.0050660608089543235,-0.08086913242544098,0.8594092235118911
D4-R4_B,3,0.3,0.36,0.06,True,recorded_event,P0,,False,0.5418015446920986,0.00014806565147473805,0.03861014256213673,0.0716130961401793,-0.01602435819994863,7.66281096211685e-05,-0.003425036932789568,0.02839649003703746,6.578485841224335e-05,5.526609393137246,-0.0006961548371035185,-0.7570917365739558,0.04698808905226404,2.9270344867438314,-0.00819845530790147,-0.052472642388403525,0.8596583534337157
D4-R4_B,3,0.3,0.36,0.06,True,recorded_event,P1a,,False,0.5443040751619178,-0.00022518214397937442,0.0052512650828780635,0.10988999970296076,0.0007268235731188177,-0.0011555911414937725,-0.0009225064629703331,-0.015,0.0004390326538663558,5.526236145341792,-0.034055032316362185,-0.7188148330111743,0.06373927082533148,2.9258022674927164,-0.005695924838082235,-0.09586913242544098,0.8600316012291698
D4-R4_B,3,0.3,0.36,0.06,True,recorded_event,P1b,,False,0.5470145792661765,-0.00022518214397937442,0.04041330114857104,-0.11134084754588813,-0.008939820786848518,-0.0011555911414937725,0.0017879976412883353,0.023547726317435895,0.0004390326538663558,5.526236145341792,0.001107003749330795,-0.9400456802600232,0.05407262646536415,2.9258022674927164,-0.002985420733823567,-0.05732140610800509,0.8600316012291698
D4-R4_B,3,0.3,0.36,0.06,True,recorded_event,P2,,False,0.5450556658775351,0.0001453670527196138,0.0002356826065406034,-0.08388412852953386,-0.0017294857389420493,1.1021028063940008e-05,-0.00017091574735312882,-0.006908716741931234,-7.599717611572743e-05,5.526606694538491,-0.039070614792699646,-0.912588961243669,0.061282961513270826,2.926968879662274,-0.004944334122465031,-0.08777784916737222,0.8595165713991877
D4-R4_B,4,0.4,0.46,0.06,True,recorded_event,A,,False,0.5386511216506897,0.0007970890459549906,-0.0012289336490283742,0.1483179569622305,0.0028301411621254324,1.228565284216998e-05,0.00026421463282706725,0.020000000000000004,0.0016017395654595035,5.594165988962132,0.27750138323396306,-0.7634447771021631,-0.0487440221027385,3.4832772211953436,0.011348878349310287,-0.01086913242544098,0.7930785697396637
D4-R4_B,4,0.4,0.46,0.06,True,recorded_event,P0,,False,0.5329480037268504,0.008739939065490532,-0.1384956972708501,0.7523215611362314,0.04752769829530612,-4.3033502824751935e-05,0.005967332556666519,0.014999999999999951,-0.004568067890710736,5.602108838981668,0.14023461961214134,-0.15944117292816218,-0.004046464969557739,3.4832219020396766,0.01705199627314974,-0.01586913242544103,0.7869087622834935
D4-R4_B,4,0.4,0.46,0.06,True,recorded_event,P1a,,False,0.5314217381791889,0.009765640383584184,-0.07153868439339331,0.33054765012896037,0.029594409464002602,-0.0010609500569178643,0.007493598104327903,0.014999999999999951,-0.005593769208804389,5.603134540299761,0.20719163248959813,-0.5812150839354332,-0.021979753800861257,3.4822039854855835,0.018578261820811123,-0.01586913242544103,0.7858830609653998
D4-R4_B,4,0.4,0.46,0.06,True,recorded_event,P1b,,False,0.5323451247524924,0.009765640383584184,-0.08084761391917927,0.948040138664255,0.033724005183753736,-0.0010609500569178643,0.006570211531024472,0.014999999999999951,-0.005593769208804389,5.603134540299761,0.19788270296381216,0.03627740459986145,-0.017850158081110123,3.4822039854855835,0.017654875247507692,-0.01586913242544103,0.7858830609653998
D4-R4_B,4,0.4,0.46,0.06,True,recorded_event,P2,,False,0.5387811594969623,0.0004914472054551311,0.0006959001219791761,0.10258202171233433,0.0015441850601218832,8.664799850510718e-06,0.00013417678655454,0.014999999999999951,0.0017851953267919995,5.593860347121632,0.2794262170049706,-0.8091807123520592,-0.050029978204741955,3.483273600342352,0.01121884050303776,-0.01586913242544103,0.7932620255009962
D4-R4_B,5,0.5,0.56,0.06,True,recorded_event,A,,False,0.5431327471475702,0.00124975800685867,-0.0013869183451468703,0.15232679924145917,0.002893149764938485,3.797672036309763e-05,0.00026603804672866924,0.020000000000000004,0.0007474095811472736,5.643467799222124,0.34037574248889774,-0.09717118123560681,-0.11716455198445405,4.045678443099623,-0.006867252852429785,0.039130867574559025,0.6842199362918723
D4-R4_B,5,0.5,0.56,0.06,True,recorded_event,P0,,False,0.5454721805194788,0.021776534177211815,-0.23358789124768967,1.1502301761716007,0.0821731341608527,0.0009205646279548674,0.011661110379679731,0.015000000000000006,-0.01905582219785895,5.663994575392477,0.10817476958635494,0.9007321956945348,-0.03788456758853975,4.046561031007215,0.004527819480521276,0.03413086757455903,0.664416704512866
D4-R4_B,5,0.5,0.56,0.06,True,recorded_event,P1a,,False,0.5462007058934273,0.011636560016184738,-0.10288869948513482,0.584877251735057,0.03942385008019933,8.483364530853521e-05,0.01093258500573122,0.015000000000000006,-0.008915848036831875,5.65385460123145,0.23887396134890979,0.33537927125799105,-0.08063385166919312,4.045725300024569,0.0037992941065727644,0.03413086757455903,0.6745566786738931
D4-R4_B,5,0.5,0.56,0.06,True,recorded_event,P1b,,False,0.5493763228093428,0.011636560016184738,-0.16039037193641198,1.6182143834679024,0.05612660807798209,8.483364530853521e-05,0.006509613708501144,0.015000000000000006,-0.008915848036831875,5.65385460123145,0.18137228889763263,1.3687164029908363,-0.06393109367141037,4.045725300024569,-0.0006236771906573098,0.03413086757455903,0.6745566786738931
D4-R4_B,5,0.5,0.56,0.06,True,recorded_event,P2,,False,0.5430021623217723,0.0007472661234961819,0.0006448115343782868,0.10557448368407177,0.001583176921022833,2.09016410028795e-05,0.00013545322093073443,0.015000000000000006,0.001101508636464743,5.642965307338762,0.3424074723684229,-0.1439234967929942,-0.11847452482836951,4.045661368020263,-0.0069978376782277195,0.03413086757455903,0.6845740353471897
D4-R4_B,6,0.6,0.6599999999999999,0.06,True,recorded_event,A,,False,0.5015169475034212,0.0005966950185127828,-0.0015383645252443345,0.15351720283329795,0.0029663001367117303,2.8974003550175098e-05,0.0002774493221460936,0.01999999999999999,-0.0002717801512801543,5.701577526167293,0.13036053445020435,0.7771736976538318,-0.09760757146380178,4.611918416339889,-0.048483052496578756,0.08913086757455901,0.5374907257995634
D4-R4_B,6,0.6,0.6599999999999999,0.06,True,recorded_event,P0,,False,0.5095695184457039,0.005618947409061548,-0.16775558518683406,0.7140006679953796,0.056280021638803746,0.000675022819537574,0.008330020264428716,0.015,-0.005346084172041188,5.706599778557842,-0.03585668621138538,1.3376571628159135,-0.0442938499617096,4.612564465155876,-0.040430481554296134,0.08413086757455902,0.5324164217788023
D4-R4_B,6,0.6,0.6599999999999999,0.06,True,recorded_event,P1a,,False,0.5075874941071936,0.0018822496833692526,-0.07400511230635487,0.35274670112939277,0.02123806041167331,-0.00011873424522867992,0.0063479959259184066,0.015,-0.0016093864463488927,5.70286308083215,0.05789378666909381,0.9764031959499266,-0.07933581118884003,4.61177070809111,-0.04241250589280644,0.08413086757455902,0.5361531195044946
D4-R4_B,6,0.6,0.6599999999999999,0.06,True,recorded_event,P1b,,False,0.5031090813055014,0.0018822496833692526,-0.12877426398790942,1.1017558895633088,0.03690100821556497,-0.00011873424522867992,0.0018695831242261443,0.015,-0.0016093864463488927,5.70286308083215,0.00312463498753926,1.7254123843838427,-0.06367286338494837,4.61177070809111,-0.046890918694498705,0.08413086757455902,0.5361531195044946
D4-R4_B,6,0.6,0.6599999999999999,0.06,True,recorded_event,P2,,False,0.5013805999792014,0.00034304311631316864,0.0005856747412080199,0.10673882755194208,0.0016238206260923427,1.2400793033329194e-05,0.00014110179792619498,0.015,-7.00115708820448e-05,5.701323874265094,0.1324845737166567,0.730395322372476,-0.09895005097442088,4.611901843129372,-0.048619400020798655,0.08413086757455902,0.5376924943799615
D4-R4_B,7,0.7,0.76,0.06,True,recorded_event,A,,False,0.46731888267804805,0.0005730175790281677,0.005477564786568662,-0.11148631140387755,-0.0032283989299735083,-1.220369741616878e-05,-0.00033109583301745016,-0.005707852351567483,0.0013940025690306612,5.74538585678637,-0.2397954392188693,1.162315814819034,0.009283434100269435,5.18434846442666,-0.082681117321952,0.061471047831765505,0.5050629386251548
D4-R4_B,7,0.7,0.76,0.06,True,recorded_event,P0,,False,0.4672822374804042,0.00023752398997523017,0.005302781992156114,-0.1243238101029549,-0.005944799434830728,-0.00031751640383159696,-0.00036774103066128383,0.0021419092002727957,0.0036313317585623395,5.745050363197317,-0.23997022201328186,1.1494783161199567,0.006567033595412219,5.184043151720244,-0.08271776251959584,0.06932080938360578,0.5073002678146865
D4-R4_B,7,0.7,0.76,0.06,True,recorded_event,P1a,,False,0.4641761246112093,0.005089600309552189,0.017500606998850254,-0.04122900654986461,-0.014443211400613887,-0.001073669074401984,-0.0034738538998562024,0.01870958949818284,-0.0012207445610146195,5.749902439516894,-0.22777239700658772,1.232573119673047,-0.0019313783703709397,5.183286999049674,-0.08582387538879076,0.08588848968151583,0.5024481914951096
D4-R4_B,7,0.7,0.76,0.06,True,recorded_event,P1b,,False,0.4623182940514897,0.005089600309552189,-0.011874994817711287,-0.029159186291605188,-0.007692339786627755,-0.001073669074401984,-0.005331684459575797,0.0030437093140540106,-0.0012207445610146195,5.749902439516894,-0.25714799882314926,1.2446429399313064,0.004819493243615192,5.183286999049674,-0.08768170594851035,0.070222609497387,0.5024481914951096
D4-R4_B,7,0.7,0.76,0.06,True,recorded_event,P2,,False,0.46748234427953234,0.0003090019034148739,-0.0004241287515327208,-0.0995993422506396,-0.0016856384143375536,-6.6973684695881275e-06,-0.00016763423153313972,-0.015000000000000013,0.0015519714476912583,5.745121841110756,-0.2456971327569707,1.174202783972272,0.010826194615905203,5.184353970755606,-0.0825176557204677,0.052178900183332974,0.5052209075038154
D4-R4_B,8,0.8,0.8600000000000001,0.06,True,recorded_event,A,,False,0.4725648763697319,0.0016902490069794496,0.0019083986099316386,-0.14311669769604773,-0.0028096747750789852,4.1357078356618615e-05,-0.0002606669329561495,-0.02,0.0025669206972587233,5.751587901548842,-0.5057866922596072,0.7461727593415601,0.13542805659749918,5.76152656610798,-0.07743512363026815,-0.0028210998166670227,0.5175491088059211
D4-R4_B,8,0.8,0.8600000000000001,0.06,True,recorded_event,P0,,False,0.46124500764162046,0.03365812730381812,0.24099529713647083,-1.1034969697624855,-0.08196032786785601,0.0008943985246112618,-0.011580535661067606,-0.0149999999999999,-0.026724481499047492,5.78355577984568,-0.26669979373306796,-0.21420751272487754,0.05627740350472221,5.762379607554235,-0.08875499235837961,0.002178900183333077,0.48825770660961487
D4-R4_B,8,0.8,0.8600000000000001,0.06,True,recorded_event,P1a,,False,0.4604013013050602,0.021839950195668756,0.1084167970671635,-0.5214180756743116,-0.043502844353217274,0.00032619044704684796,-0.012424241997627844,-0.0149999999999999,-0.014906304390898129,5.771737602737531,-0.3992782938023753,0.36787138136329617,0.09473488701936095,5.76181139947667,-0.08959869869493985,0.002178900183333077,0.5000758837177642
D4-R4_B,8,0.8,0.8600000000000001,0.06,True,recorded_event,P1b,,False,0.46371104868970403,0.021839950195668756,0.15726961796229355,-1.5170501956271645,-0.0574064630791411,0.00032619044704684796,-0.00911449461298404,-0.0149999999999999,-0.014906304390898129,5.771737602737531,-0.35042547290724524,-0.6277607385895565,0.08083126829343712,5.76181139947667,-0.08628895131029604,0.002178900183333077,0.5000758837177642
D4-R4_B,8,0.8,0.8600000000000001,0.06,True,recorded_event,P2,,False,0.4726847974219494,0.0010341501985156043,-0.0002604087841920899,-0.09841958739537049,-0.001577066015579387,2.4610374048883443e-05,-0.00014074588073864636,-0.0149999999999999,0.0030086751152875735,5.750931802740378,-0.5079554996537309,0.7908698696422374,0.1366606653569988,5.761509819403672,-0.07731520257805065,0.002178900183333077,0.5179908632239499
D4-R4_B,9,0.9,0.96,0.06,True,recorded_event,A,,False,0.5239956971289244,0.0017139234325416197,0.001843480343048931,-0.15281594411169866,-0.0029993015582103766,6.596724333185477e-05,-0.0002762772090086178,-0.020000000000000004,0.000896126837289124,5.764154310190256,-0.4425065356694097,-0.05628911932940531,0.19791880193545044,6.337266632878217,-0.026004302871075698,-0.05282109981666703,0.3841864568174983
D4-R4_B,9,0.9,0.96,0.06,True,recorded_event,P0,,False,0.5112807970814534,0.035074616876108244,0.27313523700564135,-1.3012029837085106,-0.09431924061265073,0.002164839355332404,-0.012991177256479563,-0.015000000000000006,-0.031593152217546994,5.797515003633823,-0.17121477900681722,-1.2046761589262172,0.10659886288101017,6.339365504990218,-0.03871920291854664,-0.04782109981666703,0.3516971777626622
D4-R4_B,9,0.9,0.96,0.06,True,recorded_event,P1a,,False,0.5113517040749189,0.01642451756795449,0.1259854532005733,-0.6887779881209145,-0.04610335533340493,0.0017566131208974767,-0.012920270263014028,-0.015000000000000006,-0.012943052909393238,5.778864904325669,-0.3183645628118853,-0.5922511633386212,0.15481474816025598,6.338957278755783,-0.03864829592508111,-0.04782109981666703,0.37034727707081594
D4-R4_B,9,0.9,0.96,0.06,True,recorded_event,P1b,,False,0.5166154489488314,0.01642451756795449,0.19645324675790918,-1.8355287840351893,-0.06618845705836396,0.0017566131208974767,-0.007656525389101627,-0.015000000000000006,-0.012943052909393238,5.778864904325669,-0.24789676925454943,-1.7390019592528958,0.13472964643529695,6.338957278755783,-0.03338455105116871,-0.04782109981666703,0.37034727707081594
D4-R4_B,9,0.9,0.96,0.06,True,recorded_event,P2,,False,0.5241214867078925,0.0010224272059211614,-0.0003852675965537178,-0.10575311895365788,-0.0016962889026537198,3.674297723765818e-05,-0.0001504876300404516,-0.015000000000000006,0.0013951268565444153,5.763462813963636,-0.4447352836090123,-0.00922629417136453,0.19922181459100702,6.337237408612123,-0.02587851329210753,-0.04782109981666703,0.3846854568367536
D4-R4_B,10,1.0,1.06,0.06,True,recorded_event,A,,False,0.49330410498378463,0.0006274810702970868,0.0019171427636829608,-0.15462789678587707,-0.003119590409612627,5.874649658466069e-05,-0.0002963149789025482,-0.01999999999999999,-5.700147436371594e-05,5.78627954307195,-0.1196063703375431,-1.010555904137966,0.17047178832479343,6.909453358010649,0.056695895016215435,-0.10282109981666701,0.10629824031904225
D4-R4_B,10,1.0,1.06,0.06,True,recorded_event,P0,,False,0.506283801332269,0.00506653921100142,0.2618882484731437,-1.216108821642547,-0.09210352448711046,0.002210508209865125,-0.013276011327386962,-0.01500000000000011,-0.0041580110654440006,5.790718601212654,0.14036473537191763,-2.072036828994636,0.08148785424729565,6.911605119723929,0.04371619866773102,-0.09782109981666713,0.10219723072796197
D4-R4_B,10,1.0,1.06,0.06,True,recorded_event,P1a,,False,0.5030405381649684,0.002731310551444821,0.1334418654024456,-0.6583199234135478,-0.042680479110186464,0.0016568605157214478,-0.010032748160086397,-0.01500000000000011,-0.001822782405887402,5.788383372553097,0.011918352301219542,-1.5142479307656367,0.13091089962421965,6.9110514720297855,0.046959461835031586,-0.09782109981666713,0.10453245938751857
D4-R4_B,10,1.0,1.06,0.06,True,recorded_event,P1b,,False,0.4964730153456506,0.002731310551444821,0.20590881551030596,-1.7846991735828754,-0.0646353722274271,0.0016568605157214478,-0.003465225340768492,-0.01500000000000011,-0.001822782405887402,5.788383372553097,0.0843853024090799,-2.640627180934964,0.10895600650697901,6.9110514720297855,0.05352698465434949,-0.09782109981666713,0.10453245938751857
D4-R4_B,10,1.0,1.06,0.06,True,recorded_event,P2,,False,0.49316838079540637,0.00036326337240577544,-0.0003864713323492447,-0.107395798886745,-0.0017617426272349412,3.117386738082928e-05,-0.00016059079052432867,-0.014999999999999264,0.00016207089882414039,5.786015325374058,-0.1219099844335753,-0.9633238062388338,0.17182963610717128,6.909425785381445,0.056831619204593654,-0.09782109981666628,0.10651731269223011
D4-R4_B,11,1.0999999999999979,1.159999999999998,0.06,True,recorded_event,A,,False,0.41379558429078345,-0.0006766253376513376,0.002194972383126381,-0.11722502194004814,-0.0024459821777176316,1.5995143938241085e-05,-0.00023283423937192627,-0.020000000000000018,0.0020397071669666644,5.7820129344717195,0.34234390139514154,-1.855807603843669,0.049209464142451725,7.482212386719941,0.13620441570921657,-0.15282109981666703,0.13985573908844692
D4-R4_B,11,1.0999999999999979,1.159999999999998,0.06,True,recorded_event,P0,,False,0.4184956134047557,-0.00912683369024414,0.09867284875566235,-0.25435824949221164,-0.030666102985196897,0.000646319829138875,-0.004932863353344141,0.0050798211070431365,0.013541293723204895,5.773562726119127,0.4388217777676775,-1.9929408313958326,0.0209893433349726,7.482842711405142,0.13150438659524435,-0.12774127870962387,0.15135732564468515
D4-R4_B,11,1.0999999999999979,1.159999999999998,0.06,True,recorded_event,P1a,,False,0.41369072575215965,0.002147502537078516,0.04807584832930356,-0.10917136339821543,-0.006540412256780925,-3.356610767113466e-05,-0.00012797570074810083,-0.015000000000002345,0.002266957495882238,5.784837062346449,0.3882247773413187,-1.8477539453018363,0.04511503406338857,7.482162825468332,0.1363092742478404,-0.14782109981666935,0.1400829894173625
D4-R4_B,11,1.0999999999999979,1.159999999999998,0.06,True,recorded_event,P1b,,False,0.409729678458485,0.002147502537078516,0.09223251444894731,-0.5318157305152602,-0.01909294645010462,-3.356610767113466e-05,0.0038330715929265347,-0.0015886301259094848,0.002266957495882238,5.784837062346449,0.43238144346096247,-2.270398312418881,0.032562499870064876,7.482162825468332,0.14027032154151503,-0.1344097299425765,0.1400829894173625
D4-R4_B,11,1.0999999999999979,1.159999999999998,0.06,True,recorded_event,P2,,False,0.4136858216140532,-0.00034686024932018,6.185272962838662e-05,-0.08036470504929105,-0.001348632868237054,7.473927232659605e-06,-0.00012307156264168562,-0.014999999999999236,0.0018444750580890457,5.782342699560051,0.34021078174164354,-1.818947286952912,0.05030681345193252,7.4822038655032355,0.1363141783859468,-0.14782109981666625,0.1396605069795693
D4-R4_B,12,1.1999999999999957,1.2599999999999958,0.06,True,recorded_event,A,,False,0.3758514361926306,0.0019149372467897052,-0.0018149292573984566,0.10168670938073365,0.0020106710080063372,2.2556039079191237e-05,0.00018169080307955943,0.01999999999999999,0.005439735434099369,5.727087422755109,0.8253821587573208,-1.765024356795772,-0.12732334648088248,8.058552269978312,0.17414856380736943,-0.06282109981666704,0.6518236865266428
D4-R4_B,12,1.1999999999999957,1.2599999999999958,0.06,True,recorded_event,P0,,False,0.37094399300472586,0.040269886532544596,-0.14294395644178393,0.6723598459629563,0.0440327373385192,0.0008168914721160547,0.005089133990984318,0.01500000000000433,-0.02665892764792943,5.765442372040864,0.6842531315729353,-1.1943512202135493,-0.08530128015036942,8.05934660541135,0.1790560069952742,-0.0678210998166627,0.619725023444614
D4-R4_B,12,1.1999999999999957,1.2599999999999958,0.06,True,recorded_event,P1a,,False,0.36627041810717553,0.03185232282545414,-0.0717488504924968,0.31584819726658186,0.028795703460477995,7.81146923074516e-05,0.009762708888534644,0.01500000000000433,-0.018241363940838973,5.757024808333774,0.7554482375222225,-1.5508628689099238,-0.10053831402841062,8.05860782863154,0.1837295818928245,-0.0678210998166627,0.6281425871517045
D4-R4_B,12,1.1999999999999957,1.2599999999999958,0.06,True,recorded_event,P1b,,False,0.3664527421672015,0.03185232282545414,-0.06715743270447161,0.810736938127619,0.029976402936407798,7.81146923074516e-05,0.009580384828508676,0.01500000000000433,-0.018241363940838973,5.757024808333774,0.7600396553102476,-1.0559741280488866,-0.09935761455248082,8.05860782863154,0.18354725783279854,-0.0678210998166627,0.6281425871517045
D4-R4_B,12,1.1999999999999957,1.2599999999999958,0.06,True,recorded_event,P2,,False,0.37593465205201926,0.0011945628363250194,-6.381385750886537e-05,0.06866328945846445,0.0011186554718025654,1.3881120741743302e-05,9.8474943690946e-05,0.014999999999999264,0.005898791421672378,5.7263670483446445,0.8271332741572104,-1.7980477767180412,-0.12821536201708605,8.058543595059975,0.17406534794798081,-0.06782109981666777,0.6522827425142158
D4-R4_B,13,1.2999999999999936,1.3599999999999937,0.06,True,recorded_event,A,,False,0.40078193075237856,0.002611104496582861,-0.0016230804304391278,0.09531531637703061,0.0018445111405309689,5.847286062810042e-05,0.00015318964882585218,0.020000000000000004,0.004880345627786831,5.677191777532771,1.0481114769280468,-1.2336219128506831,-0.2827689215182519,8.634164224534983,0.14921806924762152,-0.012821099816667037,1.17557869633608
D4-R4_B,13,1.2999999999999936,1.3599999999999937,0.06,True,recorded_event,P0,,False,0.39219933926939377,0.08412209027361595,-0.25867807319011105,1.140387138970632,0.07720785203186331,0.002533049772345919,0.008735781131810644,0.015000000000006557,-0.07173861631488432,5.758702763309804,0.7910564841683749,-0.1885500902570819,-0.2074055806269195,8.6366388014467,0.1578006607306063,-0.017821099816660482,1.0989597343934088
D4-R4_B,13,1.2999999999999936,1.3599999999999937,0.06,True,recorded_event,P1a,,False,0.38771118094054646,0.043135230102726574,-0.11306780588725907,0.5998169333718378,0.03926584945620082,0.0019113601484690435,0.01322393946065789,0.015000000000006557,-0.030751756143994946,5.717715903138915,0.9366667514712269,-0.7291202958558759,-0.245347583202582,8.636017111822824,0.16228881905945355,-0.017821099816660482,1.1399465945642981
D4-R4_B,13,1.2999999999999936,1.3599999999999937,0.06,True,recorded_event,P1b,,False,0.39028052309982775,0.043135230102726574,-0.13831875168402263,1.5088136265821057,0.049435536119891044,0.0019113601484690435,0.010654597301376662,0.015000000000006557,-0.030751756143994946,5.717715903138915,0.9114158056744633,0.17987639735439195,-0.23517789653889176,8.636017111822824,0.15971947690017232,-0.017821099816660482,1.1399465945642981
D4-R4_B,13,1.2999999999999936,1.3599999999999937,0.06,True,recorded_event,P2,,False,0.4008512380432429,0.0016165354491661788,-3.2277721382589775e-05,0.06452127561983478,0.0010339030897350554,3.2939571212864394e-05,8.388235796147336e-05,0.01499999999999925,0.00557517834292387,5.6761972084853545,1.0497022796371034,-1.264415953607879,-0.2835795295690479,8.634138691245568,0.14914876195675714,-0.01782109981666779,1.176273529051217
D4-R4_B,14,1.3999999999999915,1.4599999999999915,0.06,True,recorded_event,A,,False,0.491580952283104,0.00272516794618749,-0.0015683072307947077,0.11688753974218835,0.002226349151762008,8.732469368943896e-05,0.0001806225886357149,0.020000000000000004,0.0019969872663949673,5.683205430900113,0.9250602102309345,-0.4270540926666432,-0.37163538066638213,9.2020592854975,0.05841904771689603,0.03717890018333297,1.053202467058314
D4-R4_B,14,1.3999999999999915,1.4599999999999915,0.06,True,recorded_event,P0,,False,0.4828327339916908,0.07129626602660721,-0.2538103114990493,1.2039329671618144,0.079243486211245,0.0030056196957346515,0.008928840880048902,0.015000000000008555,-0.06492690726184247,5.751776528980533,0.6728182059626799,0.6599913347529829,-0.29461824360689937,9.204977580499545,0.06716726600830922,0.03217890018334152,0.9862785725300766
D4-R4_B,14,1.3999999999999915,1.4599999999999915,0.06,True,recorded_event,P1a,,False,0.47886786874356807,0.03186728130405214,-0.11254385005778511,0.6527878283606415,0.03779864020148693,0.003121178527718982,0.012893706128171659,0.015000000000008555,-0.025497922539287288,5.712347544257978,0.8140846674039441,0.10884619595181,-0.33606308961665743,9.20509313933153,0.07113213125643197,0.03217890018334152,1.0257075572526317
D4-R4_B,14,1.3999999999999915,1.4599999999999915,0.06,True,recorded_event,P1b,,False,0.4825575762635195,0.03186728130405214,-0.15314576983496708,1.647084579789811,0.052198817452946855,0.003121178527718982,0.009203998608220215,0.015000000000008555,-0.025497922539287288,5.712347544257978,0.7734827476267622,1.1031429473809795,-0.3216629123651975,9.20509313933153,0.06744242373648053,0.03217890018334152,1.0257075572526317
D4-R4_B,14,1.3999999999999915,1.4599999999999915,0.06,True,recorded_event,P2,,False,0.49166089835096805,0.0016394550475551384,0.00018270637504502751,0.08004769103548875,0.0012655104731389422,4.8540676640840275e-05,0.00010067652077166978,0.014999999999999257,0.002770741759853479,5.682119718001481,0.9268112238367743,-0.4638939413733428,-0.3725962193450055,9.202020501480451,0.058339101649031985,0.03217890018333222,1.0539762215517725
D4-R4_B,15,1.4999999999999893,1.5599999999999894,0.06,True,recorded_event,A,,False,0.4654923904431058,0.0022325729832104457,-0.0015952164328979501,0.15499415261368354,0.0030410044503170752,0.000120278093884707,0.00025959727480302786,0.01999999999999999,0.0010998203202126078,5.654469079504405,0.5332870401612345,0.5360784622120568,-0.37554503996515176,9.75579198642572,-0.08450760955689424,0.08717890018333296,-0.3724681981868122
D4-R4_B,15,1.4999999999999893,1.5599999999999894,0.06,True,recorded_event,P0,,False,0.47718468773588,0.030674061654845097,-0.26186484812085425,1.316127040218285,0.09167222852033774,0.002841898685055355,0.01195189456757724,0.015000000000010769,-0.026097743016301855,5.682910568176039,0.2730174084732782,1.697211349816658,-0.2869138158951312,9.75851360701689,-0.07281531226412002,0.08217890018334374,-0.39966576152332667
D4-R4_B,15,1.4999999999999893,1.5599999999999894,0.06,True,recorded_event,P1a,,False,0.4770083126622187,0.021584823905027584,-0.134503564723448,0.7081939904094808,0.04368109300072032,0.003934656910283607,0.011775519493915948,0.015000000000010769,-0.01700850526648434,5.673821330426222,0.4003786918706845,1.089278300007854,-0.33490495141474863,9.759606365242119,-0.07299168733778132,0.08217890018334374,-0.39057652377350915
D4-R4_B,15,1.4999999999999893,1.5599999999999894,0.06,True,recorded_event,P1b,,False,0.4716207370810015,0.021584823905027584,-0.20530519069662057,1.8983826783983004,0.06750821718256805,0.003934656910283607,0.0063879439126986876,0.015000000000010769,-0.01700850526648434,5.673821330426222,0.3295770658975119,2.2794669879966736,-0.3110778272329009,9.759606365242119,-0.07837926291899858,0.08217890018334374,-0.39057652377350915
D4-R4_B,15,1.4999999999999893,1.5599999999999894,0.06,True,recorded_event,P2,,False,0.4653774215786503,0.0013337908355373074,0.000539859084801253,0.10745209965293107,0.0017395399806874323,6.698015541317659e-05,0.0001446284103475276,0.01499999999999925,0.0017677648856402328,5.6535702973567314,0.5354221156789337,0.4885364092513043,-0.3768465044347815,9.755738688487249,-0.08462257842134974,0.08217890018333222,-0.3718002536213846
D4-R4_B,16,1.5999999999999872,1.6599999999999873,0.06,True,recorded_event,A,,False,0.3049872286739289,0.00033387955775499023,-0.0015402141735199222,0.15148908309756726,0.0031375859916753512,9.598938466126583e-05,0.0002893302881913362,0.020000000000000004,0.0008572780287972037,5.5350239580443805,0.005590478624613912,1.6030014495510885,-0.27904048919698643,10.29424161162235,-0.2450127713260711,0.13717890018333295,-1.5632963043966475
D4-R4_B,16,1.5999999999999872,1.6599999999999873,0.06,True,recorded_event,P0,,False,0.3180968415826164,-0.01464950754043759,-0.2570936155157721,1.2351642566849976,0.09493601016316999,0.003045140987213202,0.013398943196878788,0.015000000000012989,0.017597686316904948,5.520040570946188,-0.24996292271763826,2.686676623138519,-0.18724206502549157,10.297190763224902,-0.23190315841738365,0.13217890018334594,-1.5465558961085397
D4-R4_B,16,1.5999999999999872,1.6599999999999873,0.06,True,recorded_event,P1a,,False,0.31211622336872713,0.0031626214679105757,-0.14596776914599552,0.6755886824216406,0.043134873039520905,0.0034660874080554294,0.007418324982989527,0.015000000000012989,-0.00021444269144321737,5.537852699954536,-0.1388370763478617,2.127101048875162,-0.23904320214914065,10.297611709645745,-0.23788377663127291,0.13217890018334594,-1.5643680251168879
D4-R4_B,16,1.5999999999999872,1.6599999999999873,0.06,True,recorded_event,P1b,,False,0.30525689207796125,0.0031626214679105757,-0.21992534564222216,1.866693776404903,0.0693951582652712,0.0034660874080554294,0.0005589936922236749,0.015000000000012989,-0.00021444269144321737,5.537852699954536,-0.21279465284408833,3.318206142858424,-0.21278291692339035,10.297611709645745,-0.24474310792203877,0.13217890018334594,-1.5643680251168879
D4-R4_B,16,1.5999999999999872,1.6599999999999873,0.06,True,recorded_event,P2,,False,0.3048557828577017,0.00020570247277795772,0.0006045200111365716,0.10495714742790851,0.0017721104523475972,5.268801638536047e-05,0.0001578844719641037,0.014999999999999278,0.0009941372500712475,5.5348957809594035,0.007735212809270406,1.5564695138814297,-0.28040596473631413,10.294198310254075,-0.24514421714229834,0.13217890018333223,-1.5631594451753734
D4-R4_B,17,1.699999999999985,1.7599999999999851,0.06,True,recorded_event,A,,False,0.17310117086595717,-0.0009666987643575098,-0.0015673422132621573,0.0898768205709013,0.001935205008066987,2.3407260149710396e-05,0.0001805624822195928,0.020000000000000018,0.003017896940515463,5.436506056460675,-0.5491316610303452,2.3401685581963876,-0.0883210505449379,10.828894773281018,-0.3768988291340429,0.187178900183333,-0.22960713969112842
D4-R4_B,17,1.699999999999985,1.7599999999999851,0.06,True,recorded_event,P0,,False,0.17792980994058855,-0.0012949442932459476,-0.11782536218868311,0.39250117472952084,0.037830775238710146,0.0029566216246941224,0.005009201556850973,0.009872511317429361,0.007721837634440121,5.436177810931786,-0.6653896810057661,2.642792912355007,-0.05242548031429495,10.831827987645562,-0.3720701900594115,0.17705141150076234,-0.22490319899720376
D4-R4_B,17,1.699999999999985,1.7599999999999851,0.06,True,recorded_event,P1a,,False,0.17000801623776501,0.0018231411759188632,-0.07193232144051698,0.2138994467510691,0.01217290904987145,0.0009136073275755052,-0.002912592145972559,0.015000000000015001,0.00460375216527531,5.439295896400951,-0.6194966402576,2.4641911843765554,-0.07808334650313364,10.829784973348444,-0.37999198376223503,0.18217890018334798,-0.22802128446636857
D4-R4_B,17,1.699999999999985,1.7599999999999851,0.06,True,recorded_event,P1b,,False,0.16584018159842012,0.0018231411759188632,-0.10226458780297498,0.6761148550774037,0.02328581456899359,0.0009136073275755052,-0.007080426785317451,0.015000000000015001,0.00460375216527531,5.439295896400951,-0.649828906620058,2.92640659270289,-0.0669704409840115,10.829784973348444,-0.3841598184015799,0.18217890018334798,-0.22802128446636857
D4-R4_B,17,1.699999999999985,1.7599999999999851,0.06,True,recorded_event,P2,,False,0.17301622020410123,-0.0004908579053548578,5.818393351586515e-05,0.06077526392556054,0.0010558689432862423,1.4274721243268118e-05,9.561182036366134e-05,0.014999999999999236,0.0027077533341390847,5.4369818973196775,-0.5475061348835671,2.311067001551047,-0.08920038660971899,10.828885640742111,-0.3769837797958988,0.18217890018333222,-0.2299172832975048
D4-R4_B,18,1.799999999999983,1.859999999999983,0.06,True,recorded_event,A,,False,0.1064042192736604,0.0015199961560474762,0.0008870583133580023,-0.06378860070335524,-0.0012341903597099524,2.205089823625883e-05,-0.00010716042731362396,-0.01999999999999999,0.004620215432240116,5.389433193721714,-1.0399951304948827,2.0997911614406113,0.1405183365037087,11.372901708523132,-0.44359578072633965,0.09717890018333296,1.657704262428925
D4-R4_B,18,1.799999999999983,1.859999999999983,0.06,True,recorded_event,P0,,False,0.10419157262505452,0.05042879119066512,0.07529310403112943,-0.332919665171427,-0.022980444513245324,0.0028340337741550314,-0.0023198070759195,-0.01467599098660348,-0.038984829420473766,5.438341988756331,-0.9655890847771113,1.8306600969725395,0.11877208235017322,11.375713691399051,-0.4458084273749455,0.10250290919672947,1.6140992175762112
D4-R4_B,18,1.799999999999983,1.859999999999983,0.06,True,recorded_event,P1a,,False,0.09590767833332359,0.025969364988058352,0.02083295974588406,-0.11906243491786528,-0.012807228815203242,2.62741785768128e-05,-0.010603701367650431,-0.015000000000017194,-0.014525403217866995,5.413882562553725,-1.0200492290623566,2.0445173272261012,0.1289452980482153,11.372905931803473,-0.45409232166667646,0.10217890018331575,1.638558643778818
D4-R4_B,18,1.799999999999983,1.859999999999983,0.06,True,recorded_event,P1b,,False,0.09567586147652496,0.025969364988058352,0.005354012640774286,-0.3780194245106392,-0.010708668326993909,2.62741785768128e-05,-0.010835518224449059,-0.015000000000017194,-0.014525403217866995,5.413882562553725,-1.0355281761674664,1.7855603376333273,0.13104385853642464,11.372905931803473,-0.4543241385234751,0.10217890018331575,1.638558643778818
D4-R4_B,18,1.799999999999983,1.859999999999983,0.06,True,recorded_event,P2,,False,0.10645511788865386,0.0009473189344495481,-0.00010842548917189276,-0.042582275371036094,-0.0006704016595495688,1.6464655940851003e-05,-5.626181232015748e-05,-0.01499999999999925,0.004984726538168616,5.388860516500116,-1.0409906142974126,2.1209974867729304,0.1410821252038689,11.372896122280837,-0.4435448821113462,0.1021789001833337,1.6580687735348536
D4-R4_B,19,1.8999999999999808,1.9599999999999809,0.06,True,recorded_event,A,,False,0.12164014449931287,0.0012891708567037696,0.0006126743289678327,-0.05643122171642512,-0.0010474544630669769,3.237971810321483e-05,-8.670152574502543e-05,-0.020000000000000004,0.0,5.3619597690058445,-1.2515627697024219,1.5426152929790498,0.3332953275479413,11.92301624534189,-0.42835985550068717,0.04717890018333297,2.0
D4-R4_B,19,1.8999999999999808,1.9599999999999809,0.06,True,recorded_event,P0,,False,0.1165407668947483,0.07380696781743179,0.1746535749709801,-0.806558175824914,-0.052032262510984584,0.0022060625880229168,-0.0051860791303096065,-0.01500000000001922,-3.1782481224595927e-07,5.4344775659665725,-1.0775218690604096,0.7924883388705609,0.2823105195000237,11.92518992821181,-0.43345923310525175,0.05217890018331375,1.9999996821751878
D4-R4_B,19,1.8999999999999808,1.9599999999999809,0.06,True,recorded_event,P1a,,False,0.10847834434103987,0.037777785120103324,0.06515965740205609,-0.43183621798692795,-0.023882879774048238,0.0013405455120452103,-0.013248501684018033,-0.01500000000001922,0.0,5.398448383269244,-1.1870157866293336,1.167210296708547,0.3104599022369601,11.924324411135832,-0.4415216556589602,0.05217890018331375,2.0
D4-R4_B,19,1.8999999999999808,1.9599999999999809,0.06,True,recorded_event,P1b,,False,0.11017595840574967,0.037777785120103324,0.056592107955855786,-1.0183503364819748,-0.026673328962974807,0.0013405455120452103,-0.011550887619308225,-0.01500000000001922,0.0,5.398448383269244,-1.195583336075534,0.5806961782135001,0.3076694530480335,11.924324411135832,-0.43982404159425037,0.05217890018331375,2.0
D4-R4_B,19,1.8999999999999808,1.9599999999999809,0.06,True,recorded_event,P2,,False,0.12168053878137608,0.0007005117679694806,-0.00019112230271089992,-0.037736000936953396,-0.0005727724648569854,2.0016532591426994e-05,-4.6307243681820154e-05,-0.014999999999999264,0.0,5.36137110991711,-1.2523665663341006,1.5613105137585215,0.3337700095461515,11.923003882156378,-0.42831946121862396,0.05217890018333371,2.0
D3-ref_A,1,0.09999999999999999,0.11699999999999999,0.017,False,reconstructed_rk4,A,,False,0.4591817999669039,0.00038144420603902773,-0.0006768940290986514,-0.011504648552539964,-7.809196437547072e-05,-2.0411681278531546e-07,-5.27500455919927e-06,0.0,0.0019138406590428758,5.330593968604297,-0.2936768549153307,0.8909305555350296,0.0997133007400761,1.6146283868486948,-0.09081820003309618,0.03913086757455902,0.8862357607549213
D3-ref_A,1,0.09999999999999999,0.11699999999999999,0.017,False,reconstructed_rk4,P0,,False,0.45857577778944913,0.003419560796618981,0.028501050780998793,-0.09991963798141079,-0.011266478312801365,0.00033376661259598706,-0.0006112971820139562,0.0,0.0,5.333632085194877,-0.26449891010523324,0.8025155661061588,0.08852491439165,1.6149623575781036,-0.09142422221055094,0.03913086757455902,0.8843219200958784
D3-ref_A,1,0.09999999999999999,0.11699999999999999,0.017,False,reconstructed_rk4,P1a,,False,0.4590935457741928,0.003170644147467705,0.02676054880235046,-0.10620063118689504,-0.0081889675512139,0.0005918180310038323,-9.352919727026454e-05,0.0,0.0,5.333383168545725,-0.2662394120838816,0.7962345729006746,0.09160242515323747,1.6152204089965114,-0.09090645422580725,0.03913086757455902,0.8843219200958784
D3-ref_A,1,0.09999999999999999,0.11699999999999999,0.017,False,reconstructed_rk4,P1b,,False,0.4593195928734929,0.003170644147467705,0.026368950559468418,-0.13365246813221487,-0.00857061123943259,0.0005918180310038323,0.00013251790202983837,0.0,0.0,5.333383168545725,-0.2666310103267636,0.7687827359553547,0.09122078146501877,1.6152204089965114,-0.09068040712650714,0.03913086757455902,0.8843219200958784
D3-ref_A,1,0.09999999999999999,0.11699999999999999,0.017,False,reconstructed_rk4,P2,,False,0.4591859902151575,0.0,0.0,-1.1102230246251565e-16,-2.4733122574893684e-05,-2.2482682258129216e-06,-1.0847563055443876e-06,0.0,0.0,5.330212524398258,-0.29299996088623204,0.9024352040875695,0.09976665958187639,1.6146263426972818,-0.09081400978484253,0.03913086757455902,0.8843219200958784
D3-ref_A,2,0.2,0.23500000000000001,0.035,False,recorded_event,A,,False,0.4970922498027558,-0.0010701718458232534,-0.0022325669131919024,-0.05538899250223073,-0.000599385670616126,-6.225864349840293e-06,-5.5006855888523054e-05,-0.010000000000000002,0.000818951298065862,5.414317108927324,-0.32347697568377737,0.16211201086833568,0.13108410969269563,2.2454277601129524,-0.052907750197244224,-0.03086913242544099,0.8598756133520393
D3-ref_A,2,0.2,0.23500000000000001,0.035,False,recorded_event,P0,,False,0.48883115947596095,0.014074338559552757,0.1076239171915831,-0.29146209305977305,-0.046665408033308875,0.0013992794340662584,-0.008316097182683412,0.018041309906923004,-0.014032683291064885,5.4294616193327,-0.21362049157900237,-0.07396108968920663,0.08501808733000304,2.2468332654113685,-0.06116884052403911,-0.0028278225185179823,0.8450239787629086
D3-ref_A,2,0.2,0.23500000000000001,0.035,False,recorded_event,P1a,,False,0.4926978015216951,0.0007058701439923709,0.011679491894739602,0.08919056210273293,-0.009556725599114468,0.00041741471954637177,-0.004449455136949228,-0.004999999999999977,-0.0006642148755044985,5.416093150917139,-0.30956491687584586,0.30669156547329934,0.12212676976419745,2.2458514006968486,-0.05730219847830493,-0.025869132425440963,0.858392447178469
D3-ref_A,2,0.2,0.23500000000000001,0.035,False,recorded_event,P1b,,False,0.4953626328303131,0.0007058701439923709,0.004528181634508521,-0.7101180094590983,-0.015464558138358342,0.00041741471954637177,-0.0017846238283312152,-0.004999999999999977,-0.0006642148755044985,5.416093150917139,-0.31671622713607694,-0.4926170060885319,0.11621893722495358,2.2458514006968486,-0.054637367169686916,-0.025869132425440963,0.858392447178469
D3-ref_A,2,0.2,0.23500000000000001,0.035,False,recorded_event,P2,,False,0.49712612351323116,-0.0012027439456439026,-0.0017361771956160843,-0.028793407902586582,-0.0002216106670522855,-1.0838102162402663e-05,-2.1133145413160248e-05,-0.0050000000000000044,0.0009131212920427956,5.414184536827503,-0.32298058596620155,0.18870759546797983,0.13146188469625955,2.24542314787514,-0.05287387648676886,-0.02586913242544099,0.8599697833460163
D3-ref_A,3,0.3,0.33499999999999996,0.035,True,recorded_event,A,,False,0.5367629821086477,8.741771733955517e-05,-0.0021683845231274257,-0.05689644154303919,-0.0006264895178706986,3.752043007398953e-06,-5.612916152904733e-05,-0.009999999999999995,-0.00017590479966322903,5.5055771638019575,-0.1164123350366004,-0.6689264495722589,0.0856667939922314,2.7895576342875144,-0.013237017891352395,-0.08086913242544098,0.8738587147728132
D3-ref_A,3,0.3,0.33499999999999996,0.035,True,recorded_event,P0,,False,0.5322847211960666,0.002627162617991452,0.06489410693233919,-0.168551187716658,-0.02736278101057188,0.00022984895436062303,-0.004534390074110032,0.012776627747602284,-0.0027888124116772772,5.508116908702609,-0.04934984358113379,-0.7805811957458777,0.058930502499530135,2.7897837311988676,-0.01771527880393338,-0.058092504677838705,0.8712458071607991
D3-ref_A,3,0.3,0.33499999999999996,0.035,True,recorded_event,P1a,,False,0.53572150374371,-0.00033375408128044626,0.0036569960849518746,-0.036569664087504616,-0.0006682258670815955,-0.001039624460264399,-0.0010976075264667647,-0.0050000000000000044,0.00017210428759462104,5.5051559920033375,-0.1105869544285211,-0.6485996721167243,0.08562505764302042,2.7885142577842426,-0.014278496256290112,-0.075869132425441,0.874206723860071
D3-ref_A,3,0.3,0.33499999999999996,0.035,True,recorded_event,P1b,,False,0.5380718832977595,-0.00033375408128044626,0.0134730497082408,-0.48630241113585126,-0.007062508643288723,-0.001039624460264399,0.0012527720275827096,-0.0050000000000000044,0.00017210428759462104,5.5051559920033375,-0.10077090080523217,-1.098332419165071,0.07923077486681329,2.7885142577842426,-0.011928116702240638,-0.075869132425441,0.874206723860071
D3-ref_A,3,0.3,0.33499999999999996,0.035,True,recorded_event,P2,,False,0.5367982332512217,2.430172027967359e-05,-0.0016999550468439623,-0.030011883740688083,-0.0002385604231016636,3.5694122146878726e-07,-2.0878018955006183e-05,-0.0050000000000000044,-0.00012942269310745047,5.505514047804898,-0.11594390556031693,-0.6420418917699078,0.08605472308700056,2.7895542391857284,-0.013201766748778354,-0.075869132425441,0.873905196879369
D3-ref_A,4,0.4,0.43500000000000005,0.035,True,recorded_event,A,,False,0.538370276489299,0.00012383868040011237,0.0021062723710992826,0.056741237958447766,0.00047444926773199114,1.4681652826809e-06,4.217265916814199e-05,0.01,0.0011864565152075457,5.583340527234622,0.18995522092433126,-0.7080190641595375,-0.01237330736985885,3.343749944639839,0.01162972351070099,-0.01086913242544098,0.8040274000259277
D3-ref_A,4,0.4,0.43500000000000005,0.035,True,recorded_event,P0,,False,0.5354425099465235,0.00185985218520468,-0.07523942244271357,0.32277037077806703,0.02300429952923677,-0.00019162911279169137,0.002969939201943614,-7.140578793147362e-05,7.504149819137496e-05,5.5850765407394265,0.1126095261105184,-0.44198993133991826,0.010156542891646136,3.3435568473617647,0.014557490053476462,-0.020940538213372453,0.8029159850089115
D3-ref_A,4,0.4,0.43500000000000005,0.035,True,recorded_event,P1a,,False,0.5344862055839891,0.0039339520807795125,-0.012365301906794579,-0.02025831572193726,0.007746564696485159,-0.0011278762043702706,0.0039262435644781424,0.004999999999999949,-0.0019990583973834575,5.587150640635001,0.1754836466464374,-0.7850186178399226,-0.005101191941105476,3.342620600270186,0.01551379441601099,-0.01586913242544103,0.8008418851133366
D3-ref_A,4,0.4,0.43500000000000005,0.035,True,recorded_event,P1b,,False,0.5347837898687429,0.0039339520807795125,0.006108323644397284,0.46953415325415526,0.007277050357271886,-0.0011278762043702706,0.0036286592797243646,0.004999999999999949,-0.0019990583973834575,5.587150640635001,0.19395727219762926,-0.29522614886383003,-0.005570706280318749,3.342620600270186,0.015216210131257213,-0.01586913242544103,0.8008418851133366
D3-ref_A,4,0.4,0.43500000000000005,0.035,True,recorded_event,P2,,False,0.5384051171345712,5.7979913194117216e-05,0.0016688502222747814,0.029830024110310105,9.073865672570847e-05,1.1984619314731049e-06,7.332013895975167e-06,0.004999999999999949,0.0012319039689465683,5.583274668467416,0.18951779877550676,-0.7349302780076752,-0.012757017980865053,3.343749674936488,0.011594882865428823,-0.01586913242544103,0.8040728474796667
D3-ref_A,5,0.5,0.535,0.035,True,recorded_event,A,,False,0.5402803283571125,0.0001776366495116477,0.00211873691194972,0.05794038345559715,0.0004820951837394283,4.6219408060821365e-06,4.256405427835279e-05,0.010000000000000002,0.00019708761024439525,5.644667078282788,0.25209400033174717,-0.046282321055790034,-0.06802280128857724,3.905718045524345,0.009719671642887517,0.039130867574559025,0.7067261415464638
D3-ref_A,5,0.5,0.535,0.035,True,recorded_event,P0,,False,0.5344377469660656,0.007874387303870023,-0.12512114644378786,0.5294769128031578,0.04094142183263916,0.0002030341373178146,0.0058851454453252815,0.0050000000000000044,-0.007486511106773008,5.652363828937147,0.1248541169760096,0.42525420829177063,-0.027563474639677565,3.9059164577208567,0.015562253033934445,0.03413086757455903,0.6990425428294464
D3-ref_A,5,0.5,0.535,0.035,True,recorded_event,P1a,,False,0.5354079809193437,0.0016725012315088605,-0.009012074364303846,0.13186972039661912,0.005342166759048972,-0.000602330398903117,0.004914911492047128,0.0050000000000000044,-0.001284625034411846,5.646161942864786,0.2409631890554936,0.02764701588523194,-0.06316272971326775,3.905111093184636,0.014592019080656292,0.03413086757455903,0.7052444289018076
D3-ref_A,5,0.5,0.535,0.035,True,recorded_event,P1b,,False,0.5374832099299304,0.0016725012315088605,-0.0050320878105383215,0.9187619120746734,0.010317246371139177,-0.000602330398903117,0.0028396824814605533,0.0050000000000000044,-0.001284625034411846,5.646161942864786,0.24494317560925913,0.8145392075632862,-0.058187650101177546,3.905111093184636,0.012516790070069717,0.03413086757455903,0.7052444289018076
D3-ref_A,5,0.5,0.535,0.035,True,recorded_event,P2,,False,0.5403156767606575,6.261707127741545e-05,0.0016990333359723497,0.030527182057946356,9.12270888422384e-05,1.8986851531010984e-06,7.215650733430334e-06,0.0050000000000000044,0.0002810327991289441,5.644552058704554,0.2516742967557698,-0.07369552245344083,-0.0684136693834747,3.905715322268692,0.009684323239342594,0.03413086757455903,0.7068100867353484
D3-ref_A,6,0.6,0.635,0.035,True,recorded_event,A,,False,0.5418726894308147,4.5667529462889433e-05,0.0012655734814532582,0.045669636910395384,0.00044356621285457365,1.4899118534472677e-06,3.945328430605098e-05,0.0012512743708372742,-2.312955327354871e-05,5.708786684292725,0.04479336035819497,0.8029607229491333,-0.03617590980935331,4.473428175927181,-0.008127310569185399,0.0803821419453963,0.5776804285013224
D3-ref_A,6,0.6,0.635,0.035,True,recorded_event,P0,,False,0.5434109443928128,-0.0012446286552423302,-0.044923476065607135,0.011480240566437594,0.009108957489444514,-8.407890373973714e-05,0.0015777082463042501,-0.02459467844139416,0.0013161224021613904,5.707496388108019,-0.0013956891888654247,0.7687713266051756,-0.027510518532763317,4.473342607111587,-0.0065890556071872,0.05453618913316486,0.5790196804567573
D3-ref_A,6,0.6,0.635,0.035,True,recorded_event,P1a,,False,0.5425425392848309,-0.0001493336347806462,0.007971226285526364,-0.01806101916793723,-0.007917258532048166,-0.0006837385066269519,0.0007093031383222925,0.0050000000000000044,0.0002208273816997064,5.708591683128481,0.05149901316226808,0.7392300668708007,-0.044536734554256,4.4727429475087,-0.007457460715169157,0.08413086757455902,0.5779243854362957
D3-ref_A,6,0.6,0.635,0.035,True,recorded_event,P1b,,False,0.5412631070822144,-0.0001493336347806462,-0.008093017502797811,0.2043569701006459,-0.0034122544415167155,-0.0006837385066269519,-0.0005701290642942478,-0.0134690563958927,0.0002208273816997064,5.708591683128481,0.0354347693739439,0.9616480561393839,-0.040031730463724546,4.4727429475087,-0.008736892917785698,0.06566181117866632,0.5779243854362957
D3-ref_A,6,0.6,0.635,0.035,True,recorded_event,P2,,False,0.5418398657839186,1.3606473805438668e-05,0.0016352945984568906,0.029557321453406615,8.488100375325658e-05,-7.056664852456151e-08,6.6296374100389965e-06,0.0050000000000000044,3.729545658082145e-06,5.708754623237067,0.0451630814751986,0.7868484074921446,-0.036534595018454616,4.473426615448679,-0.008160134216081411,0.08413086757455902,0.577707287600254
D3-ref_A,7,0.7000000000000001,0.7350000000000001,0.035,True,recorded_event,A,,False,0.5373067313390315,0.00022380245673847554,-0.0019450683666503155,-0.0556554993509949,-0.0006066972889158251,2.955606907661945e-06,-5.540948620684147e-05,-0.010000000000000002,0.002196046691304687,5.747008615341446,-0.2878114619224407,0.8863966233693454,0.06847207705770411,5.046816774851471,-0.012693268660968565,0.019130867574559014,0.498608532720515
D3-ref_A,7,0.7000000000000001,0.7350000000000001,0.035,True,recorded_event,P0,,False,0.5279637728167339,0.00928192896987845,0.17206964947400938,-0.8793690916631239,-0.0662845838253836,-0.00017167894676628492,-0.00939836800850442,-0.004999999999999893,-0.00571845783407543,5.756066741854586,-0.11379674408178103,0.06268303105721637,0.002794190521236306,5.046642140297797,-0.022036227183266144,0.024130867574559123,0.49069402819513486
D3-ref_A,7,0.7000000000000001,0.7350000000000001,0.035,True,recorded_event,P1a,,False,0.530767959591623,0.007569261389051007,0.04764267041607498,-0.17093402512977696,-0.025206894211024178,-0.0005825447131933004,-0.006594181233615281,-0.004999999999999893,-0.004005790253247987,5.754354074273759,-0.23822372313971543,0.7711180975905634,0.04387188013559573,5.04623127453137,-0.019232040408377005,0.024130867574559123,0.4924066957759623
D3-ref_A,7,0.7000000000000001,0.7350000000000001,0.035,True,recorded_event,P1b,,False,0.5332347831361084,0.007569261389051007,0.012797959671011216,-1.3467517593913645,-0.028460132947187855,-0.0005825447131933004,-0.004127357689129897,-0.004999999999999893,-0.004005790253247987,5.754354074273759,-0.2730684338847792,-0.40469963667102415,0.040618641399432054,5.04623127453137,-0.01676521686389162,0.024130867574559123,0.4924066957759623
D3-ref_A,7,0.7000000000000001,0.7350000000000001,0.035,True,recorded_event,P2,,False,0.5373405852365631,0.00010693716572696133,-0.0015913704589428646,-0.029130196306940026,-0.00023035153080952497,4.845412933107696e-07,-2.155558867515152e-05,-0.0050000000000000044,0.0022814443417198405,5.746891750050435,-0.2874577640147333,0.9129219264134003,0.06884842281581043,5.046814303785856,-0.012659414763436875,0.024130867574559012,0.4986939303709301
D3-ref_A,8,0.8,0.8350000000000001,0.035,True,recorded_event,A,,False,0.533048182127037,0.00031825208399638427,-0.0019986611882500394,-0.057373450937243414,-0.0005452236951009048,8.314464516878672e-06,-4.757629276259945e-05,-0.010000000000000002,0.0014062500202323136,5.763855178453393,-0.3723714221645757,0.24111220206284986,0.14573845996333148,5.622547689615509,0.01695181787296312,-0.03086913242544099,0.3823446974697375
D3-ref_A,8,0.8,0.8350000000000001,0.035,True,recorded_event,P0,,False,0.5453050130938024,0.023217905447851628,0.250561029857343,-1.2444138971098502,-0.088222705599458,0.0011198275176793615,-0.01230440725952809,-0.0050000000000000044,-0.02091247267549523,5.786754831817248,-0.11981173111898262,-0.9459282441097568,0.05806097805897448,5.623659202668671,0.004694986906197629,-0.02586913242544099,0.36002597477400994
D3-ref_A,8,0.8,0.8350000000000001,0.035,True,recorded_event,P1a,,False,0.5414285902170504,0.006517378175161959,0.050508953660672096,-0.3775034094211959,-0.022926795768954733,0.0004431935544513266,-0.008427984382775986,-0.0050000000000000044,-0.004211945402805561,5.7700543045445585,-0.31986380731565356,-0.07901775642110265,0.12335688788947774,5.622982568705443,0.008571409782949733,-0.02586913242544099,0.3767265020466996
D3-ref_A,8,0.8,0.8350000000000001,0.035,True,recorded_event,P1b,,False,0.5371631539272206,0.006517378175161959,0.024513073520434192,-1.989524516997283,-0.03105419196115289,0.0004431935544513266,-0.004162548092946226,-0.0050000000000000044,-0.004211945402805561,5.7700543045445585,-0.34585968745589146,-1.6910388639971898,0.11522949169727958,5.622982568705443,0.012836846072779493,-0.02586913242544099,0.3767265020466996
D3-ref_A,8,0.8,0.8350000000000001,0.035,True,recorded_event,P2,,False,0.5330139873465473,0.0001304434835178725,-0.0016446145661885292,-0.03013811713575637,-0.0001595364173252456,2.408010034926633e-06,-1.3381512272883644e-05,-0.0050000000000000044,0.0015490772537258835,5.763667369852914,-0.3720173755425142,0.2683475358643369,0.1461241472411074,5.622541783161027,0.016986012653452835,-0.02586913242544099,0.38248752470323105
D3-ref_A,9,0.9,0.935,0.035,True,recorded_event,A,,False,0.4736323053716267,0.00014556535439425033,-0.0020519385209502583,-0.05865281721907856,-0.000563578765453876,7.451959958437726e-06,-4.973042972961084e-05,-0.009999999999999995,0.0002062025080462604,5.786939093204109,-0.16169963797090794,-0.6527986653089326,0.14285683936474428,6.197197006550816,0.07636769462837337,-0.08086913242544098,0.16845522609889613
D3-ref_A,9,0.9,0.935,0.035,True,recorded_event,P0,,False,0.4859178027572365,0.006490304977468497,0.2463450684730067,-1.2030721637764226,-0.08720026235610501,0.0014425413401113474,-0.012335227815339467,-0.0050000000000000044,-0.006035087897113378,5.793283832827183,0.086697369023049,-1.7972180118662766,0.05622015577409334,6.198632095930969,0.06408219724276351,-0.075869132425441,0.1622139356937365
D3-ref_A,9,0.9,0.935,0.035,True,recorded_event,P1a,,False,0.4799861055174015,0.0013219053690445293,0.05922776308338484,-0.39260693051286377,-0.01994469643934549,0.0006608660464220151,-0.006403530575504468,-0.0050000000000000044,-0.0008666882886894101,5.788115433218759,-0.10041993636657284,-0.9867527786027178,0.12347572169085286,6.1978504206372795,0.07001389448259851,-0.075869132425441,0.16738233530216046
D3-ref_A,9,0.9,0.935,0.035,True,recorded_event,P1b,,False,0.47482932967619584,0.0013219053690445293,0.032613466670578656,-1.9477745196071696,-0.028192601341328505,0.0006608660464220151,-0.0012467547342987911,-0.0050000000000000044,-0.0008666882886894101,5.788115433218759,-0.12703423277937903,-2.5419203676970237,0.11522781678886984,6.1978504206372795,0.07517067032380419,-0.075869132425441,0.16738233530216046
D3-ref_A,9,0.9,0.935,0.035,True,recorded_event,P2,,False,0.47359652135644104,5.041302130770475e-05,-0.001693059910008815,-0.030872365478849972,-0.00016459748926367368,1.6786943710656033e-06,-1.3946414543941632e-05,-0.0050000000000000044,0.0002788147770154126,5.786843940871022,-0.1613407593599665,-0.625018213568704,0.1432558206409347,6.197191233285229,0.07640347864355904,-0.075869132425441,0.16852783836786528
D3-ref_A,10,1.0,1.035,0.035,True,recorded_event,A,,False,0.4111223535894405,-6.029314664690588e-05,-0.0015404994508412262,-0.04675039432282757,-0.0004588269849792326,1.5751667019614501e-06,-4.070582145890289e-05,-0.009999999999999995,0.0013895324998927094,5.797963418849977,0.23519226860228798,-1.5415711985670957,0.047596519163136675,6.7724028165893175,0.13887764641055952,-0.13086913242544096,0.16944050489450804
D3-ref_A,10,1.0,1.035,0.035,True,recorded_event,P0,,False,0.41648243348793357,-0.007916798366475852,0.11254135738174226,-0.3921311214442751,-0.036317716654203025,0.000535333561824558,-0.0054007857199519504,-0.0038816986960159977,0.010252790805600931,5.790106913630148,0.34927412543487146,-1.8869519256885432,0.01173762949391266,6.77293657498444,0.13351756651206648,-0.12475083112145696,0.17830376320021626
D3-ref_A,10,1.0,1.035,0.035,True,recorded_event,P1a,,False,0.4109785334195417,0.002850309019534869,0.02529690825776104,-0.13474042707091516,-0.0021961925210702837,-0.0001233774577347191,0.0001031143484399033,-0.005000000000000129,-0.0005143165804097904,5.800874021016159,0.26202967631089025,-1.6295612313151833,0.0458591536270454,6.772277863964881,0.13902146658045833,-0.1258691324254411,0.16753665581420554
D3-ref_A,10,1.0,1.035,0.035,True,recorded_event,P1b,,False,0.4079571380492505,0.002850309019534869,0.025115586758995057,-0.7614342055819978,-0.007944209482946274,-0.0001233774577347191,0.0031245097187311,-0.005000000000000129,-0.0005143165804097904,5.800874021016159,0.26184835481212426,-2.256255009826266,0.04011113666516941,6.772277863964881,0.14204286195074953,-0.1258691324254411,0.16753665581420554
D3-ref_A,10,1.0,1.035,0.035,True,recorded_event,P2,,False,0.411092611070641,-2.9938849994692873e-06,-0.001308658408170682,-0.024181540748374752,-0.00012866283371959497,-3.288090582032055e-07,-1.0963302659344754e-05,-0.004999999999999685,0.0013527757832729748,5.798020718111625,0.23542410964495852,-1.5190023449926429,0.04792668331439587,6.772400912613557,0.13890738892935908,-0.12586913242544065,0.1694037481778883
D3-ref_A,11,1.0999999999999979,1.1349999999999978,0.035,True,recorded_event,A,,False,0.3815587892265514,0.00044902485386622004,0.0013046876450950595,0.04080611207070506,0.00040281770960604035,4.043578713641693e-06,3.453278594459097e-05,0.010000000000000002,0.0048107021134269345,5.76378322113759,0.6937752380422055,-1.6547090460066036,-0.11182293154173274,7.350550384208384,0.16844121077344862,-0.06086913242544099,0.5542584774289515
D3-ref_A,11,1.0999999999999979,1.1349999999999978,0.035,True,recorded_event,P0,,False,0.3775847378139723,0.027274269694971487,-0.10249120701724668,0.4262444365515503,0.03190814005914788,0.0007036225963377163,0.004008584198523707,0.005000000000002336,-0.01944642304938693,5.790608465978695,0.5899793433798638,-1.2692707215257584,-0.08031760919219089,7.351249963226008,0.17241526218602773,-0.06586913242543865,0.5300013522661376
D3-ref_A,11,1.0999999999999979,1.1349999999999978,0.035,True,recorded_event,P1a,,False,0.37466830039893967,0.016246547787462262,-0.020957273453841685,0.03752984831676631,0.012553684700525203,-4.227235370279914e-05,0.006925021613556348,0.005000000000002336,-0.008418701141877705,5.779580744071186,0.6715132769432688,-1.6579853097605424,-0.09967206455081357,7.350504068275968,0.17533169960106038,-0.06586913242543865,0.5410290741736469
D3-ref_A,11,1.0999999999999979,1.1349999999999978,0.035,True,recorded_event,P1b,,False,0.37519799862714653,0.016246547787462262,0.00842479425940934,0.5668242710003719,0.011047357800412438,-4.227235370279914e-05,0.006395323385349483,0.005000000000002336,-0.008418701141877705,5.779580744071186,0.7008953446565198,-1.1286908870769368,-0.10117839145092633,7.350504068275968,0.1748020013728535,-0.06586913242543865,0.5410290741736469
D3-ref_A,11,1.0999999999999979,1.1349999999999978,0.035,True,recorded_event,P2,,False,0.3815828785498273,0.0002187476493853424,0.001099386849468753,0.020934832694038175,0.0001250262499450372,6.303553421460606e-07,1.0443462668680015e-05,0.004999999999999685,0.004982582335175678,5.763552943933109,0.6935699372465792,-1.6745803253832705,-0.11210072300139395,7.350546970985013,0.1684171214501727,-0.0658691324254413,0.5544303576507003
D3-ref_A,12,1.1999999999999957,1.2349999999999957,0.035,True,recorded_event,A,,False,0.40632245744598416,0.0006609831650266074,0.0012731329473721908,0.04000948827830042,0.00039038326468920914,1.0525550492523905e-05,3.138831534546527e-05,0.01,0.0048822150149137045,5.722375793014345,0.8982860798519227,-1.1231261579165703,-0.24915291966721992,7.928176231186507,0.1436775425540159,-0.01086913242544098,0.8728075221045712
D3-ref_A,12,1.1999999999999957,1.2349999999999957,0.035,True,recorded_event,P0,,False,0.39701114374373503,0.07127177654896055,-0.2553555495357456,1.1775499604353543,0.07901857175570992,0.002178599085049804,0.009342702017594545,0.005000000000004334,-0.06348739847902518,5.792986586398279,0.6416573973688049,0.014414314240483566,-0.17052473117619904,7.930344304721064,0.152988856256265,-0.015869132425436645,0.8044379086106324
D3-ref_A,12,1.1999999999999957,1.2349999999999957,0.035,True,recorded_event,P1a,,False,0.3963678570582705,0.020003480947667462,-0.050035725666770725,0.3596230280400464,0.021238265552049107,0.0011749426956946252,0.009985988703059112,0.005000000000004334,-0.012219102877732091,5.741718290796986,0.8469772212377797,-0.8035126181548243,-0.22830503737985985,7.929340648331709,0.15363214294172955,-0.015869132425436645,0.8557062042119254
D3-ref_A,12,1.1999999999999957,1.2349999999999957,0.035,True,recorded_event,P1b,,False,0.39932142517465763,0.020003480947667462,-0.008869682971054393,1.7513418840054706,0.02535350680777615,0.0011749426956946252,0.007032420586672,0.005000000000004334,-0.012219102877732091,5.741718290796986,0.8881432639334961,0.5882062378106,-0.2241897961241328,7.929340648331709,0.15067857482534244,-0.015869132425436645,0.8557062042119254
D3-ref_A,12,1.1999999999999957,1.2349999999999957,0.035,True,recorded_event,P2,,False,0.40634420149012385,0.00030397036688523116,0.0010762919440026053,0.020640781152635457,0.0001224529818917297,2.5466579556265856e-06,9.64427120578315e-06,0.004999999999999678,0.005163666679639967,5.722018780216204,0.8980892388485531,-1.1424948650422353,-0.24942084995001734,7.92816825229397,0.14365579850987623,-0.0158691324254413,0.8730889737692975
D3-ref_A,13,1.2999999999999936,1.3349999999999935,0.035,True,recorded_event,A,,False,0.48842744446945896,0.0005844212780576896,0.0016563855506964709,0.04903066183257043,0.0004725703772310297,1.4922809533857162e-05,3.79887356669259e-05,0.010000000000000002,0.0021630458088095494,5.730243024402444,0.7619279102759458,-0.29428742006147873,-0.31862356321618535,8.499659898598738,0.06157255553054111,0.039130867574559025,0.7503651101204969
D3-ref_A,13,1.2999999999999936,1.3349999999999935,0.035,True,recorded_event,P0,,False,0.47872388553219397,0.05809632727781455,-0.25127838844319883,1.2260668749428734,0.08149989759966436,0.0026568605291874547,0.009741547672931873,0.005000000000006555,-0.054578409849992404,5.787754930402201,0.5089931362820505,0.8827487930488243,-0.23759623599375201,8.502301836318392,0.07127611446780606,0.03413086757456558,0.6936236544616949
D3-ref_A,13,1.2999999999999936,1.3349999999999935,0.035,True,recorded_event,P1a,,False,0.4790637730301883,0.011377669919149902,-0.05143607947752393,0.3873265411967504,0.019036376348301243,0.0018791488933338485,0.009401660174937508,0.005000000000006555,-0.007859752491327754,5.7410362730435365,0.7088354452477253,0.04400845930270125,-0.30005975724511513,8.501524124682538,0.0709362269698117,0.03413086757456558,0.7403423118203596
D3-ref_A,13,1.2999999999999936,1.3349999999999935,0.035,True,recorded_event,P1b,,False,0.48289064984061775,0.011377669919149902,-0.019543711154578425,1.9316067201042053,0.026510191569940833,0.0018791488933338485,0.005574783364508097,0.005000000000006555,-0.007859752491327754,5.7410362730435365,0.7407278135706709,1.5882886382101562,-0.29258594202347554,8.501524124682538,0.06710935015938228,0.03413086757456558,0.7403423118203596
D3-ref_A,13,1.2999999999999936,1.3349999999999935,0.035,True,recorded_event,P2,,False,0.48845365568574395,0.00023640668239721663,0.001374798324389248,0.02563099535621699,0.00014904740203514066,4.1318228216624675e-06,1.1777519381937773e-05,0.004999999999999678,0.0024316838106344107,5.729895009806784,0.7616463230496385,-0.3176870865378322,-0.31894708619138107,8.499649107612026,0.061546344314256124,0.0341308675745587,0.7506337481223218
D3-ref_A,14,1.3999999999999915,1.4349999999999914,0.035,True,recorded_event,A,,False,0.48761452940224626,0.0003574518884317257,0.002102291623650887,0.059603859466401676,0.000583775087851901,1.7391925647203266e-05,4.9031470455318527e-05,0.009999999999999995,0.0013088268570999873,5.737686185489393,0.3594403285485854,0.7097785316925211,-0.29714509159248664,9.06273515712127,-0.0623854705977538,0.08913086757455901,-0.14199367458134765
D3-ref_A,14,1.3999999999999915,1.4349999999999914,0.035,True,recorded_event,P0,,False,0.49959541299037385,0.01595467426965058,-0.24924376670614368,1.251232243528629,0.08857359303663292,0.0022783385107398857,0.012029915058582925,0.005000000000008553,-0.013677904863698132,5.753283407870612,0.10809427021879081,1.9014069157547484,-0.20915527364370545,9.064996103706363,-0.050404587009626196,0.08413086757456757,-0.15698040630214577
D3-ref_A,14,1.3999999999999915,1.4349999999999914,0.035,True,recorded_event,P1a,,False,0.49458587046004576,0.006224329756826741,-0.06657870532607729,0.4073663805887917,0.019591878231819404,0.0017936948627141902,0.00702037252825484,0.005000000000008553,-0.003947560350874291,5.743553063357788,0.2907593315988572,1.0575410528149112,-0.278136988448519,9.064511460058338,-0.05541412953995428,0.08413086757456757,-0.14725006178932193
D3-ref_A,14,1.3999999999999915,1.4349999999999914,0.035,True,recorded_event,P1b,,False,0.4894260712173869,0.006224329756826741,-0.0439654962040697,2.1133563980287615,0.03126620333317387,0.0017936948627141902,0.001860573285595954,0.005000000000008553,-0.003947560350874291,5.743553063357788,0.3133725407208648,2.763531070254881,-0.2664626633471645,9.064511460058338,-0.06057392878261317,0.08413086757456757,-0.14725006178932193
D3-ref_A,14,1.3999999999999915,1.4349999999999914,0.035,True,recorded_event,P2,,False,0.48758039565494316,0.00013961505828685716,0.001724735052521631,0.03142159289834845,0.0001823762821571151,5.383550449877816e-06,1.489772315221849e-05,0.004999999999999685,0.0014782418815730836,5.737468348659248,0.3590627719774561,0.6815962651244679,-0.29754649039818143,9.062723148746073,-0.0624196043450569,0.0841308675745587,-0.14182425955687455
D3-ref_A,15,1.4999999999999893,1.5349999999999893,0.035,True,recorded_event,A,,False,0.3583676163364992,-2.5337018256799126e-05,0.0016580460938400432,0.049063513837669825,0.0004982178242607382,9.744998513028236e-06,4.359403917614246e-05,0.010000000000000009,0.0016158185706167671,5.706492529451465,-0.16920477098393788,1.7011128589887665,-0.17449252287455658,9.621846255355452,-0.19163238366350083,0.139130867574559,-0.4427538485228611
D3-ref_A,15,1.4999999999999893,1.5349999999999893,0.035,True,recorded_event,P0,,False,0.3677924352257353,-0.01538942947847488,-0.19358569885359952,0.8506539414136005,0.06698850324006234,0.0018440481544494958,0.009468412928412218,0.005000000000010774,0.018165328428785266,5.691128436991247,-0.36444851593137745,2.502703286564697,-0.10800223745875481,9.623680558511388,-0.18220756477426475,0.13413086757456977,-0.4262043386646926
D3-ref_A,15,1.4999999999999893,1.5349999999999893,0.035,True,recorded_event,P1a,,False,0.3592854366168135,0.0033007357975582963,-0.061088481180832294,0.30145745563616977,0.01197520389785911,0.0005223804945444499,0.0009614143194904279,0.005000000000010774,-0.0005248368472479115,5.70981860226728,-0.23195129825861022,1.9535068007872665,-0.16301553680095804,9.622358890851483,-0.19071456338318654,0.13413086757456977,-0.44489450394072577
D3-ref_A,15,1.4999999999999893,1.5349999999999893,0.035,True,recorded_event,P1b,,False,0.35452501207051074,0.0033007357975582963,-0.03940441009639095,1.4150166017200594,0.018700235217258054,0.0005223804945444499,-0.0037990102268123382,0.005000000000010774,-0.0005248368472479115,5.70981860226728,-0.21026722717416887,3.067065946871156,-0.1562905054815591,9.622358890851483,-0.1954749879294893,0.13413086757456977,-0.44489450394072577
D3-ref_A,15,1.4999999999999893,1.5349999999999893,0.035,True,recorded_event,P2,,False,0.3583368100609592,9.028638757513363e-06,0.0013865812194440164,0.02538834362856157,0.00015074326144137729,3.736866281300877e-06,1.2787763636085137e-05,0.004999999999999671,0.0015951823720667946,5.706526895108479,-0.1694762358583339,1.6774376887796583,-0.1748399974373758,9.62184024722322,-0.19166318993904088,0.13413086757455867,-0.44277448472141107
D3-ref_A,16,1.5999999999999872,1.6349999999999871,0.035,True,recorded_event,A,,False,0.2690818527537138,0.0003480007520195727,-0.0005126682233066449,-0.025226913155962816,-0.0002966484473976294,3.4746605734881086e-06,-2.5570048360068487e-05,0.0014433176913372925,0.005044044545904569,5.648474039131603,-0.7248577292912339,2.075881614142192,0.02593421691945734,10.185822994877471,-0.2809181472462862,0.11121948602299,0.5251259556119365
D3-ref_A,16,1.5999999999999872,1.6349999999999871,0.035,True,recorded_event,P0,,False,0.2687333503821372,0.02115724699381616,0.011324174346736382,-0.05947737443014667,-0.003405411262347613,0.0018116325098755937,-0.0003740724199366996,0.01335126824787082,-0.012852265925856088,5.6692832853734,-0.7130208867211909,2.0416311528680082,0.022825454104507426,10.187631152726773,-0.28126664961786285,0.12312743657952353,0.5072296451401759
D3-ref_A,16,1.5999999999999872,1.6349999999999871,0.035,True,recorded_event,P1a,,False,0.2620860849254136,0.01525269241759819,-0.002417074673781827,0.07649582214056627,-0.005745610384437327,-0.00038966155373820754,-0.007021337876660316,0.007864412688563083,-0.006947711349638119,5.663378730797182,-0.7267621357417091,2.177604349438721,0.02048525498241771,10.18542985866316,-0.28791391507458647,0.1176405810202158,0.5131341997163938
D3-ref_A,16,1.5999999999999872,1.6349999999999871,0.035,True,recorded_event,P1b,,False,0.26116616381808366,0.01525269241759819,-0.021230550440434315,0.019241813179607714,-0.0020860174543186893,-0.00038966155373820754,-0.00794125898399023,0.009447750391385915,-0.006947711349638119,5.663378730797182,-0.7455756115083616,2.1203503404777626,0.02414484791253635,10.18542985866316,-0.2888338361819164,0.11922391872303863,0.5131341997163938
D3-ref_A,16,1.5999999999999872,1.6349999999999871,0.035,True,recorded_event,P2,,False,0.2691005933198969,0.000182156279011636,-0.0007105574720297492,-0.014408858895517351,-8.264752555620092e-05,2.896426249066053e-06,-6.829482177006518e-06,-0.0009648752552689627,0.005168543738075293,5.648308194658595,-0.725055618539957,2.0866996684026375,0.026148217841298643,10.185822416643147,-0.28089940668010316,0.10881129307638375,0.5252504548041073
D3-ref_A,17,1.699999999999985,1.734999999999985,0.035,True,recorded_event,A,,False,0.2487901625458821,0.0006355587947162178,-0.0008786108199398956,-0.02814831812297469,-0.00026380295852046487,1.1025638700701279e-05,-2.0627260970906836e-05,-0.010000000000000002,0.006024502942150178,5.589262165661271,-1.0866574297010005,1.664062955458165,0.22405382589718742,10.755508614014623,-0.30120983745411795,0.04977616833165273,1.4102702710785038
D3-ref_A,17,1.699999999999985,1.734999999999985,0.035,True,recorded_event,P0,,False,0.24246258620590855,0.07733823648202875,0.1982129967585855,-0.8635416662243295,-0.05826242076645283,0.0025505517875625827,-0.006348203600944458,-0.0050000000000149925,-0.06775261497079565,5.665964843348584,-0.8875658221224751,0.8286696073568102,0.16605520808925522,10.758048140163485,-0.3075374137940915,0.05477616833163774,1.336493153165558
D3-ref_A,17,1.699999999999985,1.734999999999985,0.035,True,recorded_event,P1a,,False,0.2378599233233597,0.02302960004575816,0.030921289242052286,-0.24740552439839214,-0.014980637514323547,0.0005882724135179984,-0.010950866483493304,-0.0050000000000149925,-0.013443978534525058,5.611656206912313,-1.0548575296390084,1.4448057491827475,0.2093369913413845,10.75608586078944,-0.31214007667664034,0.05477616833163774,1.3908017896018285
D3-ref_A,17,1.699999999999985,1.734999999999985,0.035,True,recorded_event,P1b,,False,0.23964898673921076,0.02302960004575816,-0.016556366595612992,-1.1683517249605306,-0.014228054826032288,0.0005882724135179984,-0.009161803067642249,-0.0050000000000149925,-0.013443978534525058,5.611656206912313,-1.1023351854766736,0.5238595486206091,0.21008957402967576,10.75608586078944,-0.3103510132607893,0.05477616833163774,1.3908017896018285
D3-ref_A,17,1.699999999999985,1.734999999999985,0.035,True,recorded_event,P2,,False,0.24880539117893707,0.00031165259549847946,-0.0007384889882711132,-0.014348634936490523,-7.309748497386082e-05,5.068620817283431e-06,-5.3986279159312645e-06,-0.004999999999999678,0.006283909072484661,5.588938259462053,-1.0865173078693318,1.6778626386446491,0.22424453137073402,10.75550265699674,-0.30119460882106297,0.05477616833165305,1.4105296772088383
D3-ref_A,18,1.799999999999983,1.8349999999999829,0.035,True,recorded_event,A,,False,0.30648936204283017,0.0005950843422022345,-0.0010554094817822879,-0.03189942661721901,-0.00029339180049525737,1.3854912841892997e-05,-2.1927014031919434e-05,-0.01,0.0027204704252863365,5.6051310194790815,-1.0966818115378658,0.927648471016408,0.3619893555311346,11.322952854251948,-0.24351063795716987,-0.00022383166834727755,1.7682376698947089
D3-ref_A,18,1.799999999999983,1.8349999999999829,0.035,True,recorded_event,P0,,False,0.30006119854262114,0.07604490515432527,0.2117690498622662,-1.0067593829423185,-0.06319855601621338,0.0028725892237151385,-0.006450090514240919,-0.005000000000017213,-0.07175609577517683,5.680580840291205,-0.8838573521938173,-0.04721148530869148,0.2990841913154165,11.325811588562821,-0.24993880145737887,0.00477616833163551,1.6937611036942457
D3-ref_A,18,1.799999999999983,1.8349999999999829,0.035,True,recorded_event,P1a,,False,0.2954139774301555,0.01379529362468812,0.0327880371237812,-0.31967295643088744,-0.013383182214175449,0.0017741178296741822,-0.011097311626706574,-0.005000000000017213,-0.009506484245539681,5.618331228761567,-1.0628383649323023,0.6398749412027396,0.34889956511745446,11.32471311716878,-0.25458602256984453,0.00477616833163551,1.7560107152238829
D3-ref_A,18,1.799999999999983,1.8349999999999829,0.035,True,recorded_event,P1b,,False,0.2980006968037188,0.01379529362468812,-0.015809021674528356,-1.425905618588179,-0.014488846254327115,0.0017741178296741822,-0.008510592253143268,-0.005000000000017213,-0.009506484245539681,5.618331228761567,-1.1114354237306119,-0.4663577209545522,0.3477939010773028,11.32471311716878,-0.2519993031962812,0.00477616833163551,1.7560107152238829
D3-ref_A,18,1.799999999999983,1.8349999999999829,0.035,True,recorded_event,P2,,False,0.30650527067181266,0.0002522040080190635,-0.0008712352376385457,-0.01644276117907495,-8.36527968095524e-05,5.3385290339491576e-06,-6.018385049461061e-06,-0.00499999999999968,0.0029893445463295976,5.604788139144898,-1.096497637293722,0.9431051364545521,0.36219909453482035,11.32294433786814,-0.24349472932818741,0.004776168331653043,1.7685065440157521
D3-ref_A,19,1.8999999999999808,1.9349999999999807,0.035,True,recorded_event,A,,False,0.4357778285409305,0.0005848023237007283,-0.0016828915374347275,-0.048268719328753026,-0.0004480391885475221,1.9452233868122448e-05,-3.40813180136762e-05,-0.010000000000000002,0.0018247712703116648,5.645962156728793,-0.7917310043503077,0.08441407447279552,0.4202224895328053,11.879063748867278,-0.11422217145906954,-0.050223831668347284,0.7916358420843272
D3-ref_A,19,1.8999999999999808,1.9349999999999807,0.035,True,recorded_event,P0,,False,0.4271067687389769,0.041558454086065844,0.2212967903162495,-1.1610999475712014,-0.0728150721524341,0.0020258129082577625,-0.008705141119967286,-0.005000000000019211,-0.03855064662223473,5.6869358084911585,-0.5687513224966235,-1.028417153769653,0.3478554565689187,11.881070109541668,-0.12289323126102315,-0.04522383166836649,0.7512604241917809
D3-ref_A,19,1.8999999999999808,1.9349999999999807,0.035,True,recorded_event,P1a,,False,0.4258303950767993,0.010306066212219633,0.050578520833151286,-0.37086711087381674,-0.015997354547581555,0.0026602978205332306,-0.009981514782144846,-0.005000000000019211,-0.00729825874838852,5.655683420617312,-0.7394695919797217,-0.23818431707226817,0.40467317417377124,11.881704594453943,-0.12416960492320071,-0.04522383166836649,0.7825128120656271
D3-ref_A,19,1.8999999999999808,1.9349999999999807,0.035,True,recorded_event,P1b,,False,0.4294060759936535,0.010306066212219633,0.014297252631775392,-1.8345926341036711,-0.023056314262758892,0.0026602978205332306,-0.006405833865290686,-0.005000000000019211,-0.00729825874838852,5.655683420617312,-0.7757508601810976,-1.7019098403021227,0.3976142144585939,11.881704594453943,-0.12059392400634655,-0.04522383166836649,0.7825128120656271
D3-ref_A,19,1.8999999999999808,1.9349999999999807,0.035,True,recorded_event,P2,,False,0.4358021068640827,0.00023131189285763298,-0.001372729973003195,-0.025316046782129953,-0.00013284401357127607,6.319831326706549e-06,-9.802994861446424e-06,-0.004999999999999678,0.0020967899485473396,5.64560866629795,-0.7914208427858762,0.10736674701941859,0.42053768470778147,11.879050616464736,-0.11419789313591731,-0.04522383166834696,0.7919078607625629
D3-ref_B,1,0.09999999999999999,0.11699999999999999,0.017,False,reconstructed_rk4,A,,False,0.4591817999669039,0.00038144420603902773,-0.0006768940290986514,-0.011504648552539964,-7.809196437547072e-05,-2.0411681278531546e-07,-5.27500455919927e-06,0.0,0.0019138406590428758,5.330593968604297,-0.2936768549153307,0.8909305555350296,0.0997133007400761,1.6146283868486948,-0.09081820003309618,0.03913086757455902,0.8862357607549213
D3-ref_B,1,0.09999999999999999,0.11699999999999999,0.017,False,reconstructed_rk4,P0,,False,0.45857577778944913,0.003419560796618981,0.028501050780998793,-0.09991963798141079,-0.011266478312801365,0.00033376661259598706,-0.0006112971820139562,0.0,0.0,5.333632085194877,-0.26449891010523324,0.8025155661061588,0.08852491439165,1.6149623575781036,-0.09142422221055094,0.03913086757455902,0.8843219200958784
D3-ref_B,1,0.09999999999999999,0.11699999999999999,0.017,False,reconstructed_rk4,P1a,,False,0.4590935457741928,0.003170644147467705,0.02676054880235046,-0.10620063118689504,-0.0081889675512139,0.0005918180310038323,-9.352919727026454e-05,0.0,0.0,5.333383168545725,-0.2662394120838816,0.7962345729006746,0.09160242515323747,1.6152204089965114,-0.09090645422580725,0.03913086757455902,0.8843219200958784
D3-ref_B,1,0.09999999999999999,0.11699999999999999,0.017,False,reconstructed_rk4,P1b,,False,0.4593195928734929,0.003170644147467705,0.026368950559468418,-0.13365246813221487,-0.00857061123943259,0.0005918180310038323,0.00013251790202983837,0.0,0.0,5.333383168545725,-0.2666310103267636,0.7687827359553547,0.09122078146501877,1.6152204089965114,-0.09068040712650714,0.03913086757455902,0.8843219200958784
D3-ref_B,1,0.09999999999999999,0.11699999999999999,0.017,False,reconstructed_rk4,P2,,False,0.4591859902151575,0.0,0.0,-1.1102230246251565e-16,-2.4733122574893684e-05,-2.2482682258129216e-06,-1.0847563055443876e-06,0.0,0.0,5.330212524398258,-0.29299996088623204,0.9024352040875695,0.09976665958187639,1.6146263426972818,-0.09081400978484253,0.03913086757455902,0.8843219200958784
D3-ref_B,2,0.2,0.23500000000000001,0.035,False,recorded_event,A,,False,0.49709230084701633,-0.0010710279878480833,-0.0022325885913591637,-0.055388236357356985,-0.0005993785119597916,-6.232917492798862e-06,-5.500771298046908e-05,-0.010000000000000002,0.0008269300203567198,5.414330338596154,-0.32347565748499657,0.16210561401488566,0.13108371131519692,2.2454283132271318,-0.0529076991529837,-0.03086913242544099,0.8599959041548123
D3-ref_B,2,0.2,0.23500000000000001,0.035,False,recorded_event,P0,,False,0.4888963482009958,0.013694784949707994,0.10724311428878935,-0.29589438932013473,-0.04653463044813,0.0013519057839084248,-0.00825096035900099,0.01808566828541767,-0.013642074901840218,5.42909615153371,-0.21399995460484805,-0.07840053894789209,0.0851484593790266,2.246786451928533,-0.06110365179900422,-0.0027834641400233152,0.8455268992326154
D3-ref_B,2,0.2,0.23500000000000001,0.035,False,recorded_event,P1a,,False,0.49271321774197646,0.00071609320075261,0.011675391278526737,0.08718449708909429,-0.009579125733709226,0.00040461504553501726,-0.0044340908180203545,-0.004999999999999977,-0.0006633831528848333,5.416117459784755,-0.30956767761511067,0.30467834746133693,0.12210396409344737,2.2458391611901596,-0.05728678225802358,-0.025869132425440963,0.8585055909815708
D3-ref_B,2,0.2,0.23500000000000001,0.035,False,recorded_event,P1b,,False,0.49536171529262424,0.00071609320075261,0.004124984364760054,-0.7125304191647045,-0.015410297737371348,0.00040461504553501726,-0.0017855932673725775,-0.004999999999999977,-0.0006633831528848333,5.416117459784755,-0.31711808452887735,-0.49503656879246183,0.11627279208978525,2.2458391611901596,-0.054638284707375806,-0.025869132425440963,0.8585055909815708
D3-ref_B,2,0.2,0.23500000000000001,0.035,False,recorded_event,P2,,False,0.49712617454255165,-0.00120356357119622,-0.0017362003769541001,-0.02879275746125487,-0.00022160551721217558,-1.0844376237884035e-05,-2.1134017445155473e-05,-0.0050000000000000044,0.0009210636144780793,5.414197803012806,-0.3229792692705915,0.18870109291098777,0.13146148430994442,2.2454237017683867,-0.052873825457448384,-0.02586913242544099,0.8600900377489337
D3-ref_B,3,0.3,0.33499999999999996,0.035,True,recorded_event,A,,False,0.5367629408843043,8.749662667906222e-05,-0.0021683931167399834,-0.056896778037933915,-0.0006264929721235823,3.75298237731414e-06,-5.612933988467794e-05,-0.009999999999999995,-0.00017454048938070343,5.505574967692902,-0.11641132985421553,-0.6689270647169105,0.08566608205535958,2.7895590639430212,-0.013237059115695714,-0.08086913242544098,0.8736327717407121
D3-ref_B,3,0.3,0.33499999999999996,0.035,True,recorded_event,P0,,False,0.532493940578359,0.0025012736936096402,0.06351295474451046,-0.18379076962182028,-0.026903856454151054,0.00020418497046392758,-0.004325129645830079,0.011237145959475184,-0.0026607904511326552,5.507988744759833,-0.05072998199296507,-0.7958210563007969,0.059388718573332167,2.789759495931108,-0.017506059421641115,-0.059631986465965806,0.8711465217789601
D3-ref_B,3,0.3,0.33499999999999996,0.035,True,recorded_event,P1a,,False,0.535782901780796,-0.0003287348913971755,0.003000215239604892,-0.05121008592558951,-0.0006399286382632319,-0.0010467533571603127,-0.0010361684433930329,-0.0050000000000000044,0.00016921813387416051,5.505158736174826,-0.11124272149787065,-0.6632403726045661,0.08565264638921999,2.7885085576034836,-0.014217098219204069,-0.075869132425441,0.8739765303639669
D3-ref_B,3,0.3,0.33499999999999996,0.035,True,recorded_event,P1b,,False,0.5380864138959182,-0.0003287348913971755,0.012386959093002886,-0.4956024329026656,-0.006874307235718913,-0.0010467533571603127,0.0012673436717291382,-0.0050000000000000044,0.00016921813387416051,5.505158736174826,-0.10185597764447266,-1.1076327195816422,0.07941826779176431,2.7885085576034836,-0.011913586104081898,-0.075869132425441,0.8739765303639669
D3-ref_B,3,0.3,0.33499999999999996,0.035,True,recorded_event,P2,,False,0.5367981921491737,2.4351959317492344e-05,-0.0016999637648570098,-0.030012058961115917,-0.00023856148385315024,3.572748372704382e-07,-2.0878075015337907e-05,-0.0050000000000000044,-0.00012802953511492632,5.50551182302554,-0.11594290050233255,-0.6420423456400925,0.0860540135436302,2.789555668235481,-0.013201807850826374,-0.075869132425441,0.8736792826949779
D3-ref_B,4,0.4,0.43500000000000005,0.035,True,recorded_event,A,,False,0.5383707121343515,0.00012412178456955303,0.002106285916999351,0.05674167363551341,0.0004744545177901571,1.4715969980372279e-06,4.217297669951471e-05,0.01,0.001191325381041608,5.583315472597369,0.1899556911420726,-0.7080232030015028,-0.012374207304316383,3.343749990741159,0.011629287865648505,-0.01086913242544098,0.8038279256016047
D3-ref_B,4,0.4,0.43500000000000005,0.035,True,recorded_event,P0,,False,0.5352237828417714,0.001849033352169016,-0.07659387486316901,0.3072820446896465,0.02346213098539396,-0.000206963722011011,0.0031891022692796533,-0.001624252359338843,9.347440047324795e-05,5.5850403841649685,0.11125553036190425,-0.4574828319473697,0.010613469163287537,3.34354155542215,0.014776217158228643,-0.022493384784779823,0.8027300746210363
D3-ref_B,4,0.4,0.43500000000000005,0.035,True,recorded_event,P1a,,False,0.534422261610408,0.0039518718723963175,-0.01300339704011691,-0.035088965847810405,0.007771076927710396,-0.0011317894227249603,0.003990623500643102,0.004999999999999949,-0.0020093641197540535,5.587143222685196,0.17484600818495635,-0.7998538424848266,-0.0050775848943960256,3.342616729721436,0.015577738389592092,-0.01586913242544103,0.800627236100809
D3-ref_B,4,0.4,0.43500000000000005,0.035,True,recorded_event,P1b,,False,0.5347691381655705,0.0039518718723963175,0.005043799456675824,0.459919453471401,0.007456828381855907,-0.0011317894227249603,0.0036437469454805634,0.004999999999999949,-0.0020093641197540535,5.587143222685196,0.1928932046817491,-0.3048454231656152,-0.005391833440250515,3.342616729721436,0.015230861834429553,-0.01586913242544103,0.800627236100809
D3-ref_B,4,0.4,0.43500000000000005,0.035,True,recorded_event,P2,,False,0.5384055529559976,5.815964673860918e-05,0.001668858695717701,0.02983028599575943,9.074082897830849e-05,1.1996571087635743e-06,7.332155053534767e-06,0.004999999999999949,0.001236876541027776,5.583249510459538,0.18951826392079096,-0.7349345906412568,-0.012757920993127942,3.34374971880127,0.011594447044002525,-0.01586913242544103,0.8038734767615908
D3-ref_B,5,0.5,0.535,0.035,True,recorded_event,A,,False,0.5402811981863563,0.00017751699650148112,0.0021187663526200384,0.05794044729996275,0.0004820966676910565,4.620480381412051e-06,4.256440401255619e-05,0.010000000000000002,0.0001950216393424853,5.644629596610575,0.25209417585768146,-0.046285484139346474,-0.06802407624936382,3.9057148701225244,0.00971880181364373,0.039130867574559025,0.7066155749558044
D3-ref_B,5,0.5,0.535,0.035,True,recorded_event,P0,,False,0.5346539658872557,0.0077886979744041795,-0.12363142611838135,0.5450571493822499,0.04046982203731142,0.00019622645303218889,0.005669796703113163,0.0050000000000000044,-0.007404052186698706,5.652240777588478,0.12634398338668007,0.44083121794294067,-0.028036350879743654,3.905906476095175,0.015346034112744336,0.03413086757455903,0.6990165011297632
D3-ref_B,5,0.5,0.535,0.035,True,recorded_event,P1a,,False,0.5354720257226907,0.0016648985915823644,-0.008337630125524631,0.14674177387752188,0.005311391584522429,-0.0006044977702592824,0.004851736867678197,0.0050000000000000044,-0.0012802528038768912,5.646116978205656,0.2416377793795368,0.04251584243821266,-0.06319478133253265,3.9051057518718837,0.01452797427730937,0.03413086757455903,0.705140300512585
D3-ref_B,5,0.5,0.535,0.035,True,recorded_event,P1b,,False,0.5374994012337965,0.0016648985915823644,-0.0038603248577228633,0.9282158953423187,0.010119024746378713,-0.0006044977702592824,0.002824361356572434,0.0050000000000000044,-0.0012802528038768912,5.646116978205656,0.24611508464733856,0.8239899639030095,-0.05838714817067636,3.9051057518718837,0.012500598766203607,0.03413086757455903,0.705140300512585
D3-ref_B,5,0.5,0.535,0.035,True,recorded_event,P2,,False,0.5403165467228446,6.254096319757707e-05,0.0016990459437658534,0.030527218614867846,9.122826148333374e-05,1.8981108156346238e-06,7.215867524303782e-06,0.0050000000000000044,0.0002789230283797295,5.644514620577271,0.2516744554488273,-0.07369871282444138,-0.06841494465557187,3.9057121477529586,0.009683453277155477,0.03413086757455903,0.7066994763448416
D3-ref_B,6,0.6,0.635,0.035,True,recorded_event,A,,False,0.5418718909300292,4.6546766681920815e-05,0.0014385218856013335,0.04812549461391957,0.0004497823975047055,1.5126496553108382e-06,3.997697680693628e-05,0.003272272455468725,-1.9669054741378034e-05,5.708724101313524,0.04496896436264188,0.8054138116515001,-0.03617141691908147,4.473420107577333,-0.008128109069970864,0.08240314003002774,0.577402819594651
D3-ref_B,6,0.6,0.635,0.035,True,recorded_event,P0,,False,0.5431898319125867,-0.001326252179479681,-0.0434368188058017,0.027346250095137803,0.00863575174035125,-0.00010331399031482391,0.0013579179593644665,-0.023010999418092738,0.0014031566429997255,5.707351302367362,9.362367123885032e-05,0.7846345671327183,-0.02798544757623489,4.473315280937363,-0.006810168087413334,0.05611986815646628,0.5788256452923921
D3-ref_B,6,0.6,0.635,0.035,True,recorded_event,P1a,,False,0.5424766645982009,-0.00013657675818823378,0.008637959148148626,-0.002914407725190471,-0.00794606283731758,-0.0006891899541834334,0.0006447506449786785,0.0050000000000000044,0.0002134812217082782,5.708540977788654,0.052168401625189174,0.75437390931239,-0.04456726215390372,4.472729404973494,-0.007523335401799122,0.08413086757455902,0.5776359698711007
D3-ref_B,6,0.6,0.635,0.035,True,recorded_event,P1b,,False,0.5412465243502538,-0.00013657675818823378,-0.006923151014530407,0.2140352532970594,-0.003608399649083882,-0.0006891899541834334,-0.0005853896029684568,-0.012169178617711773,0.0002134812217082782,5.708540977788654,0.03660729146251014,0.9713235703346399,-0.04022959896567002,4.472729404973494,-0.008753475649746257,0.06696168895684725,0.5776359698711007
D3-ref_B,6,0.6,0.635,0.035,True,recorded_event,P2,,False,0.5418385438849578,1.3734867743586676e-05,0.0016353164878800883,0.02955752048505489,8.48837617799525e-05,-6.976184430129706e-08,6.6299317355526105e-06,0.0050000000000000044,7.264592829514527e-06,5.708691289414586,0.04516575896492064,0.7868458375226354,-0.036536315554806166,4.473418525165833,-0.008161456115042248,0.08413086757455902,0.5774297532422219
D3-ref_B,7,0.7000000000000001,0.7350000000000001,0.035,True,recorded_event,A,,False,0.5373047114632571,0.0002239383400715056,-0.001945091054477488,-0.055655399094805214,-0.0006066974220781951,2.9570459245675806e-06,-5.540911053072105e-05,-0.010000000000000002,0.0021984521571614124,5.7469525938172525,-0.28780173995033637,0.8863829065270991,0.06846937761482215,5.046802325400184,-0.012695288536742969,0.019130867574559014,0.49877863155466384
D3-ref_B,7,0.7000000000000001,0.7350000000000001,0.035,True,recorded_event,P0,,False,0.5278011925515356,0.009285203483397453,0.17296102615091652,-0.8683040152121115,-0.0665903945685451,-0.000177807711142286,-0.009558928022252207,-0.004999999999999893,-0.005717977913072936,5.7560138589605785,-0.11289562274494236,0.07373429040979271,0.002485680468355067,5.046621560643117,-0.022198807448464454,0.024130867574559123,0.4908622014844295
D3-ref_B,7,0.7000000000000001,0.7350000000000001,0.035,True,recorded_event,P1a,,False,0.5307212908500731,0.007578145178236184,0.047824738450718884,-0.16142152485806738,-0.02518821548647132,-0.0005842966664815208,-0.006638829723714658,-0.004999999999999893,-0.004010919607911667,5.754306800655417,-0.23803191044514,0.7806167807638369,0.04388785955042884,5.046215071687778,-0.019278709149926906,0.024130867574559123,0.49256925978959076
D3-ref_B,7,0.7000000000000001,0.7350000000000001,0.035,True,recorded_event,P1b,,False,0.5332224382350259,0.007578145178236184,0.01349888831827356,-1.340142455162812,-0.028575411138272777,-0.0005842966664815208,-0.0041376823387618365,-0.004999999999999893,-0.004010919607911667,5.754306800655417,-0.2723577605775853,-0.3981041495409078,0.04050066389862739,5.046215071687778,-0.016777561764974084,0.024130867574559123,0.49256925978959076
D3-ref_B,7,0.7000000000000001,0.7350000000000001,0.035,True,recorded_event,P2,,False,0.5373385652288543,0.00010702499174453095,-0.0015913736948212631,-0.029130181405338518,-0.00023035227132472968,4.849634160919436e-07,-2.1555344933506596e-05,-0.0050000000000000044,0.002283899401620104,5.746835680468926,-0.28744802259068014,0.9129081242165658,0.06884572276557556,5.046799853317675,-0.012661434771145754,0.024130867574559012,0.49886407879912253
D3-ref_B,8,0.8,0.8350000000000001,0.035,True,recorded_event,A,,False,0.5330520850385598,0.00031226488264390895,-0.0019991984954692565,-0.0573724576516165,-0.0005452009279141024,8.243030507060212e-06,-4.7589779182410225e-05,-0.010000000000000002,0.00130334057747028,5.763656974971173,-0.37237221160211714,0.24118312106063208,0.14573778120032602,5.622522874745567,0.0169479149614402,-0.03086913242544099,0.37993981249675096
D3-ref_B,8,0.8,0.8350000000000001,0.035,True,recorded_event,P0,,False,0.5443259088670105,0.021953670439986084,0.23353794439056777,-1.1663463181036153,-0.0819971312031833,0.0010267992075867483,-0.011321413607633043,-0.0050000000000000044,-0.01980915635066527,5.785298380528515,-0.13683506871608012,-0.8677907393913669,0.06428585092505701,5.623541430922646,0.0056740911329895664,-0.02586913242544099,0.3588273155686154
D3-ref_B,8,0.8,0.8350000000000001,0.035,True,recorded_event,P1a,,False,0.5410999884976693,0.006138397222662739,0.044432039728324546,-0.3594660298906075,-0.02088069152851757,0.00041328785285354996,-0.008095493238291847,-0.0050000000000000044,-0.0039938831333419245,5.769483107311192,-0.32594097337832334,-0.060910451178358915,0.12540229059972274,5.622927919567913,0.008900011502330763,-0.02586913242544099,0.37464258878593876
D3-ref_B,8,0.8,0.8350000000000001,0.035,True,recorded_event,P1b,,False,0.5371678720894391,0.006138397222662739,0.021215695680802005,-1.86373259666007,-0.028599654992810475,0.00041328785285354996,-0.004163376830061584,-0.0050000000000000044,-0.0039938831333419245,5.769483107311192,-0.3491573174258459,-1.5651770179478213,0.11768332713542984,5.622927919567913,0.012832127910561026,-0.02586913242544099,0.37464258878593876
D3-ref_B,8,0.8,0.8350000000000001,0.035,True,recorded_event,P2,,False,0.5330178817135134,0.00012664187102817692,-0.001644894096313132,-0.030137053577029393,-0.00015952722211620696,2.3826302397722543e-06,-1.3386454136007225e-05,-0.0050000000000000044,0.0014439719792411765,5.7634713519595575,-0.372017907202961,0.2684185251352192,0.1461234549061243,5.622517014345299,0.016982118286486603,-0.02586913242544099,0.38008044389852186
D3-ref_B,9,0.9,0.935,0.035,True,recorded_event,A,,False,0.47365034110783155,0.0001458663690829809,-0.002053887208805838,-0.058685026903117055,-0.0005638968027912306,7.459414841370915e-06,-4.9756242142831586e-05,-0.009999999999999995,0.0002084096516812295,5.784997219882257,-0.16185353112462997,-0.6524709224949546,0.14288231526100337,6.197082347507515,0.07634965889216849,-0.08086913242544098,0.14716674538183835
D3-ref_B,9,0.9,0.935,0.035,True,recorded_event,P0,,False,0.4849818393073319,0.005942292590034093,0.2296150528883723,-1.1310146167411916,-0.08121394970359619,0.0012771730759748579,-0.011381254441643174,-0.0050000000000000044,-0.005483613356050299,5.790793646103208,0.06981540897254818,-1.7248005123330292,0.0622322623601983,6.198352061168649,0.06501816069266815,-0.075869132425441,0.14147472237410683
D3-ref_B,9,0.9,0.935,0.035,True,recorded_event,P1a,,False,0.4796788903869966,0.001331302099019993,0.05326929116678933,-0.37677684997460004,-0.017988092408070866,0.0006276309730557372,-0.006078305521307906,-0.0050000000000000044,-0.0008726228650361989,5.786182655612194,-0.1065303527490348,-0.9705627455664376,0.12545811965572362,6.1977025190657296,0.07032110961300342,-0.075869132425441,0.14608571286512093
D3-ref_B,9,0.9,0.935,0.035,True,recorded_event,P1b,,False,0.47486542018952344,0.001331302099019993,0.030227134298845104,-1.8397262401538694,-0.026146657644236626,0.0006276309730557372,-0.001264835323834701,-0.0050000000000000044,-0.0008726228650361989,5.786182655612194,-0.12957250961697903,-2.433512135745707,0.11729955441955786,6.1977025190657296,0.07513457981047662,-0.075869132425441,0.14608571286512093
D3-ref_B,9,0.9,0.935,0.035,True,recorded_event,P2,,False,0.47361453988951185,5.055582103175027e-05,-0.001694292256223473,-0.030889898452940545,-0.00016470038891469585,1.6814099730311227e-06,-1.3955023823161716e-05,-0.0050000000000000044,0.00028114931465328397,5.784901909334206,-0.1614939361720476,-0.6246757940447781,0.1432815116748796,6.197076569502647,0.07638546011048816,-0.075869132425441,0.1472394850448104
D3-ref_B,10,1.0,1.035,0.035,True,recorded_event,A,,False,0.41116970668355424,-5.821781231585277e-05,-0.0015423355740405709,-0.04676195223608737,-0.00045893886238435044,1.6023816469257213e-06,-4.0716555737507765e-05,-0.009999999999999995,0.0014208878277646164,5.7953287151829445,0.2347959410652145,-1.5413822676046158,0.0476425728387841,6.772046718035203,0.1388302933164458,-0.13086913242544096,0.16599283504013357
D3-ref_B,10,1.0,1.035,0.035,True,recorded_event,P0,,False,0.4162256094256692,-0.00728826689837625,0.10922278606767846,-0.3986487539409431,-0.03524519037597518,0.0005290034486424844,-0.005096619297852517,-0.004949289657530095,0.009673224928921975,5.788098666096884,0.34556106270693354,-1.8932690693094716,0.01285632132519332,6.772574119102199,0.1337743905743308,-0.12581842208297106,0.17424517214129093
D3-ref_B,10,1.0,1.035,0.035,True,recorded_event,P1a,,False,0.410932696896123,0.002968421712917113,0.024030784441407632,-0.1467706347286708,-0.001959329814380961,-0.00011818252211526215,0.00019629323169376156,-0.005000000000000129,-0.0005834636823713879,5.798355354708177,0.2603690610806627,-1.6413909500971993,0.04614218188678754,6.771926933131441,0.13906730310387708,-0.1258691324254411,0.16398848352999756
D3-ref_B,10,1.0,1.035,0.035,True,recorded_event,P1b,,False,0.40798791890896435,0.002968421712917113,0.02371530007369496,-0.758080565457063,-0.007526150785190477,-0.00011818252211526215,0.003141071218852348,-0.005000000000000129,-0.0005834636823713879,5.798355354708177,0.26005357671295004,-2.2527008808255915,0.04057536091597802,6.771926933131441,0.14201208109103566,-0.1258691324254411,0.16398848352999756
D3-ref_B,10,1.0,1.035,0.035,True,recorded_event,P2,,False,0.4111399576075626,-1.7466779613783956e-06,-0.001309487476703508,-0.024188013142708353,-0.00012870414205234937,-3.185625292445593e-07,-1.0967479745882525e-05,-0.004999999999999685,0.001384921892493729,5.795385186317299,0.23502878916255157,-1.5188083285112368,0.04797280755911628,6.772044797091027,0.13886004239243743,-0.12586913242544065,0.16595686910486268
D3-ref_B,11,1.0999999999999979,1.1349999999999978,0.035,True,recorded_event,A,,False,0.3816245072546782,0.00044976817769626365,0.0013062216781221103,0.04082203718295796,0.0004029688525828412,4.05616031518008e-06,3.454462602070496e-05,0.010000000000000002,0.004825040598708696,5.761346735277359,0.6929287250821099,-1.6540321943611216,-0.11174157418597597,7.349932536985166,0.16837549274532182,-0.06086913242544099,0.5562175254665579
D3-ref_B,11,1.0999999999999979,1.1349999999999978,0.035,True,recorded_event,P0,,False,0.3774833090875473,0.02765015353387046,-0.10393441882617538,0.41289525459895726,0.032311782131004385,0.0007108557886752465,0.004175742793151638,0.005000000000002336,-0.019800389368839433,5.788547120633533,0.5876880845778124,-1.2819589769451223,-0.07983276090755442,7.350639336613526,0.17251669091245275,-0.06586913242543865,0.5315920954990098
D3-ref_B,11,1.0999999999999979,1.1349999999999978,0.035,True,recorded_event,P1a,,False,0.3746877648073503,0.016302973065879023,-0.021520167099277066,0.02493343631366174,0.01257286083938114,-4.128229292277297e-05,0.006971287073348653,0.005000000000002336,-0.008453208900847997,5.777199940165541,0.6701023363047107,-1.6699207952304178,-0.09957168219917767,7.349887198531928,0.17531223519264977,-0.06586913242543865,0.5429392759670012
D3-ref_B,11,1.0999999999999979,1.1349999999999978,0.035,True,recorded_event,P1b,,False,0.37526007495822267,0.016302973065879023,0.007487564341837283,0.5572433944745625,0.011157417776751277,-4.128229292277297e-05,0.006398976922476263,0.005000000000002336,-0.008453208900847997,5.777199940165541,0.6991100677458251,-1.137610837069517,-0.10098712526180753,7.349887198531928,0.17473992504177738,-0.06586913242543865,0.5429392759670012
D3-ref_B,11,1.0999999999999979,1.1349999999999978,0.035,True,recorded_event,P2,,False,0.3816486054928413,0.00021927492600504195,0.0011001418471473512,0.020944116053425166,0.00012507239830839012,6.357389903399735e-07,1.0446387857659944e-05,0.004999999999999685,0.004997197028600908,5.761116242025667,0.6927226452511351,-1.6739101154906544,-0.11201947064025047,7.349929116563841,0.16835139450715877,-0.0658691324254413,0.5563896818964501
D3-ref_B,12,1.1999999999999957,1.2349999999999957,0.035,True,recorded_event,A,,False,0.4064000265526766,0.0006348911040010563,0.0012762884699419885,0.03995938163974566,0.00038973582385626315,1.0225507397265687e-05,3.1457119496952624e-05,0.01,0.0044445778006929615,5.723083527972107,0.8962892830761868,-1.118286077324263,-0.24881380778146292,7.9274265293513935,0.14359997344732348,-0.01086913242544098,0.9043264423859848
D3-ref_B,12,1.1999999999999957,1.2349999999999957,0.035,True,recorded_event,P0,,False,0.3978768507933452,0.06721946171717441,-0.23655039823527813,1.094813523078954,0.07307891522652543,0.002092923094164867,0.008554632878828267,0.005000000000004334,-0.060121473248560875,5.78966809858528,0.6584625963709667,-0.06343193588505484,-0.1761246283787936,7.929509226938161,0.1521231492066548,-0.015869132425436645,0.839760391336731
D3-ref_B,12,1.1999999999999957,1.2349999999999957,0.035,True,recorded_event,P1a,,False,0.39671144320926605,0.01840575380613796,-0.04320803841584353,0.3376429955974346,0.01919969178899361,0.0011078257650112278,0.009720040462907475,0.005000000000004334,-0.011307765337524422,5.740854390674244,0.8518049561904013,-0.8206024633665742,-0.23000385181632543,7.928524129609007,0.153288556790734,-0.015869132425436645,0.8885740992477674
D3-ref_B,12,1.1999999999999957,1.2349999999999957,0.035,True,recorded_event,P1b,,False,0.3994308616368297,0.01840575380613796,-0.00433471195796975,1.6196345398574394,0.022784907594540105,0.0011078257650112278,0.007000622035343768,0.005000000000004334,-0.011307765337524422,5.740854390674244,0.8906782826482751,0.4613890808934306,-0.22641863601077894,7.928524129609007,0.1505691383631703,-0.015869132425436645,0.8885740992477674
D3-ref_B,12,1.1999999999999957,1.2349999999999957,0.035,True,recorded_event,P2,,False,0.4064218126675256,0.000287673589402182,0.0010774641993859246,0.020609976782040684,0.0001222328704879594,2.4398359990129848e-06,9.671004647937576e-06,0.004999999999999678,0.004716447843843952,5.722736310457508,0.8960904588056308,-1.137635482181968,-0.24908131073483106,7.927418743679995,0.14357818733247446,-0.0158691324254413,0.9045983124291358
D3-ref_B,13,1.2999999999999936,1.3349999999999935,0.035,True,recorded_event,A,,False,0.48849577296082264,0.0005610205340129681,0.0016599426325996092,0.04905387548503004,0.00047270046320857517,1.4654544628456279e-05,3.814081440462608e-05,0.010000000000000002,0.0017913084455161155,5.734331744982315,0.7583532922164266,-0.28819825067420196,-0.3176988991322236,8.499120382588387,0.06150422703917741,0.039130867574559025,0.7733554240000503
D3-ref_B,13,1.2999999999999936,1.3349999999999935,0.035,True,recorded_event,P0,,False,0.4795610945109662,0.053504432104484856,-0.23289707294803885,1.1420713559576279,0.07542451195061206,0.0023983124601798522,0.00897281926426105,0.005000000000006555,-0.05056774303527867,5.787275156552787,0.5237962766357881,0.8048192297983959,-0.2427470876448199,8.501504040503939,0.07043890548903384,0.03413086757456558,0.7209963725192555
D3-ref_B,13,1.2999999999999936,1.3349999999999935,0.035,True,recorded_event,P1a,,False,0.4794026784243424,0.009995047380144229,-0.04503580814617858,0.3651445741897145,0.016992863763248156,0.0017536282616656962,0.009131235350884837,0.005000000000006555,-0.00705835831093804,5.743765771828446,0.7116575414376484,0.02789244803048252,-0.3011787358321838,8.500859356305424,0.07059732157565762,0.03413086757456558,0.7645057572435962
D3-ref_B,13,1.2999999999999936,1.3349999999999935,0.035,True,recorded_event,P1b,,False,0.4829751452337947,0.009995047380144229,-0.015328023757881115,1.797401952931092,0.023907974009083954,0.0017536282616656962,0.005558768541432557,0.005000000000006555,-0.00705835831093804,5.743765771828446,0.7413653258259458,1.46014982677186,-0.294263625586348,8.500859356305424,0.06702485476620534,0.03413086757456558,0.7645057572435962
D3-ref_B,13,1.2999999999999936,1.3349999999999935,0.035,True,recorded_event,P2,,False,0.4885220848630178,0.00022205197553404332,0.001377210431657394,0.02564173021309385,0.00014908445725758668,4.037423138925078e-06,1.1828912209473075e-05,0.004999999999999678,0.0020511823421891506,5.733992776423836,0.7580705600154843,-0.31161039594613815,-0.3180225151381742,8.499109765466898,0.06147791513698226,0.0341308675745587,0.7736152978967233
D3-ref_B,14,1.3999999999999915,1.4349999999999914,0.035,True,recorded_event,A,,False,0.4877234112973299,0.0003469504058601913,0.002101381677410752,0.059627720761456615,0.0005840971406811946,1.7235539353066542e-05,4.9126352869723056e-05,0.009999999999999995,0.0011727575942392932,5.7417974040629405,0.35596945614447145,0.7126474779909253,-0.2957568696163745,9.062650889830127,-0.062276588702670194,0.08913086757455901,-0.15160070824295524
D3-ref_B,14,1.3999999999999915,1.4349999999999914,0.035,True,recorded_event,P0,,False,0.49884467964673307,0.013161712927304947,-0.23189172900520238,1.1724710869661992,0.0823384917448231,0.001924207527453703,0.011170394702272969,0.005000000000008553,-0.011098157869269265,5.754612166584385,0.12197634546185833,1.8254908441956679,-0.21400247501223246,9.064557861818228,-0.05115532035326695,0.08413086757456757,-0.1638716237064638
D3-ref_B,14,1.3999999999999915,1.4349999999999914,0.035,True,recorded_event,P1a,,False,0.49437030195789233,0.005699351345725745,-0.06064595270670303,0.3879916285019591,0.017564377488720417,0.0016666803449236767,0.006696017013432226,0.005000000000008553,-0.003635796287690063,5.747149805002806,0.29322212176035767,1.0410113857314278,-0.27877658926833515,9.064300334635698,-0.05562969804210769,0.08413086757456757,-0.1564092621248846
D3-ref_B,14,1.3999999999999915,1.4349999999999914,0.035,True,recorded_event,P1b,,False,0.48952254970824044,0.005699351345725745,-0.04066993358108767,1.9882218836688719,0.028828689499015958,0.0016666803449236767,0.001848264763780326,0.005000000000008553,-0.003635796287690063,5.747149805002806,0.31319814088597303,2.6412416408983406,-0.2675122772580396,9.064300334635698,-0.06047745029175959,0.08413086757456757,-0.1564092621248846
D3-ref_B,14,1.3999999999999915,1.4349999999999914,0.035,True,recorded_event,P2,,False,0.487689210739348,0.00013368281253178793,0.001725026008104702,0.03143258321402698,0.00018245826557183875,5.33157361104486e-06,1.4925794887862831e-05,0.004999999999999685,0.0013380036316812394,5.741584136469612,0.3555931004751654,0.6844523404434957,-0.29615850849148373,9.062638985864385,-0.062310789260652054,0.0841308675745587,-0.1514354622055133
D3-ref_B,15,1.4999999999999893,1.5349999999999893,0.035,True,recorded_event,A,,False,0.3589346026436633,-2.4167215195269875e-05,0.001653525079532786,0.04899370461149011,0.0004975619837068734,9.691584097026862e-06,4.3541442458355784e-05,0.010000000000000009,0.0016632131734741762,5.709429523311912,-0.17184540040669335,1.7023507980224393,-0.17291213334811684,9.622223921649283,-0.1910653973563368,0.139130867574559,-0.4509662303133003
D3-ref_B,15,1.4999999999999893,1.5349999999999893,0.035,True,recorded_event,P0,,False,0.36797581711424643,-0.015215421502025706,-0.18844101021607124,0.8457297908715475,0.06516449076587305,0.001727869400571791,0.009084755913041559,0.005000000000010774,0.018064700772829845,5.694238269025082,-0.3619399357022974,2.4990868842824967,-0.10824520456595055,9.623942099465758,-0.1820241828857536,0.13413086757456977,-0.43456474271394463
D3-ref_B,15,1.4999999999999893,1.5349999999999893,0.035,True,recorded_event,P1a,,False,0.3597022877968492,0.0034648797250476093,-0.05908292818816627,0.309345285915992,0.011493333482484935,0.0004926996034217979,0.0008112265956442821,0.005000000000010774,-0.0006156004542434701,5.712918570252155,-0.2325818536743924,1.9627023793269411,-0.16191636184933866,9.622706929668608,-0.19029771220315086,0.13413086757456977,-0.45324504394101794
D3-ref_B,15,1.4999999999999893,1.5349999999999893,0.035,True,recorded_event,P1b,,False,0.3550531792298499,0.0034648797250476093,-0.037846560639192034,1.3962593779359096,0.018029853384077033,0.0004926996034217979,-0.003837881971354956,0.005000000000010774,-0.0006156004542434701,5.712918570252155,-0.21134548612541817,3.0496164713468588,-0.15537984194774657,9.622706929668608,-0.1949468207701501,0.13413086757456977,-0.45324504394101794
D3-ref_B,15,1.4999999999999893,1.5349999999999893,0.035,True,recorded_event,P2,,False,0.35890383325719216,1.0265398931785796e-05,0.0013839052029973598,0.0253484117314855,0.0001505290380796609,3.7229032994190447e-06,1.2772055987264608e-05,0.004999999999999671,0.0016427897917221657,5.709463955926039,-0.17211502028322878,1.6787055051424347,-0.17325916629374402,9.622217952968485,-0.19109616674280788,0.13413086757455867,-0.4509866536950523
D3-ref_B,16,1.5999999999999872,1.6349999999999871,0.035,True,recorded_event,A,,False,0.27010491110181306,0.0003249292590234987,-0.0002920179474087403,-0.020569821704780722,-0.0002650880033008285,3.4040863177153824e-06,-2.291797868114731e-05,0.0017556777144291241,0.004907469664297004,5.651391319979782,-0.7212157405993124,2.0576192460477762,0.02591385261624726,10.18654219506353,-0.279895088898187,0.11304636529552017,0.5185119496044667
D3-ref_B,16,1.5999999999999872,1.6349999999999871,0.035,True,recorded_event,P0,,False,0.2696258323299767,0.021241168177144054,0.011079238626418908,-0.04265615380022325,-0.0033814948813319923,0.0017972111611417318,-0.000501996750517486,0.011900946842629198,-0.01316365027933486,5.672307558897902,-0.7098444840254847,2.0355329139523337,0.022797445738216293,10.188336002138355,-0.2803741676700233,0.12319163442372025,0.5004408296608348
D3-ref_B,16,1.5999999999999872,1.6349999999999871,0.035,True,recorded_event,P1a,,False,0.2631101211621734,0.014826824092125435,-0.004682904255929987,0.07734364918100134,-0.005283082585160415,-0.00037510028509402105,-0.0070177079183207924,0.0077392597238588184,-0.00674930619431624,5.6658932148128835,-0.7256066269078336,2.1555327169335583,0.02089585803438787,10.18616369069212,-0.28688987883782663,0.11902994730494987,0.5068551737458534
D3-ref_B,16,1.5999999999999872,1.6349999999999871,0.035,True,recorded_event,P1b,,False,0.26221967553876,0.014826824092125435,-0.020817313258264192,0.02922175103677871,-0.0019926418320719286,-0.00037510028509402105,-0.007908153541734186,0.008671467676163863,-0.00674930619431624,5.6658932148128835,-0.7417410359101678,2.1074108187893357,0.024186298787476357,10.18616369069212,-0.28778032446124,0.11996215525725491,0.5068551737458534
D3-ref_B,16,1.5999999999999872,1.6349999999999871,0.035,True,recorded_event,P2,,False,0.2701213818608101,0.00017573640634882537,-0.0005854065722001867,-0.01260565021568194,-7.8032155112151e-05,2.860900508494524e-06,-6.447219684124761e-06,-8.823753909160958e-05,0.005024906958345454,5.651242127127107,-0.7215091292241038,2.065583417536875,0.02610090846443596,10.186541651877722,-0.27987861813918996,0.11120245004199944,0.5186293868985151
D3-ref_B,17,1.699999999999985,1.734999999999985,0.035,True,recorded_event,A,,False,0.25009381626647154,0.0006325492057701609,-0.0008775701184735585,-0.028122263181449725,-0.0002635183365713445,1.0976789386774044e-05,-2.062014796572198e-05,-0.010000000000000002,0.006058406795198756,5.592878182612478,-1.0802148451049534,1.6674965429834052,0.2232144050713185,10.75647528669982,-0.2999061837335285,0.051290687581091066,1.397061623203571
D3-ref_B,17,1.699999999999985,1.734999999999985,0.035,True,recorded_event,P0,,False,0.24382814810016185,0.07648350404133097,0.19676987498043208,-0.8720321224685356,-0.05800873717220911,0.002525389999190608,-0.006286288314275412,-0.0050000000000149925,-0.06683990290541786,5.668729137448039,-0.8825674000060477,0.8235866836963194,0.16546918623568097,10.758989699909623,-0.3061718518998382,0.056290687581076075,1.3241633135029545
D3-ref_B,17,1.699999999999985,1.734999999999985,0.035,True,recorded_event,P1a,,False,0.23919048115885388,0.023068755497631876,0.0320637889341564,-0.2523981802257369,-0.015249199895712717,0.0005862407325540886,-0.010923955255583373,-0.0050000000000149925,-0.01342515436171876,5.6153143889043395,-1.0472734860523234,1.443220625939118,0.20822872351217736,10.757050550642987,-0.31080951884114616,0.056290687581076075,1.3775780620466536
D3-ref_B,17,1.699999999999985,1.734999999999985,0.035,True,recorded_event,P1b,,False,0.24096583833093022,0.023068755497631876,-0.01614610796186433,-1.1734942685440584,-0.014379618887789825,0.0005862407325540886,-0.009148598083507042,-0.0050000000000149925,-0.01342515436171876,5.6153143889043395,-1.0954833829483441,0.5221245376207966,0.20909830452010025,10.757050550642987,-0.30903416166906983,0.056290687581076075,1.3775780620466536
D3-ref_B,17,1.699999999999985,1.734999999999985,0.035,True,recorded_event,P2,,False,0.2501090406829576,0.00031093406931947953,-0.0007376849632778626,-0.014337738480353135,-7.303046896600662e-05,5.053002530175377e-06,-5.39573147967376e-06,-0.004999999999999678,0.006315993286238886,5.592556567476027,-1.0800749599497577,1.6812810676845018,0.2234048929389239,10.756469362912963,-0.29989095931704246,0.05629068758109139,1.3973192096946112
D3-ref_B,18,1.799999999999983,1.8349999999999829,0.035,True,recorded_event,A,,False,0.30807678479539957,0.0005614789217762706,-0.0010463991544298334,-0.03155834483038755,-0.0002899559936553331,1.3426215321743484e-05,-2.1833655292818888e-05,-0.01,0.0022218301812708674,5.616884583276794,-1.093828863848009,0.9286434640481185,0.3614994605849563,11.324468381442735,-0.24192321520460047,0.0012906875810910594,1.8679881103065588
D3-ref_B,18,1.799999999999983,1.8349999999999829,0.035,True,recorded_event,P0,,False,0.30226144091629265,0.07266573471551219,0.19584049295727568,-0.9283232711739559,-0.058182746484382264,0.002866370586522393,-0.005837177534399746,-0.005000000000017213,-0.0691605566541229,5.68898883907053,-0.8969419717363034,0.03187853770455023,0.30360667009422926,11.327321325813935,-0.2477385590837074,0.006290687581073847,1.796605723471165
D3-ref_B,18,1.799999999999983,1.8349999999999829,0.035,True,recorded_event,P1a,,False,0.29718566345626907,0.011950393331161102,0.026810170036725145,-0.2963186204281576,-0.011622479692970256,0.0016625993109897763,-0.010912954994423324,-0.005000000000017213,-0.008445215269771822,5.628273497686179,-1.065972294656854,0.6638831884503484,0.35016693688564127,11.326117554538403,-0.252814336543731,0.006290687581073847,1.857321064855516
D3-ref_B,18,1.799999999999983,1.8349999999999829,0.035,True,recorded_event,P1b,,False,0.2996076329908824,0.011950393331161102,-0.018593844685844907,-1.306580584202659,-0.012373858538565319,0.0016625993109897763,-0.008490985459810002,-0.005000000000017213,-0.008445215269771822,5.628273497686179,-1.111376309379424,-0.346378775324153,0.3494155580400462,11.326117554538403,-0.25039236700911766,0.006290687581073847,1.857321064855516
D3-ref_B,18,1.799999999999983,1.8349999999999829,0.035,True,recorded_event,P2,,False,0.30809262364510737,0.00023231312971105922,-0.0008634225126258332,-0.016256725973401,-8.25501717924837e-05,5.186606170326513e-06,-5.994805585052276e-06,-0.00499999999999968,0.0024779038134434828,5.6165554174847285,-1.093645887206205,0.943945082905105,0.3617068664068189,11.324460141833583,-0.2419073763548927,0.0062906875810913795,1.8682441839387314
D3-ref_B,19,1.8999999999999808,1.9349999999999807,0.035,True,recorded_event,A,,False,0.4378573731172629,0.0005626521870087942,-0.0016724718022286256,-0.048069391866807226,-0.00044597011117541996,1.914858347973336e-05,-3.404866270879936e-05,-0.010000000000000002,0.0014969274704821345,5.660235358910704,-0.7927139982540718,0.09902197839146451,0.4203542325942899,11.881842526017909,-0.11214262688273711,-0.04870931241890895,0.8008781959266392
D3-ref_B,19,1.8999999999999808,1.9349999999999807,0.035,True,recorded_event,P0,,False,0.4298301272840144,0.03520356116675938,0.20399562519172876,-1.0763764276035817,-0.06676553793728335,0.0015603018796266355,-0.008061294495957383,-0.005000000000019211,-0.0327087522677898,5.6948762678904545,-0.5870459012601145,-0.9292850573453099,0.3540346647681818,11.883383679314056,-0.1201698727159857,-0.043709312418928156,0.7666725161883673
D3-ref_B,19,1.8999999999999808,1.9349999999999807,0.035,True,recorded_event,P1a,,False,0.4281157960208501,0.00905653150714869,0.045092155841765735,-0.3477129432459161,-0.014140717298502192,0.002482437964207662,-0.009775625759121637,-0.005000000000019211,-0.00656172260817911,5.668729238230844,-0.7459493706100775,-0.20062157298764438,0.40665948540696295,11.884305815398637,-0.12188420397914995,-0.043709312418928156,0.792819545847978
D3-ref_B,19,1.8999999999999808,1.9349999999999807,0.035,True,recorded_event,P1b,,False,0.4314391888424544,0.00905653150714869,0.010756475378476904,-1.69457147239135,-0.020491824417090854,0.002482437964207662,-0.00645223293751733,-0.005000000000019211,-0.00656172260817911,5.668729238230844,-0.7802850510733663,-1.5474801021330784,0.4003083782883743,11.884305815398637,-0.11856081115754565,-0.043709312418928156,0.792819545847978
D3-ref_B,19,1.8999999999999808,1.9349999999999807,0.035,True,recorded_event,P2,,False,0.43788162853926366,0.0002180381902494588,-0.001366311087805161,-0.02520272484637437,-0.00013215202885596966,6.212026283591854e-06,-9.793240708072526e-06,-0.004999999999999678,0.0017602884407219577,5.659890744913945,-0.7924078375396484,0.12188864541189737,0.4206680506766094,11.881829589460713,-0.11211837146073639,-0.04370931241890862,0.801141556896879
